profile,order,repeat,sample_index,orig_id,answer_sha256,latency_ms,tokens,peak_allocated_mb,peak_reserved_mb,steps_processed,detection_ready_ms,detection_after_prefill_ms,detector_probability,detector_prediction
baseline,forward,0,0,1a938d25604410ccd63b60285919eaec:c627e50da685:0:0,e042894d371a8df6673730e94e09c16b0c54e157faa37094ac0edd0138322b43,487.4182671774179,12,16192.396484375,16608.0,,,,,
baseline,forward,0,1,1a938d25604410ccd63b60285919eaec:c627e50da685:0:1,e042894d371a8df6673730e94e09c16b0c54e157faa37094ac0edd0138322b43,490.69358315318823,12,16192.396484375,16608.0,,,,,
baseline,forward,0,2,1a938d25604410ccd63b60285919eaec:c627e50da685:0:2,f5f79da7870b43a425d911d4230cbde81339aaf8976b28d91223d1db1b9dcb91,488.5519971139729,12,16192.396484375,16608.0,,,,,
baseline,forward,0,3,1a938d25604410ccd63b60285919eaec:c627e50da685:0:3,82b4934cd2e12dd5597e5e37c746229f9ae763b2251ce7ebf18bfe7be9c79896,514.6679109893739,14,16192.396484375,16608.0,,,,,
baseline,forward,0,4,1a938d25604410ccd63b60285919eaec:c627e50da685:0:4,82b4934cd2e12dd5597e5e37c746229f9ae763b2251ce7ebf18bfe7be9c79896,512.4135878868401,14,16192.396484375,16608.0,,,,,
baseline,forward,0,5,49cd6149f02ec01ee03a6eb8287ab2df:f982e9dfaf25:0:0,435ddab74d1ce43607ae306954b3988e040a520237c7d35ed4bf195d89590fe9,582.6445929706097,19,16191.43603515625,16608.0,,,,,
baseline,forward,0,6,49cd6149f02ec01ee03a6eb8287ab2df:f982e9dfaf25:0:1,435ddab74d1ce43607ae306954b3988e040a520237c7d35ed4bf195d89590fe9,575.7111650891602,19,16191.43603515625,16608.0,,,,,
baseline,forward,0,7,49cd6149f02ec01ee03a6eb8287ab2df:f982e9dfaf25:0:2,73fb32b5e401b3eacb51e7e77bdf04e3b22a04455436b5dd1473893ee8251122,430.74170290492475,8,16191.43603515625,16608.0,,,,,
baseline,forward,0,8,49cd6149f02ec01ee03a6eb8287ab2df:f982e9dfaf25:0:3,95f301e4834466fadb9df4ae46e1b1c55f14a11d8b92502235741ad28dbdb107,524.9422830529511,15,16191.43603515625,16608.0,,,,,
baseline,forward,0,9,49cd6149f02ec01ee03a6eb8287ab2df:f982e9dfaf25:0:4,73fb32b5e401b3eacb51e7e77bdf04e3b22a04455436b5dd1473893ee8251122,430.90990791097283,8,16191.43603515625,16608.0,,,,,
baseline,forward,0,10,49cd6149f02ec01ee03a6eb8287ab2df:81739d7eb99c:0:0,435ddab74d1ce43607ae306954b3988e040a520237c7d35ed4bf195d89590fe9,585.4522481095046,19,16191.43603515625,16608.0,,,,,
baseline,forward,0,11,49cd6149f02ec01ee03a6eb8287ab2df:81739d7eb99c:0:1,435ddab74d1ce43607ae306954b3988e040a520237c7d35ed4bf195d89590fe9,576.5711618587375,19,16191.43603515625,16608.0,,,,,
baseline,forward,0,12,49cd6149f02ec01ee03a6eb8287ab2df:81739d7eb99c:0:2,73fb32b5e401b3eacb51e7e77bdf04e3b22a04455436b5dd1473893ee8251122,425.2599168103188,8,16191.43603515625,16608.0,,,,,
baseline,forward,0,13,49cd6149f02ec01ee03a6eb8287ab2df:81739d7eb99c:0:3,435ddab74d1ce43607ae306954b3988e040a520237c7d35ed4bf195d89590fe9,581.8612498696893,19,16191.43603515625,16608.0,,,,,
baseline,forward,0,14,49cd6149f02ec01ee03a6eb8287ab2df:81739d7eb99c:0:4,73fb32b5e401b3eacb51e7e77bdf04e3b22a04455436b5dd1473893ee8251122,430.51742599345744,8,16191.43603515625,16608.0,,,,,
baseline,forward,0,15,c6050fe51d3408b1eaef27e08e7f1956:1458b54ae2f6:0:0,35990225eb4034f560541dca69e3de42af70ee7e6c5a42420c958e689cda2c02,457.8770399093628,10,16195.59375,16608.0,,,,,
baseline,forward,0,16,c6050fe51d3408b1eaef27e08e7f1956:1458b54ae2f6:0:1,aebb1cb50cd9dcc29e137a5616bb2478102285853aed08894b7f12bdcbb1c56f,486.1454691272229,12,16195.59375,16608.0,,,,,
baseline,forward,0,17,c6050fe51d3408b1eaef27e08e7f1956:1458b54ae2f6:0:2,111b8aacdbaf954aebfbd039849710807963f2bd7a68786f9ede013bd58cf416,389.8343991022557,5,16195.59375,16608.0,,,,,
baseline,forward,0,18,c6050fe51d3408b1eaef27e08e7f1956:1458b54ae2f6:0:3,423b972f52fcbc22cc94be5cb64caefa796a5124160f24ec5fab21772249ca14,486.3784098997712,12,16195.59375,16608.0,,,,,
baseline,forward,0,19,c6050fe51d3408b1eaef27e08e7f1956:1458b54ae2f6:0:4,423b972f52fcbc22cc94be5cb64caefa796a5124160f24ec5fab21772249ca14,485.42456212453544,12,16195.59375,16608.0,,,,,
baseline,forward,0,20,c6050fe51d3408b1eaef27e08e7f1956:e4e99a4d6532:0:0,35990225eb4034f560541dca69e3de42af70ee7e6c5a42420c958e689cda2c02,457.5716909021139,10,16195.59375,16608.0,,,,,
baseline,forward,0,21,c6050fe51d3408b1eaef27e08e7f1956:e4e99a4d6532:0:1,aebb1cb50cd9dcc29e137a5616bb2478102285853aed08894b7f12bdcbb1c56f,487.211680971086,12,16195.59375,16608.0,,,,,
baseline,forward,0,22,c6050fe51d3408b1eaef27e08e7f1956:e4e99a4d6532:0:2,111b8aacdbaf954aebfbd039849710807963f2bd7a68786f9ede013bd58cf416,389.76208097301424,5,16195.59375,16608.0,,,,,
baseline,forward,0,23,c6050fe51d3408b1eaef27e08e7f1956:e4e99a4d6532:0:3,423b972f52fcbc22cc94be5cb64caefa796a5124160f24ec5fab21772249ca14,485.0156740285456,12,16195.59375,16608.0,,,,,
baseline,forward,0,24,c6050fe51d3408b1eaef27e08e7f1956:e4e99a4d6532:0:4,423b972f52fcbc22cc94be5cb64caefa796a5124160f24ec5fab21772249ca14,488.5184250306338,12,16195.59375,16608.0,,,,,
baseline,forward,0,25,bb98dd0bceac09d24db1ecb2af549a92:377f7f0dd150:0:0,855c108ad67905d09ec7c1b0e8aece7c700b88af2a47447b339d06f51ca5f3c1,518.7332120258361,14,16191.43603515625,16608.0,,,,,
baseline,forward,0,26,bb98dd0bceac09d24db1ecb2af549a92:377f7f0dd150:0:1,345f983c72b415369583c07355d41a5ce238a9e9fc7fe025add55b989f42753c,585.6991501059383,19,16191.43603515625,16608.0,,,,,
baseline,forward,0,27,bb98dd0bceac09d24db1ecb2af549a92:377f7f0dd150:0:2,d9dc9f66742ea39569f48bea2599a075674a27a99bededdf7d11d3fbc33c74c9,557.3615939356387,17,16191.43603515625,16608.0,,,,,
baseline,forward,0,28,bb98dd0bceac09d24db1ecb2af549a92:377f7f0dd150:0:3,c45891449e67fbebaa72c55f78b5e89e2ef69d3f86135e99eaae972f41ca37d3,581.6817299928516,19,16191.43603515625,16608.0,,,,,
baseline,forward,0,29,bb98dd0bceac09d24db1ecb2af549a92:377f7f0dd150:0:4,a4b4d1f639310ce5a0af8666d80dea51c299717b38da5a87d48ce3bde0ecf3b5,486.26097897067666,12,16191.43603515625,16608.0,,,,,
baseline,forward,0,30,bb98dd0bceac09d24db1ecb2af549a92:2cf3a7a3a65c:0:0,855c108ad67905d09ec7c1b0e8aece7c700b88af2a47447b339d06f51ca5f3c1,513.8947011437267,14,16191.43603515625,16608.0,,,,,
baseline,forward,0,31,bb98dd0bceac09d24db1ecb2af549a92:2cf3a7a3a65c:0:1,345f983c72b415369583c07355d41a5ce238a9e9fc7fe025add55b989f42753c,580.1541181281209,19,16191.43603515625,16608.0,,,,,
baseline,forward,0,32,bb98dd0bceac09d24db1ecb2af549a92:2cf3a7a3a65c:0:2,d9dc9f66742ea39569f48bea2599a075674a27a99bededdf7d11d3fbc33c74c9,557.0227860007435,17,16191.43603515625,16608.0,,,,,
baseline,forward,0,33,bb98dd0bceac09d24db1ecb2af549a92:2cf3a7a3a65c:0:3,c45891449e67fbebaa72c55f78b5e89e2ef69d3f86135e99eaae972f41ca37d3,579.8806350212544,19,16191.43603515625,16608.0,,,,,
baseline,forward,0,34,bb98dd0bceac09d24db1ecb2af549a92:2cf3a7a3a65c:0:4,a4b4d1f639310ce5a0af8666d80dea51c299717b38da5a87d48ce3bde0ecf3b5,484.27329398691654,12,16191.43603515625,16608.0,,,,,
baseline,forward,0,35,b877dd782edba758ab429e3ee3de3329:97e16cc551e4:0:0,bcf1436e8a0397586b601d3afcfbd9357f7df58201510a79a21f33dea57905ee,674.6321879327297,26,16191.71044921875,16608.0,,,,,
baseline,forward,0,36,b877dd782edba758ab429e3ee3de3329:97e16cc551e4:0:1,f340e6b096d48731cb6973ce6c1f384848e8a709bc3d7fefbc1375269bb16f66,581.1412848997861,19,16191.71044921875,16608.0,,,,,
baseline,forward,0,37,b877dd782edba758ab429e3ee3de3329:97e16cc551e4:0:2,2b704dcf2e659e9441eb368463e822d98e8a4b4b0badfa1e02b97c395219bada,607.9149460420012,21,16191.71044921875,16608.0,,,,,
baseline,forward,0,38,b877dd782edba758ab429e3ee3de3329:97e16cc551e4:0:3,2b704dcf2e659e9441eb368463e822d98e8a4b4b0badfa1e02b97c395219bada,609.052593819797,21,16191.71044921875,16608.0,,,,,
baseline,forward,0,39,b877dd782edba758ab429e3ee3de3329:97e16cc551e4:0:4,9833888f2bcf7baedb3e6d22f7a45d778a3ddb93dc3ee593faf345e015a5527d,581.3652940560132,19,16191.71044921875,16608.0,,,,,
baseline,forward,0,40,b877dd782edba758ab429e3ee3de3329:dd7f6c9e007d:0:0,bcf1436e8a0397586b601d3afcfbd9357f7df58201510a79a21f33dea57905ee,677.3932259529829,26,16191.71044921875,16608.0,,,,,
baseline,forward,0,41,b877dd782edba758ab429e3ee3de3329:dd7f6c9e007d:0:1,f340e6b096d48731cb6973ce6c1f384848e8a709bc3d7fefbc1375269bb16f66,580.9897079598159,19,16191.71044921875,16608.0,,,,,
baseline,forward,0,42,b877dd782edba758ab429e3ee3de3329:dd7f6c9e007d:0:2,2b704dcf2e659e9441eb368463e822d98e8a4b4b0badfa1e02b97c395219bada,611.2309549935162,21,16191.71044921875,16608.0,,,,,
baseline,forward,0,43,b877dd782edba758ab429e3ee3de3329:dd7f6c9e007d:0:3,2b704dcf2e659e9441eb368463e822d98e8a4b4b0badfa1e02b97c395219bada,607.4982041027397,21,16191.71044921875,16608.0,,,,,
baseline,forward,0,44,b877dd782edba758ab429e3ee3de3329:dd7f6c9e007d:0:4,9833888f2bcf7baedb3e6d22f7a45d778a3ddb93dc3ee593faf345e015a5527d,581.0422960203141,19,16191.71044921875,16608.0,,,,,
baseline,forward,0,45,4f59fbf51a0a5bfb4dc5af02cf294693:993dac5396a0:0:0,02b2f284846856bbed690c4a4ff41de209848e5b20a5b8e52994ff6008da32c7,554.2806501034647,17,16192.396484375,16608.0,,,,,
baseline,forward,0,46,4f59fbf51a0a5bfb4dc5af02cf294693:993dac5396a0:0:1,72ce63e97c300b32403763a2e20f5768dbedc981efcd36c58458b7f10991a314,505.8749250601977,13,16192.396484375,16608.0,,,,,
baseline,forward,0,47,4f59fbf51a0a5bfb4dc5af02cf294693:993dac5396a0:0:2,692a62434ae2815dec74164a4d148a1ad395dbf6653d58fc4ae432a52e892e37,561.1758599989116,17,16192.396484375,16608.0,,,,,
baseline,forward,0,48,4f59fbf51a0a5bfb4dc5af02cf294693:993dac5396a0:0:3,692a62434ae2815dec74164a4d148a1ad395dbf6653d58fc4ae432a52e892e37,560.0360999815166,17,16192.396484375,16608.0,,,,,
baseline,forward,0,49,4f59fbf51a0a5bfb4dc5af02cf294693:993dac5396a0:0:4,0cc9fb380cb2bb70003747e1d1b5eddb6239e470e3464f2a6cf9c2ca668b89c3,503.7078538443893,13,16192.396484375,16608.0,,,,,
baseline,forward,1,0,1a938d25604410ccd63b60285919eaec:c627e50da685:0:0,e042894d371a8df6673730e94e09c16b0c54e157faa37094ac0edd0138322b43,486.7353590670973,12,16192.396484375,16608.0,,,,,
baseline,forward,1,1,1a938d25604410ccd63b60285919eaec:c627e50da685:0:1,e042894d371a8df6673730e94e09c16b0c54e157faa37094ac0edd0138322b43,485.6009588111192,12,16192.396484375,16608.0,,,,,
baseline,forward,1,2,1a938d25604410ccd63b60285919eaec:c627e50da685:0:2,f5f79da7870b43a425d911d4230cbde81339aaf8976b28d91223d1db1b9dcb91,485.3887399658561,12,16192.396484375,16608.0,,,,,
baseline,forward,1,3,1a938d25604410ccd63b60285919eaec:c627e50da685:0:3,82b4934cd2e12dd5597e5e37c746229f9ae763b2251ce7ebf18bfe7be9c79896,520.4682010225952,14,16192.396484375,16608.0,,,,,
baseline,forward,1,4,1a938d25604410ccd63b60285919eaec:c627e50da685:0:4,82b4934cd2e12dd5597e5e37c746229f9ae763b2251ce7ebf18bfe7be9c79896,517.2053510323167,14,16192.396484375,16608.0,,,,,
baseline,forward,1,5,49cd6149f02ec01ee03a6eb8287ab2df:f982e9dfaf25:0:0,435ddab74d1ce43607ae306954b3988e040a520237c7d35ed4bf195d89590fe9,586.704736109823,19,16191.43603515625,16608.0,,,,,
baseline,forward,1,6,49cd6149f02ec01ee03a6eb8287ab2df:f982e9dfaf25:0:1,435ddab74d1ce43607ae306954b3988e040a520237c7d35ed4bf195d89590fe9,587.292101001367,19,16191.43603515625,16608.0,,,,,
baseline,forward,1,7,49cd6149f02ec01ee03a6eb8287ab2df:f982e9dfaf25:0:2,73fb32b5e401b3eacb51e7e77bdf04e3b22a04455436b5dd1473893ee8251122,435.6870809569955,8,16191.43603515625,16608.0,,,,,
baseline,forward,1,8,49cd6149f02ec01ee03a6eb8287ab2df:f982e9dfaf25:0:3,435ddab74d1ce43607ae306954b3988e040a520237c7d35ed4bf195d89590fe9,584.8030210472643,19,16191.43603515625,16608.0,,,,,
baseline,forward,1,9,49cd6149f02ec01ee03a6eb8287ab2df:f982e9dfaf25:0:4,73fb32b5e401b3eacb51e7e77bdf04e3b22a04455436b5dd1473893ee8251122,433.8834211230278,8,16191.43603515625,16608.0,,,,,
baseline,forward,1,10,49cd6149f02ec01ee03a6eb8287ab2df:81739d7eb99c:0:0,435ddab74d1ce43607ae306954b3988e040a520237c7d35ed4bf195d89590fe9,586.3337940536439,19,16191.43603515625,16608.0,,,,,
baseline,forward,1,11,49cd6149f02ec01ee03a6eb8287ab2df:81739d7eb99c:0:1,435ddab74d1ce43607ae306954b3988e040a520237c7d35ed4bf195d89590fe9,585.6876028701663,19,16191.43603515625,16608.0,,,,,
baseline,forward,1,12,49cd6149f02ec01ee03a6eb8287ab2df:81739d7eb99c:0:2,73fb32b5e401b3eacb51e7e77bdf04e3b22a04455436b5dd1473893ee8251122,431.4549998380244,8,16191.43603515625,16608.0,,,,,
baseline,forward,1,13,49cd6149f02ec01ee03a6eb8287ab2df:81739d7eb99c:0:3,435ddab74d1ce43607ae306954b3988e040a520237c7d35ed4bf195d89590fe9,580.5110891815275,19,16191.43603515625,16608.0,,,,,
baseline,forward,1,14,49cd6149f02ec01ee03a6eb8287ab2df:81739d7eb99c:0:4,73fb32b5e401b3eacb51e7e77bdf04e3b22a04455436b5dd1473893ee8251122,431.6331830341369,8,16191.43603515625,16608.0,,,,,
baseline,forward,1,15,c6050fe51d3408b1eaef27e08e7f1956:1458b54ae2f6:0:0,35990225eb4034f560541dca69e3de42af70ee7e6c5a42420c958e689cda2c02,459.2200799379498,10,16195.59375,16608.0,,,,,
baseline,forward,1,16,c6050fe51d3408b1eaef27e08e7f1956:1458b54ae2f6:0:1,aebb1cb50cd9dcc29e137a5616bb2478102285853aed08894b7f12bdcbb1c56f,485.9770401380956,12,16195.59375,16608.0,,,,,
baseline,forward,1,17,c6050fe51d3408b1eaef27e08e7f1956:1458b54ae2f6:0:2,111b8aacdbaf954aebfbd039849710807963f2bd7a68786f9ede013bd58cf416,393.04311317391694,5,16195.59375,16608.0,,,,,
baseline,forward,1,18,c6050fe51d3408b1eaef27e08e7f1956:1458b54ae2f6:0:3,423b972f52fcbc22cc94be5cb64caefa796a5124160f24ec5fab21772249ca14,479.97153201140463,12,16195.59375,16608.0,,,,,
baseline,forward,1,19,c6050fe51d3408b1eaef27e08e7f1956:1458b54ae2f6:0:4,423b972f52fcbc22cc94be5cb64caefa796a5124160f24ec5fab21772249ca14,483.06224890984595,12,16195.59375,16608.0,,,,,
baseline,forward,1,20,c6050fe51d3408b1eaef27e08e7f1956:e4e99a4d6532:0:0,35990225eb4034f560541dca69e3de42af70ee7e6c5a42420c958e689cda2c02,458.99944892153144,10,16195.59375,16608.0,,,,,
baseline,forward,1,21,c6050fe51d3408b1eaef27e08e7f1956:e4e99a4d6532:0:1,aebb1cb50cd9dcc29e137a5616bb2478102285853aed08894b7f12bdcbb1c56f,482.66416206024587,12,16195.59375,16608.0,,,,,
baseline,forward,1,22,c6050fe51d3408b1eaef27e08e7f1956:e4e99a4d6532:0:2,111b8aacdbaf954aebfbd039849710807963f2bd7a68786f9ede013bd58cf416,394.1000059712678,5,16195.59375,16608.0,,,,,
baseline,forward,1,23,c6050fe51d3408b1eaef27e08e7f1956:e4e99a4d6532:0:3,423b972f52fcbc22cc94be5cb64caefa796a5124160f24ec5fab21772249ca14,487.0550229679793,12,16195.59375,16608.0,,,,,
baseline,forward,1,24,c6050fe51d3408b1eaef27e08e7f1956:e4e99a4d6532:0:4,423b972f52fcbc22cc94be5cb64caefa796a5124160f24ec5fab21772249ca14,487.61386005207896,12,16195.59375,16608.0,,,,,
baseline,forward,1,25,bb98dd0bceac09d24db1ecb2af549a92:377f7f0dd150:0:0,855c108ad67905d09ec7c1b0e8aece7c700b88af2a47447b339d06f51ca5f3c1,517.317415913567,14,16191.43603515625,16608.0,,,,,
baseline,forward,1,26,bb98dd0bceac09d24db1ecb2af549a92:377f7f0dd150:0:1,345f983c72b415369583c07355d41a5ce238a9e9fc7fe025add55b989f42753c,586.8417730089277,19,16191.43603515625,16608.0,,,,,
baseline,forward,1,27,bb98dd0bceac09d24db1ecb2af549a92:377f7f0dd150:0:2,d9dc9f66742ea39569f48bea2599a075674a27a99bededdf7d11d3fbc33c74c9,556.3319260254502,17,16191.43603515625,16608.0,,,,,
baseline,forward,1,28,bb98dd0bceac09d24db1ecb2af549a92:377f7f0dd150:0:3,c45891449e67fbebaa72c55f78b5e89e2ef69d3f86135e99eaae972f41ca37d3,581.4017979428172,19,16191.43603515625,16608.0,,,,,
baseline,forward,1,29,bb98dd0bceac09d24db1ecb2af549a92:377f7f0dd150:0:4,a4b4d1f639310ce5a0af8666d80dea51c299717b38da5a87d48ce3bde0ecf3b5,485.09144387207925,12,16191.43603515625,16608.0,,,,,
baseline,forward,1,30,bb98dd0bceac09d24db1ecb2af549a92:2cf3a7a3a65c:0:0,855c108ad67905d09ec7c1b0e8aece7c700b88af2a47447b339d06f51ca5f3c1,512.0161408558488,14,16191.43603515625,16608.0,,,,,
baseline,forward,1,31,bb98dd0bceac09d24db1ecb2af549a92:2cf3a7a3a65c:0:1,345f983c72b415369583c07355d41a5ce238a9e9fc7fe025add55b989f42753c,579.7533050645143,19,16191.43603515625,16608.0,,,,,
baseline,forward,1,32,bb98dd0bceac09d24db1ecb2af549a92:2cf3a7a3a65c:0:2,d9dc9f66742ea39569f48bea2599a075674a27a99bededdf7d11d3fbc33c74c9,546.8683689832687,17,16191.43603515625,16608.0,,,,,
baseline,forward,1,33,bb98dd0bceac09d24db1ecb2af549a92:2cf3a7a3a65c:0:3,c45891449e67fbebaa72c55f78b5e89e2ef69d3f86135e99eaae972f41ca37d3,583.4278909023851,19,16191.43603515625,16608.0,,,,,
baseline,forward,1,34,bb98dd0bceac09d24db1ecb2af549a92:2cf3a7a3a65c:0:4,a4b4d1f639310ce5a0af8666d80dea51c299717b38da5a87d48ce3bde0ecf3b5,482.0941819343716,12,16191.43603515625,16608.0,,,,,
baseline,forward,1,35,b877dd782edba758ab429e3ee3de3329:97e16cc551e4:0:0,bcf1436e8a0397586b601d3afcfbd9357f7df58201510a79a21f33dea57905ee,677.6789899449795,26,16191.71044921875,16608.0,,,,,
baseline,forward,1,36,b877dd782edba758ab429e3ee3de3329:97e16cc551e4:0:1,f340e6b096d48731cb6973ce6c1f384848e8a709bc3d7fefbc1375269bb16f66,580.9452019166201,19,16191.71044921875,16608.0,,,,,
baseline,forward,1,37,b877dd782edba758ab429e3ee3de3329:97e16cc551e4:0:2,f340e6b096d48731cb6973ce6c1f384848e8a709bc3d7fefbc1375269bb16f66,583.0514500848949,19,16191.71044921875,16608.0,,,,,
baseline,forward,1,38,b877dd782edba758ab429e3ee3de3329:97e16cc551e4:0:3,2b704dcf2e659e9441eb368463e822d98e8a4b4b0badfa1e02b97c395219bada,609.1178520582616,21,16191.71044921875,16608.0,,,,,
baseline,forward,1,39,b877dd782edba758ab429e3ee3de3329:97e16cc551e4:0:4,9833888f2bcf7baedb3e6d22f7a45d778a3ddb93dc3ee593faf345e015a5527d,581.1894349753857,19,16191.71044921875,16608.0,,,,,
baseline,forward,1,40,b877dd782edba758ab429e3ee3de3329:dd7f6c9e007d:0:0,bcf1436e8a0397586b601d3afcfbd9357f7df58201510a79a21f33dea57905ee,678.0260019004345,26,16191.71044921875,16608.0,,,,,
baseline,forward,1,41,b877dd782edba758ab429e3ee3de3329:dd7f6c9e007d:0:1,f340e6b096d48731cb6973ce6c1f384848e8a709bc3d7fefbc1375269bb16f66,589.3616799730808,19,16191.71044921875,16608.0,,,,,
baseline,forward,1,42,b877dd782edba758ab429e3ee3de3329:dd7f6c9e007d:0:2,f340e6b096d48731cb6973ce6c1f384848e8a709bc3d7fefbc1375269bb16f66,585.5797838885337,19,16191.71044921875,16608.0,,,,,
baseline,forward,1,43,b877dd782edba758ab429e3ee3de3329:dd7f6c9e007d:0:3,2b704dcf2e659e9441eb368463e822d98e8a4b4b0badfa1e02b97c395219bada,605.774609837681,21,16191.71044921875,16608.0,,,,,
baseline,forward,1,44,b877dd782edba758ab429e3ee3de3329:dd7f6c9e007d:0:4,9833888f2bcf7baedb3e6d22f7a45d778a3ddb93dc3ee593faf345e015a5527d,572.846493916586,19,16191.71044921875,16608.0,,,,,
baseline,forward,1,45,4f59fbf51a0a5bfb4dc5af02cf294693:993dac5396a0:0:0,02b2f284846856bbed690c4a4ff41de209848e5b20a5b8e52994ff6008da32c7,553.9411611389369,17,16192.396484375,16608.0,,,,,
baseline,forward,1,46,4f59fbf51a0a5bfb4dc5af02cf294693:993dac5396a0:0:1,72ce63e97c300b32403763a2e20f5768dbedc981efcd36c58458b7f10991a314,501.17386295460165,13,16192.396484375,16608.0,,,,,
baseline,forward,1,47,4f59fbf51a0a5bfb4dc5af02cf294693:993dac5396a0:0:2,692a62434ae2815dec74164a4d148a1ad395dbf6653d58fc4ae432a52e892e37,556.2664540484548,17,16192.396484375,16608.0,,,,,
baseline,forward,1,48,4f59fbf51a0a5bfb4dc5af02cf294693:993dac5396a0:0:3,692a62434ae2815dec74164a4d148a1ad395dbf6653d58fc4ae432a52e892e37,557.2177609428763,17,16192.396484375,16608.0,,,,,
baseline,forward,1,49,4f59fbf51a0a5bfb4dc5af02cf294693:993dac5396a0:0:4,0cc9fb380cb2bb70003747e1d1b5eddb6239e470e3464f2a6cf9c2ca668b89c3,499.0802928805351,13,16192.396484375,16608.0,,,,,
full_72d,forward,0,0,1a938d25604410ccd63b60285919eaec:c627e50da685:0:0,e042894d371a8df6673730e94e09c16b0c54e157faa37094ac0edd0138322b43,489.2119609285146,12,16193.2724609375,16608.0,2,347.2660218831152,147.0696870237589,0.4640974998474121,0
full_72d,forward,0,1,1a938d25604410ccd63b60285919eaec:c627e50da685:0:1,e042894d371a8df6673730e94e09c16b0c54e157faa37094ac0edd0138322b43,488.4685589931905,12,16193.2724609375,16608.0,2,348.5523231793195,147.21756521612406,0.4640974998474121,0
full_72d,forward,0,2,1a938d25604410ccd63b60285919eaec:c627e50da685:0:2,f5f79da7870b43a425d911d4230cbde81339aaf8976b28d91223d1db1b9dcb91,489.0690331812948,12,16193.2724609375,16608.0,2,349.03526306152344,147.31991500593722,0.4640974998474121,0
full_72d,forward,0,3,1a938d25604410ccd63b60285919eaec:c627e50da685:0:3,82b4934cd2e12dd5597e5e37c746229f9ae763b2251ce7ebf18bfe7be9c79896,537.8749629016966,14,16193.2724609375,16608.0,2,362.7160368487239,148.33873300813138,0.4640974998474121,0
full_72d,forward,0,4,1a938d25604410ccd63b60285919eaec:c627e50da685:0:4,82b4934cd2e12dd5597e5e37c746229f9ae763b2251ce7ebf18bfe7be9c79896,521.7872629873455,14,16193.2724609375,16608.0,2,348.86519983410835,148.48757488653064,0.4640974998474121,0
full_72d,forward,0,5,49cd6149f02ec01ee03a6eb8287ab2df:f982e9dfaf25:0:0,435ddab74d1ce43607ae306954b3988e040a520237c7d35ed4bf195d89590fe9,592.8954698611051,19,16192.31201171875,16608.0,2,350.6542060058564,147.9211701080203,0.4644269645214081,0
full_72d,forward,0,6,49cd6149f02ec01ee03a6eb8287ab2df:f982e9dfaf25:0:1,435ddab74d1ce43607ae306954b3988e040a520237c7d35ed4bf195d89590fe9,598.9490470383316,19,16192.31201171875,16608.0,2,354.3295490089804,147.91282289661467,0.4644269645214081,0
full_72d,forward,0,7,49cd6149f02ec01ee03a6eb8287ab2df:f982e9dfaf25:0:2,73fb32b5e401b3eacb51e7e77bdf04e3b22a04455436b5dd1473893ee8251122,439.25431300885975,8,16192.31201171875,16608.0,2,352.54867607727647,147.42862293496728,0.4640974998474121,0
full_72d,forward,0,8,49cd6149f02ec01ee03a6eb8287ab2df:f982e9dfaf25:0:3,95f301e4834466fadb9df4ae46e1b1c55f14a11d8b92502235741ad28dbdb107,538.742425153032,15,16192.31201171875,16608.0,2,348.83995610289276,148.41587492264807,0.4644269645214081,0
full_72d,forward,0,9,49cd6149f02ec01ee03a6eb8287ab2df:f982e9dfaf25:0:4,73fb32b5e401b3eacb51e7e77bdf04e3b22a04455436b5dd1473893ee8251122,442.59061594493687,8,16192.31201171875,16608.0,2,353.0092560686171,148.00196909345686,0.4640974998474121,0
full_72d,forward,0,10,49cd6149f02ec01ee03a6eb8287ab2df:81739d7eb99c:0:0,435ddab74d1ce43607ae306954b3988e040a520237c7d35ed4bf195d89590fe9,594.091447070241,19,16192.31201171875,16608.0,2,347.6676989812404,147.42196490988135,0.4644269645214081,0
full_72d,forward,0,11,49cd6149f02ec01ee03a6eb8287ab2df:81739d7eb99c:0:1,435ddab74d1ce43607ae306954b3988e040a520237c7d35ed4bf195d89590fe9,589.5718468818814,19,16192.31201171875,16608.0,2,342.8080719895661,147.77240506373346,0.4644269645214081,0
full_72d,forward,0,12,49cd6149f02ec01ee03a6eb8287ab2df:81739d7eb99c:0:2,73fb32b5e401b3eacb51e7e77bdf04e3b22a04455436b5dd1473893ee8251122,450.92515810392797,8,16192.31201171875,16608.0,2,363.9085430186242,147.8577379602939,0.4640974998474121,0
full_72d,forward,0,13,49cd6149f02ec01ee03a6eb8287ab2df:81739d7eb99c:0:3,95f301e4834466fadb9df4ae46e1b1c55f14a11d8b92502235741ad28dbdb107,533.8549260050058,15,16192.31201171875,16608.0,2,346.54367389157414,145.78364905901253,0.4644269645214081,0
full_72d,forward,0,14,49cd6149f02ec01ee03a6eb8287ab2df:81739d7eb99c:0:4,73fb32b5e401b3eacb51e7e77bdf04e3b22a04455436b5dd1473893ee8251122,435.8083188999444,8,16192.31201171875,16608.0,2,351.45857091993093,148.37879803963006,0.4640974998474121,0
full_72d,forward,0,15,c6050fe51d3408b1eaef27e08e7f1956:1458b54ae2f6:0:0,35990225eb4034f560541dca69e3de42af70ee7e6c5a42420c958e689cda2c02,466.1687440238893,10,16196.4697265625,16608.0,2,351.64038999937475,147.1662330441177,0.4640974998474121,0
full_72d,forward,0,16,c6050fe51d3408b1eaef27e08e7f1956:1458b54ae2f6:0:1,aebb1cb50cd9dcc29e137a5616bb2478102285853aed08894b7f12bdcbb1c56f,494.4131299853325,12,16196.4697265625,16608.0,2,347.6815461181104,148.26963818632066,0.4640974998474121,0
full_72d,forward,0,17,c6050fe51d3408b1eaef27e08e7f1956:1458b54ae2f6:0:2,111b8aacdbaf954aebfbd039849710807963f2bd7a68786f9ede013bd58cf416,395.4830449074507,5,16196.4697265625,16608.0,2,348.67894602939487,148.24927900917828,0.4640974998474121,0
full_72d,forward,0,18,c6050fe51d3408b1eaef27e08e7f1956:1458b54ae2f6:0:3,423b972f52fcbc22cc94be5cb64caefa796a5124160f24ec5fab21772249ca14,496.6732510365546,12,16196.4697265625,16608.0,2,349.5166541542858,148.49688904359937,0.4640974998474121,0
full_72d,forward,0,19,c6050fe51d3408b1eaef27e08e7f1956:1458b54ae2f6:0:4,423b972f52fcbc22cc94be5cb64caefa796a5124160f24ec5fab21772249ca14,509.6686549950391,12,16196.4697265625,16608.0,2,366.8296351097524,147.49505603685975,0.4640974998474121,0
full_72d,forward,0,20,c6050fe51d3408b1eaef27e08e7f1956:e4e99a4d6532:0:0,35990225eb4034f560541dca69e3de42af70ee7e6c5a42420c958e689cda2c02,466.4213538635522,10,16196.4697265625,16608.0,2,351.77693190053105,147.26429292932153,0.4640974998474121,0
full_72d,forward,0,21,c6050fe51d3408b1eaef27e08e7f1956:e4e99a4d6532:0:1,aebb1cb50cd9dcc29e137a5616bb2478102285853aed08894b7f12bdcbb1c56f,492.72730899974704,12,16196.4697265625,16608.0,2,348.7011429388076,148.42642098665237,0.4640974998474121,0
full_72d,forward,0,22,c6050fe51d3408b1eaef27e08e7f1956:e4e99a4d6532:0:2,111b8aacdbaf954aebfbd039849710807963f2bd7a68786f9ede013bd58cf416,390.7347109634429,5,16196.4697265625,16608.0,2,347.0162539742887,152.48568099923432,0.4640974998474121,0
full_72d,forward,0,23,c6050fe51d3408b1eaef27e08e7f1956:e4e99a4d6532:0:3,423b972f52fcbc22cc94be5cb64caefa796a5124160f24ec5fab21772249ca14,491.59457883797586,12,16196.4697265625,16608.0,2,348.6833069473505,147.6227950770408,0.4640974998474121,0
full_72d,forward,0,24,c6050fe51d3408b1eaef27e08e7f1956:e4e99a4d6532:0:4,423b972f52fcbc22cc94be5cb64caefa796a5124160f24ec5fab21772249ca14,503.52943409234285,12,16196.4697265625,16608.0,2,360.9935659915209,147.4924678914249,0.4640974998474121,0
full_72d,forward,0,25,bb98dd0bceac09d24db1ecb2af549a92:377f7f0dd150:0:0,855c108ad67905d09ec7c1b0e8aece7c700b88af2a47447b339d06f51ca5f3c1,530.7591229211539,14,16192.31201171875,16608.0,2,358.589120907709,145.93127206899226,0.4640974998474121,0
full_72d,forward,0,26,bb98dd0bceac09d24db1ecb2af549a92:377f7f0dd150:0:1,345f983c72b415369583c07355d41a5ce238a9e9fc7fe025add55b989f42753c,605.7237619534135,19,16192.31201171875,16608.0,2,359.02210301719606,147.77525095269084,0.4640974998474121,0
full_72d,forward,0,27,bb98dd0bceac09d24db1ecb2af549a92:377f7f0dd150:0:2,d9dc9f66742ea39569f48bea2599a075674a27a99bededdf7d11d3fbc33c74c9,565.9265678841621,17,16192.31201171875,16608.0,2,348.6654828302562,148.26485700905323,0.4640974998474121,0
full_72d,forward,0,28,bb98dd0bceac09d24db1ecb2af549a92:377f7f0dd150:0:3,c45891449e67fbebaa72c55f78b5e89e2ef69d3f86135e99eaae972f41ca37d3,614.0095309820026,19,16192.31201171875,16608.0,2,373.69607016444206,147.0828941091895,0.46664735674858093,0
full_72d,forward,0,29,bb98dd0bceac09d24db1ecb2af549a92:377f7f0dd150:0:4,a4b4d1f639310ce5a0af8666d80dea51c299717b38da5a87d48ce3bde0ecf3b5,495.40201015770435,12,16192.31201171875,16608.0,2,352.42630704306066,147.7379200514406,0.4640974998474121,0
full_72d,forward,0,30,bb98dd0bceac09d24db1ecb2af549a92:2cf3a7a3a65c:0:0,855c108ad67905d09ec7c1b0e8aece7c700b88af2a47447b339d06f51ca5f3c1,518.5838250909001,14,16192.31201171875,16608.0,2,349.8528590425849,147.4867300130427,0.4640974998474121,0
full_72d,forward,0,31,bb98dd0bceac09d24db1ecb2af549a92:2cf3a7a3a65c:0:1,345f983c72b415369583c07355d41a5ce238a9e9fc7fe025add55b989f42753c,593.0360439233482,19,16192.31201171875,16608.0,2,352.12490102276206,147.1429211087525,0.4640974998474121,0
full_72d,forward,0,32,bb98dd0bceac09d24db1ecb2af549a92:2cf3a7a3a65c:0:2,d9dc9f66742ea39569f48bea2599a075674a27a99bededdf7d11d3fbc33c74c9,571.9872871413827,17,16192.31201171875,16608.0,2,355.3689999971539,148.154322989285,0.4640974998474121,0
full_72d,forward,0,33,bb98dd0bceac09d24db1ecb2af549a92:2cf3a7a3a65c:0:3,c45891449e67fbebaa72c55f78b5e89e2ef69d3f86135e99eaae972f41ca37d3,599.9928219243884,19,16192.31201171875,16608.0,2,355.20641482435167,147.93784101493657,0.46664735674858093,0
full_72d,forward,0,34,bb98dd0bceac09d24db1ecb2af549a92:2cf3a7a3a65c:0:4,a4b4d1f639310ce5a0af8666d80dea51c299717b38da5a87d48ce3bde0ecf3b5,497.7515449281782,12,16192.31201171875,16608.0,2,353.99345005862415,147.89720415137708,0.4640974998474121,0
full_72d,forward,0,35,b877dd782edba758ab429e3ee3de3329:97e16cc551e4:0:0,bcf1436e8a0397586b601d3afcfbd9357f7df58201510a79a21f33dea57905ee,692.1490419190377,26,16192.58642578125,16608.0,2,352.91768703609705,147.93734904378653,0.4644269645214081,0
full_72d,forward,0,36,b877dd782edba758ab429e3ee3de3329:97e16cc551e4:0:1,f340e6b096d48731cb6973ce6c1f384848e8a709bc3d7fefbc1375269bb16f66,593.7557988800108,19,16192.58642578125,16608.0,2,349.28959398530424,146.09324908815324,0.4644269645214081,0
full_72d,forward,0,37,b877dd782edba758ab429e3ee3de3329:97e16cc551e4:0:2,f340e6b096d48731cb6973ce6c1f384848e8a709bc3d7fefbc1375269bb16f66,591.5426569990814,19,16192.58642578125,16608.0,2,352.7735089883208,147.58648886345327,0.4644269645214081,0
full_72d,forward,0,38,b877dd782edba758ab429e3ee3de3329:97e16cc551e4:0:3,2b704dcf2e659e9441eb368463e822d98e8a4b4b0badfa1e02b97c395219bada,618.7627969775349,21,16192.58642578125,16608.0,2,349.42543413490057,148.2289400883019,0.4644269645214081,0
full_72d,forward,0,39,b877dd782edba758ab429e3ee3de3329:97e16cc551e4:0:4,9833888f2bcf7baedb3e6d22f7a45d778a3ddb93dc3ee593faf345e015a5527d,592.8430210333318,19,16192.58642578125,16608.0,2,346.5945969801396,147.07492501474917,0.46768954396247864,0
full_72d,forward,0,40,b877dd782edba758ab429e3ee3de3329:dd7f6c9e007d:0:0,bcf1436e8a0397586b601d3afcfbd9357f7df58201510a79a21f33dea57905ee,692.950651049614,26,16192.58642578125,16608.0,2,358.76925894990563,147.40100502967834,0.4644269645214081,0
full_72d,forward,0,41,b877dd782edba758ab429e3ee3de3329:dd7f6c9e007d:0:1,f340e6b096d48731cb6973ce6c1f384848e8a709bc3d7fefbc1375269bb16f66,591.0974880680442,19,16192.58642578125,16608.0,2,353.84855791926384,147.2302118781954,0.4644269645214081,0
full_72d,forward,0,42,b877dd782edba758ab429e3ee3de3329:dd7f6c9e007d:0:2,2b704dcf2e659e9441eb368463e822d98e8a4b4b0badfa1e02b97c395219bada,617.4071528948843,21,16192.58642578125,16608.0,2,350.6970168091357,147.08314184099436,0.4644269645214081,0
full_72d,forward,0,43,b877dd782edba758ab429e3ee3de3329:dd7f6c9e007d:0:3,2b704dcf2e659e9441eb368463e822d98e8a4b4b0badfa1e02b97c395219bada,615.8735880162567,21,16192.58642578125,16608.0,2,352.83970390446484,146.95250685326755,0.4644269645214081,0
full_72d,forward,0,44,b877dd782edba758ab429e3ee3de3329:dd7f6c9e007d:0:4,9833888f2bcf7baedb3e6d22f7a45d778a3ddb93dc3ee593faf345e015a5527d,594.64983898215,19,16192.58642578125,16608.0,2,349.62491504848003,147.90663495659828,0.46768954396247864,0
full_72d,forward,0,45,4f59fbf51a0a5bfb4dc5af02cf294693:993dac5396a0:0:0,02b2f284846856bbed690c4a4ff41de209848e5b20a5b8e52994ff6008da32c7,571.8068869318813,17,16193.2724609375,16608.0,2,356.30110814236104,148.5046581365168,0.4640974998474121,0
full_72d,forward,0,46,4f59fbf51a0a5bfb4dc5af02cf294693:993dac5396a0:0:1,72ce63e97c300b32403763a2e20f5768dbedc981efcd36c58458b7f10991a314,514.063784154132,13,16193.2724609375,16608.0,2,353.0900119803846,147.7023030165583,0.4640974998474121,0
full_72d,forward,0,47,4f59fbf51a0a5bfb4dc5af02cf294693:993dac5396a0:0:2,692a62434ae2815dec74164a4d148a1ad395dbf6653d58fc4ae432a52e892e37,567.4042028840631,17,16193.2724609375,16608.0,2,352.17522107996047,148.3803370501846,0.4640974998474121,0
full_72d,forward,0,48,4f59fbf51a0a5bfb4dc5af02cf294693:993dac5396a0:0:3,692a62434ae2815dec74164a4d148a1ad395dbf6653d58fc4ae432a52e892e37,560.6533549726009,17,16193.2724609375,16608.0,2,348.4046629164368,147.85687206313014,0.4640974998474121,0
full_72d,forward,0,49,4f59fbf51a0a5bfb4dc5af02cf294693:993dac5396a0:0:4,0cc9fb380cb2bb70003747e1d1b5eddb6239e470e3464f2a6cf9c2ca668b89c3,503.7214879412204,13,16193.2724609375,16608.0,2,349.58804585039616,147.36093091778457,0.4640974998474121,0
full_72d,forward,1,0,1a938d25604410ccd63b60285919eaec:c627e50da685:0:0,e042894d371a8df6673730e94e09c16b0c54e157faa37094ac0edd0138322b43,507.511859992519,12,16193.2724609375,16608.0,2,365.34192506223917,147.18738407827914,0.4640974998474121,0
full_72d,forward,1,1,1a938d25604410ccd63b60285919eaec:c627e50da685:0:1,e042894d371a8df6673730e94e09c16b0c54e157faa37094ac0edd0138322b43,490.2885891497135,12,16193.2724609375,16608.0,2,350.12230509892106,147.43945305235684,0.4640974998474121,0
full_72d,forward,1,2,1a938d25604410ccd63b60285919eaec:c627e50da685:0:2,f5f79da7870b43a425d911d4230cbde81339aaf8976b28d91223d1db1b9dcb91,488.13305399380624,12,16193.2724609375,16608.0,2,347.8860058821738,147.91069505736232,0.4640974998474121,0
full_72d,forward,1,3,1a938d25604410ccd63b60285919eaec:c627e50da685:0:3,82b4934cd2e12dd5597e5e37c746229f9ae763b2251ce7ebf18bfe7be9c79896,511.7486668750644,14,16193.2724609375,16608.0,2,340.3642608318478,147.39081682637334,0.4640974998474121,0
full_72d,forward,1,4,1a938d25604410ccd63b60285919eaec:c627e50da685:0:4,82b4934cd2e12dd5597e5e37c746229f9ae763b2251ce7ebf18bfe7be9c79896,519.6765218861401,14,16193.2724609375,16608.0,2,348.5628159251064,147.956752916798,0.4640974998474121,0
full_72d,forward,1,5,49cd6149f02ec01ee03a6eb8287ab2df:f982e9dfaf25:0:0,435ddab74d1ce43607ae306954b3988e040a520237c7d35ed4bf195d89590fe9,594.6421918924898,19,16192.31201171875,16608.0,2,357.20683983527124,146.8422480393201,0.4644269645214081,0
full_72d,forward,1,6,49cd6149f02ec01ee03a6eb8287ab2df:f982e9dfaf25:0:1,435ddab74d1ce43607ae306954b3988e040a520237c7d35ed4bf195d89590fe9,588.1292070262134,19,16192.31201171875,16608.0,2,347.3801838699728,146.87976683489978,0.4644269645214081,0
full_72d,forward,1,7,49cd6149f02ec01ee03a6eb8287ab2df:f982e9dfaf25:0:2,73fb32b5e401b3eacb51e7e77bdf04e3b22a04455436b5dd1473893ee8251122,441.53055897913873,8,16192.31201171875,16608.0,2,357.1840471122414,147.04032009467483,0.4640974998474121,0
full_72d,forward,1,8,49cd6149f02ec01ee03a6eb8287ab2df:f982e9dfaf25:0:3,435ddab74d1ce43607ae306954b3988e040a520237c7d35ed4bf195d89590fe9,589.1923829913139,19,16192.31201171875,16608.0,2,350.91859102249146,146.9559909310192,0.4644269645214081,0
full_72d,forward,1,9,49cd6149f02ec01ee03a6eb8287ab2df:f982e9dfaf25:0:4,73fb32b5e401b3eacb51e7e77bdf04e3b22a04455436b5dd1473893ee8251122,438.49502806551754,8,16192.31201171875,16608.0,2,351.4390289783478,147.26926293224096,0.4640974998474121,0
full_72d,forward,1,10,49cd6149f02ec01ee03a6eb8287ab2df:81739d7eb99c:0:0,435ddab74d1ce43607ae306954b3988e040a520237c7d35ed4bf195d89590fe9,580.7913830503821,19,16192.31201171875,16608.0,2,341.96393890306354,147.03784696757793,0.4644269645214081,0
full_72d,forward,1,11,49cd6149f02ec01ee03a6eb8287ab2df:81739d7eb99c:0:1,435ddab74d1ce43607ae306954b3988e040a520237c7d35ed4bf195d89590fe9,599.8460701666772,19,16192.31201171875,16608.0,2,353.0674909707159,147.54418097436428,0.4644269645214081,0
full_72d,forward,1,12,49cd6149f02ec01ee03a6eb8287ab2df:81739d7eb99c:0:2,73fb32b5e401b3eacb51e7e77bdf04e3b22a04455436b5dd1473893ee8251122,437.0089778676629,8,16192.31201171875,16608.0,2,350.3099929075688,147.65609800815582,0.4640974998474121,0
full_72d,forward,1,13,49cd6149f02ec01ee03a6eb8287ab2df:81739d7eb99c:0:3,435ddab74d1ce43607ae306954b3988e040a520237c7d35ed4bf195d89590fe9,594.4513441063464,19,16192.31201171875,16608.0,2,350.4007349256426,148.1754370033741,0.4644269645214081,0
full_72d,forward,1,14,49cd6149f02ec01ee03a6eb8287ab2df:81739d7eb99c:0:4,73fb32b5e401b3eacb51e7e77bdf04e3b22a04455436b5dd1473893ee8251122,447.17142498120666,8,16192.31201171875,16608.0,2,359.9855969659984,148.25793611817062,0.4640974998474121,0
full_72d,forward,1,15,c6050fe51d3408b1eaef27e08e7f1956:1458b54ae2f6:0:0,35990225eb4034f560541dca69e3de42af70ee7e6c5a42420c958e689cda2c02,480.6366639677435,10,16196.4697265625,16608.0,2,365.196589846164,148.16793706268072,0.4640974998474121,0
full_72d,forward,1,16,c6050fe51d3408b1eaef27e08e7f1956:1458b54ae2f6:0:1,aebb1cb50cd9dcc29e137a5616bb2478102285853aed08894b7f12bdcbb1c56f,494.44785015657544,12,16196.4697265625,16608.0,2,348.8275019917637,148.2597109861672,0.4640974998474121,0
full_72d,forward,1,17,c6050fe51d3408b1eaef27e08e7f1956:1458b54ae2f6:0:2,111b8aacdbaf954aebfbd039849710807963f2bd7a68786f9ede013bd58cf416,392.11739506572485,5,16196.4697265625,16608.0,2,349.4705690536648,147.25696900859475,0.4640974998474121,0
full_72d,forward,1,18,c6050fe51d3408b1eaef27e08e7f1956:1458b54ae2f6:0:3,423b972f52fcbc22cc94be5cb64caefa796a5124160f24ec5fab21772249ca14,491.24508001841605,12,16196.4697265625,16608.0,2,348.37531903758645,147.33233605511487,0.4640974998474121,0
full_72d,forward,1,19,c6050fe51d3408b1eaef27e08e7f1956:1458b54ae2f6:0:4,423b972f52fcbc22cc94be5cb64caefa796a5124160f24ec5fab21772249ca14,493.7403679359704,12,16196.4697265625,16608.0,2,349.45834311656654,147.46314100921154,0.4640974998474121,0
full_72d,forward,1,20,c6050fe51d3408b1eaef27e08e7f1956:e4e99a4d6532:0:0,35990225eb4034f560541dca69e3de42af70ee7e6c5a42420c958e689cda2c02,462.3072650283575,10,16196.4697265625,16608.0,2,350.1560220029205,147.18439779244363,0.4640974998474121,0
full_72d,forward,1,21,c6050fe51d3408b1eaef27e08e7f1956:e4e99a4d6532:0:1,aebb1cb50cd9dcc29e137a5616bb2478102285853aed08894b7f12bdcbb1c56f,494.6532628964633,12,16196.4697265625,16608.0,2,350.13105091638863,148.51271104998887,0.4640974998474121,0
full_72d,forward,1,22,c6050fe51d3408b1eaef27e08e7f1956:e4e99a4d6532:0:2,111b8aacdbaf954aebfbd039849710807963f2bd7a68786f9ede013bd58cf416,395.59077518060803,5,16196.4697265625,16608.0,2,351.41033912077546,148.48118112422526,0.4640974998474121,0
full_72d,forward,1,23,c6050fe51d3408b1eaef27e08e7f1956:e4e99a4d6532:0:3,423b972f52fcbc22cc94be5cb64caefa796a5124160f24ec5fab21772249ca14,495.83805399015546,12,16196.4697265625,16608.0,2,350.97500402480364,148.0235238559544,0.4640974998474121,0
full_72d,forward,1,24,c6050fe51d3408b1eaef27e08e7f1956:e4e99a4d6532:0:4,423b972f52fcbc22cc94be5cb64caefa796a5124160f24ec5fab21772249ca14,510.2282960433513,12,16196.4697265625,16608.0,2,362.4370808247477,148.54768989607692,0.4640974998474121,0
full_72d,forward,1,25,bb98dd0bceac09d24db1ecb2af549a92:377f7f0dd150:0:0,855c108ad67905d09ec7c1b0e8aece7c700b88af2a47447b339d06f51ca5f3c1,534.875585930422,14,16192.31201171875,16608.0,2,361.9139129295945,148.52998894639313,0.4640974998474121,0
full_72d,forward,1,26,bb98dd0bceac09d24db1ecb2af549a92:377f7f0dd150:0:1,345f983c72b415369583c07355d41a5ce238a9e9fc7fe025add55b989f42753c,592.2395929228514,19,16192.31201171875,16608.0,2,350.98324296996,147.91036513634026,0.4640974998474121,0
full_72d,forward,1,27,bb98dd0bceac09d24db1ecb2af549a92:377f7f0dd150:0:2,d9dc9f66742ea39569f48bea2599a075674a27a99bededdf7d11d3fbc33c74c9,558.6180679965764,17,16192.31201171875,16608.0,2,349.60131510160863,147.027577040717,0.4640974998474121,0
full_72d,forward,1,28,bb98dd0bceac09d24db1ecb2af549a92:377f7f0dd150:0:3,c45891449e67fbebaa72c55f78b5e89e2ef69d3f86135e99eaae972f41ca37d3,599.8753891326487,19,16192.31201171875,16608.0,2,355.6910390034318,148.15833093598485,0.46664735674858093,0
full_72d,forward,1,29,bb98dd0bceac09d24db1ecb2af549a92:377f7f0dd150:0:4,a4b4d1f639310ce5a0af8666d80dea51c299717b38da5a87d48ce3bde0ecf3b5,503.3835768699646,12,16192.31201171875,16608.0,2,364.35364186763763,146.9857159536332,0.4640974998474121,0
full_72d,forward,1,30,bb98dd0bceac09d24db1ecb2af549a92:2cf3a7a3a65c:0:0,855c108ad67905d09ec7c1b0e8aece7c700b88af2a47447b339d06f51ca5f3c1,517.938194097951,14,16192.31201171875,16608.0,2,350.5180631764233,147.36931817606091,0.4640974998474121,0
full_72d,forward,1,31,bb98dd0bceac09d24db1ecb2af549a92:2cf3a7a3a65c:0:1,345f983c72b415369583c07355d41a5ce238a9e9fc7fe025add55b989f42753c,586.0085231252015,19,16192.31201171875,16608.0,2,349.155698902905,147.10378693416715,0.4640974998474121,0
full_72d,forward,1,32,bb98dd0bceac09d24db1ecb2af549a92:2cf3a7a3a65c:0:2,d9dc9f66742ea39569f48bea2599a075674a27a99bededdf7d11d3fbc33c74c9,575.8888779673725,17,16192.31201171875,16608.0,2,367.08150897175074,147.12328603491187,0.4640974998474121,0
full_72d,forward,1,33,bb98dd0bceac09d24db1ecb2af549a92:2cf3a7a3a65c:0:3,c45891449e67fbebaa72c55f78b5e89e2ef69d3f86135e99eaae972f41ca37d3,596.3008708786219,19,16192.31201171875,16608.0,2,351.1110758408904,148.42817885801196,0.46664735674858093,0
full_72d,forward,1,34,bb98dd0bceac09d24db1ecb2af549a92:2cf3a7a3a65c:0:4,a4b4d1f639310ce5a0af8666d80dea51c299717b38da5a87d48ce3bde0ecf3b5,493.6038430314511,12,16192.31201171875,16608.0,2,353.7767920643091,146.977144991979,0.4640974998474121,0
full_72d,forward,1,35,b877dd782edba758ab429e3ee3de3329:97e16cc551e4:0:0,bcf1436e8a0397586b601d3afcfbd9357f7df58201510a79a21f33dea57905ee,681.5705969929695,26,16192.58642578125,16608.0,2,349.5068808551878,147.09828281775117,0.4644269645214081,0
full_72d,forward,1,36,b877dd782edba758ab429e3ee3de3329:97e16cc551e4:0:1,f340e6b096d48731cb6973ce6c1f384848e8a709bc3d7fefbc1375269bb16f66,597.1576070878655,19,16192.58642578125,16608.0,2,353.6302789580077,147.80572103336453,0.4644269645214081,0
full_72d,forward,1,37,b877dd782edba758ab429e3ee3de3329:97e16cc551e4:0:2,f340e6b096d48731cb6973ce6c1f384848e8a709bc3d7fefbc1375269bb16f66,604.9508829601109,19,16192.58642578125,16608.0,2,357.79621405526996,148.31278403289616,0.4644269645214081,0
full_72d,forward,1,38,b877dd782edba758ab429e3ee3de3329:97e16cc551e4:0:3,2b704dcf2e659e9441eb368463e822d98e8a4b4b0badfa1e02b97c395219bada,616.9522500131279,21,16192.58642578125,16608.0,2,348.99763902649283,148.06472696363926,0.4644269645214081,0
full_72d,forward,1,39,b877dd782edba758ab429e3ee3de3329:97e16cc551e4:0:4,9833888f2bcf7baedb3e6d22f7a45d778a3ddb93dc3ee593faf345e015a5527d,594.0024838782847,19,16192.58642578125,16608.0,2,354.47015799582005,147.04831899143755,0.46768954396247864,0
full_72d,forward,1,40,b877dd782edba758ab429e3ee3de3329:dd7f6c9e007d:0:0,bcf1436e8a0397586b601d3afcfbd9357f7df58201510a79a21f33dea57905ee,694.1709120292217,26,16192.58642578125,16608.0,2,350.2609790302813,148.0112720746547,0.4644269645214081,0
full_72d,forward,1,41,b877dd782edba758ab429e3ee3de3329:dd7f6c9e007d:0:1,f340e6b096d48731cb6973ce6c1f384848e8a709bc3d7fefbc1375269bb16f66,596.6924868989736,19,16192.58642578125,16608.0,2,352.97010210342705,147.88531814701855,0.4644269645214081,0
full_72d,forward,1,42,b877dd782edba758ab429e3ee3de3329:dd7f6c9e007d:0:2,2b704dcf2e659e9441eb368463e822d98e8a4b4b0badfa1e02b97c395219bada,633.6006140336394,21,16192.58642578125,16608.0,2,359.97727792710066,148.17420905455947,0.4644269645214081,0
full_72d,forward,1,43,b877dd782edba758ab429e3ee3de3329:dd7f6c9e007d:0:3,2b704dcf2e659e9441eb368463e822d98e8a4b4b0badfa1e02b97c395219bada,631.5964171662927,21,16192.58642578125,16608.0,2,355.34026217646897,147.92601112276316,0.4644269645214081,0
full_72d,forward,1,44,b877dd782edba758ab429e3ee3de3329:dd7f6c9e007d:0:4,9833888f2bcf7baedb3e6d22f7a45d778a3ddb93dc3ee593faf345e015a5527d,600.4044071305543,19,16192.58642578125,16608.0,2,353.3969840500504,148.04416801780462,0.46768954396247864,0
full_72d,forward,1,45,4f59fbf51a0a5bfb4dc5af02cf294693:993dac5396a0:0:0,02b2f284846856bbed690c4a4ff41de209848e5b20a5b8e52994ff6008da32c7,575.9852649644017,17,16193.2724609375,16608.0,2,364.59483206272125,148.05092220194638,0.4640974998474121,0
full_72d,forward,1,46,4f59fbf51a0a5bfb4dc5af02cf294693:993dac5396a0:0:1,72ce63e97c300b32403763a2e20f5768dbedc981efcd36c58458b7f10991a314,508.0037219449878,13,16193.2724609375,16608.0,2,349.3711990304291,148.0375430546701,0.4640974998474121,0
full_72d,forward,1,47,4f59fbf51a0a5bfb4dc5af02cf294693:993dac5396a0:0:2,692a62434ae2815dec74164a4d148a1ad395dbf6653d58fc4ae432a52e892e37,560.717019950971,17,16193.2724609375,16608.0,2,344.5285011548549,148.17632315680385,0.4640974998474121,0
full_72d,forward,1,48,4f59fbf51a0a5bfb4dc5af02cf294693:993dac5396a0:0:3,692a62434ae2815dec74164a4d148a1ad395dbf6653d58fc4ae432a52e892e37,564.4891518168151,17,16193.2724609375,16608.0,2,348.4069528058171,147.81263680197299,0.4640974998474121,0
full_72d,forward,1,49,4f59fbf51a0a5bfb4dc5af02cf294693:993dac5396a0:0:4,e4f0271d7dced0f36c97839e546b1f140f69dfa129a37b04f653f47eb9c2798f,504.00866800919175,12,16193.2724609375,16608.0,2,358.7729879654944,148.08062883093953,0.4640974998474121,0
cos_sim_mean_6d,forward,0,0,1a938d25604410ccd63b60285919eaec:c627e50da685:0:0,e042894d371a8df6673730e94e09c16b0c54e157faa37094ac0edd0138322b43,494.23325015231967,12,16193.2724609375,16608.0,2,351.8240451812744,150.5085681565106,0.006791131570935249,0
cos_sim_mean_6d,forward,0,1,1a938d25604410ccd63b60285919eaec:c627e50da685:0:1,e042894d371a8df6673730e94e09c16b0c54e157faa37094ac0edd0138322b43,494.5698259398341,12,16193.2724609375,16608.0,2,352.3482889868319,147.72575697861612,0.0031789778731763363,0
cos_sim_mean_6d,forward,0,2,1a938d25604410ccd63b60285919eaec:c627e50da685:0:2,f5f79da7870b43a425d911d4230cbde81339aaf8976b28d91223d1db1b9dcb91,493.772076908499,12,16193.2724609375,16608.0,2,351.72973084263504,150.9332899004221,0.006613017991185188,0
cos_sim_mean_6d,forward,0,3,1a938d25604410ccd63b60285919eaec:c627e50da685:0:3,82b4934cd2e12dd5597e5e37c746229f9ae763b2251ce7ebf18bfe7be9c79896,522.582178004086,14,16193.2724609375,16608.0,2,352.1396399009973,151.1112090665847,0.015860000625252724,0
cos_sim_mean_6d,forward,0,4,1a938d25604410ccd63b60285919eaec:c627e50da685:0:4,82b4934cd2e12dd5597e5e37c746229f9ae763b2251ce7ebf18bfe7be9c79896,526.6532190144062,14,16193.2724609375,16608.0,2,356.20389389805496,150.8143509272486,0.0062742712907493114,0
cos_sim_mean_6d,forward,0,5,49cd6149f02ec01ee03a6eb8287ab2df:f982e9dfaf25:0:0,435ddab74d1ce43607ae306954b3988e040a520237c7d35ed4bf195d89590fe9,586.7610739078373,19,16192.31201171875,16608.0,2,347.207544837147,144.62227188050747,0.022983241826295853,0
cos_sim_mean_6d,forward,0,6,49cd6149f02ec01ee03a6eb8287ab2df:f982e9dfaf25:0:1,435ddab74d1ce43607ae306954b3988e040a520237c7d35ed4bf195d89590fe9,597.1948080696166,19,16192.31201171875,16608.0,2,355.9567900374532,147.6066040340811,0.011690442450344563,0
cos_sim_mean_6d,forward,0,7,49cd6149f02ec01ee03a6eb8287ab2df:f982e9dfaf25:0:2,73fb32b5e401b3eacb51e7e77bdf04e3b22a04455436b5dd1473893ee8251122,435.76583405956626,8,16192.31201171875,16608.0,2,350.9812210686505,147.40245207212865,0.008059932850301266,0
cos_sim_mean_6d,forward,0,8,49cd6149f02ec01ee03a6eb8287ab2df:f982e9dfaf25:0:3,95f301e4834466fadb9df4ae46e1b1c55f14a11d8b92502235741ad28dbdb107,535.8710838481784,15,16192.31201171875,16608.0,2,350.57661891914904,150.22175502963364,0.010730044916272163,0
cos_sim_mean_6d,forward,0,9,49cd6149f02ec01ee03a6eb8287ab2df:f982e9dfaf25:0:4,73fb32b5e401b3eacb51e7e77bdf04e3b22a04455436b5dd1473893ee8251122,435.7841319870204,8,16192.31201171875,16608.0,2,350.45992000959814,149.78261105716228,0.005121942609548569,0
cos_sim_mean_6d,forward,0,10,49cd6149f02ec01ee03a6eb8287ab2df:81739d7eb99c:0:0,435ddab74d1ce43607ae306954b3988e040a520237c7d35ed4bf195d89590fe9,590.5153551138937,19,16192.31201171875,16608.0,2,350.9063811507076,150.18023806624115,0.022983241826295853,0
cos_sim_mean_6d,forward,0,11,49cd6149f02ec01ee03a6eb8287ab2df:81739d7eb99c:0:1,435ddab74d1ce43607ae306954b3988e040a520237c7d35ed4bf195d89590fe9,601.6711459960788,19,16192.31201171875,16608.0,2,356.9052319508046,150.39771399460733,0.011690442450344563,0
cos_sim_mean_6d,forward,0,12,49cd6149f02ec01ee03a6eb8287ab2df:81739d7eb99c:0:2,73fb32b5e401b3eacb51e7e77bdf04e3b22a04455436b5dd1473893ee8251122,440.1559429243207,8,16192.31201171875,16608.0,2,355.57709098793566,146.73053612932563,0.008059932850301266,0
cos_sim_mean_6d,forward,0,13,49cd6149f02ec01ee03a6eb8287ab2df:81739d7eb99c:0:3,95f301e4834466fadb9df4ae46e1b1c55f14a11d8b92502235741ad28dbdb107,536.9229621719569,15,16192.31201171875,16608.0,2,349.7466610278934,150.31779604032636,0.010730044916272163,0
cos_sim_mean_6d,forward,0,14,49cd6149f02ec01ee03a6eb8287ab2df:81739d7eb99c:0:4,73fb32b5e401b3eacb51e7e77bdf04e3b22a04455436b5dd1473893ee8251122,436.41272000968456,8,16192.31201171875,16608.0,2,350.24458705447614,150.57883504778147,0.005121942609548569,0
cos_sim_mean_6d,forward,0,15,c6050fe51d3408b1eaef27e08e7f1956:1458b54ae2f6:0:0,35990225eb4034f560541dca69e3de42af70ee7e6c5a42420c958e689cda2c02,461.1026991624385,10,16196.4697265625,16608.0,2,345.27534199878573,147.8549640160054,0.017978843301534653,0
cos_sim_mean_6d,forward,0,16,c6050fe51d3408b1eaef27e08e7f1956:1458b54ae2f6:0:1,aebb1cb50cd9dcc29e137a5616bb2478102285853aed08894b7f12bdcbb1c56f,496.63972412236035,12,16196.4697265625,16608.0,2,352.0152901764959,150.8470680564642,0.018420718610286713,0
cos_sim_mean_6d,forward,0,17,c6050fe51d3408b1eaef27e08e7f1956:1458b54ae2f6:0:2,111b8aacdbaf954aebfbd039849710807963f2bd7a68786f9ede013bd58cf416,393.43854598701,5,16196.4697265625,16608.0,2,350.70760804228485,149.63366114534438,0.015276859514415264,0
cos_sim_mean_6d,forward,0,18,c6050fe51d3408b1eaef27e08e7f1956:1458b54ae2f6:0:3,423b972f52fcbc22cc94be5cb64caefa796a5124160f24ec5fab21772249ca14,489.47353404946625,12,16196.4697265625,16608.0,2,349.20646203681827,146.9432699959725,0.019577886909246445,0
cos_sim_mean_6d,forward,0,19,c6050fe51d3408b1eaef27e08e7f1956:1458b54ae2f6:0:4,423b972f52fcbc22cc94be5cb64caefa796a5124160f24ec5fab21772249ca14,502.5169621221721,12,16196.4697265625,16608.0,2,358.3575920201838,147.27027085609734,0.011728213168680668,0
cos_sim_mean_6d,forward,0,20,c6050fe51d3408b1eaef27e08e7f1956:e4e99a4d6532:0:0,35990225eb4034f560541dca69e3de42af70ee7e6c5a42420c958e689cda2c02,466.298301005736,10,16196.4697265625,16608.0,2,349.9843191821128,147.40897715091705,0.017978843301534653,0
cos_sim_mean_6d,forward,0,21,c6050fe51d3408b1eaef27e08e7f1956:e4e99a4d6532:0:1,aebb1cb50cd9dcc29e137a5616bb2478102285853aed08894b7f12bdcbb1c56f,494.9999740347266,12,16196.4697265625,16608.0,2,350.76583712361753,150.23226803168654,0.018420718610286713,0
cos_sim_mean_6d,forward,0,22,c6050fe51d3408b1eaef27e08e7f1956:e4e99a4d6532:0:2,111b8aacdbaf954aebfbd039849710807963f2bd7a68786f9ede013bd58cf416,405.02510080114007,5,16196.4697265625,16608.0,2,362.51057079061866,146.98309381492436,0.015276859514415264,0
cos_sim_mean_6d,forward,0,23,c6050fe51d3408b1eaef27e08e7f1956:e4e99a4d6532:0:3,423b972f52fcbc22cc94be5cb64caefa796a5124160f24ec5fab21772249ca14,493.02800791338086,12,16196.4697265625,16608.0,2,349.3547369726002,149.1842889226973,0.019577886909246445,0
cos_sim_mean_6d,forward,0,24,c6050fe51d3408b1eaef27e08e7f1956:e4e99a4d6532:0:4,423b972f52fcbc22cc94be5cb64caefa796a5124160f24ec5fab21772249ca14,518.3960539288819,12,16196.4697265625,16608.0,2,376.2465149629861,147.2598051186651,0.011728213168680668,0
cos_sim_mean_6d,forward,0,25,bb98dd0bceac09d24db1ecb2af549a92:377f7f0dd150:0:0,855c108ad67905d09ec7c1b0e8aece7c700b88af2a47447b339d06f51ca5f3c1,516.829150961712,14,16192.31201171875,16608.0,2,348.58480002731085,149.44734214805067,0.008631324395537376,0
cos_sim_mean_6d,forward,0,26,bb98dd0bceac09d24db1ecb2af549a92:377f7f0dd150:0:1,345f983c72b415369583c07355d41a5ce238a9e9fc7fe025add55b989f42753c,602.2655637934804,19,16192.31201171875,16608.0,2,366.55646399594843,148.7102801911533,0.016790196299552917,0
cos_sim_mean_6d,forward,0,27,bb98dd0bceac09d24db1ecb2af549a92:377f7f0dd150:0:2,d9dc9f66742ea39569f48bea2599a075674a27a99bededdf7d11d3fbc33c74c9,566.6433970909566,17,16192.31201171875,16608.0,2,357.2711229790002,149.6265009045601,0.006844763178378344,0
cos_sim_mean_6d,forward,0,28,bb98dd0bceac09d24db1ecb2af549a92:377f7f0dd150:0:3,c45891449e67fbebaa72c55f78b5e89e2ef69d3f86135e99eaae972f41ca37d3,597.694629104808,19,16192.31201171875,16608.0,2,353.5307121928781,149.6450451668352,0.025648318231105804,0
cos_sim_mean_6d,forward,0,29,bb98dd0bceac09d24db1ecb2af549a92:377f7f0dd150:0:4,a4b4d1f639310ce5a0af8666d80dea51c299717b38da5a87d48ce3bde0ecf3b5,497.8290759027004,12,16192.31201171875,16608.0,2,358.55543706566095,146.66998106986284,0.011110087856650352,0
cos_sim_mean_6d,forward,0,30,bb98dd0bceac09d24db1ecb2af549a92:2cf3a7a3a65c:0:0,855c108ad67905d09ec7c1b0e8aece7c700b88af2a47447b339d06f51ca5f3c1,519.8819797951728,14,16192.31201171875,16608.0,2,352.46992693282664,150.60702012851834,0.008631324395537376,0
cos_sim_mean_6d,forward,0,31,bb98dd0bceac09d24db1ecb2af549a92:2cf3a7a3a65c:0:1,345f983c72b415369583c07355d41a5ce238a9e9fc7fe025add55b989f42753c,587.0743519626558,19,16192.31201171875,16608.0,2,350.29385006055236,149.80266289785504,0.016790196299552917,0
cos_sim_mean_6d,forward,0,32,bb98dd0bceac09d24db1ecb2af549a92:2cf3a7a3a65c:0:2,d9dc9f66742ea39569f48bea2599a075674a27a99bededdf7d11d3fbc33c74c9,571.7902318574488,17,16192.31201171875,16608.0,2,356.0576729942113,150.7363140117377,0.006844763178378344,0
cos_sim_mean_6d,forward,0,33,bb98dd0bceac09d24db1ecb2af549a92:2cf3a7a3a65c:0:3,c45891449e67fbebaa72c55f78b5e89e2ef69d3f86135e99eaae972f41ca37d3,598.5805378295481,19,16192.31201171875,16608.0,2,354.36761495657265,147.10961608216166,0.025648318231105804,0
cos_sim_mean_6d,forward,0,34,bb98dd0bceac09d24db1ecb2af549a92:2cf3a7a3a65c:0:4,a4b4d1f639310ce5a0af8666d80dea51c299717b38da5a87d48ce3bde0ecf3b5,503.96089698188007,12,16192.31201171875,16608.0,2,360.22175988182425,150.50458093173802,0.011110087856650352,0
cos_sim_mean_6d,forward,0,35,b877dd782edba758ab429e3ee3de3329:97e16cc551e4:0:0,bcf1436e8a0397586b601d3afcfbd9357f7df58201510a79a21f33dea57905ee,680.1550651434809,26,16192.58642578125,16608.0,2,347.39999915473163,145.77929908409715,0.0157643873244524,0
cos_sim_mean_6d,forward,0,36,b877dd782edba758ab429e3ee3de3329:97e16cc551e4:0:1,f340e6b096d48731cb6973ce6c1f384848e8a709bc3d7fefbc1375269bb16f66,615.0013629812747,19,16192.58642578125,16608.0,2,371.4482330251485,146.9263299368322,0.011616683565080166,0
cos_sim_mean_6d,forward,0,37,b877dd782edba758ab429e3ee3de3329:97e16cc551e4:0:2,f340e6b096d48731cb6973ce6c1f384848e8a709bc3d7fefbc1375269bb16f66,598.0670161079615,19,16192.58642578125,16608.0,2,353.86918811127543,146.9172660727054,0.028383024036884308,0
cos_sim_mean_6d,forward,0,38,b877dd782edba758ab429e3ee3de3329:97e16cc551e4:0:3,2b704dcf2e659e9441eb368463e822d98e8a4b4b0badfa1e02b97c395219bada,632.9563839826733,21,16192.58642578125,16608.0,2,358.8218609802425,149.9636408407241,0.012947880662977695,0
cos_sim_mean_6d,forward,0,39,b877dd782edba758ab429e3ee3de3329:97e16cc551e4:0:4,9833888f2bcf7baedb3e6d22f7a45d778a3ddb93dc3ee593faf345e015a5527d,592.771481955424,19,16192.58642578125,16608.0,2,349.35840079560876,146.7754109762609,0.027986161410808563,0
cos_sim_mean_6d,forward,0,40,b877dd782edba758ab429e3ee3de3329:dd7f6c9e007d:0:0,bcf1436e8a0397586b601d3afcfbd9357f7df58201510a79a21f33dea57905ee,693.9772889018059,26,16192.58642578125,16608.0,2,350.16022296622396,150.08957497775555,0.0157643873244524,0
cos_sim_mean_6d,forward,0,41,b877dd782edba758ab429e3ee3de3329:dd7f6c9e007d:0:1,f340e6b096d48731cb6973ce6c1f384848e8a709bc3d7fefbc1375269bb16f66,595.9637260530144,19,16192.58642578125,16608.0,2,354.83803297393024,150.6433910690248,0.011616683565080166,0
cos_sim_mean_6d,forward,0,42,b877dd782edba758ab429e3ee3de3329:dd7f6c9e007d:0:2,f340e6b096d48731cb6973ce6c1f384848e8a709bc3d7fefbc1375269bb16f66,718.3419049251825,19,16192.58642578125,16608.0,2,481.5863349940628,146.43188496120274,0.028383024036884308,0
cos_sim_mean_6d,forward,0,43,b877dd782edba758ab429e3ee3de3329:dd7f6c9e007d:0:3,2b704dcf2e659e9441eb368463e822d98e8a4b4b0badfa1e02b97c395219bada,622.2977340221405,21,16192.58642578125,16608.0,2,349.88135704770684,147.74295198731124,0.012947880662977695,0
cos_sim_mean_6d,forward,0,44,b877dd782edba758ab429e3ee3de3329:dd7f6c9e007d:0:4,9833888f2bcf7baedb3e6d22f7a45d778a3ddb93dc3ee593faf345e015a5527d,596.6907881665975,19,16192.58642578125,16608.0,2,354.2299352120608,146.8524921219796,0.027986161410808563,0
cos_sim_mean_6d,forward,0,45,4f59fbf51a0a5bfb4dc5af02cf294693:993dac5396a0:0:0,02b2f284846856bbed690c4a4ff41de209848e5b20a5b8e52994ff6008da32c7,563.4102418553084,17,16193.2724609375,16608.0,2,354.3602009303868,149.17273703031242,0.00428044144064188,0
cos_sim_mean_6d,forward,0,46,4f59fbf51a0a5bfb4dc5af02cf294693:993dac5396a0:0:1,72ce63e97c300b32403763a2e20f5768dbedc981efcd36c58458b7f10991a314,519.7649300098419,13,16193.2724609375,16608.0,2,361.9352870155126,149.07568390481174,0.017895366996526718,0
cos_sim_mean_6d,forward,0,47,4f59fbf51a0a5bfb4dc5af02cf294693:993dac5396a0:0:2,692a62434ae2815dec74164a4d148a1ad395dbf6653d58fc4ae432a52e892e37,566.943742102012,17,16193.2724609375,16608.0,2,351.17040597833693,150.42051998898387,0.035333096981048584,0
cos_sim_mean_6d,forward,0,48,4f59fbf51a0a5bfb4dc5af02cf294693:993dac5396a0:0:3,692a62434ae2815dec74164a4d148a1ad395dbf6653d58fc4ae432a52e892e37,570.0322010088712,17,16193.2724609375,16608.0,2,353.9702920243144,147.06063317134976,0.021379804238677025,0
cos_sim_mean_6d,forward,0,49,4f59fbf51a0a5bfb4dc5af02cf294693:993dac5396a0:0:4,0cc9fb380cb2bb70003747e1d1b5eddb6239e470e3464f2a6cf9c2ca668b89c3,526.2473039329052,13,16193.2724609375,16608.0,2,367.3253380693495,147.07006001845002,0.018702173605561256,0
cos_sim_mean_6d,forward,1,0,1a938d25604410ccd63b60285919eaec:c627e50da685:0:0,e042894d371a8df6673730e94e09c16b0c54e157faa37094ac0edd0138322b43,497.81064596027136,12,16193.2724609375,16608.0,2,354.26013986580074,146.9353570137173,0.0038758108858019114,0
cos_sim_mean_6d,forward,1,1,1a938d25604410ccd63b60285919eaec:c627e50da685:0:1,e042894d371a8df6673730e94e09c16b0c54e157faa37094ac0edd0138322b43,500.01121987588704,12,16193.2724609375,16608.0,2,355.2632168866694,147.32402097433805,0.0031789778731763363,0
cos_sim_mean_6d,forward,1,2,1a938d25604410ccd63b60285919eaec:c627e50da685:0:2,f5f79da7870b43a425d911d4230cbde81339aaf8976b28d91223d1db1b9dcb91,493.71347296983004,12,16193.2724609375,16608.0,2,349.51409907080233,147.38641399890184,0.006613017991185188,0
cos_sim_mean_6d,forward,1,3,1a938d25604410ccd63b60285919eaec:c627e50da685:0:3,82b4934cd2e12dd5597e5e37c746229f9ae763b2251ce7ebf18bfe7be9c79896,523.7584528513253,14,16193.2724609375,16608.0,2,350.71361786685884,150.76782903634012,0.015860000625252724,0
cos_sim_mean_6d,forward,1,4,1a938d25604410ccd63b60285919eaec:c627e50da685:0:4,82b4934cd2e12dd5597e5e37c746229f9ae763b2251ce7ebf18bfe7be9c79896,527.1589769981802,14,16193.2724609375,16608.0,2,354.1139978915453,150.10602888651192,0.0062742712907493114,0
cos_sim_mean_6d,forward,1,5,49cd6149f02ec01ee03a6eb8287ab2df:f982e9dfaf25:0:0,435ddab74d1ce43607ae306954b3988e040a520237c7d35ed4bf195d89590fe9,611.3425318617374,19,16192.31201171875,16608.0,2,366.35763896629214,146.90996310673654,0.022983241826295853,0
cos_sim_mean_6d,forward,1,6,49cd6149f02ec01ee03a6eb8287ab2df:f982e9dfaf25:0:1,435ddab74d1ce43607ae306954b3988e040a520237c7d35ed4bf195d89590fe9,603.5012870561332,19,16192.31201171875,16608.0,2,358.57307398691773,147.06529187969863,0.011690442450344563,0
cos_sim_mean_6d,forward,1,7,49cd6149f02ec01ee03a6eb8287ab2df:f982e9dfaf25:0:2,73fb32b5e401b3eacb51e7e77bdf04e3b22a04455436b5dd1473893ee8251122,441.8680011294782,8,16192.31201171875,16608.0,2,355.0520970020443,147.16391591355205,0.008059932850301266,0
cos_sim_mean_6d,forward,1,8,49cd6149f02ec01ee03a6eb8287ab2df:f982e9dfaf25:0:3,435ddab74d1ce43607ae306954b3988e040a520237c7d35ed4bf195d89590fe9,590.0634641293436,19,16192.31201171875,16608.0,2,348.1762951705605,146.16341213695705,0.010730044916272163,0
cos_sim_mean_6d,forward,1,9,49cd6149f02ec01ee03a6eb8287ab2df:f982e9dfaf25:0:4,73fb32b5e401b3eacb51e7e77bdf04e3b22a04455436b5dd1473893ee8251122,448.6773128155619,8,16192.31201171875,16608.0,2,363.15272096544504,149.80636397376657,0.005121942609548569,0
cos_sim_mean_6d,forward,1,10,49cd6149f02ec01ee03a6eb8287ab2df:81739d7eb99c:0:0,435ddab74d1ce43607ae306954b3988e040a520237c7d35ed4bf195d89590fe9,587.7591131720692,19,16192.31201171875,16608.0,2,349.0728661417961,146.68611995875835,0.022983241826295853,0
cos_sim_mean_6d,forward,1,11,49cd6149f02ec01ee03a6eb8287ab2df:81739d7eb99c:0:1,435ddab74d1ce43607ae306954b3988e040a520237c7d35ed4bf195d89590fe9,593.6095621436834,19,16192.31201171875,16608.0,2,354.40183617174625,146.81859104894102,0.011690442450344563,0
cos_sim_mean_6d,forward,1,12,49cd6149f02ec01ee03a6eb8287ab2df:81739d7eb99c:0:2,73fb32b5e401b3eacb51e7e77bdf04e3b22a04455436b5dd1473893ee8251122,432.8994071111083,8,16192.31201171875,16608.0,2,347.2643110435456,146.47178095765412,0.008059932850301266,0
cos_sim_mean_6d,forward,1,13,49cd6149f02ec01ee03a6eb8287ab2df:81739d7eb99c:0:3,95f301e4834466fadb9df4ae46e1b1c55f14a11d8b92502235741ad28dbdb107,541.0433439537883,15,16192.31201171875,16608.0,2,359.0226019732654,146.6559530235827,0.010730044916272163,0
cos_sim_mean_6d,forward,1,14,49cd6149f02ec01ee03a6eb8287ab2df:81739d7eb99c:0:4,73fb32b5e401b3eacb51e7e77bdf04e3b22a04455436b5dd1473893ee8251122,434.45569183677435,8,16192.31201171875,16608.0,2,349.4898728094995,147.4954078439623,0.005121942609548569,0
cos_sim_mean_6d,forward,1,15,c6050fe51d3408b1eaef27e08e7f1956:1458b54ae2f6:0:0,35990225eb4034f560541dca69e3de42af70ee7e6c5a42420c958e689cda2c02,462.6925850752741,10,16196.4697265625,16608.0,2,349.38431391492486,146.1971669923514,0.017978843301534653,0
cos_sim_mean_6d,forward,1,16,c6050fe51d3408b1eaef27e08e7f1956:1458b54ae2f6:0:1,aebb1cb50cd9dcc29e137a5616bb2478102285853aed08894b7f12bdcbb1c56f,488.84507990442216,12,16196.4697265625,16608.0,2,348.9985920023173,146.26018307171762,0.018420718610286713,0
cos_sim_mean_6d,forward,1,17,c6050fe51d3408b1eaef27e08e7f1956:1458b54ae2f6:0:2,111b8aacdbaf954aebfbd039849710807963f2bd7a68786f9ede013bd58cf416,393.8624269794673,5,16196.4697265625,16608.0,2,350.7370660081506,149.7895009815693,0.015276859514415264,0
cos_sim_mean_6d,forward,1,18,c6050fe51d3408b1eaef27e08e7f1956:1458b54ae2f6:0:3,423b972f52fcbc22cc94be5cb64caefa796a5124160f24ec5fab21772249ca14,488.6747379787266,12,16196.4697265625,16608.0,2,348.2086311560124,146.6509101446718,0.019577886909246445,0
cos_sim_mean_6d,forward,1,19,c6050fe51d3408b1eaef27e08e7f1956:1458b54ae2f6:0:4,423b972f52fcbc22cc94be5cb64caefa796a5124160f24ec5fab21772249ca14,491.14993307739496,12,16196.4697265625,16608.0,2,349.42671307362616,149.4220900349319,0.011728213168680668,0
cos_sim_mean_6d,forward,1,20,c6050fe51d3408b1eaef27e08e7f1956:e4e99a4d6532:0:0,35990225eb4034f560541dca69e3de42af70ee7e6c5a42420c958e689cda2c02,463.1676960270852,10,16196.4697265625,16608.0,2,349.55500601790845,146.8095351010561,0.017978843301534653,0
cos_sim_mean_6d,forward,1,21,c6050fe51d3408b1eaef27e08e7f1956:e4e99a4d6532:0:1,aebb1cb50cd9dcc29e137a5616bb2478102285853aed08894b7f12bdcbb1c56f,491.3306809030473,12,16196.4697265625,16608.0,2,349.84726505354047,146.62526012398303,0.018420718610286713,0
cos_sim_mean_6d,forward,1,22,c6050fe51d3408b1eaef27e08e7f1956:e4e99a4d6532:0:2,111b8aacdbaf954aebfbd039849710807963f2bd7a68786f9ede013bd58cf416,393.35248596034944,5,16196.4697265625,16608.0,2,350.2601410727948,146.92589594051242,0.015419106930494308,0
cos_sim_mean_6d,forward,1,23,c6050fe51d3408b1eaef27e08e7f1956:e4e99a4d6532:0:3,423b972f52fcbc22cc94be5cb64caefa796a5124160f24ec5fab21772249ca14,490.1416660286486,12,16196.4697265625,16608.0,2,349.61836808361113,149.44718405604362,0.019577886909246445,0
cos_sim_mean_6d,forward,1,24,c6050fe51d3408b1eaef27e08e7f1956:e4e99a4d6532:0:4,423b972f52fcbc22cc94be5cb64caefa796a5124160f24ec5fab21772249ca14,490.577450953424,12,16196.4697265625,16608.0,2,348.39342487975955,146.87151205725968,0.011728213168680668,0
cos_sim_mean_6d,forward,1,25,bb98dd0bceac09d24db1ecb2af549a92:377f7f0dd150:0:0,855c108ad67905d09ec7c1b0e8aece7c700b88af2a47447b339d06f51ca5f3c1,518.2287879288197,14,16192.31201171875,16608.0,2,349.11999199539423,146.99729718267918,0.008631324395537376,0
cos_sim_mean_6d,forward,1,26,bb98dd0bceac09d24db1ecb2af549a92:377f7f0dd150:0:1,345f983c72b415369583c07355d41a5ce238a9e9fc7fe025add55b989f42753c,591.3405201863497,19,16192.31201171875,16608.0,2,350.0510852318257,146.43669500947,0.016790196299552917,0
cos_sim_mean_6d,forward,1,27,bb98dd0bceac09d24db1ecb2af549a92:377f7f0dd150:0:2,d9dc9f66742ea39569f48bea2599a075674a27a99bededdf7d11d3fbc33c74c9,566.6984571143985,17,16192.31201171875,16608.0,2,353.85017609223723,146.49583701975644,0.006844763178378344,0
cos_sim_mean_6d,forward,1,28,bb98dd0bceac09d24db1ecb2af549a92:377f7f0dd150:0:3,c45891449e67fbebaa72c55f78b5e89e2ef69d3f86135e99eaae972f41ca37d3,591.7255678214133,19,16192.31201171875,16608.0,2,353.44661585986614,146.24035684391856,0.022607505321502686,0
cos_sim_mean_6d,forward,1,29,bb98dd0bceac09d24db1ecb2af549a92:377f7f0dd150:0:4,a4b4d1f639310ce5a0af8666d80dea51c299717b38da5a87d48ce3bde0ecf3b5,495.30987814068794,12,16192.31201171875,16608.0,2,354.1619509924203,146.19093900546432,0.011110087856650352,0
cos_sim_mean_6d,forward,1,30,bb98dd0bceac09d24db1ecb2af549a92:2cf3a7a3a65c:0:0,855c108ad67905d09ec7c1b0e8aece7c700b88af2a47447b339d06f51ca5f3c1,518.8681369181722,14,16192.31201171875,16608.0,2,349.07100698910654,146.6655491385609,0.008631324395537376,0
cos_sim_mean_6d,forward,1,31,bb98dd0bceac09d24db1ecb2af549a92:2cf3a7a3a65c:0:1,345f983c72b415369583c07355d41a5ce238a9e9fc7fe025add55b989f42753c,591.0818150732666,19,16192.31201171875,16608.0,2,353.194747120142,145.9286210592836,0.016790196299552917,0
cos_sim_mean_6d,forward,1,32,bb98dd0bceac09d24db1ecb2af549a92:2cf3a7a3a65c:0:2,d9dc9f66742ea39569f48bea2599a075674a27a99bededdf7d11d3fbc33c74c9,565.4636910185218,17,16192.31201171875,16608.0,2,353.8374290801585,145.96418105065823,0.006844763178378344,0
cos_sim_mean_6d,forward,1,33,bb98dd0bceac09d24db1ecb2af549a92:2cf3a7a3a65c:0:3,c45891449e67fbebaa72c55f78b5e89e2ef69d3f86135e99eaae972f41ca37d3,595.9235779009759,19,16192.31201171875,16608.0,2,354.7893399372697,147.71273592486978,0.022607505321502686,0
cos_sim_mean_6d,forward,1,34,bb98dd0bceac09d24db1ecb2af549a92:2cf3a7a3a65c:0:4,a4b4d1f639310ce5a0af8666d80dea51c299717b38da5a87d48ce3bde0ecf3b5,496.4098441414535,12,16192.31201171875,16608.0,2,354.9662041477859,146.86264307238162,0.011110087856650352,0
cos_sim_mean_6d,forward,1,35,b877dd782edba758ab429e3ee3de3329:97e16cc551e4:0:0,bcf1436e8a0397586b601d3afcfbd9357f7df58201510a79a21f33dea57905ee,685.8230459038168,26,16192.58642578125,16608.0,2,349.2114320397377,146.14038914442062,0.0157643873244524,0
cos_sim_mean_6d,forward,1,36,b877dd782edba758ab429e3ee3de3329:97e16cc551e4:0:1,f340e6b096d48731cb6973ce6c1f384848e8a709bc3d7fefbc1375269bb16f66,591.7013220023364,19,16192.58642578125,16608.0,2,352.8491039760411,146.44228597171605,0.011616683565080166,0
cos_sim_mean_6d,forward,1,37,b877dd782edba758ab429e3ee3de3329:97e16cc551e4:0:2,f340e6b096d48731cb6973ce6c1f384848e8a709bc3d7fefbc1375269bb16f66,586.8450959678739,19,16192.58642578125,16608.0,2,348.6291179433465,146.54883788898587,0.028383024036884308,0
cos_sim_mean_6d,forward,1,38,b877dd782edba758ab429e3ee3de3329:97e16cc551e4:0:3,2b704dcf2e659e9441eb368463e822d98e8a4b4b0badfa1e02b97c395219bada,614.2906891182065,21,16192.58642578125,16608.0,2,347.5607340224087,146.75217191688716,0.012947880662977695,0
cos_sim_mean_6d,forward,1,39,b877dd782edba758ab429e3ee3de3329:97e16cc551e4:0:4,9833888f2bcf7baedb3e6d22f7a45d778a3ddb93dc3ee593faf345e015a5527d,587.228373857215,19,16192.58642578125,16608.0,2,349.1987148299813,149.39253800548613,0.027986161410808563,0
cos_sim_mean_6d,forward,1,40,b877dd782edba758ab429e3ee3de3329:dd7f6c9e007d:0:0,bcf1436e8a0397586b601d3afcfbd9357f7df58201510a79a21f33dea57905ee,686.0175039619207,26,16192.58642578125,16608.0,2,350.1883598510176,146.30767586641014,0.0157643873244524,0
cos_sim_mean_6d,forward,1,41,b877dd782edba758ab429e3ee3de3329:dd7f6c9e007d:0:1,f340e6b096d48731cb6973ce6c1f384848e8a709bc3d7fefbc1375269bb16f66,589.0809739939868,19,16192.58642578125,16608.0,2,350.8283579722047,146.0187549237162,0.011616683565080166,0
cos_sim_mean_6d,forward,1,42,b877dd782edba758ab429e3ee3de3329:dd7f6c9e007d:0:2,2b704dcf2e659e9441eb368463e822d98e8a4b4b0badfa1e02b97c395219bada,632.4461288750172,21,16192.58642578125,16608.0,2,365.96170882694423,146.39124600216746,0.028383024036884308,0
cos_sim_mean_6d,forward,1,43,b877dd782edba758ab429e3ee3de3329:dd7f6c9e007d:0:3,2b704dcf2e659e9441eb368463e822d98e8a4b4b0badfa1e02b97c395219bada,622.051625046879,21,16192.58642578125,16608.0,2,353.84557605721056,146.98050799779594,0.012947880662977695,0
cos_sim_mean_6d,forward,1,44,b877dd782edba758ab429e3ee3de3329:dd7f6c9e007d:0:4,9833888f2bcf7baedb3e6d22f7a45d778a3ddb93dc3ee593faf345e015a5527d,593.1469469796866,19,16192.58642578125,16608.0,2,353.46163995563984,146.351866889745,0.027986161410808563,0
cos_sim_mean_6d,forward,1,45,4f59fbf51a0a5bfb4dc5af02cf294693:993dac5396a0:0:0,02b2f284846856bbed690c4a4ff41de209848e5b20a5b8e52994ff6008da32c7,568.8563350122422,17,16193.2724609375,16608.0,2,358.0929629970342,149.35277705080807,0.00428044144064188,0
cos_sim_mean_6d,forward,1,46,4f59fbf51a0a5bfb4dc5af02cf294693:993dac5396a0:0:1,72ce63e97c300b32403763a2e20f5768dbedc981efcd36c58458b7f10991a314,517.5536649767309,13,16193.2724609375,16608.0,2,356.9533529225737,147.93852507136762,0.017895366996526718,0
cos_sim_mean_6d,forward,1,47,4f59fbf51a0a5bfb4dc5af02cf294693:993dac5396a0:0:2,692a62434ae2815dec74164a4d148a1ad395dbf6653d58fc4ae432a52e892e37,573.9863361231983,17,16193.2724609375,16608.0,2,354.8105179797858,148.03958591073751,0.035333096981048584,0
cos_sim_mean_6d,forward,1,48,4f59fbf51a0a5bfb4dc5af02cf294693:993dac5396a0:0:3,692a62434ae2815dec74164a4d148a1ad395dbf6653d58fc4ae432a52e892e37,566.3097919896245,17,16193.2724609375,16608.0,2,354.95843598619103,146.7354849446565,0.021379804238677025,0
cos_sim_mean_6d,forward,1,49,4f59fbf51a0a5bfb4dc5af02cf294693:993dac5396a0:0:4,0cc9fb380cb2bb70003747e1d1b5eddb6239e470e3464f2a6cf9c2ca668b89c3,519.8352329898626,13,16193.2724609375,16608.0,2,359.21804583631456,147.66580192372203,0.018702173605561256,0
cos_sim_mean_6d,reverse,0,0,1a938d25604410ccd63b60285919eaec:c627e50da685:0:0,e042894d371a8df6673730e94e09c16b0c54e157faa37094ac0edd0138322b43,489.58943085744977,12,16193.2724609375,16608.0,2,349.2743948008865,146.60286786966026,0.0038758108858019114,0
cos_sim_mean_6d,reverse,0,1,1a938d25604410ccd63b60285919eaec:c627e50da685:0:1,e042894d371a8df6673730e94e09c16b0c54e157faa37094ac0edd0138322b43,490.13073882088065,12,16193.2724609375,16608.0,2,349.0822808817029,146.72799385152757,0.0031789778731763363,0
cos_sim_mean_6d,reverse,0,2,1a938d25604410ccd63b60285919eaec:c627e50da685:0:2,f5f79da7870b43a425d911d4230cbde81339aaf8976b28d91223d1db1b9dcb91,490.14416919089854,12,16193.2724609375,16608.0,2,349.1085080895573,149.47467390447855,0.006613017991185188,0
cos_sim_mean_6d,reverse,0,3,1a938d25604410ccd63b60285919eaec:c627e50da685:0:3,82b4934cd2e12dd5597e5e37c746229f9ae763b2251ce7ebf18bfe7be9c79896,518.0829139426351,14,16193.2724609375,16608.0,2,349.6172979939729,150.05369298160076,0.015860000625252724,0
cos_sim_mean_6d,reverse,0,4,1a938d25604410ccd63b60285919eaec:c627e50da685:0:4,82b4934cd2e12dd5597e5e37c746229f9ae763b2251ce7ebf18bfe7be9c79896,520.2313819900155,14,16193.2724609375,16608.0,2,352.68055205233395,146.59043913707137,0.0062742712907493114,0
cos_sim_mean_6d,reverse,0,5,49cd6149f02ec01ee03a6eb8287ab2df:f982e9dfaf25:0:0,435ddab74d1ce43607ae306954b3988e040a520237c7d35ed4bf195d89590fe9,587.2728398535401,19,16192.31201171875,16608.0,2,348.6140489112586,146.18897391483188,0.022983241826295853,0
cos_sim_mean_6d,reverse,0,6,49cd6149f02ec01ee03a6eb8287ab2df:f982e9dfaf25:0:1,435ddab74d1ce43607ae306954b3988e040a520237c7d35ed4bf195d89590fe9,590.9536860417575,19,16192.31201171875,16608.0,2,353.1143949367106,146.5270158369094,0.011690442450344563,0
cos_sim_mean_6d,reverse,0,7,49cd6149f02ec01ee03a6eb8287ab2df:f982e9dfaf25:0:2,73fb32b5e401b3eacb51e7e77bdf04e3b22a04455436b5dd1473893ee8251122,451.0371240321547,8,16192.31201171875,16608.0,2,365.8596209716052,149.92137299850583,0.008059932850301266,0
cos_sim_mean_6d,reverse,0,8,49cd6149f02ec01ee03a6eb8287ab2df:f982e9dfaf25:0:3,435ddab74d1ce43607ae306954b3988e040a520237c7d35ed4bf195d89590fe9,588.5286040138453,19,16192.31201171875,16608.0,2,348.57993805781007,146.73329307697713,0.010730044916272163,0
cos_sim_mean_6d,reverse,0,9,49cd6149f02ec01ee03a6eb8287ab2df:f982e9dfaf25:0:4,73fb32b5e401b3eacb51e7e77bdf04e3b22a04455436b5dd1473893ee8251122,438.89261106960475,8,16192.31201171875,16608.0,2,353.6730951163918,146.4807230513543,0.005121942609548569,0
cos_sim_mean_6d,reverse,0,10,49cd6149f02ec01ee03a6eb8287ab2df:81739d7eb99c:0:0,435ddab74d1ce43607ae306954b3988e040a520237c7d35ed4bf195d89590fe9,593.0869509465992,19,16192.31201171875,16608.0,2,350.3907318226993,147.58817595429718,0.022983241826295853,0
cos_sim_mean_6d,reverse,0,11,49cd6149f02ec01ee03a6eb8287ab2df:81739d7eb99c:0:1,435ddab74d1ce43607ae306954b3988e040a520237c7d35ed4bf195d89590fe9,593.8369550276548,19,16192.31201171875,16608.0,2,354.18228595517576,146.20346296578646,0.011690442450344563,0
cos_sim_mean_6d,reverse,0,12,49cd6149f02ec01ee03a6eb8287ab2df:81739d7eb99c:0:2,73fb32b5e401b3eacb51e7e77bdf04e3b22a04455436b5dd1473893ee8251122,437.3907260596752,8,16192.31201171875,16608.0,2,352.78747393749654,146.21010492555797,0.008059932850301266,0
cos_sim_mean_6d,reverse,0,13,49cd6149f02ec01ee03a6eb8287ab2df:81739d7eb99c:0:3,95f301e4834466fadb9df4ae46e1b1c55f14a11d8b92502235741ad28dbdb107,532.4063198640943,15,16192.31201171875,16608.0,2,349.4128589518368,146.33382111787796,0.010730044916272163,0
cos_sim_mean_6d,reverse,0,14,49cd6149f02ec01ee03a6eb8287ab2df:81739d7eb99c:0:4,73fb32b5e401b3eacb51e7e77bdf04e3b22a04455436b5dd1473893ee8251122,434.8825078923255,8,16192.31201171875,16608.0,2,349.4265468325466,149.26536800339818,0.005121942609548569,0
cos_sim_mean_6d,reverse,0,15,c6050fe51d3408b1eaef27e08e7f1956:1458b54ae2f6:0:0,35990225eb4034f560541dca69e3de42af70ee7e6c5a42420c958e689cda2c02,462.28409302420914,10,16196.4697265625,16608.0,2,348.8262218888849,146.87697682529688,0.017978843301534653,0
cos_sim_mean_6d,reverse,0,16,c6050fe51d3408b1eaef27e08e7f1956:1458b54ae2f6:0:1,aebb1cb50cd9dcc29e137a5616bb2478102285853aed08894b7f12bdcbb1c56f,490.01862411387265,12,16196.4697265625,16608.0,2,348.90787000767887,146.44431695342064,0.018420718610286713,0
cos_sim_mean_6d,reverse,0,17,c6050fe51d3408b1eaef27e08e7f1956:1458b54ae2f6:0:2,111b8aacdbaf954aebfbd039849710807963f2bd7a68786f9ede013bd58cf416,391.95911097340286,5,16196.4697265625,16608.0,2,349.00057897903025,146.20737289078534,0.015276859514415264,0
cos_sim_mean_6d,reverse,0,18,c6050fe51d3408b1eaef27e08e7f1956:1458b54ae2f6:0:3,423b972f52fcbc22cc94be5cb64caefa796a5124160f24ec5fab21772249ca14,489.4647761248052,12,16196.4697265625,16608.0,2,348.37940498255193,146.596762817353,0.019577886909246445,0
cos_sim_mean_6d,reverse,0,19,c6050fe51d3408b1eaef27e08e7f1956:1458b54ae2f6:0:4,423b972f52fcbc22cc94be5cb64caefa796a5124160f24ec5fab21772249ca14,492.30792513117194,12,16196.4697265625,16608.0,2,349.94913707487285,146.97635895572603,0.011728213168680668,0
cos_sim_mean_6d,reverse,0,20,c6050fe51d3408b1eaef27e08e7f1956:e4e99a4d6532:0:0,35990225eb4034f560541dca69e3de42af70ee7e6c5a42420c958e689cda2c02,467.65025006607175,10,16196.4697265625,16608.0,2,353.77229005098343,146.64958394132555,0.017978843301534653,0
cos_sim_mean_6d,reverse,0,21,c6050fe51d3408b1eaef27e08e7f1956:e4e99a4d6532:0:1,aebb1cb50cd9dcc29e137a5616bb2478102285853aed08894b7f12bdcbb1c56f,486.22400406748056,12,16196.4697265625,16608.0,2,344.46875005960464,146.85751008801162,0.018420718610286713,0
cos_sim_mean_6d,reverse,0,22,c6050fe51d3408b1eaef27e08e7f1956:e4e99a4d6532:0:2,111b8aacdbaf954aebfbd039849710807963f2bd7a68786f9ede013bd58cf416,391.984494170174,5,16196.4697265625,16608.0,2,348.8009860739112,147.03995501622558,0.015419106930494308,0
cos_sim_mean_6d,reverse,0,23,c6050fe51d3408b1eaef27e08e7f1956:e4e99a4d6532:0:3,423b972f52fcbc22cc94be5cb64caefa796a5124160f24ec5fab21772249ca14,491.6473899502307,12,16196.4697265625,16608.0,2,349.2974420078099,146.98416297324002,0.019577886909246445,0
cos_sim_mean_6d,reverse,0,24,c6050fe51d3408b1eaef27e08e7f1956:e4e99a4d6532:0:4,423b972f52fcbc22cc94be5cb64caefa796a5124160f24ec5fab21772249ca14,516.3907059468329,12,16196.4697265625,16608.0,2,375.47380989417434,146.58500580117106,0.011728213168680668,0
cos_sim_mean_6d,reverse,0,25,bb98dd0bceac09d24db1ecb2af549a92:377f7f0dd150:0:0,855c108ad67905d09ec7c1b0e8aece7c700b88af2a47447b339d06f51ca5f3c1,518.7879779841751,14,16192.31201171875,16608.0,2,349.2017078679055,146.89665590412915,0.008631324395537376,0
cos_sim_mean_6d,reverse,0,26,bb98dd0bceac09d24db1ecb2af549a92:377f7f0dd150:0:1,345f983c72b415369583c07355d41a5ce238a9e9fc7fe025add55b989f42753c,593.6205969192088,19,16192.31201171875,16608.0,2,354.1547229979187,146.41701290383935,0.016790196299552917,0
cos_sim_mean_6d,reverse,0,27,bb98dd0bceac09d24db1ecb2af549a92:377f7f0dd150:0:2,d9dc9f66742ea39569f48bea2599a075674a27a99bededdf7d11d3fbc33c74c9,562.9050571005791,17,16192.31201171875,16608.0,2,352.4661432020366,146.01920009590685,0.006844763178378344,0
cos_sim_mean_6d,reverse,0,28,bb98dd0bceac09d24db1ecb2af549a92:377f7f0dd150:0:3,c45891449e67fbebaa72c55f78b5e89e2ef69d3f86135e99eaae972f41ca37d3,588.920681970194,19,16192.31201171875,16608.0,2,349.2976010311395,146.34671993553638,0.022607505321502686,0
cos_sim_mean_6d,reverse,0,29,bb98dd0bceac09d24db1ecb2af549a92:377f7f0dd150:0:4,a4b4d1f639310ce5a0af8666d80dea51c299717b38da5a87d48ce3bde0ecf3b5,495.97749509848654,12,16192.31201171875,16608.0,2,354.4033570215106,146.59583498723805,0.011110087856650352,0
cos_sim_mean_6d,reverse,0,30,bb98dd0bceac09d24db1ecb2af549a92:2cf3a7a3a65c:0:0,855c108ad67905d09ec7c1b0e8aece7c700b88af2a47447b339d06f51ca5f3c1,516.2042919546366,14,16192.31201171875,16608.0,2,348.19951793178916,146.62779797799885,0.008631324395537376,0
cos_sim_mean_6d,reverse,0,31,bb98dd0bceac09d24db1ecb2af549a92:2cf3a7a3a65c:0:1,345f983c72b415369583c07355d41a5ce238a9e9fc7fe025add55b989f42753c,594.8493790347129,19,16192.31201171875,16608.0,2,353.64440991543233,147.05652091652155,0.016790196299552917,0
cos_sim_mean_6d,reverse,0,32,bb98dd0bceac09d24db1ecb2af549a92:2cf3a7a3a65c:0:2,d9dc9f66742ea39569f48bea2599a075674a27a99bededdf7d11d3fbc33c74c9,566.1845670547336,17,16192.31201171875,16608.0,2,354.2219221126288,146.96793304756284,0.006844763178378344,0
cos_sim_mean_6d,reverse,0,33,bb98dd0bceac09d24db1ecb2af549a92:2cf3a7a3a65c:0:3,c45891449e67fbebaa72c55f78b5e89e2ef69d3f86135e99eaae972f41ca37d3,589.7114160470665,19,16192.31201171875,16608.0,2,349.12690706551075,146.46630198694766,0.022607505321502686,0
cos_sim_mean_6d,reverse,0,34,bb98dd0bceac09d24db1ecb2af549a92:2cf3a7a3a65c:0:4,a4b4d1f639310ce5a0af8666d80dea51c299717b38da5a87d48ce3bde0ecf3b5,499.7842989396304,12,16192.31201171875,16608.0,2,357.53964190371335,146.6059829108417,0.011110087856650352,0
cos_sim_mean_6d,reverse,0,35,b877dd782edba758ab429e3ee3de3329:97e16cc551e4:0:0,bcf1436e8a0397586b601d3afcfbd9357f7df58201510a79a21f33dea57905ee,684.7452309448272,26,16192.58642578125,16608.0,2,348.59661804512143,146.3432831224054,0.0157643873244524,0
cos_sim_mean_6d,reverse,0,36,b877dd782edba758ab429e3ee3de3329:97e16cc551e4:0:1,f340e6b096d48731cb6973ce6c1f384848e8a709bc3d7fefbc1375269bb16f66,593.0611158255488,19,16192.58642578125,16608.0,2,354.3592819478363,146.42131002619863,0.011616683565080166,0
cos_sim_mean_6d,reverse,0,37,b877dd782edba758ab429e3ee3de3329:97e16cc551e4:0:2,2b704dcf2e659e9441eb368463e822d98e8a4b4b0badfa1e02b97c395219bada,621.4280580170453,21,16192.58642578125,16608.0,2,353.0952630098909,146.35286899283528,0.028383024036884308,0
cos_sim_mean_6d,reverse,0,38,b877dd782edba758ab429e3ee3de3329:97e16cc551e4:0:3,2b704dcf2e659e9441eb368463e822d98e8a4b4b0badfa1e02b97c395219bada,616.3885910063982,21,16192.58642578125,16608.0,2,349.5166099164635,146.645121043548,0.012947880662977695,0
cos_sim_mean_6d,reverse,0,39,b877dd782edba758ab429e3ee3de3329:97e16cc551e4:0:4,9833888f2bcf7baedb3e6d22f7a45d778a3ddb93dc3ee593faf345e015a5527d,592.6377940922976,19,16192.58642578125,16608.0,2,354.0057160425931,147.14509714394808,0.027986161410808563,0
cos_sim_mean_6d,reverse,0,40,b877dd782edba758ab429e3ee3de3329:dd7f6c9e007d:0:0,bcf1436e8a0397586b601d3afcfbd9357f7df58201510a79a21f33dea57905ee,691.9330190867186,26,16192.58642578125,16608.0,2,353.94240100868046,146.93107805214822,0.0157643873244524,0
cos_sim_mean_6d,reverse,0,41,b877dd782edba758ab429e3ee3de3329:dd7f6c9e007d:0:1,f340e6b096d48731cb6973ce6c1f384848e8a709bc3d7fefbc1375269bb16f66,591.0982028581202,19,16192.58642578125,16608.0,2,351.40686482191086,146.93723781965673,0.011616683565080166,0
cos_sim_mean_6d,reverse,0,42,b877dd782edba758ab429e3ee3de3329:dd7f6c9e007d:0:2,2b704dcf2e659e9441eb368463e822d98e8a4b4b0badfa1e02b97c395219bada,621.5571640059352,21,16192.58642578125,16608.0,2,354.0045821573585,146.41800406388938,0.028383024036884308,0
cos_sim_mean_6d,reverse,0,43,b877dd782edba758ab429e3ee3de3329:dd7f6c9e007d:0:3,2b704dcf2e659e9441eb368463e822d98e8a4b4b0badfa1e02b97c395219bada,636.4317568950355,21,16192.58642578125,16608.0,2,371.31016002967954,146.49297599680722,0.012947880662977695,0
cos_sim_mean_6d,reverse,0,44,b877dd782edba758ab429e3ee3de3329:dd7f6c9e007d:0:4,9833888f2bcf7baedb3e6d22f7a45d778a3ddb93dc3ee593faf345e015a5527d,608.1887239124626,19,16192.58642578125,16608.0,2,370.0780759099871,146.4084389153868,0.027986161410808563,0
cos_sim_mean_6d,reverse,0,45,4f59fbf51a0a5bfb4dc5af02cf294693:993dac5396a0:0:0,02b2f284846856bbed690c4a4ff41de209848e5b20a5b8e52994ff6008da32c7,558.8739120867103,17,16193.2724609375,16608.0,2,349.3716730736196,146.67627308517694,0.00428044144064188,0
cos_sim_mean_6d,reverse,0,46,4f59fbf51a0a5bfb4dc5af02cf294693:993dac5396a0:0:1,72ce63e97c300b32403763a2e20f5768dbedc981efcd36c58458b7f10991a314,506.2524019740522,13,16193.2724609375,16608.0,2,351.96697898209095,146.55037689954042,0.017895366996526718,0
cos_sim_mean_6d,reverse,0,47,4f59fbf51a0a5bfb4dc5af02cf294693:993dac5396a0:0:2,692a62434ae2815dec74164a4d148a1ad395dbf6653d58fc4ae432a52e892e37,568.2222559116781,17,16193.2724609375,16608.0,2,357.8345589339733,146.51768398471177,0.035333096981048584,0
cos_sim_mean_6d,reverse,0,48,4f59fbf51a0a5bfb4dc5af02cf294693:993dac5396a0:0:3,692a62434ae2815dec74164a4d148a1ad395dbf6653d58fc4ae432a52e892e37,558.628185885027,17,16193.2724609375,16608.0,2,349.1223508026451,146.42193587496877,0.021379804238677025,0
cos_sim_mean_6d,reverse,0,49,4f59fbf51a0a5bfb4dc5af02cf294693:993dac5396a0:0:4,e4f0271d7dced0f36c97839e546b1f140f69dfa129a37b04f653f47eb9c2798f,493.54430311359465,12,16193.2724609375,16608.0,2,353.2406319864094,146.26157702878118,0.016297079622745514,0
cos_sim_mean_6d,reverse,1,0,1a938d25604410ccd63b60285919eaec:c627e50da685:0:0,e042894d371a8df6673730e94e09c16b0c54e157faa37094ac0edd0138322b43,493.1858570780605,12,16193.2724609375,16608.0,2,352.3883130401373,146.48440014570951,0.0038758108858019114,0
cos_sim_mean_6d,reverse,1,1,1a938d25604410ccd63b60285919eaec:c627e50da685:0:1,e042894d371a8df6673730e94e09c16b0c54e157faa37094ac0edd0138322b43,492.0783471316099,12,16193.2724609375,16608.0,2,351.8628890160471,146.91791986115277,0.0031789778731763363,0
cos_sim_mean_6d,reverse,1,2,1a938d25604410ccd63b60285919eaec:c627e50da685:0:2,f5f79da7870b43a425d911d4230cbde81339aaf8976b28d91223d1db1b9dcb91,493.9329279586673,12,16193.2724609375,16608.0,2,353.8307340350002,146.348635898903,0.006613017991185188,0
cos_sim_mean_6d,reverse,1,3,1a938d25604410ccd63b60285919eaec:c627e50da685:0:3,82b4934cd2e12dd5597e5e37c746229f9ae763b2251ce7ebf18bfe7be9c79896,517.8149358835071,14,16193.2724609375,16608.0,2,348.78387092612684,146.60942810587585,0.015860000625252724,0
cos_sim_mean_6d,reverse,1,4,1a938d25604410ccd63b60285919eaec:c627e50da685:0:4,82b4934cd2e12dd5597e5e37c746229f9ae763b2251ce7ebf18bfe7be9c79896,516.8935169931501,14,16193.2724609375,16608.0,2,348.36973692290485,146.58948499709368,0.0062742712907493114,0
cos_sim_mean_6d,reverse,1,5,49cd6149f02ec01ee03a6eb8287ab2df:f982e9dfaf25:0:0,435ddab74d1ce43607ae306954b3988e040a520237c7d35ed4bf195d89590fe9,586.8338588625193,19,16192.31201171875,16608.0,2,348.58991694636643,146.1960629094392,0.022983241826295853,0
cos_sim_mean_6d,reverse,1,6,49cd6149f02ec01ee03a6eb8287ab2df:f982e9dfaf25:0:1,435ddab74d1ce43607ae306954b3988e040a520237c7d35ed4bf195d89590fe9,601.5054339077324,19,16192.31201171875,16608.0,2,362.5267699826509,146.6346150264144,0.011690442450344563,0
cos_sim_mean_6d,reverse,1,7,49cd6149f02ec01ee03a6eb8287ab2df:f982e9dfaf25:0:2,73fb32b5e401b3eacb51e7e77bdf04e3b22a04455436b5dd1473893ee8251122,433.1775330938399,8,16192.31201171875,16608.0,2,348.38926792144775,146.58057293854654,0.008059932850301266,0
cos_sim_mean_6d,reverse,1,8,49cd6149f02ec01ee03a6eb8287ab2df:f982e9dfaf25:0:3,95f301e4834466fadb9df4ae46e1b1c55f14a11d8b92502235741ad28dbdb107,531.2818558886647,15,16192.31201171875,16608.0,2,348.58509595505893,146.43285796046257,0.010730044916272163,0
cos_sim_mean_6d,reverse,1,9,49cd6149f02ec01ee03a6eb8287ab2df:f982e9dfaf25:0:4,73fb32b5e401b3eacb51e7e77bdf04e3b22a04455436b5dd1473893ee8251122,438.3180809672922,8,16192.31201171875,16608.0,2,353.26489992439747,146.24332287348807,0.005121942609548569,0
cos_sim_mean_6d,reverse,1,10,49cd6149f02ec01ee03a6eb8287ab2df:81739d7eb99c:0:0,435ddab74d1ce43607ae306954b3988e040a520237c7d35ed4bf195d89590fe9,588.6661289259791,19,16192.31201171875,16608.0,2,349.44532602094114,146.75180008634925,0.022983241826295853,0
cos_sim_mean_6d,reverse,1,11,49cd6149f02ec01ee03a6eb8287ab2df:81739d7eb99c:0:1,435ddab74d1ce43607ae306954b3988e040a520237c7d35ed4bf195d89590fe9,605.0214990973473,19,16192.31201171875,16608.0,2,363.2953749038279,149.72631982527673,0.011690442450344563,0
cos_sim_mean_6d,reverse,1,12,49cd6149f02ec01ee03a6eb8287ab2df:81739d7eb99c:0:2,73fb32b5e401b3eacb51e7e77bdf04e3b22a04455436b5dd1473893ee8251122,451.0084888897836,8,16192.31201171875,16608.0,2,366.183876991272,146.4814969804138,0.008059932850301266,0
cos_sim_mean_6d,reverse,1,13,49cd6149f02ec01ee03a6eb8287ab2df:81739d7eb99c:0:3,95f301e4834466fadb9df4ae46e1b1c55f14a11d8b92502235741ad28dbdb107,530.9363121632487,15,16192.31201171875,16608.0,2,348.67027308791876,146.11428091302514,0.010730044916272163,0
cos_sim_mean_6d,reverse,1,14,49cd6149f02ec01ee03a6eb8287ab2df:81739d7eb99c:0:4,73fb32b5e401b3eacb51e7e77bdf04e3b22a04455436b5dd1473893ee8251122,433.93329391255975,8,16192.31201171875,16608.0,2,348.81842811591923,146.37420419603586,0.005121942609548569,0
cos_sim_mean_6d,reverse,1,15,c6050fe51d3408b1eaef27e08e7f1956:1458b54ae2f6:0:0,35990225eb4034f560541dca69e3de42af70ee7e6c5a42420c958e689cda2c02,461.83738205581903,10,16196.4697265625,16608.0,2,348.6513888929039,147.02618983574212,0.017978843301534653,0
cos_sim_mean_6d,reverse,1,16,c6050fe51d3408b1eaef27e08e7f1956:1458b54ae2f6:0:1,aebb1cb50cd9dcc29e137a5616bb2478102285853aed08894b7f12bdcbb1c56f,504.4264798052609,12,16196.4697265625,16608.0,2,362.66806279309094,147.04846683889627,0.018420718610286713,0
cos_sim_mean_6d,reverse,1,17,c6050fe51d3408b1eaef27e08e7f1956:1458b54ae2f6:0:2,111b8aacdbaf954aebfbd039849710807963f2bd7a68786f9ede013bd58cf416,392.184633994475,5,16196.4697265625,16608.0,2,349.29547598585486,146.59110293723643,0.015419106930494308,0
cos_sim_mean_6d,reverse,1,18,c6050fe51d3408b1eaef27e08e7f1956:1458b54ae2f6:0:3,423b972f52fcbc22cc94be5cb64caefa796a5124160f24ec5fab21772249ca14,490.2541839983314,12,16196.4697265625,16608.0,2,349.1026379633695,146.70011983253062,0.019577886909246445,0
cos_sim_mean_6d,reverse,1,19,c6050fe51d3408b1eaef27e08e7f1956:1458b54ae2f6:0:4,423b972f52fcbc22cc94be5cb64caefa796a5124160f24ec5fab21772249ca14,490.7078829128295,12,16196.4697265625,16608.0,2,349.2396289948374,147.00151793658733,0.011728213168680668,0
cos_sim_mean_6d,reverse,1,20,c6050fe51d3408b1eaef27e08e7f1956:e4e99a4d6532:0:0,35990225eb4034f560541dca69e3de42af70ee7e6c5a42420c958e689cda2c02,464.37641978263855,10,16196.4697265625,16608.0,2,351.6188508365303,146.29706204868853,0.017978843301534653,0
cos_sim_mean_6d,reverse,1,21,c6050fe51d3408b1eaef27e08e7f1956:e4e99a4d6532:0:1,aebb1cb50cd9dcc29e137a5616bb2478102285853aed08894b7f12bdcbb1c56f,489.1154309734702,12,16196.4697265625,16608.0,2,348.33876392804086,146.57493005506694,0.018420718610286713,0
cos_sim_mean_6d,reverse,1,22,c6050fe51d3408b1eaef27e08e7f1956:e4e99a4d6532:0:2,111b8aacdbaf954aebfbd039849710807963f2bd7a68786f9ede013bd58cf416,394.557940075174,5,16196.4697265625,16608.0,2,349.14312209002674,146.2477899622172,0.015276859514415264,0
cos_sim_mean_6d,reverse,1,23,c6050fe51d3408b1eaef27e08e7f1956:e4e99a4d6532:0:3,423b972f52fcbc22cc94be5cb64caefa796a5124160f24ec5fab21772249ca14,491.890941048041,12,16196.4697265625,16608.0,2,350.28394497931004,150.01685894094408,0.019577886909246445,0
cos_sim_mean_6d,reverse,1,24,c6050fe51d3408b1eaef27e08e7f1956:e4e99a4d6532:0:4,423b972f52fcbc22cc94be5cb64caefa796a5124160f24ec5fab21772249ca14,494.43936604075134,12,16196.4697265625,16608.0,2,353.26003888621926,146.8136089388281,0.011728213168680668,0
cos_sim_mean_6d,reverse,1,25,bb98dd0bceac09d24db1ecb2af549a92:377f7f0dd150:0:0,855c108ad67905d09ec7c1b0e8aece7c700b88af2a47447b339d06f51ca5f3c1,523.4293800313026,14,16192.31201171875,16608.0,2,350.289671914652,147.66056300140917,0.008631324395537376,0
cos_sim_mean_6d,reverse,1,26,bb98dd0bceac09d24db1ecb2af549a92:377f7f0dd150:0:1,345f983c72b415369583c07355d41a5ce238a9e9fc7fe025add55b989f42753c,590.2958079241216,19,16192.31201171875,16608.0,2,349.63774285279214,146.61496598273516,0.016790196299552917,0
cos_sim_mean_6d,reverse,1,27,bb98dd0bceac09d24db1ecb2af549a92:377f7f0dd150:0:2,d9dc9f66742ea39569f48bea2599a075674a27a99bededdf7d11d3fbc33c74c9,557.0174078457057,17,16192.31201171875,16608.0,2,348.22098282165825,146.18282788433135,0.006844763178378344,0
cos_sim_mean_6d,reverse,1,28,bb98dd0bceac09d24db1ecb2af549a92:377f7f0dd150:0:3,c45891449e67fbebaa72c55f78b5e89e2ef69d3f86135e99eaae972f41ca37d3,603.4006639383733,19,16192.31201171875,16608.0,2,365.83901196718216,149.13698914460838,0.022607505321502686,0
cos_sim_mean_6d,reverse,1,29,bb98dd0bceac09d24db1ecb2af549a92:377f7f0dd150:0:4,a4b4d1f639310ce5a0af8666d80dea51c299717b38da5a87d48ce3bde0ecf3b5,505.5496140848845,12,16192.31201171875,16608.0,2,365.5894389376044,146.5551860164851,0.011110087856650352,0
cos_sim_mean_6d,reverse,1,30,bb98dd0bceac09d24db1ecb2af549a92:2cf3a7a3a65c:0:0,855c108ad67905d09ec7c1b0e8aece7c700b88af2a47447b339d06f51ca5f3c1,516.0826300270855,14,16192.31201171875,16608.0,2,348.5933430492878,146.2362550664693,0.008631324395537376,0
cos_sim_mean_6d,reverse,1,31,bb98dd0bceac09d24db1ecb2af549a92:2cf3a7a3a65c:0:1,345f983c72b415369583c07355d41a5ce238a9e9fc7fe025add55b989f42753c,587.650123052299,19,16192.31201171875,16608.0,2,349.41181098110974,149.34348594397306,0.016790196299552917,0
cos_sim_mean_6d,reverse,1,32,bb98dd0bceac09d24db1ecb2af549a92:2cf3a7a3a65c:0:2,d9dc9f66742ea39569f48bea2599a075674a27a99bededdf7d11d3fbc33c74c9,563.9980039559305,17,16192.31201171875,16608.0,2,353.3132479060441,146.31212805397809,0.006844763178378344,0
cos_sim_mean_6d,reverse,1,33,bb98dd0bceac09d24db1ecb2af549a92:2cf3a7a3a65c:0:3,c45891449e67fbebaa72c55f78b5e89e2ef69d3f86135e99eaae972f41ca37d3,586.8866108357906,19,16192.31201171875,16608.0,2,349.30698201060295,146.60045900382102,0.022607505321502686,0
cos_sim_mean_6d,reverse,1,34,bb98dd0bceac09d24db1ecb2af549a92:2cf3a7a3a65c:0:4,a4b4d1f639310ce5a0af8666d80dea51c299717b38da5a87d48ce3bde0ecf3b5,494.991040090099,12,16192.31201171875,16608.0,2,354.54798210412264,146.56972605735064,0.011110087856650352,0
cos_sim_mean_6d,reverse,1,35,b877dd782edba758ab429e3ee3de3329:97e16cc551e4:0:0,bcf1436e8a0397586b601d3afcfbd9357f7df58201510a79a21f33dea57905ee,685.6772301252931,26,16192.58642578125,16608.0,2,348.926458042115,149.44132696837187,0.0157643873244524,0
cos_sim_mean_6d,reverse,1,36,b877dd782edba758ab429e3ee3de3329:97e16cc551e4:0:1,f340e6b096d48731cb6973ce6c1f384848e8a709bc3d7fefbc1375269bb16f66,590.0924850720912,19,16192.58642578125,16608.0,2,353.17014809697866,148.89503316953778,0.011616683565080166,0
cos_sim_mean_6d,reverse,1,37,b877dd782edba758ab429e3ee3de3329:97e16cc551e4:0:2,f340e6b096d48731cb6973ce6c1f384848e8a709bc3d7fefbc1375269bb16f66,610.4581479448825,19,16192.58642578125,16608.0,2,370.1775688678026,146.58425888046622,0.028383024036884308,0
cos_sim_mean_6d,reverse,1,38,b877dd782edba758ab429e3ee3de3329:97e16cc551e4:0:3,2b704dcf2e659e9441eb368463e822d98e8a4b4b0badfa1e02b97c395219bada,618.5817350633442,21,16192.58642578125,16608.0,2,351.41110699623823,146.50174090638757,0.012947880662977695,0
cos_sim_mean_6d,reverse,1,39,b877dd782edba758ab429e3ee3de3329:97e16cc551e4:0:4,9833888f2bcf7baedb3e6d22f7a45d778a3ddb93dc3ee593faf345e015a5527d,591.9446628540754,19,16192.58642578125,16608.0,2,353.60718984156847,146.70631801709533,0.027986161410808563,0
cos_sim_mean_6d,reverse,1,40,b877dd782edba758ab429e3ee3de3329:dd7f6c9e007d:0:0,bcf1436e8a0397586b601d3afcfbd9357f7df58201510a79a21f33dea57905ee,686.9188919663429,26,16192.58642578125,16608.0,2,352.3931331001222,146.8344321474433,0.0157643873244524,0
cos_sim_mean_6d,reverse,1,41,b877dd782edba758ab429e3ee3de3329:dd7f6c9e007d:0:1,f340e6b096d48731cb6973ce6c1f384848e8a709bc3d7fefbc1375269bb16f66,587.8144730813801,19,16192.58642578125,16608.0,2,349.48561200872064,146.2478309404105,0.011616683565080166,0
cos_sim_mean_6d,reverse,1,42,b877dd782edba758ab429e3ee3de3329:dd7f6c9e007d:0:2,2b704dcf2e659e9441eb368463e822d98e8a4b4b0badfa1e02b97c395219bada,616.5034319274127,21,16192.58642578125,16608.0,2,350.70287296548486,146.48830401711166,0.028383024036884308,0
cos_sim_mean_6d,reverse,1,43,b877dd782edba758ab429e3ee3de3329:dd7f6c9e007d:0:3,2b704dcf2e659e9441eb368463e822d98e8a4b4b0badfa1e02b97c395219bada,622.5685570389032,21,16192.58642578125,16608.0,2,354.34297611936927,146.5114310849458,0.012947880662977695,0
cos_sim_mean_6d,reverse,1,44,b877dd782edba758ab429e3ee3de3329:dd7f6c9e007d:0:4,9833888f2bcf7baedb3e6d22f7a45d778a3ddb93dc3ee593faf345e015a5527d,594.7917699813843,19,16192.58642578125,16608.0,2,357.1838808711618,146.10448107123375,0.027986161410808563,0
cos_sim_mean_6d,reverse,1,45,4f59fbf51a0a5bfb4dc5af02cf294693:993dac5396a0:0:0,02b2f284846856bbed690c4a4ff41de209848e5b20a5b8e52994ff6008da32c7,567.9861051030457,17,16193.2724609375,16608.0,2,357.8158379532397,146.45645581185818,0.00428044144064188,0
cos_sim_mean_6d,reverse,1,46,4f59fbf51a0a5bfb4dc5af02cf294693:993dac5396a0:0:1,72ce63e97c300b32403763a2e20f5768dbedc981efcd36c58458b7f10991a314,504.94521600194275,13,16193.2724609375,16608.0,2,349.7774431016296,146.76073705777526,0.017895366996526718,0
cos_sim_mean_6d,reverse,1,47,4f59fbf51a0a5bfb4dc5af02cf294693:993dac5396a0:0:2,692a62434ae2815dec74164a4d148a1ad395dbf6653d58fc4ae432a52e892e37,564.6252960432321,17,16193.2724609375,16608.0,2,353.8370640017092,149.55117995850742,0.035333096981048584,0
cos_sim_mean_6d,reverse,1,48,4f59fbf51a0a5bfb4dc5af02cf294693:993dac5396a0:0:3,692a62434ae2815dec74164a4d148a1ad395dbf6653d58fc4ae432a52e892e37,572.9954109992832,17,16193.2724609375,16608.0,2,354.75212312303483,148.0225999839604,0.021379804238677025,0
cos_sim_mean_6d,reverse,1,49,4f59fbf51a0a5bfb4dc5af02cf294693:993dac5396a0:0:4,e4f0271d7dced0f36c97839e546b1f140f69dfa129a37b04f653f47eb9c2798f,518.2544661220163,12,16193.2724609375,16608.0,2,372.79530498199165,147.87671901285648,0.016297079622745514,0
full_72d,reverse,0,0,1a938d25604410ccd63b60285919eaec:c627e50da685:0:0,e042894d371a8df6673730e94e09c16b0c54e157faa37094ac0edd0138322b43,492.0119808521122,12,16193.2724609375,16608.0,2,349.5160217862576,146.80557698011398,0.4640974998474121,0
full_72d,reverse,0,1,1a938d25604410ccd63b60285919eaec:c627e50da685:0:1,e042894d371a8df6673730e94e09c16b0c54e157faa37094ac0edd0138322b43,494.1192080732435,12,16193.2724609375,16608.0,2,350.35169404000044,147.24718406796455,0.4640974998474121,0
full_72d,reverse,0,2,1a938d25604410ccd63b60285919eaec:c627e50da685:0:2,f5f79da7870b43a425d911d4230cbde81339aaf8976b28d91223d1db1b9dcb91,493.66176687180996,12,16193.2724609375,16608.0,2,351.33147798478603,148.00695795565844,0.4640974998474121,0
full_72d,reverse,0,3,1a938d25604410ccd63b60285919eaec:c627e50da685:0:3,82b4934cd2e12dd5597e5e37c746229f9ae763b2251ce7ebf18bfe7be9c79896,519.0159140620381,14,16193.2724609375,16608.0,2,349.7894739266485,146.87078492715955,0.4640974998474121,0
full_72d,reverse,0,4,1a938d25604410ccd63b60285919eaec:c627e50da685:0:4,82b4934cd2e12dd5597e5e37c746229f9ae763b2251ce7ebf18bfe7be9c79896,519.7337828576565,14,16193.2724609375,16608.0,2,346.765463007614,146.9508591108024,0.4640974998474121,0
full_72d,reverse,0,5,49cd6149f02ec01ee03a6eb8287ab2df:f982e9dfaf25:0:0,435ddab74d1ce43607ae306954b3988e040a520237c7d35ed4bf195d89590fe9,596.2197061162442,19,16192.31201171875,16608.0,2,346.6153140179813,147.14356581680477,0.4644269645214081,0
full_72d,reverse,0,6,49cd6149f02ec01ee03a6eb8287ab2df:f982e9dfaf25:0:1,435ddab74d1ce43607ae306954b3988e040a520237c7d35ed4bf195d89590fe9,591.6299649979919,19,16192.31201171875,16608.0,2,345.94696410931647,147.6618971209973,0.4644269645214081,0
full_72d,reverse,0,7,49cd6149f02ec01ee03a6eb8287ab2df:f982e9dfaf25:0:2,73fb32b5e401b3eacb51e7e77bdf04e3b22a04455436b5dd1473893ee8251122,434.26462612114847,8,16192.31201171875,16608.0,2,345.97357315942645,146.18747611530125,0.4640974998474121,0
full_72d,reverse,0,8,49cd6149f02ec01ee03a6eb8287ab2df:f982e9dfaf25:0:3,435ddab74d1ce43607ae306954b3988e040a520237c7d35ed4bf195d89590fe9,593.8401529565454,19,16192.31201171875,16608.0,2,343.45451393164694,147.45558705180883,0.4644269645214081,0
full_72d,reverse,0,9,49cd6149f02ec01ee03a6eb8287ab2df:f982e9dfaf25:0:4,73fb32b5e401b3eacb51e7e77bdf04e3b22a04455436b5dd1473893ee8251122,439.3162389751524,8,16192.31201171875,16608.0,2,347.839126130566,147.57838798686862,0.4640974998474121,0
full_72d,reverse,0,10,49cd6149f02ec01ee03a6eb8287ab2df:81739d7eb99c:0:0,435ddab74d1ce43607ae306954b3988e040a520237c7d35ed4bf195d89590fe9,581.4198409207165,19,16192.31201171875,16608.0,2,340.4584638774395,146.10479096882045,0.4644269645214081,0
full_72d,reverse,0,11,49cd6149f02ec01ee03a6eb8287ab2df:81739d7eb99c:0:1,435ddab74d1ce43607ae306954b3988e040a520237c7d35ed4bf195d89590fe9,586.4314760547131,19,16192.31201171875,16608.0,2,344.77294818498194,146.14658104255795,0.4644269645214081,0
full_72d,reverse,0,12,49cd6149f02ec01ee03a6eb8287ab2df:81739d7eb99c:0:2,73fb32b5e401b3eacb51e7e77bdf04e3b22a04455436b5dd1473893ee8251122,438.0294419825077,8,16192.31201171875,16608.0,2,346.9017760362476,147.71183114498854,0.4640974998474121,0
full_72d,reverse,0,13,49cd6149f02ec01ee03a6eb8287ab2df:81739d7eb99c:0:3,435ddab74d1ce43607ae306954b3988e040a520237c7d35ed4bf195d89590fe9,596.469250973314,19,16192.31201171875,16608.0,2,351.5565369743854,147.10578392259777,0.4644269645214081,0
full_72d,reverse,0,14,49cd6149f02ec01ee03a6eb8287ab2df:81739d7eb99c:0:4,73fb32b5e401b3eacb51e7e77bdf04e3b22a04455436b5dd1473893ee8251122,445.2611389569938,8,16192.31201171875,16608.0,2,355.38788605481386,147.39342499524355,0.4640974998474121,0
full_72d,reverse,0,15,c6050fe51d3408b1eaef27e08e7f1956:1458b54ae2f6:0:0,35990225eb4034f560541dca69e3de42af70ee7e6c5a42420c958e689cda2c02,456.706500146538,10,16196.4697265625,16608.0,2,341.07696916908026,146.735446061939,0.4640974998474121,0
full_72d,reverse,0,16,c6050fe51d3408b1eaef27e08e7f1956:1458b54ae2f6:0:1,aebb1cb50cd9dcc29e137a5616bb2478102285853aed08894b7f12bdcbb1c56f,492.96563188545406,12,16196.4697265625,16608.0,2,347.05469897016883,148.60052010044456,0.4640974998474121,0
full_72d,reverse,0,17,c6050fe51d3408b1eaef27e08e7f1956:1458b54ae2f6:0:2,111b8aacdbaf954aebfbd039849710807963f2bd7a68786f9ede013bd58cf416,392.7099769935012,5,16196.4697265625,16608.0,2,349.1424529347569,146.69033186510205,0.4640974998474121,0
full_72d,reverse,0,18,c6050fe51d3408b1eaef27e08e7f1956:1458b54ae2f6:0:3,423b972f52fcbc22cc94be5cb64caefa796a5124160f24ec5fab21772249ca14,491.6439780499786,12,16196.4697265625,16608.0,2,347.4853571970016,146.9429989811033,0.4640974998474121,0
full_72d,reverse,0,19,c6050fe51d3408b1eaef27e08e7f1956:1458b54ae2f6:0:4,423b972f52fcbc22cc94be5cb64caefa796a5124160f24ec5fab21772249ca14,499.4510479737073,12,16196.4697265625,16608.0,2,358.61541191115975,146.4343569241464,0.4640974998474121,0
full_72d,reverse,0,20,c6050fe51d3408b1eaef27e08e7f1956:e4e99a4d6532:0:0,35990225eb4034f560541dca69e3de42af70ee7e6c5a42420c958e689cda2c02,461.9437949731946,10,16196.4697265625,16608.0,2,349.5184360072017,147.3756399936974,0.4640974998474121,0
full_72d,reverse,0,21,c6050fe51d3408b1eaef27e08e7f1956:e4e99a4d6532:0:1,aebb1cb50cd9dcc29e137a5616bb2478102285853aed08894b7f12bdcbb1c56f,489.5674721337855,12,16196.4697265625,16608.0,2,348.974535940215,146.19401982054114,0.4640974998474121,0
full_72d,reverse,0,22,c6050fe51d3408b1eaef27e08e7f1956:e4e99a4d6532:0:2,111b8aacdbaf954aebfbd039849710807963f2bd7a68786f9ede013bd58cf416,393.29534489661455,5,16196.4697265625,16608.0,2,346.6990569140762,146.81107993237674,0.4640974998474121,0
full_72d,reverse,0,23,c6050fe51d3408b1eaef27e08e7f1956:e4e99a4d6532:0:3,423b972f52fcbc22cc94be5cb64caefa796a5124160f24ec5fab21772249ca14,489.8919227998704,12,16196.4697265625,16608.0,2,349.0871039684862,146.3089371100068,0.4640974998474121,0
full_72d,reverse,0,24,c6050fe51d3408b1eaef27e08e7f1956:e4e99a4d6532:0:4,423b972f52fcbc22cc94be5cb64caefa796a5124160f24ec5fab21772249ca14,490.53378496319056,12,16196.4697265625,16608.0,2,349.6337831020355,146.88173215836287,0.4640974998474121,0
full_72d,reverse,0,25,bb98dd0bceac09d24db1ecb2af549a92:377f7f0dd150:0:0,855c108ad67905d09ec7c1b0e8aece7c700b88af2a47447b339d06f51ca5f3c1,515.8788431435823,14,16192.31201171875,16608.0,2,346.94069903343916,146.5193829499185,0.4640974998474121,0
full_72d,reverse,0,26,bb98dd0bceac09d24db1ecb2af549a92:377f7f0dd150:0:1,345f983c72b415369583c07355d41a5ce238a9e9fc7fe025add55b989f42753c,589.2506749369204,19,16192.31201171875,16608.0,2,349.8747830744833,146.7524110339582,0.4640974998474121,0
full_72d,reverse,0,27,bb98dd0bceac09d24db1ecb2af549a92:377f7f0dd150:0:2,d9dc9f66742ea39569f48bea2599a075674a27a99bededdf7d11d3fbc33c74c9,572.4132210016251,17,16192.31201171875,16608.0,2,355.38591002114117,146.53850416652858,0.4640974998474121,0
full_72d,reverse,0,28,bb98dd0bceac09d24db1ecb2af549a92:377f7f0dd150:0:3,c45891449e67fbebaa72c55f78b5e89e2ef69d3f86135e99eaae972f41ca37d3,599.2256628815085,19,16192.31201171875,16608.0,2,350.88444501161575,146.67927101254463,0.46664735674858093,0
full_72d,reverse,0,29,bb98dd0bceac09d24db1ecb2af549a92:377f7f0dd150:0:4,a4b4d1f639310ce5a0af8666d80dea51c299717b38da5a87d48ce3bde0ecf3b5,500.066070118919,12,16192.31201171875,16608.0,2,355.1779771223664,147.59075012989342,0.4640974998474121,0
full_72d,reverse,0,30,bb98dd0bceac09d24db1ecb2af549a92:2cf3a7a3a65c:0:0,855c108ad67905d09ec7c1b0e8aece7c700b88af2a47447b339d06f51ca5f3c1,518.2286598719656,14,16192.31201171875,16608.0,2,349.6262510307133,146.58987312577665,0.4640974998474121,0
full_72d,reverse,0,31,bb98dd0bceac09d24db1ecb2af549a92:2cf3a7a3a65c:0:1,345f983c72b415369583c07355d41a5ce238a9e9fc7fe025add55b989f42753c,606.3158949837089,19,16192.31201171875,16608.0,2,359.249782981351,147.61666906997561,0.4640974998474121,0
full_72d,reverse,0,32,bb98dd0bceac09d24db1ecb2af549a92:2cf3a7a3a65c:0:2,d9dc9f66742ea39569f48bea2599a075674a27a99bededdf7d11d3fbc33c74c9,587.08127704449,17,16192.31201171875,16608.0,2,367.3277129419148,147.46211981400847,0.4640974998474121,0
full_72d,reverse,0,33,bb98dd0bceac09d24db1ecb2af549a92:2cf3a7a3a65c:0:3,c45891449e67fbebaa72c55f78b5e89e2ef69d3f86135e99eaae972f41ca37d3,586.2130580935627,19,16192.31201171875,16608.0,2,349.77942891418934,146.71368687413633,0.46664735674858093,0
full_72d,reverse,0,34,bb98dd0bceac09d24db1ecb2af549a92:2cf3a7a3a65c:0:4,a4b4d1f639310ce5a0af8666d80dea51c299717b38da5a87d48ce3bde0ecf3b5,490.46468106098473,12,16192.31201171875,16608.0,2,350.87901004590094,146.36562997475266,0.4640974998474121,0
full_72d,reverse,0,35,b877dd782edba758ab429e3ee3de3329:97e16cc551e4:0:0,bcf1436e8a0397586b601d3afcfbd9357f7df58201510a79a21f33dea57905ee,686.7875889874995,26,16192.58642578125,16608.0,2,353.2421949785203,145.98077698610723,0.4644269645214081,0
full_72d,reverse,0,36,b877dd782edba758ab429e3ee3de3329:97e16cc551e4:0:1,f340e6b096d48731cb6973ce6c1f384848e8a709bc3d7fefbc1375269bb16f66,594.1683780401945,19,16192.58642578125,16608.0,2,353.76995196565986,146.203642943874,0.4644269645214081,0
full_72d,reverse,0,37,b877dd782edba758ab429e3ee3de3329:97e16cc551e4:0:2,2b704dcf2e659e9441eb368463e822d98e8a4b4b0badfa1e02b97c395219bada,620.6417661160231,21,16192.58642578125,16608.0,2,355.2560620009899,147.35301886685193,0.4644269645214081,0
full_72d,reverse,0,38,b877dd782edba758ab429e3ee3de3329:97e16cc551e4:0:3,2b704dcf2e659e9441eb368463e822d98e8a4b4b0badfa1e02b97c395219bada,628.5244391765445,21,16192.58642578125,16608.0,2,362.92669200338423,146.59701194614172,0.4644269645214081,0
full_72d,reverse,0,39,b877dd782edba758ab429e3ee3de3329:97e16cc551e4:0:4,9833888f2bcf7baedb3e6d22f7a45d778a3ddb93dc3ee593faf345e015a5527d,592.6242598798126,19,16192.58642578125,16608.0,2,356.282252818346,146.3348630350083,0.46768954396247864,0
full_72d,reverse,0,40,b877dd782edba758ab429e3ee3de3329:dd7f6c9e007d:0:0,bcf1436e8a0397586b601d3afcfbd9357f7df58201510a79a21f33dea57905ee,692.2217579558492,26,16192.58642578125,16608.0,2,354.6345289796591,146.0880229715258,0.4644269645214081,0
full_72d,reverse,0,41,b877dd782edba758ab429e3ee3de3329:dd7f6c9e007d:0:1,f340e6b096d48731cb6973ce6c1f384848e8a709bc3d7fefbc1375269bb16f66,604.6560420654714,19,16192.58642578125,16608.0,2,362.55910294130445,146.8072310090065,0.4644269645214081,0
full_72d,reverse,0,42,b877dd782edba758ab429e3ee3de3329:dd7f6c9e007d:0:2,2b704dcf2e659e9441eb368463e822d98e8a4b4b0badfa1e02b97c395219bada,627.9875840991735,21,16192.58642578125,16608.0,2,361.6688400506973,146.1615851148963,0.4644269645214081,0
full_72d,reverse,0,43,b877dd782edba758ab429e3ee3de3329:dd7f6c9e007d:0:3,2b704dcf2e659e9441eb368463e822d98e8a4b4b0badfa1e02b97c395219bada,630.4807648994029,21,16192.58642578125,16608.0,2,355.46321887522936,147.34379993751645,0.4644269645214081,0
full_72d,reverse,0,44,b877dd782edba758ab429e3ee3de3329:dd7f6c9e007d:0:4,9833888f2bcf7baedb3e6d22f7a45d778a3ddb93dc3ee593faf345e015a5527d,605.3656679578125,19,16192.58642578125,16608.0,2,360.8010879252106,146.87459403648973,0.46768954396247864,0
full_72d,reverse,0,45,4f59fbf51a0a5bfb4dc5af02cf294693:993dac5396a0:0:0,02b2f284846856bbed690c4a4ff41de209848e5b20a5b8e52994ff6008da32c7,574.6252101380378,17,16193.2724609375,16608.0,2,363.18596499040723,146.91119897179306,0.4640974998474121,0
full_72d,reverse,0,46,4f59fbf51a0a5bfb4dc5af02cf294693:993dac5396a0:0:1,72ce63e97c300b32403763a2e20f5768dbedc981efcd36c58458b7f10991a314,521.1977260187268,13,16193.2724609375,16608.0,2,363.98061201907694,146.3898979127407,0.4640974998474121,0
full_72d,reverse,0,47,4f59fbf51a0a5bfb4dc5af02cf294693:993dac5396a0:0:2,692a62434ae2815dec74164a4d148a1ad395dbf6653d58fc4ae432a52e892e37,560.2004530373961,17,16193.2724609375,16608.0,2,350.71907797828317,146.33207581937313,0.4640974998474121,0
full_72d,reverse,0,48,4f59fbf51a0a5bfb4dc5af02cf294693:993dac5396a0:0:3,692a62434ae2815dec74164a4d148a1ad395dbf6653d58fc4ae432a52e892e37,562.7108030021191,17,16193.2724609375,16608.0,2,353.63068198785186,146.40757301822305,0.4640974998474121,0
full_72d,reverse,0,49,4f59fbf51a0a5bfb4dc5af02cf294693:993dac5396a0:0:4,e4f0271d7dced0f36c97839e546b1f140f69dfa129a37b04f653f47eb9c2798f,490.2701862156391,12,16193.2724609375,16608.0,2,346.37805307284,146.25826687552035,0.4640974998474121,0
full_72d,reverse,1,0,1a938d25604410ccd63b60285919eaec:c627e50da685:0:0,e042894d371a8df6673730e94e09c16b0c54e157faa37094ac0edd0138322b43,489.23188797198236,12,16193.2724609375,16608.0,2,348.39036292396486,146.72635588794947,0.4640974998474121,0
full_72d,reverse,1,1,1a938d25604410ccd63b60285919eaec:c627e50da685:0:1,e042894d371a8df6673730e94e09c16b0c54e157faa37094ac0edd0138322b43,493.60121693462133,12,16193.2724609375,16608.0,2,353.8329070433974,146.686309017241,0.4640974998474121,0
full_72d,reverse,1,2,1a938d25604410ccd63b60285919eaec:c627e50da685:0:2,f5f79da7870b43a425d911d4230cbde81339aaf8976b28d91223d1db1b9dcb91,503.1474241986871,12,16193.2724609375,16608.0,2,363.43202413991094,146.9596850220114,0.4640974998474121,0
full_72d,reverse,1,3,1a938d25604410ccd63b60285919eaec:c627e50da685:0:3,82b4934cd2e12dd5597e5e37c746229f9ae763b2251ce7ebf18bfe7be9c79896,517.6219360437244,14,16193.2724609375,16608.0,2,349.7088181320578,146.48618991486728,0.4640974998474121,0
full_72d,reverse,1,4,1a938d25604410ccd63b60285919eaec:c627e50da685:0:4,82b4934cd2e12dd5597e5e37c746229f9ae763b2251ce7ebf18bfe7be9c79896,520.8715049084276,14,16193.2724609375,16608.0,2,353.83301484398544,146.8024868518114,0.4640974998474121,0
full_72d,reverse,1,5,49cd6149f02ec01ee03a6eb8287ab2df:f982e9dfaf25:0:0,435ddab74d1ce43607ae306954b3988e040a520237c7d35ed4bf195d89590fe9,590.9894020296633,19,16192.31201171875,16608.0,2,354.08962704241276,146.12909383140504,0.4644269645214081,0
full_72d,reverse,1,6,49cd6149f02ec01ee03a6eb8287ab2df:f982e9dfaf25:0:1,435ddab74d1ce43607ae306954b3988e040a520237c7d35ed4bf195d89590fe9,585.9247779008001,19,16192.31201171875,16608.0,2,348.61124586313963,146.18405885994434,0.4644269645214081,0
full_72d,reverse,1,7,49cd6149f02ec01ee03a6eb8287ab2df:f982e9dfaf25:0:2,73fb32b5e401b3eacb51e7e77bdf04e3b22a04455436b5dd1473893ee8251122,449.82140115462244,8,16192.31201171875,16608.0,2,362.13385313749313,146.23343315906823,0.4640974998474121,0
full_72d,reverse,1,8,49cd6149f02ec01ee03a6eb8287ab2df:f982e9dfaf25:0:3,95f301e4834466fadb9df4ae46e1b1c55f14a11d8b92502235741ad28dbdb107,530.0740890670568,15,16192.31201171875,16608.0,2,348.52314600721,146.541777998209,0.4644269645214081,0
full_72d,reverse,1,9,49cd6149f02ec01ee03a6eb8287ab2df:f982e9dfaf25:0:4,73fb32b5e401b3eacb51e7e77bdf04e3b22a04455436b5dd1473893ee8251122,433.64507891237736,8,16192.31201171875,16608.0,2,348.96329999901354,146.57749398611486,0.4640974998474121,0
full_72d,reverse,1,10,49cd6149f02ec01ee03a6eb8287ab2df:81739d7eb99c:0:0,435ddab74d1ce43607ae306954b3988e040a520237c7d35ed4bf195d89590fe9,585.8555748127401,19,16192.31201171875,16608.0,2,345.771700842306,145.99002385511994,0.4644269645214081,0
full_72d,reverse,1,11,49cd6149f02ec01ee03a6eb8287ab2df:81739d7eb99c:0:1,435ddab74d1ce43607ae306954b3988e040a520237c7d35ed4bf195d89590fe9,586.5171169862151,19,16192.31201171875,16608.0,2,348.9222240168601,146.07806806452572,0.4644269645214081,0
full_72d,reverse,1,12,49cd6149f02ec01ee03a6eb8287ab2df:81739d7eb99c:0:2,73fb32b5e401b3eacb51e7e77bdf04e3b22a04455436b5dd1473893ee8251122,438.33141890354455,8,16192.31201171875,16608.0,2,353.77769102342427,146.17054699920118,0.4640974998474121,0
full_72d,reverse,1,13,49cd6149f02ec01ee03a6eb8287ab2df:81739d7eb99c:0:3,95f301e4834466fadb9df4ae46e1b1c55f14a11d8b92502235741ad28dbdb107,529.945668997243,15,16192.31201171875,16608.0,2,348.23521808721125,146.6796100139618,0.4644269645214081,0
full_72d,reverse,1,14,49cd6149f02ec01ee03a6eb8287ab2df:81739d7eb99c:0:4,73fb32b5e401b3eacb51e7e77bdf04e3b22a04455436b5dd1473893ee8251122,448.0503969825804,8,16192.31201171875,16608.0,2,363.51152788847685,146.4941599406302,0.4640974998474121,0
full_72d,reverse,1,15,c6050fe51d3408b1eaef27e08e7f1956:1458b54ae2f6:0:0,35990225eb4034f560541dca69e3de42af70ee7e6c5a42420c958e689cda2c02,467.2522561158985,10,16196.4697265625,16608.0,2,351.54752410016954,146.6383400838822,0.4640974998474121,0
full_72d,reverse,1,16,c6050fe51d3408b1eaef27e08e7f1956:1458b54ae2f6:0:1,aebb1cb50cd9dcc29e137a5616bb2478102285853aed08894b7f12bdcbb1c56f,490.3871340211481,12,16196.4697265625,16608.0,2,349.97662995010614,146.71710692346096,0.4640974998474121,0
full_72d,reverse,1,17,c6050fe51d3408b1eaef27e08e7f1956:1458b54ae2f6:0:2,111b8aacdbaf954aebfbd039849710807963f2bd7a68786f9ede013bd58cf416,391.7512400075793,5,16196.4697265625,16608.0,2,345.5054520163685,146.65183681063354,0.4640974998474121,0
full_72d,reverse,1,18,c6050fe51d3408b1eaef27e08e7f1956:1458b54ae2f6:0:3,423b972f52fcbc22cc94be5cb64caefa796a5124160f24ec5fab21772249ca14,489.92191907018423,12,16196.4697265625,16608.0,2,349.07748899422586,146.1741691455245,0.4640974998474121,0
full_72d,reverse,1,19,c6050fe51d3408b1eaef27e08e7f1956:1458b54ae2f6:0:4,423b972f52fcbc22cc94be5cb64caefa796a5124160f24ec5fab21772249ca14,494.1290030255914,12,16196.4697265625,16608.0,2,353.5544478800148,146.5104459784925,0.4640974998474121,0
full_72d,reverse,1,20,c6050fe51d3408b1eaef27e08e7f1956:e4e99a4d6532:0:0,35990225eb4034f560541dca69e3de42af70ee7e6c5a42420c958e689cda2c02,466.2291300483048,10,16196.4697265625,16608.0,2,354.188343975693,146.7888520564884,0.4640974998474121,0
full_72d,reverse,1,21,c6050fe51d3408b1eaef27e08e7f1956:e4e99a4d6532:0:1,aebb1cb50cd9dcc29e137a5616bb2478102285853aed08894b7f12bdcbb1c56f,493.81068092770875,12,16196.4697265625,16608.0,2,354.21764804050326,146.59709809347987,0.4640974998474121,0
full_72d,reverse,1,22,c6050fe51d3408b1eaef27e08e7f1956:e4e99a4d6532:0:2,111b8aacdbaf954aebfbd039849710807963f2bd7a68786f9ede013bd58cf416,392.71982689388096,5,16196.4697265625,16608.0,2,349.62918097153306,146.56519214622676,0.4640974998474121,0
full_72d,reverse,1,23,c6050fe51d3408b1eaef27e08e7f1956:e4e99a4d6532:0:3,423b972f52fcbc22cc94be5cb64caefa796a5124160f24ec5fab21772249ca14,487.1656009927392,12,16196.4697265625,16608.0,2,346.27110697329044,146.80218300782144,0.4640974998474121,0
full_72d,reverse,1,24,c6050fe51d3408b1eaef27e08e7f1956:e4e99a4d6532:0:4,423b972f52fcbc22cc94be5cb64caefa796a5124160f24ec5fab21772249ca14,487.0670149102807,12,16196.4697265625,16608.0,2,343.37936202064157,146.0850250441581,0.4640974998474121,0
full_72d,reverse,1,25,bb98dd0bceac09d24db1ecb2af549a92:377f7f0dd150:0:0,855c108ad67905d09ec7c1b0e8aece7c700b88af2a47447b339d06f51ca5f3c1,516.0946841351688,14,16192.31201171875,16608.0,2,344.55064218491316,146.27406909130514,0.4640974998474121,0
full_72d,reverse,1,26,bb98dd0bceac09d24db1ecb2af549a92:377f7f0dd150:0:1,345f983c72b415369583c07355d41a5ce238a9e9fc7fe025add55b989f42753c,598.5070909373462,19,16192.31201171875,16608.0,2,355.72697408497334,146.52971900068223,0.4640974998474121,0
full_72d,reverse,1,27,bb98dd0bceac09d24db1ecb2af549a92:377f7f0dd150:0:2,d9dc9f66742ea39569f48bea2599a075674a27a99bededdf7d11d3fbc33c74c9,581.5906550269574,17,16192.31201171875,16608.0,2,367.9583529010415,146.76968893036246,0.4640974998474121,0
full_72d,reverse,1,28,bb98dd0bceac09d24db1ecb2af549a92:377f7f0dd150:0:3,c45891449e67fbebaa72c55f78b5e89e2ef69d3f86135e99eaae972f41ca37d3,590.3071481734514,19,16192.31201171875,16608.0,2,353.04681304842234,146.18635387159884,0.46664735674858093,0
full_72d,reverse,1,29,bb98dd0bceac09d24db1ecb2af549a92:377f7f0dd150:0:4,a4b4d1f639310ce5a0af8666d80dea51c299717b38da5a87d48ce3bde0ecf3b5,500.30473805963993,12,16192.31201171875,16608.0,2,356.27097892574966,146.67407190427184,0.4640974998474121,0
full_72d,reverse,1,30,bb98dd0bceac09d24db1ecb2af549a92:2cf3a7a3a65c:0:0,855c108ad67905d09ec7c1b0e8aece7c700b88af2a47447b339d06f51ca5f3c1,516.6934800799936,14,16192.31201171875,16608.0,2,345.7372020930052,146.11144899390638,0.4640974998474121,0
full_72d,reverse,1,31,bb98dd0bceac09d24db1ecb2af549a92:2cf3a7a3a65c:0:1,345f983c72b415369583c07355d41a5ce238a9e9fc7fe025add55b989f42753c,586.0483818687499,19,16192.31201171875,16608.0,2,345.28713789768517,146.2639479432255,0.4640974998474121,0
full_72d,reverse,1,32,bb98dd0bceac09d24db1ecb2af549a92:2cf3a7a3a65c:0:2,d9dc9f66742ea39569f48bea2599a075674a27a99bededdf7d11d3fbc33c74c9,571.3158608414233,17,16192.31201171875,16608.0,2,358.89198002405465,145.86738217622042,0.4640974998474121,0
full_72d,reverse,1,33,bb98dd0bceac09d24db1ecb2af549a92:2cf3a7a3a65c:0:3,c45891449e67fbebaa72c55f78b5e89e2ef69d3f86135e99eaae972f41ca37d3,587.2898120433092,19,16192.31201171875,16608.0,2,345.7283361349255,146.15382021293044,0.46664735674858093,0
full_72d,reverse,1,34,bb98dd0bceac09d24db1ecb2af549a92:2cf3a7a3a65c:0:4,a4b4d1f639310ce5a0af8666d80dea51c299717b38da5a87d48ce3bde0ecf3b5,493.1776679586619,12,16192.31201171875,16608.0,2,350.1680369954556,146.07405406422913,0.4640974998474121,0
full_72d,reverse,1,35,b877dd782edba758ab429e3ee3de3329:97e16cc551e4:0:0,bcf1436e8a0397586b601d3afcfbd9357f7df58201510a79a21f33dea57905ee,693.3266872074455,26,16192.58642578125,16608.0,2,357.4477571528405,146.43812994472682,0.4644269645214081,0
full_72d,reverse,1,36,b877dd782edba758ab429e3ee3de3329:97e16cc551e4:0:1,f340e6b096d48731cb6973ce6c1f384848e8a709bc3d7fefbc1375269bb16f66,590.5833470169455,19,16192.58642578125,16608.0,2,353.5974398255348,146.33737201802433,0.4644269645214081,0
full_72d,reverse,1,37,b877dd782edba758ab429e3ee3de3329:97e16cc551e4:0:2,f340e6b096d48731cb6973ce6c1f384848e8a709bc3d7fefbc1375269bb16f66,590.8921840600669,19,16192.58642578125,16608.0,2,353.6151109728962,146.4213349390775,0.4644269645214081,0
full_72d,reverse,1,38,b877dd782edba758ab429e3ee3de3329:97e16cc551e4:0:3,2b704dcf2e659e9441eb368463e822d98e8a4b4b0badfa1e02b97c395219bada,621.7440578620881,21,16192.58642578125,16608.0,2,354.0931069292128,146.0381329525262,0.4644269645214081,0
full_72d,reverse,1,39,b877dd782edba758ab429e3ee3de3329:97e16cc551e4:0:4,9833888f2bcf7baedb3e6d22f7a45d778a3ddb93dc3ee593faf345e015a5527d,588.7203919701278,19,16192.58642578125,16608.0,2,349.1406699176878,146.3459508959204,0.46768954396247864,0
full_72d,reverse,1,40,b877dd782edba758ab429e3ee3de3329:dd7f6c9e007d:0:0,bcf1436e8a0397586b601d3afcfbd9357f7df58201510a79a21f33dea57905ee,684.7928559873253,26,16192.58642578125,16608.0,2,352.06896904855967,146.29407809115946,0.4644269645214081,0
full_72d,reverse,1,41,b877dd782edba758ab429e3ee3de3329:dd7f6c9e007d:0:1,f340e6b096d48731cb6973ce6c1f384848e8a709bc3d7fefbc1375269bb16f66,601.1061689350754,19,16192.58642578125,16608.0,2,364.7294349502772,146.53799613006413,0.4644269645214081,0
full_72d,reverse,1,42,b877dd782edba758ab429e3ee3de3329:dd7f6c9e007d:0:2,f340e6b096d48731cb6973ce6c1f384848e8a709bc3d7fefbc1375269bb16f66,588.6490021366626,19,16192.58642578125,16608.0,2,349.5955551043153,146.34387218393385,0.4644269645214081,0
full_72d,reverse,1,43,b877dd782edba758ab429e3ee3de3329:dd7f6c9e007d:0:3,2b704dcf2e659e9441eb368463e822d98e8a4b4b0badfa1e02b97c395219bada,617.7243189886212,21,16192.58642578125,16608.0,2,350.42095999233425,146.51587093248963,0.4644269645214081,0
full_72d,reverse,1,44,b877dd782edba758ab429e3ee3de3329:dd7f6c9e007d:0:4,9833888f2bcf7baedb3e6d22f7a45d778a3ddb93dc3ee593faf345e015a5527d,590.6437349040061,19,16192.58642578125,16608.0,2,350.23411200381815,146.17629605345428,0.46768954396247864,0
full_72d,reverse,1,45,4f59fbf51a0a5bfb4dc5af02cf294693:993dac5396a0:0:0,02b2f284846856bbed690c4a4ff41de209848e5b20a5b8e52994ff6008da32c7,555.8250159956515,17,16193.2724609375,16608.0,2,349.2705549579114,145.95494489185512,0.4640974998474121,0
full_72d,reverse,1,46,4f59fbf51a0a5bfb4dc5af02cf294693:993dac5396a0:0:1,72ce63e97c300b32403763a2e20f5768dbedc981efcd36c58458b7f10991a314,505.7697491720319,13,16193.2724609375,16608.0,2,350.69908713921905,146.021539112553,0.4640974998474121,0
full_72d,reverse,1,47,4f59fbf51a0a5bfb4dc5af02cf294693:993dac5396a0:0:2,692a62434ae2815dec74164a4d148a1ad395dbf6653d58fc4ae432a52e892e37,564.8326619993895,17,16193.2724609375,16608.0,2,355.02084996551275,146.54285414144397,0.4640974998474121,0
full_72d,reverse,1,48,4f59fbf51a0a5bfb4dc5af02cf294693:993dac5396a0:0:3,692a62434ae2815dec74164a4d148a1ad395dbf6653d58fc4ae432a52e892e37,577.8154090512544,17,16193.2724609375,16608.0,2,365.1057800743729,146.54085808433592,0.4640974998474121,0
full_72d,reverse,1,49,4f59fbf51a0a5bfb4dc5af02cf294693:993dac5396a0:0:4,0cc9fb380cb2bb70003747e1d1b5eddb6239e470e3464f2a6cf9c2ca668b89c3,509.08356299623847,13,16193.2724609375,16608.0,2,355.8399600442499,146.77226706407964,0.4640974998474121,0
baseline,reverse,0,0,1a938d25604410ccd63b60285919eaec:c627e50da685:0:0,e042894d371a8df6673730e94e09c16b0c54e157faa37094ac0edd0138322b43,476.9120558630675,12,16192.396484375,16608.0,,,,,
baseline,reverse,0,1,1a938d25604410ccd63b60285919eaec:c627e50da685:0:1,e042894d371a8df6673730e94e09c16b0c54e157faa37094ac0edd0138322b43,485.0597698241472,12,16192.396484375,16608.0,,,,,
baseline,reverse,0,2,1a938d25604410ccd63b60285919eaec:c627e50da685:0:2,f5f79da7870b43a425d911d4230cbde81339aaf8976b28d91223d1db1b9dcb91,485.7029370032251,12,16192.396484375,16608.0,,,,,
baseline,reverse,0,3,1a938d25604410ccd63b60285919eaec:c627e50da685:0:3,82b4934cd2e12dd5597e5e37c746229f9ae763b2251ce7ebf18bfe7be9c79896,511.6697200573981,14,16192.396484375,16608.0,,,,,
baseline,reverse,0,4,1a938d25604410ccd63b60285919eaec:c627e50da685:0:4,82b4934cd2e12dd5597e5e37c746229f9ae763b2251ce7ebf18bfe7be9c79896,511.39159896411,14,16192.396484375,16608.0,,,,,
baseline,reverse,0,5,49cd6149f02ec01ee03a6eb8287ab2df:f982e9dfaf25:0:0,435ddab74d1ce43607ae306954b3988e040a520237c7d35ed4bf195d89590fe9,581.7206460051239,19,16191.43603515625,16608.0,,,,,
baseline,reverse,0,6,49cd6149f02ec01ee03a6eb8287ab2df:f982e9dfaf25:0:1,435ddab74d1ce43607ae306954b3988e040a520237c7d35ed4bf195d89590fe9,581.4778541680425,19,16191.43603515625,16608.0,,,,,
baseline,reverse,0,7,49cd6149f02ec01ee03a6eb8287ab2df:f982e9dfaf25:0:2,73fb32b5e401b3eacb51e7e77bdf04e3b22a04455436b5dd1473893ee8251122,428.38435992598534,8,16191.43603515625,16608.0,,,,,
baseline,reverse,0,8,49cd6149f02ec01ee03a6eb8287ab2df:f982e9dfaf25:0:3,435ddab74d1ce43607ae306954b3988e040a520237c7d35ed4bf195d89590fe9,579.7569160349667,19,16191.43603515625,16608.0,,,,,
baseline,reverse,0,9,49cd6149f02ec01ee03a6eb8287ab2df:f982e9dfaf25:0:4,73fb32b5e401b3eacb51e7e77bdf04e3b22a04455436b5dd1473893ee8251122,429.8055551480502,8,16191.43603515625,16608.0,,,,,
baseline,reverse,0,10,49cd6149f02ec01ee03a6eb8287ab2df:81739d7eb99c:0:0,435ddab74d1ce43607ae306954b3988e040a520237c7d35ed4bf195d89590fe9,579.8092691693455,19,16191.43603515625,16608.0,,,,,
baseline,reverse,0,11,49cd6149f02ec01ee03a6eb8287ab2df:81739d7eb99c:0:1,435ddab74d1ce43607ae306954b3988e040a520237c7d35ed4bf195d89590fe9,578.9679391309619,19,16191.43603515625,16608.0,,,,,
baseline,reverse,0,12,49cd6149f02ec01ee03a6eb8287ab2df:81739d7eb99c:0:2,73fb32b5e401b3eacb51e7e77bdf04e3b22a04455436b5dd1473893ee8251122,429.3830869719386,8,16191.43603515625,16608.0,,,,,
baseline,reverse,0,13,49cd6149f02ec01ee03a6eb8287ab2df:81739d7eb99c:0:3,435ddab74d1ce43607ae306954b3988e040a520237c7d35ed4bf195d89590fe9,578.4130438696593,19,16191.43603515625,16608.0,,,,,
baseline,reverse,0,14,49cd6149f02ec01ee03a6eb8287ab2df:81739d7eb99c:0:4,73fb32b5e401b3eacb51e7e77bdf04e3b22a04455436b5dd1473893ee8251122,424.05909090302885,8,16191.43603515625,16608.0,,,,,
baseline,reverse,0,15,c6050fe51d3408b1eaef27e08e7f1956:1458b54ae2f6:0:0,35990225eb4034f560541dca69e3de42af70ee7e6c5a42420c958e689cda2c02,449.7751430608332,10,16195.59375,16608.0,,,,,
baseline,reverse,0,16,c6050fe51d3408b1eaef27e08e7f1956:1458b54ae2f6:0:1,aebb1cb50cd9dcc29e137a5616bb2478102285853aed08894b7f12bdcbb1c56f,499.72316599451005,12,16195.59375,16608.0,,,,,
baseline,reverse,0,17,c6050fe51d3408b1eaef27e08e7f1956:1458b54ae2f6:0:2,111b8aacdbaf954aebfbd039849710807963f2bd7a68786f9ede013bd58cf416,388.8972920831293,5,16195.59375,16608.0,,,,,
baseline,reverse,0,18,c6050fe51d3408b1eaef27e08e7f1956:1458b54ae2f6:0:3,423b972f52fcbc22cc94be5cb64caefa796a5124160f24ec5fab21772249ca14,484.11368508823216,12,16195.59375,16608.0,,,,,
baseline,reverse,0,19,c6050fe51d3408b1eaef27e08e7f1956:1458b54ae2f6:0:4,423b972f52fcbc22cc94be5cb64caefa796a5124160f24ec5fab21772249ca14,485.10940093547106,12,16195.59375,16608.0,,,,,
baseline,reverse,0,20,c6050fe51d3408b1eaef27e08e7f1956:e4e99a4d6532:0:0,35990225eb4034f560541dca69e3de42af70ee7e6c5a42420c958e689cda2c02,456.57610008493066,10,16195.59375,16608.0,,,,,
baseline,reverse,0,21,c6050fe51d3408b1eaef27e08e7f1956:e4e99a4d6532:0:1,aebb1cb50cd9dcc29e137a5616bb2478102285853aed08894b7f12bdcbb1c56f,482.55250114016235,12,16195.59375,16608.0,,,,,
baseline,reverse,0,22,c6050fe51d3408b1eaef27e08e7f1956:e4e99a4d6532:0:2,111b8aacdbaf954aebfbd039849710807963f2bd7a68786f9ede013bd58cf416,389.36399878002703,5,16195.59375,16608.0,,,,,
baseline,reverse,0,23,c6050fe51d3408b1eaef27e08e7f1956:e4e99a4d6532:0:3,423b972f52fcbc22cc94be5cb64caefa796a5124160f24ec5fab21772249ca14,483.3776189479977,12,16195.59375,16608.0,,,,,
baseline,reverse,0,24,c6050fe51d3408b1eaef27e08e7f1956:e4e99a4d6532:0:4,423b972f52fcbc22cc94be5cb64caefa796a5124160f24ec5fab21772249ca14,477.3415429517627,12,16195.59375,16608.0,,,,,
baseline,reverse,0,25,bb98dd0bceac09d24db1ecb2af549a92:377f7f0dd150:0:0,855c108ad67905d09ec7c1b0e8aece7c700b88af2a47447b339d06f51ca5f3c1,511.82825304567814,14,16191.43603515625,16608.0,,,,,
baseline,reverse,0,26,bb98dd0bceac09d24db1ecb2af549a92:377f7f0dd150:0:1,345f983c72b415369583c07355d41a5ce238a9e9fc7fe025add55b989f42753c,579.502722946927,19,16191.43603515625,16608.0,,,,,
baseline,reverse,0,27,bb98dd0bceac09d24db1ecb2af549a92:377f7f0dd150:0:2,d9dc9f66742ea39569f48bea2599a075674a27a99bededdf7d11d3fbc33c74c9,567.3930740449578,17,16191.43603515625,16608.0,,,,,
baseline,reverse,0,28,bb98dd0bceac09d24db1ecb2af549a92:377f7f0dd150:0:3,c45891449e67fbebaa72c55f78b5e89e2ef69d3f86135e99eaae972f41ca37d3,574.7537470888346,19,16191.43603515625,16608.0,,,,,
baseline,reverse,0,29,bb98dd0bceac09d24db1ecb2af549a92:377f7f0dd150:0:4,a4b4d1f639310ce5a0af8666d80dea51c299717b38da5a87d48ce3bde0ecf3b5,487.63729678466916,12,16191.43603515625,16608.0,,,,,
baseline,reverse,0,30,bb98dd0bceac09d24db1ecb2af549a92:2cf3a7a3a65c:0:0,855c108ad67905d09ec7c1b0e8aece7c700b88af2a47447b339d06f51ca5f3c1,514.2142649274319,14,16191.43603515625,16608.0,,,,,
baseline,reverse,0,31,bb98dd0bceac09d24db1ecb2af549a92:2cf3a7a3a65c:0:1,345f983c72b415369583c07355d41a5ce238a9e9fc7fe025add55b989f42753c,585.0885140243918,19,16191.43603515625,16608.0,,,,,
baseline,reverse,0,32,bb98dd0bceac09d24db1ecb2af549a92:2cf3a7a3a65c:0:2,d9dc9f66742ea39569f48bea2599a075674a27a99bededdf7d11d3fbc33c74c9,556.2438678462058,17,16191.43603515625,16608.0,,,,,
baseline,reverse,0,33,bb98dd0bceac09d24db1ecb2af549a92:2cf3a7a3a65c:0:3,c45891449e67fbebaa72c55f78b5e89e2ef69d3f86135e99eaae972f41ca37d3,581.1236400622874,19,16191.43603515625,16608.0,,,,,
baseline,reverse,0,34,bb98dd0bceac09d24db1ecb2af549a92:2cf3a7a3a65c:0:4,a4b4d1f639310ce5a0af8666d80dea51c299717b38da5a87d48ce3bde0ecf3b5,486.1257169395685,12,16191.43603515625,16608.0,,,,,
baseline,reverse,0,35,b877dd782edba758ab429e3ee3de3329:97e16cc551e4:0:0,bcf1436e8a0397586b601d3afcfbd9357f7df58201510a79a21f33dea57905ee,678.6448501516134,26,16191.71044921875,16608.0,,,,,
baseline,reverse,0,36,b877dd782edba758ab429e3ee3de3329:97e16cc551e4:0:1,f340e6b096d48731cb6973ce6c1f384848e8a709bc3d7fefbc1375269bb16f66,577.8831019997597,19,16191.71044921875,16608.0,,,,,
baseline,reverse,0,37,b877dd782edba758ab429e3ee3de3329:97e16cc551e4:0:2,2b704dcf2e659e9441eb368463e822d98e8a4b4b0badfa1e02b97c395219bada,606.8450179882348,21,16191.71044921875,16608.0,,,,,
baseline,reverse,0,38,b877dd782edba758ab429e3ee3de3329:97e16cc551e4:0:3,2b704dcf2e659e9441eb368463e822d98e8a4b4b0badfa1e02b97c395219bada,604.2781679425389,21,16191.71044921875,16608.0,,,,,
baseline,reverse,0,39,b877dd782edba758ab429e3ee3de3329:97e16cc551e4:0:4,9833888f2bcf7baedb3e6d22f7a45d778a3ddb93dc3ee593faf345e015a5527d,577.6961401570588,19,16191.71044921875,16608.0,,,,,
baseline,reverse,0,40,b877dd782edba758ab429e3ee3de3329:dd7f6c9e007d:0:0,bcf1436e8a0397586b601d3afcfbd9357f7df58201510a79a21f33dea57905ee,673.5469521954656,26,16191.71044921875,16608.0,,,,,
baseline,reverse,0,41,b877dd782edba758ab429e3ee3de3329:dd7f6c9e007d:0:1,f340e6b096d48731cb6973ce6c1f384848e8a709bc3d7fefbc1375269bb16f66,582.2799759916961,19,16191.71044921875,16608.0,,,,,
baseline,reverse,0,42,b877dd782edba758ab429e3ee3de3329:dd7f6c9e007d:0:2,f340e6b096d48731cb6973ce6c1f384848e8a709bc3d7fefbc1375269bb16f66,582.5965420808643,19,16191.71044921875,16608.0,,,,,
baseline,reverse,0,43,b877dd782edba758ab429e3ee3de3329:dd7f6c9e007d:0:3,2b704dcf2e659e9441eb368463e822d98e8a4b4b0badfa1e02b97c395219bada,611.2511490937322,21,16191.71044921875,16608.0,,,,,
baseline,reverse,0,44,b877dd782edba758ab429e3ee3de3329:dd7f6c9e007d:0:4,9833888f2bcf7baedb3e6d22f7a45d778a3ddb93dc3ee593faf345e015a5527d,582.3605409823358,19,16191.71044921875,16608.0,,,,,
baseline,reverse,0,45,4f59fbf51a0a5bfb4dc5af02cf294693:993dac5396a0:0:0,02b2f284846856bbed690c4a4ff41de209848e5b20a5b8e52994ff6008da32c7,556.1720600817353,17,16192.396484375,16608.0,,,,,
baseline,reverse,0,46,4f59fbf51a0a5bfb4dc5af02cf294693:993dac5396a0:0:1,72ce63e97c300b32403763a2e20f5768dbedc981efcd36c58458b7f10991a314,500.27949502691627,13,16192.396484375,16608.0,,,,,
baseline,reverse,0,47,4f59fbf51a0a5bfb4dc5af02cf294693:993dac5396a0:0:2,692a62434ae2815dec74164a4d148a1ad395dbf6653d58fc4ae432a52e892e37,557.1940089575946,17,16192.396484375,16608.0,,,,,
baseline,reverse,0,48,4f59fbf51a0a5bfb4dc5af02cf294693:993dac5396a0:0:3,692a62434ae2815dec74164a4d148a1ad395dbf6653d58fc4ae432a52e892e37,555.9926240239292,17,16192.396484375,16608.0,,,,,
baseline,reverse,0,49,4f59fbf51a0a5bfb4dc5af02cf294693:993dac5396a0:0:4,e4f0271d7dced0f36c97839e546b1f140f69dfa129a37b04f653f47eb9c2798f,486.27213621512055,12,16192.396484375,16608.0,,,,,
baseline,reverse,1,0,1a938d25604410ccd63b60285919eaec:c627e50da685:0:0,e042894d371a8df6673730e94e09c16b0c54e157faa37094ac0edd0138322b43,487.0962011627853,12,16192.396484375,16608.0,,,,,
baseline,reverse,1,1,1a938d25604410ccd63b60285919eaec:c627e50da685:0:1,e042894d371a8df6673730e94e09c16b0c54e157faa37094ac0edd0138322b43,485.93296902254224,12,16192.396484375,16608.0,,,,,
baseline,reverse,1,2,1a938d25604410ccd63b60285919eaec:c627e50da685:0:2,f5f79da7870b43a425d911d4230cbde81339aaf8976b28d91223d1db1b9dcb91,485.08274694904685,12,16192.396484375,16608.0,,,,,
baseline,reverse,1,3,1a938d25604410ccd63b60285919eaec:c627e50da685:0:3,82b4934cd2e12dd5597e5e37c746229f9ae763b2251ce7ebf18bfe7be9c79896,514.8930889554322,14,16192.396484375,16608.0,,,,,
baseline,reverse,1,4,1a938d25604410ccd63b60285919eaec:c627e50da685:0:4,82b4934cd2e12dd5597e5e37c746229f9ae763b2251ce7ebf18bfe7be9c79896,514.9827632121742,14,16192.396484375,16608.0,,,,,
baseline,reverse,1,5,49cd6149f02ec01ee03a6eb8287ab2df:f982e9dfaf25:0:0,435ddab74d1ce43607ae306954b3988e040a520237c7d35ed4bf195d89590fe9,583.5411800071597,19,16191.43603515625,16608.0,,,,,
baseline,reverse,1,6,49cd6149f02ec01ee03a6eb8287ab2df:f982e9dfaf25:0:1,435ddab74d1ce43607ae306954b3988e040a520237c7d35ed4bf195d89590fe9,584.1865669935942,19,16191.43603515625,16608.0,,,,,
baseline,reverse,1,7,49cd6149f02ec01ee03a6eb8287ab2df:f982e9dfaf25:0:2,73fb32b5e401b3eacb51e7e77bdf04e3b22a04455436b5dd1473893ee8251122,454.19720211066306,8,16191.43603515625,16608.0,,,,,
baseline,reverse,1,8,49cd6149f02ec01ee03a6eb8287ab2df:f982e9dfaf25:0:3,435ddab74d1ce43607ae306954b3988e040a520237c7d35ed4bf195d89590fe9,582.5633041094989,19,16191.43603515625,16608.0,,,,,
baseline,reverse,1,9,49cd6149f02ec01ee03a6eb8287ab2df:f982e9dfaf25:0:4,73fb32b5e401b3eacb51e7e77bdf04e3b22a04455436b5dd1473893ee8251122,431.2635299284011,8,16191.43603515625,16608.0,,,,,
baseline,reverse,1,10,49cd6149f02ec01ee03a6eb8287ab2df:81739d7eb99c:0:0,435ddab74d1ce43607ae306954b3988e040a520237c7d35ed4bf195d89590fe9,582.6906389556825,19,16191.43603515625,16608.0,,,,,
baseline,reverse,1,11,49cd6149f02ec01ee03a6eb8287ab2df:81739d7eb99c:0:1,435ddab74d1ce43607ae306954b3988e040a520237c7d35ed4bf195d89590fe9,583.0470120999962,19,16191.43603515625,16608.0,,,,,
baseline,reverse,1,12,49cd6149f02ec01ee03a6eb8287ab2df:81739d7eb99c:0:2,73fb32b5e401b3eacb51e7e77bdf04e3b22a04455436b5dd1473893ee8251122,432.14549892582,8,16191.43603515625,16608.0,,,,,
baseline,reverse,1,13,49cd6149f02ec01ee03a6eb8287ab2df:81739d7eb99c:0:3,95f301e4834466fadb9df4ae46e1b1c55f14a11d8b92502235741ad28dbdb107,526.876931078732,15,16191.43603515625,16608.0,,,,,
baseline,reverse,1,14,49cd6149f02ec01ee03a6eb8287ab2df:81739d7eb99c:0:4,73fb32b5e401b3eacb51e7e77bdf04e3b22a04455436b5dd1473893ee8251122,430.91523298062384,8,16191.43603515625,16608.0,,,,,
baseline,reverse,1,15,c6050fe51d3408b1eaef27e08e7f1956:1458b54ae2f6:0:0,35990225eb4034f560541dca69e3de42af70ee7e6c5a42420c958e689cda2c02,460.49184212461114,10,16195.59375,16608.0,,,,,
baseline,reverse,1,16,c6050fe51d3408b1eaef27e08e7f1956:1458b54ae2f6:0:1,aebb1cb50cd9dcc29e137a5616bb2478102285853aed08894b7f12bdcbb1c56f,486.1057959496975,12,16195.59375,16608.0,,,,,
baseline,reverse,1,17,c6050fe51d3408b1eaef27e08e7f1956:1458b54ae2f6:0:2,111b8aacdbaf954aebfbd039849710807963f2bd7a68786f9ede013bd58cf416,389.67500790022314,5,16195.59375,16608.0,,,,,
baseline,reverse,1,18,c6050fe51d3408b1eaef27e08e7f1956:1458b54ae2f6:0:3,423b972f52fcbc22cc94be5cb64caefa796a5124160f24ec5fab21772249ca14,487.3548620380461,12,16195.59375,16608.0,,,,,
baseline,reverse,1,19,c6050fe51d3408b1eaef27e08e7f1956:1458b54ae2f6:0:4,423b972f52fcbc22cc94be5cb64caefa796a5124160f24ec5fab21772249ca14,487.7688270062208,12,16195.59375,16608.0,,,,,
baseline,reverse,1,20,c6050fe51d3408b1eaef27e08e7f1956:e4e99a4d6532:0:0,35990225eb4034f560541dca69e3de42af70ee7e6c5a42420c958e689cda2c02,459.5163790509105,10,16195.59375,16608.0,,,,,
baseline,reverse,1,21,c6050fe51d3408b1eaef27e08e7f1956:e4e99a4d6532:0:1,aebb1cb50cd9dcc29e137a5616bb2478102285853aed08894b7f12bdcbb1c56f,484.8641708958894,12,16195.59375,16608.0,,,,,
baseline,reverse,1,22,c6050fe51d3408b1eaef27e08e7f1956:e4e99a4d6532:0:2,111b8aacdbaf954aebfbd039849710807963f2bd7a68786f9ede013bd58cf416,384.33508411981165,5,16195.59375,16608.0,,,,,
baseline,reverse,1,23,c6050fe51d3408b1eaef27e08e7f1956:e4e99a4d6532:0:3,423b972f52fcbc22cc94be5cb64caefa796a5124160f24ec5fab21772249ca14,488.90359909273684,12,16195.59375,16608.0,,,,,
baseline,reverse,1,24,c6050fe51d3408b1eaef27e08e7f1956:e4e99a4d6532:0:4,423b972f52fcbc22cc94be5cb64caefa796a5124160f24ec5fab21772249ca14,487.14234097860754,12,16195.59375,16608.0,,,,,
baseline,reverse,1,25,bb98dd0bceac09d24db1ecb2af549a92:377f7f0dd150:0:0,855c108ad67905d09ec7c1b0e8aece7c700b88af2a47447b339d06f51ca5f3c1,510.40040608495474,14,16191.43603515625,16608.0,,,,,
baseline,reverse,1,26,bb98dd0bceac09d24db1ecb2af549a92:377f7f0dd150:0:1,345f983c72b415369583c07355d41a5ce238a9e9fc7fe025add55b989f42753c,586.015370907262,19,16191.43603515625,16608.0,,,,,
baseline,reverse,1,27,bb98dd0bceac09d24db1ecb2af549a92:377f7f0dd150:0:2,d9dc9f66742ea39569f48bea2599a075674a27a99bededdf7d11d3fbc33c74c9,560.3030112106353,17,16191.43603515625,16608.0,,,,,
baseline,reverse,1,28,bb98dd0bceac09d24db1ecb2af549a92:377f7f0dd150:0:3,c45891449e67fbebaa72c55f78b5e89e2ef69d3f86135e99eaae972f41ca37d3,600.2711940091103,19,16191.43603515625,16608.0,,,,,
baseline,reverse,1,29,bb98dd0bceac09d24db1ecb2af549a92:377f7f0dd150:0:4,a4b4d1f639310ce5a0af8666d80dea51c299717b38da5a87d48ce3bde0ecf3b5,487.19755304045975,12,16191.43603515625,16608.0,,,,,
baseline,reverse,1,30,bb98dd0bceac09d24db1ecb2af549a92:2cf3a7a3a65c:0:0,855c108ad67905d09ec7c1b0e8aece7c700b88af2a47447b339d06f51ca5f3c1,515.4397480655462,14,16191.43603515625,16608.0,,,,,
baseline,reverse,1,31,bb98dd0bceac09d24db1ecb2af549a92:2cf3a7a3a65c:0:1,345f983c72b415369583c07355d41a5ce238a9e9fc7fe025add55b989f42753c,584.667800925672,19,16191.43603515625,16608.0,,,,,
baseline,reverse,1,32,bb98dd0bceac09d24db1ecb2af549a92:2cf3a7a3a65c:0:2,d9dc9f66742ea39569f48bea2599a075674a27a99bededdf7d11d3fbc33c74c9,557.1168900933117,17,16191.43603515625,16608.0,,,,,
baseline,reverse,1,33,bb98dd0bceac09d24db1ecb2af549a92:2cf3a7a3a65c:0:3,c45891449e67fbebaa72c55f78b5e89e2ef69d3f86135e99eaae972f41ca37d3,582.235551904887,19,16191.43603515625,16608.0,,,,,
baseline,reverse,1,34,bb98dd0bceac09d24db1ecb2af549a92:2cf3a7a3a65c:0:4,a4b4d1f639310ce5a0af8666d80dea51c299717b38da5a87d48ce3bde0ecf3b5,480.4185761604458,12,16191.43603515625,16608.0,,,,,
baseline,reverse,1,35,b877dd782edba758ab429e3ee3de3329:97e16cc551e4:0:0,bcf1436e8a0397586b601d3afcfbd9357f7df58201510a79a21f33dea57905ee,681.3117768615484,26,16191.71044921875,16608.0,,,,,
baseline,reverse,1,36,b877dd782edba758ab429e3ee3de3329:97e16cc551e4:0:1,f340e6b096d48731cb6973ce6c1f384848e8a709bc3d7fefbc1375269bb16f66,577.6725769974291,19,16191.71044921875,16608.0,,,,,
baseline,reverse,1,37,b877dd782edba758ab429e3ee3de3329:97e16cc551e4:0:2,2b704dcf2e659e9441eb368463e822d98e8a4b4b0badfa1e02b97c395219bada,605.7315000798553,21,16191.71044921875,16608.0,,,,,
baseline,reverse,1,38,b877dd782edba758ab429e3ee3de3329:97e16cc551e4:0:3,2b704dcf2e659e9441eb368463e822d98e8a4b4b0badfa1e02b97c395219bada,611.7431670427322,21,16191.71044921875,16608.0,,,,,
baseline,reverse,1,39,b877dd782edba758ab429e3ee3de3329:97e16cc551e4:0:4,9833888f2bcf7baedb3e6d22f7a45d778a3ddb93dc3ee593faf345e015a5527d,583.7417680304497,19,16191.71044921875,16608.0,,,,,
baseline,reverse,1,40,b877dd782edba758ab429e3ee3de3329:dd7f6c9e007d:0:0,bcf1436e8a0397586b601d3afcfbd9357f7df58201510a79a21f33dea57905ee,680.079426150769,26,16191.71044921875,16608.0,,,,,
baseline,reverse,1,41,b877dd782edba758ab429e3ee3de3329:dd7f6c9e007d:0:1,f340e6b096d48731cb6973ce6c1f384848e8a709bc3d7fefbc1375269bb16f66,583.7648659944534,19,16191.71044921875,16608.0,,,,,
baseline,reverse,1,42,b877dd782edba758ab429e3ee3de3329:dd7f6c9e007d:0:2,2b704dcf2e659e9441eb368463e822d98e8a4b4b0badfa1e02b97c395219bada,610.7884380035102,21,16191.71044921875,16608.0,,,,,
baseline,reverse,1,43,b877dd782edba758ab429e3ee3de3329:dd7f6c9e007d:0:3,2b704dcf2e659e9441eb368463e822d98e8a4b4b0badfa1e02b97c395219bada,606.7268059123307,21,16191.71044921875,16608.0,,,,,
baseline,reverse,1,44,b877dd782edba758ab429e3ee3de3329:dd7f6c9e007d:0:4,9833888f2bcf7baedb3e6d22f7a45d778a3ddb93dc3ee593faf345e015a5527d,582.7940939925611,19,16191.71044921875,16608.0,,,,,
baseline,reverse,1,45,4f59fbf51a0a5bfb4dc5af02cf294693:993dac5396a0:0:0,02b2f284846856bbed690c4a4ff41de209848e5b20a5b8e52994ff6008da32c7,555.383135098964,17,16192.396484375,16608.0,,,,,
baseline,reverse,1,46,4f59fbf51a0a5bfb4dc5af02cf294693:993dac5396a0:0:1,72ce63e97c300b32403763a2e20f5768dbedc981efcd36c58458b7f10991a314,494.445180054754,13,16192.396484375,16608.0,,,,,
baseline,reverse,1,47,4f59fbf51a0a5bfb4dc5af02cf294693:993dac5396a0:0:2,692a62434ae2815dec74164a4d148a1ad395dbf6653d58fc4ae432a52e892e37,555.8987339027226,17,16192.396484375,16608.0,,,,,
baseline,reverse,1,48,4f59fbf51a0a5bfb4dc5af02cf294693:993dac5396a0:0:3,692a62434ae2815dec74164a4d148a1ad395dbf6653d58fc4ae432a52e892e37,558.0676048994064,17,16192.396484375,16608.0,,,,,
baseline,reverse,1,49,4f59fbf51a0a5bfb4dc5af02cf294693:993dac5396a0:0:4,0cc9fb380cb2bb70003747e1d1b5eddb6239e470e3464f2a6cf9c2ca668b89c3,500.79145305790007,13,16192.396484375,16608.0,,,,,
