mode,repeat,sample_index,orig_id,answer_sha256,answer_matches_vanilla,latency_ms,tokens,peak_allocated_mb,peak_reserved_mb,steps_processed,detection_ready_ms,detection_after_prefill_ms,detector_probability,detector_prediction
sieve,0,0,1a938d25604410ccd63b60285919eaec:c627e50da685:0:0,70f89282fb4200d4c7cb83660e5e90d9cf2d989cdecf70c1f868239e5f542294,True,284.8605790641159,7,15021.759765625,15234.0,2,216.8288859538734,102.36321785487235,0.004924661945551634,0
sieve,0,1,1a938d25604410ccd63b60285919eaec:c627e50da685:0:1,c709293d644a54f3b0d6270fc879317ff277c06c090c03c30f721b08140bbe7b,True,399.76076083257794,15,15021.759765625,15234.0,2,224.56108196638525,102.04248898662627,0.004094086587429047,0
sieve,0,2,1a938d25604410ccd63b60285919eaec:c627e50da685:0:2,c709293d644a54f3b0d6270fc879317ff277c06c090c03c30f721b08140bbe7b,True,396.50153811089694,15,15021.759765625,15234.0,2,220.7098319195211,101.65685880929232,0.0040935343131423,0
sieve,0,3,1a938d25604410ccd63b60285919eaec:c627e50da685:0:3,c709293d644a54f3b0d6270fc879317ff277c06c090c03c30f721b08140bbe7b,True,392.54400483332574,15,15021.759765625,15234.0,2,216.7431937996298,101.83036187663674,0.0040935343131423,0
sieve,0,4,1a938d25604410ccd63b60285919eaec:c627e50da685:0:4,15905afe25f3666163b46d6b6948b985a7debd874743ae398a264536e830ec1f,True,293.54089591652155,7,15021.759765625,15234.0,2,225.26678210124373,102.01206104829907,0.01485521625727415,0
sieve,0,5,49cd6149f02ec01ee03a6eb8287ab2df:f982e9dfaf25:0:0,5feceb66ffc86f38d952786c6d696c79c2dbc239dd4e91b46729d73a27fb57e9,True,202.90909195318818,2,15017.73974609375,15234.0,2,202.2327680606395,91.06971300207078,0.004186899401247501,0
sieve,0,6,49cd6149f02ec01ee03a6eb8287ab2df:f982e9dfaf25:0:1,5feceb66ffc86f38d952786c6d696c79c2dbc239dd4e91b46729d73a27fb57e9,True,202.28051603771746,2,15017.73974609375,15234.0,2,201.60534791648388,90.86165204644203,0.004115694668143988,0
sieve,0,7,49cd6149f02ec01ee03a6eb8287ab2df:f982e9dfaf25:0:2,5feceb66ffc86f38d952786c6d696c79c2dbc239dd4e91b46729d73a27fb57e9,True,202.90716597810388,2,15017.73974609375,15234.0,2,202.23104488104582,90.96565982326865,0.004115694668143988,0
sieve,0,8,49cd6149f02ec01ee03a6eb8287ab2df:f982e9dfaf25:0:3,5feceb66ffc86f38d952786c6d696c79c2dbc239dd4e91b46729d73a27fb57e9,True,202.08730711601675,2,15017.73974609375,15234.0,2,201.4162689447403,90.94192599877715,0.004115694668143988,0
sieve,0,9,49cd6149f02ec01ee03a6eb8287ab2df:f982e9dfaf25:0:4,5feceb66ffc86f38d952786c6d696c79c2dbc239dd4e91b46729d73a27fb57e9,True,202.70207105204463,2,15017.73974609375,15234.0,2,202.03300705179572,91.42141696065664,0.008749167434871197,0
sieve,0,10,49cd6149f02ec01ee03a6eb8287ab2df:81739d7eb99c:0:0,5feceb66ffc86f38d952786c6d696c79c2dbc239dd4e91b46729d73a27fb57e9,True,202.19684299081564,2,15017.73974609375,15234.0,2,201.5242998022586,90.89762694202363,0.004186899401247501,0
sieve,0,11,49cd6149f02ec01ee03a6eb8287ab2df:81739d7eb99c:0:1,5feceb66ffc86f38d952786c6d696c79c2dbc239dd4e91b46729d73a27fb57e9,True,202.61489204131067,2,15017.73974609375,15234.0,2,201.9378701224923,91.18525101803243,0.004115694668143988,0
sieve,0,12,49cd6149f02ec01ee03a6eb8287ab2df:81739d7eb99c:0:2,5feceb66ffc86f38d952786c6d696c79c2dbc239dd4e91b46729d73a27fb57e9,True,202.72765611298382,2,15017.73974609375,15234.0,2,202.0339211449027,91.04739711619914,0.004115694668143988,0
sieve,0,13,49cd6149f02ec01ee03a6eb8287ab2df:81739d7eb99c:0:3,5feceb66ffc86f38d952786c6d696c79c2dbc239dd4e91b46729d73a27fb57e9,True,204.29568900726736,2,15017.73974609375,15234.0,2,203.61353503540158,90.98371490836143,0.004115694668143988,0
sieve,0,14,49cd6149f02ec01ee03a6eb8287ab2df:81739d7eb99c:0:4,5feceb66ffc86f38d952786c6d696c79c2dbc239dd4e91b46729d73a27fb57e9,True,202.29483605362475,2,15017.73974609375,15234.0,2,201.62241999059916,90.9610299859196,0.008749167434871197,0
sieve,0,15,c6050fe51d3408b1eaef27e08e7f1956:1458b54ae2f6:0:0,d656de69c0da6209d397a8d5f7affee137ddc3be7811a9522dee62d3b10d52c8,True,298.16972790285945,8,15028.443359375,15234.0,2,216.5763049852103,102.12948406115174,0.004732169676572084,0
sieve,0,16,c6050fe51d3408b1eaef27e08e7f1956:1458b54ae2f6:0:1,cdb81c63cda0b6ef0b2a1260fb987458ab47d5bebf8b78c6355a3a6dc164506d,True,327.1570799406618,10,15028.443359375,15234.0,2,218.59605587087572,101.90015402622521,0.004826493561267853,0
sieve,0,17,c6050fe51d3408b1eaef27e08e7f1956:1458b54ae2f6:0:2,fe50179dd819d03ae1216ed234b97e224965b782031f3c44efdb45fd96b23cd1,True,312.0213660877198,9,15028.443359375,15234.0,2,217.0499509666115,102.01835981570184,0.010608753189444542,0
sieve,0,18,c6050fe51d3408b1eaef27e08e7f1956:1458b54ae2f6:0:3,193405ed8b35f3ee7bb64910e10c564fde35fef8c1a936749daf66c5d021ba99,True,267.26037496700883,5,15028.443359375,15234.0,2,226.04449791833758,101.9632329698652,0.004568173084408045,0
sieve,0,19,c6050fe51d3408b1eaef27e08e7f1956:1458b54ae2f6:0:4,b95e2705d5a356fbf1413fffbb51166a15189a8408c65518ca1e169bb0b681ec,True,339.8781551513821,11,15028.443359375,15234.0,2,217.92433713562787,102.53498004749417,0.01720445416867733,0
sieve,0,20,c6050fe51d3408b1eaef27e08e7f1956:e4e99a4d6532:0:0,d656de69c0da6209d397a8d5f7affee137ddc3be7811a9522dee62d3b10d52c8,True,303.00089716911316,8,15028.443359375,15234.0,2,221.44769900478423,101.92611301317811,0.004732169676572084,0
sieve,0,21,c6050fe51d3408b1eaef27e08e7f1956:e4e99a4d6532:0:1,cdb81c63cda0b6ef0b2a1260fb987458ab47d5bebf8b78c6355a3a6dc164506d,True,330.90563607402146,10,15028.443359375,15234.0,2,221.89478296786547,102.05305484123528,0.004826493561267853,0
sieve,0,22,c6050fe51d3408b1eaef27e08e7f1956:e4e99a4d6532:0:2,fe50179dd819d03ae1216ed234b97e224965b782031f3c44efdb45fd96b23cd1,True,322.5740750785917,9,15028.443359375,15234.0,2,220.11160315014422,102.6539399754256,0.010608753189444542,0
sieve,0,23,c6050fe51d3408b1eaef27e08e7f1956:e4e99a4d6532:0:3,193405ed8b35f3ee7bb64910e10c564fde35fef8c1a936749daf66c5d021ba99,True,285.56516906246543,5,15028.443359375,15234.0,2,244.4538469426334,102.2410448640585,0.004568173084408045,0
sieve,0,24,c6050fe51d3408b1eaef27e08e7f1956:e4e99a4d6532:0:4,b95e2705d5a356fbf1413fffbb51166a15189a8408c65518ca1e169bb0b681ec,True,341.07324993237853,11,15028.443359375,15234.0,2,219.375676009804,102.37348894588649,0.01720445416867733,0
sieve,0,25,bb98dd0bceac09d24db1ecb2af549a92:377f7f0dd150:0:0,1ea442a134b2a184bd5d40104401f2a37fbc09ccf3f4bc9da161c6099be3691d,True,192.57339602336287,1,15000.8271484375,15234.0,1,192.51346215605736,77.15960405766964,0.004115694668143988,0
sieve,0,26,bb98dd0bceac09d24db1ecb2af549a92:377f7f0dd150:0:1,1ea442a134b2a184bd5d40104401f2a37fbc09ccf3f4bc9da161c6099be3691d,True,188.1173551082611,1,15000.8271484375,15234.0,1,188.05911601521075,77.02575693838298,0.004109101835638285,0
sieve,0,27,bb98dd0bceac09d24db1ecb2af549a92:377f7f0dd150:0:2,1ea442a134b2a184bd5d40104401f2a37fbc09ccf3f4bc9da161c6099be3691d,True,187.72195000201464,1,15000.8271484375,15234.0,1,187.6638731919229,77.00678613036871,0.004115694668143988,0
sieve,0,28,bb98dd0bceac09d24db1ecb2af549a92:377f7f0dd150:0:3,85a39ab345d672ff8ca9b9c6876f3adcacf45ee7c1e2dbd2408fd338bd55e07e,True,187.97227693721652,1,15000.8271484375,15234.0,1,187.91486602276564,76.93735416978598,0.005901636555790901,0
sieve,0,29,bb98dd0bceac09d24db1ecb2af549a92:377f7f0dd150:0:4,85a39ab345d672ff8ca9b9c6876f3adcacf45ee7c1e2dbd2408fd338bd55e07e,True,187.4639349989593,1,15000.8271484375,15234.0,1,187.4036688823253,77.01775501482189,0.005041200667619705,0
sieve,0,30,bb98dd0bceac09d24db1ecb2af549a92:2cf3a7a3a65c:0:0,1ea442a134b2a184bd5d40104401f2a37fbc09ccf3f4bc9da161c6099be3691d,True,209.9559148773551,1,15000.8271484375,15234.0,1,209.8962829913944,76.94526016712189,0.004115694668143988,0
sieve,0,31,bb98dd0bceac09d24db1ecb2af549a92:2cf3a7a3a65c:0:1,1ea442a134b2a184bd5d40104401f2a37fbc09ccf3f4bc9da161c6099be3691d,True,187.87070992402732,1,15000.8271484375,15234.0,1,187.8132310230285,76.94133906625211,0.004109101835638285,0
sieve,0,32,bb98dd0bceac09d24db1ecb2af549a92:2cf3a7a3a65c:0:2,1ea442a134b2a184bd5d40104401f2a37fbc09ccf3f4bc9da161c6099be3691d,True,192.47644394636154,1,15000.8271484375,15234.0,1,192.4168299883604,77.07085693255067,0.004115694668143988,0
sieve,0,33,bb98dd0bceac09d24db1ecb2af549a92:2cf3a7a3a65c:0:3,85a39ab345d672ff8ca9b9c6876f3adcacf45ee7c1e2dbd2408fd338bd55e07e,True,189.32918086647987,1,15000.8271484375,15234.0,1,189.26615896634758,77.1740060299635,0.005901636555790901,0
sieve,0,34,bb98dd0bceac09d24db1ecb2af549a92:2cf3a7a3a65c:0:4,85a39ab345d672ff8ca9b9c6876f3adcacf45ee7c1e2dbd2408fd338bd55e07e,True,188.34125995635986,1,15000.8271484375,15234.0,1,188.28136008232832,77.06108409911394,0.005041200667619705,0
sieve,0,35,b877dd782edba758ab429e3ee3de3329:97e16cc551e4:0:0,5feceb66ffc86f38d952786c6d696c79c2dbc239dd4e91b46729d73a27fb57e9,True,202.61267898604274,2,15017.73974609375,15234.0,2,201.9076249562204,91.09522704966366,0.0040935343131423,0
sieve,0,36,b877dd782edba758ab429e3ee3de3329:97e16cc551e4:0:1,5feceb66ffc86f38d952786c6d696c79c2dbc239dd4e91b46729d73a27fb57e9,True,205.10462718084455,2,15017.73974609375,15234.0,2,204.42442898638546,91.31373278796673,0.004115694668143988,0
sieve,0,37,b877dd782edba758ab429e3ee3de3329:97e16cc551e4:0:2,5feceb66ffc86f38d952786c6d696c79c2dbc239dd4e91b46729d73a27fb57e9,True,202.8528260998428,2,15017.73974609375,15234.0,2,202.169121010229,90.98944603465497,0.004115694668143988,0
sieve,0,38,b877dd782edba758ab429e3ee3de3329:97e16cc551e4:0:3,5feceb66ffc86f38d952786c6d696c79c2dbc239dd4e91b46729d73a27fb57e9,True,202.8937239665538,2,15017.73974609375,15234.0,2,202.20122789032757,90.88595095090568,0.004115694668143988,0
sieve,0,39,b877dd782edba758ab429e3ee3de3329:97e16cc551e4:0:4,6b86b273ff34fce19d6b804eff5a3f5747ada4eaa22f1d49c01e52ddb7875b4b,True,202.57861400023103,2,15017.73974609375,15234.0,2,201.88694982789457,91.28498891368508,0.007833479903638363,0
sieve,0,40,b877dd782edba758ab429e3ee3de3329:dd7f6c9e007d:0:0,5feceb66ffc86f38d952786c6d696c79c2dbc239dd4e91b46729d73a27fb57e9,True,204.3691910803318,2,15017.73974609375,15234.0,2,203.6838550120592,90.92958504334092,0.0040935343131423,0
sieve,0,41,b877dd782edba758ab429e3ee3de3329:dd7f6c9e007d:0:1,5feceb66ffc86f38d952786c6d696c79c2dbc239dd4e91b46729d73a27fb57e9,True,202.31553283520043,2,15017.73974609375,15234.0,2,201.62479882128537,90.79029387794435,0.004115694668143988,0
sieve,0,42,b877dd782edba758ab429e3ee3de3329:dd7f6c9e007d:0:2,5feceb66ffc86f38d952786c6d696c79c2dbc239dd4e91b46729d73a27fb57e9,True,202.67448108643293,2,15017.73974609375,15234.0,2,201.99939096346498,91.19634283706546,0.004115694668143988,0
sieve,0,43,b877dd782edba758ab429e3ee3de3329:dd7f6c9e007d:0:3,5feceb66ffc86f38d952786c6d696c79c2dbc239dd4e91b46729d73a27fb57e9,True,202.22328789532185,2,15017.73974609375,15234.0,2,201.542513910681,90.74049396440387,0.004115694668143988,0
sieve,0,44,b877dd782edba758ab429e3ee3de3329:dd7f6c9e007d:0:4,6b86b273ff34fce19d6b804eff5a3f5747ada4eaa22f1d49c01e52ddb7875b4b,True,202.28946092538536,2,15017.73974609375,15234.0,2,201.62323187105358,91.08790499158204,0.007833479903638363,0
sieve,0,45,4f59fbf51a0a5bfb4dc5af02cf294693:993dac5396a0:0:0,082a3f27a64a793001365f40fd7d76058660d5148036e68127b7775445e5f79a,True,365.51016801968217,13,15024.7744140625,15234.0,2,216.2116828840226,101.85888898558915,0.004689679481089115,0
sieve,0,46,4f59fbf51a0a5bfb4dc5af02cf294693:993dac5396a0:0:1,082a3f27a64a793001365f40fd7d76058660d5148036e68127b7775445e5f79a,True,370.49391702748835,13,15024.7744140625,15234.0,2,221.32486291229725,102.03087190166116,0.004132868722081184,0
sieve,0,47,4f59fbf51a0a5bfb4dc5af02cf294693:993dac5396a0:0:2,082a3f27a64a793001365f40fd7d76058660d5148036e68127b7775445e5f79a,True,375.42642606422305,13,15024.7744140625,15234.0,2,225.94295209273696,102.39467001520097,0.0041106161661446095,0
sieve,0,48,4f59fbf51a0a5bfb4dc5af02cf294693:993dac5396a0:0:3,082a3f27a64a793001365f40fd7d76058660d5148036e68127b7775445e5f79a,True,366.5287389885634,13,15024.7744140625,15234.0,2,216.82517998851836,102.29298495687544,0.004110692534595728,0
sieve,0,49,4f59fbf51a0a5bfb4dc5af02cf294693:993dac5396a0:0:4,cb1d05299ff18cc4eb1eafa80966fcf02838d32be4a86d290ced7caf197919ad,True,325.8037550840527,10,15024.7744140625,15234.0,2,216.9844270683825,101.83851211331785,0.004714593291282654,0
sieve,1,0,1a938d25604410ccd63b60285919eaec:c627e50da685:0:0,70f89282fb4200d4c7cb83660e5e90d9cf2d989cdecf70c1f868239e5f542294,True,293.10786887072027,7,15021.759765625,15234.0,2,224.58809590898454,101.7295359633863,0.004924661945551634,0
sieve,1,1,1a938d25604410ccd63b60285919eaec:c627e50da685:0:1,c709293d644a54f3b0d6270fc879317ff277c06c090c03c30f721b08140bbe7b,True,392.68206618726254,15,15021.759765625,15234.0,2,216.11573616974056,101.72446514479816,0.004094086587429047,0
sieve,1,2,1a938d25604410ccd63b60285919eaec:c627e50da685:0:2,c709293d644a54f3b0d6270fc879317ff277c06c090c03c30f721b08140bbe7b,True,410.5941569432616,15,15021.759765625,15234.0,2,234.05170696787536,101.75758204422891,0.0040935343131423,0
sieve,1,3,1a938d25604410ccd63b60285919eaec:c627e50da685:0:3,c709293d644a54f3b0d6270fc879317ff277c06c090c03c30f721b08140bbe7b,True,404.56128399819136,15,15021.759765625,15234.0,2,226.14913596771657,101.87613405287266,0.0040935343131423,0
sieve,1,4,1a938d25604410ccd63b60285919eaec:c627e50da685:0:4,15905afe25f3666163b46d6b6948b985a7debd874743ae398a264536e830ec1f,True,293.050373904407,7,15021.759765625,15234.0,2,224.5580160524696,102.08403109572828,0.01485521625727415,0
sieve,1,5,49cd6149f02ec01ee03a6eb8287ab2df:f982e9dfaf25:0:0,5feceb66ffc86f38d952786c6d696c79c2dbc239dd4e91b46729d73a27fb57e9,True,204.67273914255202,2,15017.73974609375,15234.0,2,203.9799802005291,90.97490203566849,0.004186899401247501,0
sieve,1,6,49cd6149f02ec01ee03a6eb8287ab2df:f982e9dfaf25:0:1,5feceb66ffc86f38d952786c6d696c79c2dbc239dd4e91b46729d73a27fb57e9,True,203.88250006362796,2,15017.73974609375,15234.0,2,203.16559402272105,91.74347296357155,0.004115694668143988,0
sieve,1,7,49cd6149f02ec01ee03a6eb8287ab2df:f982e9dfaf25:0:2,5feceb66ffc86f38d952786c6d696c79c2dbc239dd4e91b46729d73a27fb57e9,True,223.12940703704953,2,15017.73974609375,15234.0,2,222.43510512635112,90.8015591558069,0.004115694668143988,0
sieve,1,8,49cd6149f02ec01ee03a6eb8287ab2df:f982e9dfaf25:0:3,5feceb66ffc86f38d952786c6d696c79c2dbc239dd4e91b46729d73a27fb57e9,True,203.9069291204214,2,15017.73974609375,15234.0,2,203.20330909453332,91.1552810575813,0.004115694668143988,0
sieve,1,9,49cd6149f02ec01ee03a6eb8287ab2df:f982e9dfaf25:0:4,5feceb66ffc86f38d952786c6d696c79c2dbc239dd4e91b46729d73a27fb57e9,True,202.52448390237987,2,15017.73974609375,15234.0,2,201.82683086022735,90.99260694347322,0.008749167434871197,0
sieve,1,10,49cd6149f02ec01ee03a6eb8287ab2df:81739d7eb99c:0:0,5feceb66ffc86f38d952786c6d696c79c2dbc239dd4e91b46729d73a27fb57e9,True,217.48734102584422,2,15017.73974609375,15234.0,2,216.80261194705963,91.03828994557261,0.004186899401247501,0
sieve,1,11,49cd6149f02ec01ee03a6eb8287ab2df:81739d7eb99c:0:1,5feceb66ffc86f38d952786c6d696c79c2dbc239dd4e91b46729d73a27fb57e9,True,202.91374484077096,2,15017.73974609375,15234.0,2,202.23489683121443,90.86895897053182,0.004115694668143988,0
sieve,1,12,49cd6149f02ec01ee03a6eb8287ab2df:81739d7eb99c:0:2,5feceb66ffc86f38d952786c6d696c79c2dbc239dd4e91b46729d73a27fb57e9,True,203.47674703225493,2,15017.73974609375,15234.0,2,202.79587106779218,91.57832013443112,0.004115694668143988,0
sieve,1,13,49cd6149f02ec01ee03a6eb8287ab2df:81739d7eb99c:0:3,5feceb66ffc86f38d952786c6d696c79c2dbc239dd4e91b46729d73a27fb57e9,True,202.58464012295008,2,15017.73974609375,15234.0,2,201.91570511087775,90.80886002629995,0.004115694668143988,0
sieve,1,14,49cd6149f02ec01ee03a6eb8287ab2df:81739d7eb99c:0:4,5feceb66ffc86f38d952786c6d696c79c2dbc239dd4e91b46729d73a27fb57e9,True,202.71565904840827,2,15017.73974609375,15234.0,2,202.03399402089417,90.9137709531933,0.008749167434871197,0
sieve,1,15,c6050fe51d3408b1eaef27e08e7f1956:1458b54ae2f6:0:0,d656de69c0da6209d397a8d5f7affee137ddc3be7811a9522dee62d3b10d52c8,True,298.16234786994755,8,15028.443359375,15234.0,2,216.27721097320318,101.75266303122044,0.004732169676572084,0
sieve,1,16,c6050fe51d3408b1eaef27e08e7f1956:1458b54ae2f6:0:1,cdb81c63cda0b6ef0b2a1260fb987458ab47d5bebf8b78c6355a3a6dc164506d,True,326.1425469536334,10,15028.443359375,15234.0,2,217.13156416080892,101.96625511161983,0.004826493561267853,0
sieve,1,17,c6050fe51d3408b1eaef27e08e7f1956:1458b54ae2f6:0:2,fe50179dd819d03ae1216ed234b97e224965b782031f3c44efdb45fd96b23cd1,True,317.0935430098325,9,15028.443359375,15234.0,2,222.06236608326435,102.03784704208374,0.010608753189444542,0
sieve,1,18,c6050fe51d3408b1eaef27e08e7f1956:1458b54ae2f6:0:3,193405ed8b35f3ee7bb64910e10c564fde35fef8c1a936749daf66c5d021ba99,True,274.92203493602574,5,15028.443359375,15234.0,2,233.6208838969469,101.81420994922519,0.004568173084408045,0
sieve,1,19,c6050fe51d3408b1eaef27e08e7f1956:1458b54ae2f6:0:4,b95e2705d5a356fbf1413fffbb51166a15189a8408c65518ca1e169bb0b681ec,True,342.611932894215,11,15028.443359375,15234.0,2,220.77860892750323,101.95034299977124,0.01720445416867733,0
sieve,1,20,c6050fe51d3408b1eaef27e08e7f1956:e4e99a4d6532:0:0,d656de69c0da6209d397a8d5f7affee137ddc3be7811a9522dee62d3b10d52c8,True,303.95872006192803,8,15028.443359375,15234.0,2,222.23854809999466,101.82495997287333,0.004732169676572084,0
sieve,1,21,c6050fe51d3408b1eaef27e08e7f1956:e4e99a4d6532:0:1,cdb81c63cda0b6ef0b2a1260fb987458ab47d5bebf8b78c6355a3a6dc164506d,True,334.0989029966295,10,15028.443359375,15234.0,2,225.9498459752649,101.8061360809952,0.004826493561267853,0
sieve,1,22,c6050fe51d3408b1eaef27e08e7f1956:e4e99a4d6532:0:2,fe50179dd819d03ae1216ed234b97e224965b782031f3c44efdb45fd96b23cd1,True,312.3719000723213,9,15028.443359375,15234.0,2,217.3830410465598,102.37410897389054,0.010608753189444542,0
sieve,1,23,c6050fe51d3408b1eaef27e08e7f1956:e4e99a4d6532:0:3,193405ed8b35f3ee7bb64910e10c564fde35fef8c1a936749daf66c5d021ba99,True,258.7157320231199,5,15028.443359375,15234.0,2,217.53940102644265,101.84910311363637,0.004568173084408045,0
sieve,1,24,c6050fe51d3408b1eaef27e08e7f1956:e4e99a4d6532:0:4,b95e2705d5a356fbf1413fffbb51166a15189a8408c65518ca1e169bb0b681ec,True,340.2127318549901,11,15028.443359375,15234.0,2,218.489158898592,101.873290957883,0.01720445416867733,0
sieve,1,25,bb98dd0bceac09d24db1ecb2af549a92:377f7f0dd150:0:0,1ea442a134b2a184bd5d40104401f2a37fbc09ccf3f4bc9da161c6099be3691d,True,193.08637385256588,1,15000.8271484375,15234.0,1,193.02458688616753,77.15416606515646,0.004115694668143988,0
sieve,1,26,bb98dd0bceac09d24db1ecb2af549a92:377f7f0dd150:0:1,1ea442a134b2a184bd5d40104401f2a37fbc09ccf3f4bc9da161c6099be3691d,True,190.13385591097176,1,15000.8271484375,15234.0,1,190.07372693158686,76.91655005328357,0.004109101835638285,0
sieve,1,27,bb98dd0bceac09d24db1ecb2af549a92:377f7f0dd150:0:2,1ea442a134b2a184bd5d40104401f2a37fbc09ccf3f4bc9da161c6099be3691d,True,188.28821182250977,1,15000.8271484375,15234.0,1,188.2296979892999,76.89668401144445,0.004115694668143988,0
sieve,1,28,bb98dd0bceac09d24db1ecb2af549a92:377f7f0dd150:0:3,85a39ab345d672ff8ca9b9c6876f3adcacf45ee7c1e2dbd2408fd338bd55e07e,True,188.60509409569204,1,15000.8271484375,15234.0,1,188.54522402398288,77.48833205550909,0.005901636555790901,0
sieve,1,29,bb98dd0bceac09d24db1ecb2af549a92:377f7f0dd150:0:4,85a39ab345d672ff8ca9b9c6876f3adcacf45ee7c1e2dbd2408fd338bd55e07e,True,187.94244714081287,1,15000.8271484375,15234.0,1,187.88509420119226,76.86690404079854,0.005041200667619705,0
sieve,1,30,bb98dd0bceac09d24db1ecb2af549a92:2cf3a7a3a65c:0:0,1ea442a134b2a184bd5d40104401f2a37fbc09ccf3f4bc9da161c6099be3691d,True,188.06178192608058,1,15000.8271484375,15234.0,1,188.0037789233029,76.96271408349276,0.004115694668143988,0
sieve,1,31,bb98dd0bceac09d24db1ecb2af549a92:2cf3a7a3a65c:0:1,1ea442a134b2a184bd5d40104401f2a37fbc09ccf3f4bc9da161c6099be3691d,True,188.4249800350517,1,15000.8271484375,15234.0,1,188.36755794472992,76.8669459503144,0.004109101835638285,0
sieve,1,32,bb98dd0bceac09d24db1ecb2af549a92:2cf3a7a3a65c:0:2,1ea442a134b2a184bd5d40104401f2a37fbc09ccf3f4bc9da161c6099be3691d,True,188.2324309553951,1,15000.8271484375,15234.0,1,188.17281699739397,76.8595770932734,0.004115694668143988,0
sieve,1,33,bb98dd0bceac09d24db1ecb2af549a92:2cf3a7a3a65c:0:3,85a39ab345d672ff8ca9b9c6876f3adcacf45ee7c1e2dbd2408fd338bd55e07e,True,202.937695896253,1,15000.8271484375,15234.0,1,202.8797899838537,76.7825071234256,0.005901636555790901,0
sieve,1,34,bb98dd0bceac09d24db1ecb2af549a92:2cf3a7a3a65c:0:4,85a39ab345d672ff8ca9b9c6876f3adcacf45ee7c1e2dbd2408fd338bd55e07e,True,188.60499397851527,1,15000.8271484375,15234.0,1,188.54697211645544,77.42099207825959,0.005041200667619705,0
sieve,1,35,b877dd782edba758ab429e3ee3de3329:97e16cc551e4:0:0,5feceb66ffc86f38d952786c6d696c79c2dbc239dd4e91b46729d73a27fb57e9,True,203.34926899522543,2,15017.73974609375,15234.0,2,202.6637780945748,90.78954299911857,0.0040935343131423,0
sieve,1,36,b877dd782edba758ab429e3ee3de3329:97e16cc551e4:0:1,5feceb66ffc86f38d952786c6d696c79c2dbc239dd4e91b46729d73a27fb57e9,True,203.32354097627103,2,15017.73974609375,15234.0,2,202.60976813733578,91.33945917710662,0.004115694668143988,0
sieve,1,37,b877dd782edba758ab429e3ee3de3329:97e16cc551e4:0:2,5feceb66ffc86f38d952786c6d696c79c2dbc239dd4e91b46729d73a27fb57e9,True,206.49844408035278,2,15017.73974609375,15234.0,2,205.7878552004695,91.61518607288599,0.004115694668143988,0
sieve,1,38,b877dd782edba758ab429e3ee3de3329:97e16cc551e4:0:3,5feceb66ffc86f38d952786c6d696c79c2dbc239dd4e91b46729d73a27fb57e9,True,205.95500292256474,2,15017.73974609375,15234.0,2,205.25642205029726,90.93573922291398,0.004115694668143988,0
sieve,1,39,b877dd782edba758ab429e3ee3de3329:97e16cc551e4:0:4,6b86b273ff34fce19d6b804eff5a3f5747ada4eaa22f1d49c01e52ddb7875b4b,True,202.79762195423245,2,15017.73974609375,15234.0,2,202.1015400532633,90.62354802154005,0.007833479903638363,0
sieve,1,40,b877dd782edba758ab429e3ee3de3329:dd7f6c9e007d:0:0,5feceb66ffc86f38d952786c6d696c79c2dbc239dd4e91b46729d73a27fb57e9,True,203.37491296231747,2,15017.73974609375,15234.0,2,202.69275503233075,91.33420302532613,0.0040935343131423,0
sieve,1,41,b877dd782edba758ab429e3ee3de3329:dd7f6c9e007d:0:1,5feceb66ffc86f38d952786c6d696c79c2dbc239dd4e91b46729d73a27fb57e9,True,202.81843398697674,2,15017.73974609375,15234.0,2,202.14244513772428,90.94427013769746,0.004115694668143988,0
sieve,1,42,b877dd782edba758ab429e3ee3de3329:dd7f6c9e007d:0:2,5feceb66ffc86f38d952786c6d696c79c2dbc239dd4e91b46729d73a27fb57e9,True,204.16022301651537,2,15017.73974609375,15234.0,2,203.47934612073004,92.17721596360207,0.004115694668143988,0
sieve,1,43,b877dd782edba758ab429e3ee3de3329:dd7f6c9e007d:0:3,5feceb66ffc86f38d952786c6d696c79c2dbc239dd4e91b46729d73a27fb57e9,True,210.0126389414072,2,15017.73974609375,15234.0,2,209.3356919940561,91.02820116095245,0.004115694668143988,0
sieve,1,44,b877dd782edba758ab429e3ee3de3329:dd7f6c9e007d:0:4,6b86b273ff34fce19d6b804eff5a3f5747ada4eaa22f1d49c01e52ddb7875b4b,True,202.82739610411227,2,15017.73974609375,15234.0,2,202.1503869909793,90.66672693006694,0.007833479903638363,0
sieve,1,45,4f59fbf51a0a5bfb4dc5af02cf294693:993dac5396a0:0:0,082a3f27a64a793001365f40fd7d76058660d5148036e68127b7775445e5f79a,True,365.2882520109415,13,15024.7744140625,15234.0,2,216.54226700775325,101.6675888095051,0.004689679481089115,0
sieve,1,46,4f59fbf51a0a5bfb4dc5af02cf294693:993dac5396a0:0:1,082a3f27a64a793001365f40fd7d76058660d5148036e68127b7775445e5f79a,True,369.5698049850762,13,15024.7744140625,15234.0,2,219.8459890205413,102.62935003265738,0.004132868722081184,0
sieve,1,47,4f59fbf51a0a5bfb4dc5af02cf294693:993dac5396a0:0:2,082a3f27a64a793001365f40fd7d76058660d5148036e68127b7775445e5f79a,True,391.5470491629094,13,15024.7744140625,15234.0,2,242.42316908203065,101.87208210118115,0.0041106161661446095,0
sieve,1,48,4f59fbf51a0a5bfb4dc5af02cf294693:993dac5396a0:0:3,082a3f27a64a793001365f40fd7d76058660d5148036e68127b7775445e5f79a,True,375.3145160153508,13,15024.7744140625,15234.0,2,225.5535339936614,102.4176690261811,0.004110692534595728,0
sieve,1,49,4f59fbf51a0a5bfb4dc5af02cf294693:993dac5396a0:0:4,cb1d05299ff18cc4eb1eafa80966fcf02838d32be4a86d290ced7caf197919ad,True,338.2182139903307,10,15024.7744140625,15234.0,2,229.48946803808212,102.49585704877973,0.004714593291282654,0
predictor,0,0,1a938d25604410ccd63b60285919eaec:c627e50da685:0:0,70f89282fb4200d4c7cb83660e5e90d9cf2d989cdecf70c1f868239e5f542294,True,285.01631785184145,7,15021.759765625,15234.0,2,216.8763659428805,101.23484092764556,,
predictor,0,1,1a938d25604410ccd63b60285919eaec:c627e50da685:0:1,c709293d644a54f3b0d6270fc879317ff277c06c090c03c30f721b08140bbe7b,True,391.76786807365716,15,15021.759765625,15234.0,2,215.7185690011829,101.17778205312788,,
predictor,0,2,1a938d25604410ccd63b60285919eaec:c627e50da685:0:2,c709293d644a54f3b0d6270fc879317ff277c06c090c03c30f721b08140bbe7b,True,392.47702597640455,15,15021.759765625,15234.0,2,216.87157591804862,101.23188490979373,,
predictor,0,3,1a938d25604410ccd63b60285919eaec:c627e50da685:0:3,c709293d644a54f3b0d6270fc879317ff277c06c090c03c30f721b08140bbe7b,True,391.4685321506113,15,15021.759765625,15234.0,2,215.82051506265998,101.02568892762065,,
predictor,0,4,1a938d25604410ccd63b60285919eaec:c627e50da685:0:4,15905afe25f3666163b46d6b6948b985a7debd874743ae398a264536e830ec1f,True,283.4535150323063,7,15021.759765625,15234.0,2,215.54058603942394,101.02087794803083,,
predictor,0,5,49cd6149f02ec01ee03a6eb8287ab2df:f982e9dfaf25:0:0,5feceb66ffc86f38d952786c6d696c79c2dbc239dd4e91b46729d73a27fb57e9,True,201.60771091468632,2,15017.73974609375,15234.0,2,201.01906987838447,89.9800828192383,,
predictor,0,6,49cd6149f02ec01ee03a6eb8287ab2df:f982e9dfaf25:0:1,5feceb66ffc86f38d952786c6d696c79c2dbc239dd4e91b46729d73a27fb57e9,True,201.29095995798707,2,15017.73974609375,15234.0,2,200.7056821603328,90.32730013132095,,
predictor,0,7,49cd6149f02ec01ee03a6eb8287ab2df:f982e9dfaf25:0:2,5feceb66ffc86f38d952786c6d696c79c2dbc239dd4e91b46729d73a27fb57e9,True,203.5116539336741,2,15017.73974609375,15234.0,2,202.91940006427467,90.87813412770629,,
predictor,0,8,49cd6149f02ec01ee03a6eb8287ab2df:f982e9dfaf25:0:3,5feceb66ffc86f38d952786c6d696c79c2dbc239dd4e91b46729d73a27fb57e9,True,202.55053392611444,2,15017.73974609375,15234.0,2,201.91528997384012,90.61498893424869,,
predictor,0,9,49cd6149f02ec01ee03a6eb8287ab2df:f982e9dfaf25:0:4,5feceb66ffc86f38d952786c6d696c79c2dbc239dd4e91b46729d73a27fb57e9,True,206.0126548167318,2,15017.73974609375,15234.0,2,205.38503280840814,90.6598309520632,,
predictor,0,10,49cd6149f02ec01ee03a6eb8287ab2df:81739d7eb99c:0:0,5feceb66ffc86f38d952786c6d696c79c2dbc239dd4e91b46729d73a27fb57e9,True,205.95734007656574,2,15017.73974609375,15234.0,2,205.34204714931548,90.50414897501469,,
predictor,0,11,49cd6149f02ec01ee03a6eb8287ab2df:81739d7eb99c:0:1,5feceb66ffc86f38d952786c6d696c79c2dbc239dd4e91b46729d73a27fb57e9,True,203.33785680122674,2,15017.73974609375,15234.0,2,202.74471887387335,90.37754498422146,,
predictor,0,12,49cd6149f02ec01ee03a6eb8287ab2df:81739d7eb99c:0:2,5feceb66ffc86f38d952786c6d696c79c2dbc239dd4e91b46729d73a27fb57e9,True,201.77956204861403,2,15017.73974609375,15234.0,2,201.18888304568827,90.14764614403248,,
predictor,0,13,49cd6149f02ec01ee03a6eb8287ab2df:81739d7eb99c:0:3,5feceb66ffc86f38d952786c6d696c79c2dbc239dd4e91b46729d73a27fb57e9,True,201.4841688796878,2,15017.73974609375,15234.0,2,200.87622897699475,90.29951319098473,,
predictor,0,14,49cd6149f02ec01ee03a6eb8287ab2df:81739d7eb99c:0:4,5feceb66ffc86f38d952786c6d696c79c2dbc239dd4e91b46729d73a27fb57e9,True,203.36889196187258,2,15017.73974609375,15234.0,2,202.7750329580158,90.98646882921457,,
predictor,0,15,c6050fe51d3408b1eaef27e08e7f1956:1458b54ae2f6:0:0,d656de69c0da6209d397a8d5f7affee137ddc3be7811a9522dee62d3b10d52c8,True,297.8709968738258,8,15028.443359375,15234.0,2,216.67891484685242,101.16265388205647,,
predictor,0,16,c6050fe51d3408b1eaef27e08e7f1956:1458b54ae2f6:0:1,cdb81c63cda0b6ef0b2a1260fb987458ab47d5bebf8b78c6355a3a6dc164506d,True,326.95281598716974,10,15028.443359375,15234.0,2,218.08103006333113,101.67072620242834,,
predictor,0,17,c6050fe51d3408b1eaef27e08e7f1956:1458b54ae2f6:0:2,fe50179dd819d03ae1216ed234b97e224965b782031f3c44efdb45fd96b23cd1,True,311.6005950141698,9,15028.443359375,15234.0,2,216.89411695115268,101.14401089958847,,
predictor,0,18,c6050fe51d3408b1eaef27e08e7f1956:1458b54ae2f6:0:3,193405ed8b35f3ee7bb64910e10c564fde35fef8c1a936749daf66c5d021ba99,True,256.89630419947207,5,15028.443359375,15234.0,2,215.8810431137681,101.08737205155194,,
predictor,0,19,c6050fe51d3408b1eaef27e08e7f1956:1458b54ae2f6:0:4,b95e2705d5a356fbf1413fffbb51166a15189a8408c65518ca1e169bb0b681ec,True,337.0939048472792,11,15028.443359375,15234.0,2,215.6570788938552,101.11149004660547,,
predictor,0,20,c6050fe51d3408b1eaef27e08e7f1956:e4e99a4d6532:0:0,d656de69c0da6209d397a8d5f7affee137ddc3be7811a9522dee62d3b10d52c8,True,297.3053948953748,8,15028.443359375,15234.0,2,216.12915094010532,101.67760006152093,,
predictor,0,21,c6050fe51d3408b1eaef27e08e7f1956:e4e99a4d6532:0:1,cdb81c63cda0b6ef0b2a1260fb987458ab47d5bebf8b78c6355a3a6dc164506d,True,323.93230218440294,10,15028.443359375,15234.0,2,215.66496812738478,101.18534695357084,,
predictor,0,22,c6050fe51d3408b1eaef27e08e7f1956:e4e99a4d6532:0:2,fe50179dd819d03ae1216ed234b97e224965b782031f3c44efdb45fd96b23cd1,True,311.0305410809815,9,15028.443359375,15234.0,2,216.11825795844197,101.09492903575301,,
predictor,0,23,c6050fe51d3408b1eaef27e08e7f1956:e4e99a4d6532:0:3,193405ed8b35f3ee7bb64910e10c564fde35fef8c1a936749daf66c5d021ba99,True,257.2302462067455,5,15028.443359375,15234.0,2,216.22810699045658,101.13643482327461,,
predictor,0,24,c6050fe51d3408b1eaef27e08e7f1956:e4e99a4d6532:0:4,b95e2705d5a356fbf1413fffbb51166a15189a8408c65518ca1e169bb0b681ec,True,337.4419070314616,11,15028.443359375,15234.0,2,215.6446250155568,101.04436101391912,,
predictor,0,25,bb98dd0bceac09d24db1ecb2af549a92:377f7f0dd150:0:0,1ea442a134b2a184bd5d40104401f2a37fbc09ccf3f4bc9da161c6099be3691d,True,187.29915586300194,1,15000.8271484375,15234.0,1,187.24933499470353,76.33696193806827,,
predictor,0,26,bb98dd0bceac09d24db1ecb2af549a92:377f7f0dd150:0:1,1ea442a134b2a184bd5d40104401f2a37fbc09ccf3f4bc9da161c6099be3691d,True,190.021286951378,1,15000.8271484375,15234.0,1,189.96948515996337,76.89721812494099,,
predictor,0,27,bb98dd0bceac09d24db1ecb2af549a92:377f7f0dd150:0:2,1ea442a134b2a184bd5d40104401f2a37fbc09ccf3f4bc9da161c6099be3691d,True,188.11867898330092,1,15000.8271484375,15234.0,1,188.06829187087715,76.33533584885299,,
predictor,0,28,bb98dd0bceac09d24db1ecb2af549a92:377f7f0dd150:0:3,85a39ab345d672ff8ca9b9c6876f3adcacf45ee7c1e2dbd2408fd338bd55e07e,True,187.45874194428325,1,15000.8271484375,15234.0,1,187.40600696764886,76.4434989541769,,
predictor,0,29,bb98dd0bceac09d24db1ecb2af549a92:377f7f0dd150:0:4,85a39ab345d672ff8ca9b9c6876f3adcacf45ee7c1e2dbd2408fd338bd55e07e,True,189.37949696555734,1,15000.8271484375,15234.0,1,189.32969006709754,76.4073901809752,,
predictor,0,30,bb98dd0bceac09d24db1ecb2af549a92:2cf3a7a3a65c:0:0,1ea442a134b2a184bd5d40104401f2a37fbc09ccf3f4bc9da161c6099be3691d,True,187.71013896912336,1,15000.8271484375,15234.0,1,187.66045686788857,76.45708904601634,,
predictor,0,31,bb98dd0bceac09d24db1ecb2af549a92:2cf3a7a3a65c:0:1,1ea442a134b2a184bd5d40104401f2a37fbc09ccf3f4bc9da161c6099be3691d,True,186.94791686721146,1,15000.8271484375,15234.0,1,186.89973605796695,76.21122803539038,,
predictor,0,32,bb98dd0bceac09d24db1ecb2af549a92:2cf3a7a3a65c:0:2,1ea442a134b2a184bd5d40104401f2a37fbc09ccf3f4bc9da161c6099be3691d,True,187.25540698505938,1,15000.8271484375,15234.0,1,187.2064690105617,76.09216286800802,,
predictor,0,33,bb98dd0bceac09d24db1ecb2af549a92:2cf3a7a3a65c:0:3,85a39ab345d672ff8ca9b9c6876f3adcacf45ee7c1e2dbd2408fd338bd55e07e,True,186.75073888152838,1,15000.8271484375,15234.0,1,186.70103792101145,76.33001892827451,,
predictor,0,34,bb98dd0bceac09d24db1ecb2af549a92:2cf3a7a3a65c:0:4,85a39ab345d672ff8ca9b9c6876f3adcacf45ee7c1e2dbd2408fd338bd55e07e,True,186.93945812992752,1,15000.8271484375,15234.0,1,186.88234500586987,76.27395098097622,,
predictor,0,35,b877dd782edba758ab429e3ee3de3329:97e16cc551e4:0:0,5feceb66ffc86f38d952786c6d696c79c2dbc239dd4e91b46729d73a27fb57e9,True,201.5817970968783,2,15017.73974609375,15234.0,2,201.00331003777683,90.24224802851677,,
predictor,0,36,b877dd782edba758ab429e3ee3de3329:97e16cc551e4:0:1,5feceb66ffc86f38d952786c6d696c79c2dbc239dd4e91b46729d73a27fb57e9,True,201.39600313268602,2,15017.73974609375,15234.0,2,200.8115160278976,90.06238891743124,,
predictor,0,37,b877dd782edba758ab429e3ee3de3329:97e16cc551e4:0:2,5feceb66ffc86f38d952786c6d696c79c2dbc239dd4e91b46729d73a27fb57e9,True,201.6387339681387,2,15017.73974609375,15234.0,2,201.05410902760923,90.33862012438476,,
predictor,0,38,b877dd782edba758ab429e3ee3de3329:97e16cc551e4:0:3,5feceb66ffc86f38d952786c6d696c79c2dbc239dd4e91b46729d73a27fb57e9,True,202.80050509609282,2,15017.73974609375,15234.0,2,202.22154003567994,90.311384992674,,
predictor,0,39,b877dd782edba758ab429e3ee3de3329:97e16cc551e4:0:4,6b86b273ff34fce19d6b804eff5a3f5747ada4eaa22f1d49c01e52ddb7875b4b,True,201.5068680047989,2,15017.73974609375,15234.0,2,200.92203607782722,90.17055807635188,,
predictor,0,40,b877dd782edba758ab429e3ee3de3329:dd7f6c9e007d:0:0,5feceb66ffc86f38d952786c6d696c79c2dbc239dd4e91b46729d73a27fb57e9,True,201.80067815817893,2,15017.73974609375,15234.0,2,201.22212707065046,90.11044190265238,,
predictor,0,41,b877dd782edba758ab429e3ee3de3329:dd7f6c9e007d:0:1,5feceb66ffc86f38d952786c6d696c79c2dbc239dd4e91b46729d73a27fb57e9,True,202.1656020078808,2,15017.73974609375,15234.0,2,201.56765216961503,90.69576300680637,,
predictor,0,42,b877dd782edba758ab429e3ee3de3329:dd7f6c9e007d:0:2,5feceb66ffc86f38d952786c6d696c79c2dbc239dd4e91b46729d73a27fb57e9,True,201.7797171138227,2,15017.73974609375,15234.0,2,201.20092015713453,90.25909099727869,,
predictor,0,43,b877dd782edba758ab429e3ee3de3329:dd7f6c9e007d:0:3,5feceb66ffc86f38d952786c6d696c79c2dbc239dd4e91b46729d73a27fb57e9,True,214.76638386957347,2,15017.73974609375,15234.0,2,214.14170297794044,90.43304016813636,,
predictor,0,44,b877dd782edba758ab429e3ee3de3329:dd7f6c9e007d:0:4,6b86b273ff34fce19d6b804eff5a3f5747ada4eaa22f1d49c01e52ddb7875b4b,True,229.4074841775,2,15017.73974609375,15234.0,2,228.74293010681868,90.8699450083077,,
predictor,0,45,4f59fbf51a0a5bfb4dc5af02cf294693:993dac5396a0:0:0,082a3f27a64a793001365f40fd7d76058660d5148036e68127b7775445e5f79a,True,385.5755759868771,13,15024.7744140625,15234.0,2,236.62512795999646,100.97345011308789,,
predictor,0,46,4f59fbf51a0a5bfb4dc5af02cf294693:993dac5396a0:0:1,082a3f27a64a793001365f40fd7d76058660d5148036e68127b7775445e5f79a,True,366.0787739790976,13,15024.7744140625,15234.0,2,217.59884990751743,101.40612302348018,,
predictor,0,47,4f59fbf51a0a5bfb4dc5af02cf294693:993dac5396a0:0:2,082a3f27a64a793001365f40fd7d76058660d5148036e68127b7775445e5f79a,True,366.7375100776553,13,15024.7744140625,15234.0,2,217.91814803145826,101.69032891280949,,
predictor,0,48,4f59fbf51a0a5bfb4dc5af02cf294693:993dac5396a0:0:3,082a3f27a64a793001365f40fd7d76058660d5148036e68127b7775445e5f79a,True,366.3417969364673,13,15024.7744140625,15234.0,2,217.3145969863981,101.33222094736993,,
predictor,0,49,4f59fbf51a0a5bfb4dc5af02cf294693:993dac5396a0:0:4,cb1d05299ff18cc4eb1eafa80966fcf02838d32be4a86d290ced7caf197919ad,True,330.06952586583793,10,15024.7744140625,15234.0,2,221.2302249390632,101.1550968978554,,
predictor,1,0,1a938d25604410ccd63b60285919eaec:c627e50da685:0:0,70f89282fb4200d4c7cb83660e5e90d9cf2d989cdecf70c1f868239e5f542294,True,285.7723720371723,7,15021.759765625,15234.0,2,217.7123730070889,101.12366592511535,,
predictor,1,1,1a938d25604410ccd63b60285919eaec:c627e50da685:0:1,c709293d644a54f3b0d6270fc879317ff277c06c090c03c30f721b08140bbe7b,True,390.7594420015812,15,15021.759765625,15234.0,2,215.82154207862914,101.07157099992037,,
predictor,1,2,1a938d25604410ccd63b60285919eaec:c627e50da685:0:2,c709293d644a54f3b0d6270fc879317ff277c06c090c03c30f721b08140bbe7b,True,393.425673013553,15,15021.759765625,15234.0,2,217.68726292066276,101.30248498171568,,
predictor,1,3,1a938d25604410ccd63b60285919eaec:c627e50da685:0:3,c709293d644a54f3b0d6270fc879317ff277c06c090c03c30f721b08140bbe7b,True,392.32540712691844,15,15021.759765625,15234.0,2,216.20854805223644,101.29238711670041,,
predictor,1,4,1a938d25604410ccd63b60285919eaec:c627e50da685:0:4,15905afe25f3666163b46d6b6948b985a7debd874743ae398a264536e830ec1f,True,284.8071849439293,7,15021.759765625,15234.0,2,216.7874639853835,101.50385904125869,,
predictor,1,5,49cd6149f02ec01ee03a6eb8287ab2df:f982e9dfaf25:0:0,5feceb66ffc86f38d952786c6d696c79c2dbc239dd4e91b46729d73a27fb57e9,True,202.6154228951782,2,15017.73974609375,15234.0,2,202.02051801607013,90.35117202438414,,
predictor,1,6,49cd6149f02ec01ee03a6eb8287ab2df:f982e9dfaf25:0:1,5feceb66ffc86f38d952786c6d696c79c2dbc239dd4e91b46729d73a27fb57e9,True,202.00233603827655,2,15017.73974609375,15234.0,2,201.4033100567758,90.30331717804074,,
predictor,1,7,49cd6149f02ec01ee03a6eb8287ab2df:f982e9dfaf25:0:2,5feceb66ffc86f38d952786c6d696c79c2dbc239dd4e91b46729d73a27fb57e9,True,202.2342081181705,2,15017.73974609375,15234.0,2,201.6469140071422,90.26841400191188,,
predictor,1,8,49cd6149f02ec01ee03a6eb8287ab2df:f982e9dfaf25:0:3,5feceb66ffc86f38d952786c6d696c79c2dbc239dd4e91b46729d73a27fb57e9,True,202.1486940793693,2,15017.73974609375,15234.0,2,201.5535740647465,90.47449612990022,,
predictor,1,9,49cd6149f02ec01ee03a6eb8287ab2df:f982e9dfaf25:0:4,5feceb66ffc86f38d952786c6d696c79c2dbc239dd4e91b46729d73a27fb57e9,True,201.70116098597646,2,15017.73974609375,15234.0,2,201.12166600301862,90.24569718167186,,
predictor,1,10,49cd6149f02ec01ee03a6eb8287ab2df:81739d7eb99c:0:0,5feceb66ffc86f38d952786c6d696c79c2dbc239dd4e91b46729d73a27fb57e9,True,201.6534039285034,2,15017.73974609375,15234.0,2,201.07357087545097,90.33039188943803,,
predictor,1,11,49cd6149f02ec01ee03a6eb8287ab2df:81739d7eb99c:0:1,5feceb66ffc86f38d952786c6d696c79c2dbc239dd4e91b46729d73a27fb57e9,True,201.38074597343802,2,15017.73974609375,15234.0,2,200.79829287715256,90.27039399370551,,
predictor,1,12,49cd6149f02ec01ee03a6eb8287ab2df:81739d7eb99c:0:2,5feceb66ffc86f38d952786c6d696c79c2dbc239dd4e91b46729d73a27fb57e9,True,201.46359596401453,2,15017.73974609375,15234.0,2,200.87434095330536,90.1448919903487,,
predictor,1,13,49cd6149f02ec01ee03a6eb8287ab2df:81739d7eb99c:0:3,5feceb66ffc86f38d952786c6d696c79c2dbc239dd4e91b46729d73a27fb57e9,True,202.035638038069,2,15017.73974609375,15234.0,2,201.45383500494063,90.38627590052783,,
predictor,1,14,49cd6149f02ec01ee03a6eb8287ab2df:81739d7eb99c:0:4,5feceb66ffc86f38d952786c6d696c79c2dbc239dd4e91b46729d73a27fb57e9,True,201.31699391640723,2,15017.73974609375,15234.0,2,200.73165907524526,90.02840216271579,,
predictor,1,15,c6050fe51d3408b1eaef27e08e7f1956:1458b54ae2f6:0:0,d656de69c0da6209d397a8d5f7affee137ddc3be7811a9522dee62d3b10d52c8,True,297.6293279789388,8,15028.443359375,15234.0,2,216.2811318412423,101.819165982306,,
predictor,1,16,c6050fe51d3408b1eaef27e08e7f1956:1458b54ae2f6:0:1,cdb81c63cda0b6ef0b2a1260fb987458ab47d5bebf8b78c6355a3a6dc164506d,True,324.20004811137915,10,15028.443359375,15234.0,2,215.8717520069331,101.25195304863155,,
predictor,1,17,c6050fe51d3408b1eaef27e08e7f1956:1458b54ae2f6:0:2,fe50179dd819d03ae1216ed234b97e224965b782031f3c44efdb45fd96b23cd1,True,312.38294998183846,9,15028.443359375,15234.0,2,217.47724595479667,101.25571396201849,,
predictor,1,18,c6050fe51d3408b1eaef27e08e7f1956:1458b54ae2f6:0:3,193405ed8b35f3ee7bb64910e10c564fde35fef8c1a936749daf66c5d021ba99,True,257.1318440604955,5,15028.443359375,15234.0,2,216.02142695337534,101.35941207408905,,
predictor,1,19,c6050fe51d3408b1eaef27e08e7f1956:1458b54ae2f6:0:4,b95e2705d5a356fbf1413fffbb51166a15189a8408c65518ca1e169bb0b681ec,True,340.20855091512203,11,15028.443359375,15234.0,2,218.5636288486421,101.17605794221163,,
predictor,1,20,c6050fe51d3408b1eaef27e08e7f1956:e4e99a4d6532:0:0,d656de69c0da6209d397a8d5f7affee137ddc3be7811a9522dee62d3b10d52c8,True,297.8531748522073,8,15028.443359375,15234.0,2,216.41032886691391,101.22756194323301,,
predictor,1,21,c6050fe51d3408b1eaef27e08e7f1956:e4e99a4d6532:0:1,cdb81c63cda0b6ef0b2a1260fb987458ab47d5bebf8b78c6355a3a6dc164506d,True,326.95573987439275,10,15028.443359375,15234.0,2,218.32355693913996,101.81916994042695,,
predictor,1,22,c6050fe51d3408b1eaef27e08e7f1956:e4e99a4d6532:0:2,fe50179dd819d03ae1216ed234b97e224965b782031f3c44efdb45fd96b23cd1,True,317.69936601631343,9,15028.443359375,15234.0,2,219.8005858808756,101.39413899742067,,
predictor,1,23,c6050fe51d3408b1eaef27e08e7f1956:e4e99a4d6532:0:3,193405ed8b35f3ee7bb64910e10c564fde35fef8c1a936749daf66c5d021ba99,True,261.23250206001103,5,15028.443359375,15234.0,2,220.1355630531907,101.67083307169378,,
predictor,1,24,c6050fe51d3408b1eaef27e08e7f1956:e4e99a4d6532:0:4,b95e2705d5a356fbf1413fffbb51166a15189a8408c65518ca1e169bb0b681ec,True,338.013572152704,11,15028.443359375,15234.0,2,216.22060798108578,101.28975682891905,,
predictor,1,25,bb98dd0bceac09d24db1ecb2af549a92:377f7f0dd150:0:0,1ea442a134b2a184bd5d40104401f2a37fbc09ccf3f4bc9da161c6099be3691d,True,190.6131529249251,1,15000.8271484375,15234.0,1,190.56193996220827,76.3541548512876,,
predictor,1,26,bb98dd0bceac09d24db1ecb2af549a92:377f7f0dd150:0:1,1ea442a134b2a184bd5d40104401f2a37fbc09ccf3f4bc9da161c6099be3691d,True,187.90468014776707,1,15000.8271484375,15234.0,1,187.8568350803107,76.37439295649529,,
predictor,1,27,bb98dd0bceac09d24db1ecb2af549a92:377f7f0dd150:0:2,1ea442a134b2a184bd5d40104401f2a37fbc09ccf3f4bc9da161c6099be3691d,True,187.17630696482956,1,15000.8271484375,15234.0,1,187.12933105416596,76.31202205084264,,
predictor,1,28,bb98dd0bceac09d24db1ecb2af549a92:377f7f0dd150:0:3,85a39ab345d672ff8ca9b9c6876f3adcacf45ee7c1e2dbd2408fd338bd55e07e,True,188.62794386222959,1,15000.8271484375,15234.0,1,188.57896281406283,76.97988394647837,,
predictor,1,29,bb98dd0bceac09d24db1ecb2af549a92:377f7f0dd150:0:4,85a39ab345d672ff8ca9b9c6876f3adcacf45ee7c1e2dbd2408fd338bd55e07e,True,187.26294208317995,1,15000.8271484375,15234.0,1,187.21627304330468,76.33848418481648,,
predictor,1,30,bb98dd0bceac09d24db1ecb2af549a92:2cf3a7a3a65c:0:0,1ea442a134b2a184bd5d40104401f2a37fbc09ccf3f4bc9da161c6099be3691d,True,187.15992290526628,1,15000.8271484375,15234.0,1,187.1130799409002,76.40065508894622,,
predictor,1,31,bb98dd0bceac09d24db1ecb2af549a92:2cf3a7a3a65c:0:1,1ea442a134b2a184bd5d40104401f2a37fbc09ccf3f4bc9da161c6099be3691d,True,199.99614194966853,1,15000.8271484375,15234.0,1,199.94998397305608,76.40244509093463,,
predictor,1,32,bb98dd0bceac09d24db1ecb2af549a92:2cf3a7a3a65c:0:2,1ea442a134b2a184bd5d40104401f2a37fbc09ccf3f4bc9da161c6099be3691d,True,186.98280514217913,1,15000.8271484375,15234.0,1,186.9351491332054,76.38910296373069,,
predictor,1,33,bb98dd0bceac09d24db1ecb2af549a92:2cf3a7a3a65c:0:3,85a39ab345d672ff8ca9b9c6876f3adcacf45ee7c1e2dbd2408fd338bd55e07e,True,187.29771301150322,1,15000.8271484375,15234.0,1,187.25116201676428,76.34353102184832,,
predictor,1,34,bb98dd0bceac09d24db1ecb2af549a92:2cf3a7a3a65c:0:4,85a39ab345d672ff8ca9b9c6876f3adcacf45ee7c1e2dbd2408fd338bd55e07e,True,187.48051300644875,1,15000.8271484375,15234.0,1,187.43522092700005,76.36504713445902,,
predictor,1,35,b877dd782edba758ab429e3ee3de3329:97e16cc551e4:0:0,5feceb66ffc86f38d952786c6d696c79c2dbc239dd4e91b46729d73a27fb57e9,True,201.45681500434875,2,15017.73974609375,15234.0,2,200.87325386703014,90.45163006521761,,
predictor,1,36,b877dd782edba758ab429e3ee3de3329:97e16cc551e4:0:1,5feceb66ffc86f38d952786c6d696c79c2dbc239dd4e91b46729d73a27fb57e9,True,201.47500513121486,2,15017.73974609375,15234.0,2,200.89496206492186,90.22129303775728,,
predictor,1,37,b877dd782edba758ab429e3ee3de3329:97e16cc551e4:0:2,5feceb66ffc86f38d952786c6d696c79c2dbc239dd4e91b46729d73a27fb57e9,True,201.58728887327015,2,15017.73974609375,15234.0,2,201.00700203329325,90.22561716847122,,
predictor,1,38,b877dd782edba758ab429e3ee3de3329:97e16cc551e4:0:3,5feceb66ffc86f38d952786c6d696c79c2dbc239dd4e91b46729d73a27fb57e9,True,201.92736596800387,2,15017.73974609375,15234.0,2,201.33681083098054,90.27321683242917,,
predictor,1,39,b877dd782edba758ab429e3ee3de3329:97e16cc551e4:0:4,6b86b273ff34fce19d6b804eff5a3f5747ada4eaa22f1d49c01e52ddb7875b4b,True,201.95116591639817,2,15017.73974609375,15234.0,2,201.36313186958432,90.15202592127025,,
predictor,1,40,b877dd782edba758ab429e3ee3de3329:dd7f6c9e007d:0:0,5feceb66ffc86f38d952786c6d696c79c2dbc239dd4e91b46729d73a27fb57e9,True,202.4692629929632,2,15017.73974609375,15234.0,2,201.85057003982365,90.37687187083066,,
predictor,1,41,b877dd782edba758ab429e3ee3de3329:dd7f6c9e007d:0:1,5feceb66ffc86f38d952786c6d696c79c2dbc239dd4e91b46729d73a27fb57e9,True,209.76782799698412,2,15017.73974609375,15234.0,2,209.16194887831807,90.32772993668914,,
predictor,1,42,b877dd782edba758ab429e3ee3de3329:dd7f6c9e007d:0:2,5feceb66ffc86f38d952786c6d696c79c2dbc239dd4e91b46729d73a27fb57e9,True,203.037666156888,2,15017.73974609375,15234.0,2,202.4342322256416,90.82722500897944,,
predictor,1,43,b877dd782edba758ab429e3ee3de3329:dd7f6c9e007d:0:3,5feceb66ffc86f38d952786c6d696c79c2dbc239dd4e91b46729d73a27fb57e9,True,204.61948215961456,2,15017.73974609375,15234.0,2,204.0299321524799,90.32619721256196,,
predictor,1,44,b877dd782edba758ab429e3ee3de3329:dd7f6c9e007d:0:4,6b86b273ff34fce19d6b804eff5a3f5747ada4eaa22f1d49c01e52ddb7875b4b,True,202.15672510676086,2,15017.73974609375,15234.0,2,201.56763796694577,90.13745887205005,,
predictor,1,45,4f59fbf51a0a5bfb4dc5af02cf294693:993dac5396a0:0:0,082a3f27a64a793001365f40fd7d76058660d5148036e68127b7775445e5f79a,True,364.8480330593884,13,15024.7744140625,15234.0,2,215.8511879388243,101.25273209996521,,
predictor,1,46,4f59fbf51a0a5bfb4dc5af02cf294693:993dac5396a0:0:1,082a3f27a64a793001365f40fd7d76058660d5148036e68127b7775445e5f79a,True,365.13223801739514,13,15024.7744140625,15234.0,2,216.3007000926882,101.20182600803673,,
predictor,1,47,4f59fbf51a0a5bfb4dc5af02cf294693:993dac5396a0:0:2,082a3f27a64a793001365f40fd7d76058660d5148036e68127b7775445e5f79a,True,366.0436091013253,13,15024.7744140625,15234.0,2,217.16708806343377,101.3102950528264,,
predictor,1,48,4f59fbf51a0a5bfb4dc5af02cf294693:993dac5396a0:0:3,082a3f27a64a793001365f40fd7d76058660d5148036e68127b7775445e5f79a,True,366.3341738283634,13,15024.7744140625,15234.0,2,217.11287088692188,101.80157399736345,,
predictor,1,49,4f59fbf51a0a5bfb4dc5af02cf294693:993dac5396a0:0:4,cb1d05299ff18cc4eb1eafa80966fcf02838d32be4a86d290ced7caf197919ad,True,324.7657280880958,10,15024.7744140625,15234.0,2,216.11719601787627,101.29205300472677,,
monitor,0,0,1a938d25604410ccd63b60285919eaec:c627e50da685:0:0,70f89282fb4200d4c7cb83660e5e90d9cf2d989cdecf70c1f868239e5f542294,True,282.33863692730665,7,15020.76318359375,15234.0,2,214.36966699548066,99.30431586690247,,
monitor,0,1,1a938d25604410ccd63b60285919eaec:c627e50da685:0:1,c709293d644a54f3b0d6270fc879317ff277c06c090c03c30f721b08140bbe7b,True,390.68902703002095,15,15020.76318359375,15234.0,2,214.4083520397544,99.36938900500536,,
monitor,0,2,1a938d25604410ccd63b60285919eaec:c627e50da685:0:2,c709293d644a54f3b0d6270fc879317ff277c06c090c03c30f721b08140bbe7b,True,392.42946612648666,15,15020.76318359375,15234.0,2,216.4144730195403,99.33873801492155,,
monitor,0,3,1a938d25604410ccd63b60285919eaec:c627e50da685:0:3,c709293d644a54f3b0d6270fc879317ff277c06c090c03c30f721b08140bbe7b,True,390.59484004974365,15,15020.76318359375,15234.0,2,215.20841401070356,99.361103028059,,
monitor,0,4,1a938d25604410ccd63b60285919eaec:c627e50da685:0:4,15905afe25f3666163b46d6b6948b985a7debd874743ae398a264536e830ec1f,True,282.69601496867836,7,15020.76318359375,15234.0,2,214.7997838910669,99.73481786437333,,
monitor,0,5,49cd6149f02ec01ee03a6eb8287ab2df:f982e9dfaf25:0:0,5feceb66ffc86f38d952786c6d696c79c2dbc239dd4e91b46729d73a27fb57e9,True,201.7404199577868,2,15016.7431640625,15234.0,2,201.1273610405624,88.55281095020473,,
monitor,0,6,49cd6149f02ec01ee03a6eb8287ab2df:f982e9dfaf25:0:1,5feceb66ffc86f38d952786c6d696c79c2dbc239dd4e91b46729d73a27fb57e9,True,200.2958240918815,2,15016.7431640625,15234.0,2,199.68560803681612,88.62220984883606,,
monitor,0,7,49cd6149f02ec01ee03a6eb8287ab2df:f982e9dfaf25:0:2,5feceb66ffc86f38d952786c6d696c79c2dbc239dd4e91b46729d73a27fb57e9,True,200.51166787743568,2,15016.7431640625,15234.0,2,199.91570385172963,88.59695377759635,,
monitor,0,8,49cd6149f02ec01ee03a6eb8287ab2df:f982e9dfaf25:0:3,5feceb66ffc86f38d952786c6d696c79c2dbc239dd4e91b46729d73a27fb57e9,True,200.08665695786476,2,15016.7431640625,15234.0,2,199.47388605214655,88.5417009703815,,
monitor,0,9,49cd6149f02ec01ee03a6eb8287ab2df:f982e9dfaf25:0:4,5feceb66ffc86f38d952786c6d696c79c2dbc239dd4e91b46729d73a27fb57e9,True,201.04505913332105,2,15016.7431640625,15234.0,2,200.4381229635328,88.61987199634314,,
monitor,0,10,49cd6149f02ec01ee03a6eb8287ab2df:81739d7eb99c:0:0,5feceb66ffc86f38d952786c6d696c79c2dbc239dd4e91b46729d73a27fb57e9,True,199.86555096693337,2,15016.7431640625,15234.0,2,199.25725902430713,88.47021101973951,,
monitor,0,11,49cd6149f02ec01ee03a6eb8287ab2df:81739d7eb99c:0:1,5feceb66ffc86f38d952786c6d696c79c2dbc239dd4e91b46729d73a27fb57e9,True,200.44245896860957,2,15016.7431640625,15234.0,2,199.81696689501405,88.4485428687185,,
monitor,0,12,49cd6149f02ec01ee03a6eb8287ab2df:81739d7eb99c:0:2,5feceb66ffc86f38d952786c6d696c79c2dbc239dd4e91b46729d73a27fb57e9,True,202.3656009696424,2,15016.7431640625,15234.0,2,201.7274519894272,89.14328110404313,,
monitor,0,13,49cd6149f02ec01ee03a6eb8287ab2df:81739d7eb99c:0:3,5feceb66ffc86f38d952786c6d696c79c2dbc239dd4e91b46729d73a27fb57e9,True,203.18152382969856,2,15016.7431640625,15234.0,2,202.56708189845085,88.57894293032587,,
monitor,0,14,49cd6149f02ec01ee03a6eb8287ab2df:81739d7eb99c:0:4,5feceb66ffc86f38d952786c6d696c79c2dbc239dd4e91b46729d73a27fb57e9,True,200.32923319377005,2,15016.7431640625,15234.0,2,199.7102911118418,88.53767812252045,,
monitor,0,15,c6050fe51d3408b1eaef27e08e7f1956:1458b54ae2f6:0:0,d656de69c0da6209d397a8d5f7affee137ddc3be7811a9522dee62d3b10d52c8,True,295.3084739856422,8,15027.44677734375,15234.0,2,213.94765004515648,99.41085311584175,,
monitor,0,16,c6050fe51d3408b1eaef27e08e7f1956:1458b54ae2f6:0:1,cdb81c63cda0b6ef0b2a1260fb987458ab47d5bebf8b78c6355a3a6dc164506d,True,323.0654778890312,10,15027.44677734375,15234.0,2,214.42876989021897,99.44366198033094,,
monitor,0,17,c6050fe51d3408b1eaef27e08e7f1956:1458b54ae2f6:0:2,fe50179dd819d03ae1216ed234b97e224965b782031f3c44efdb45fd96b23cd1,True,309.5699120312929,9,15027.44677734375,15234.0,2,214.32955097407103,99.43045908585191,,
monitor,0,18,c6050fe51d3408b1eaef27e08e7f1956:1458b54ae2f6:0:3,193405ed8b35f3ee7bb64910e10c564fde35fef8c1a936749daf66c5d021ba99,True,254.76054195314646,5,15027.44677734375,15234.0,2,213.70116202160716,99.26057211123407,,
monitor,0,19,c6050fe51d3408b1eaef27e08e7f1956:1458b54ae2f6:0:4,b95e2705d5a356fbf1413fffbb51166a15189a8408c65518ca1e169bb0b681ec,True,336.60452999174595,11,15027.44677734375,15234.0,2,214.83968594111502,100.00075097195804,,
monitor,0,20,c6050fe51d3408b1eaef27e08e7f1956:e4e99a4d6532:0:0,d656de69c0da6209d397a8d5f7affee137ddc3be7811a9522dee62d3b10d52c8,True,295.97036610357463,8,15027.44677734375,15234.0,2,214.62176414206624,99.3394791148603,,
monitor,0,21,c6050fe51d3408b1eaef27e08e7f1956:e4e99a4d6532:0:1,cdb81c63cda0b6ef0b2a1260fb987458ab47d5bebf8b78c6355a3a6dc164506d,True,345.0730089098215,10,15027.44677734375,15234.0,2,236.41868401318789,99.54297100193799,,
monitor,0,22,c6050fe51d3408b1eaef27e08e7f1956:e4e99a4d6532:0:2,fe50179dd819d03ae1216ed234b97e224965b782031f3c44efdb45fd96b23cd1,True,311.37581914663315,9,15027.44677734375,15234.0,2,216.3969010580331,99.30427093058825,,
monitor,0,23,c6050fe51d3408b1eaef27e08e7f1956:e4e99a4d6532:0:3,193405ed8b35f3ee7bb64910e10c564fde35fef8c1a936749daf66c5d021ba99,True,255.39472210220993,5,15027.44677734375,15234.0,2,214.4716081675142,99.62953208014369,,
monitor,0,24,c6050fe51d3408b1eaef27e08e7f1956:e4e99a4d6532:0:4,b95e2705d5a356fbf1413fffbb51166a15189a8408c65518ca1e169bb0b681ec,True,335.49890178255737,11,15027.44677734375,15234.0,2,213.91558879986405,99.4231509976089,,
monitor,0,25,bb98dd0bceac09d24db1ecb2af549a92:377f7f0dd150:0:0,1ea442a134b2a184bd5d40104401f2a37fbc09ccf3f4bc9da161c6099be3691d,True,186.54786585830152,1,14999.83056640625,15234.0,1,186.50296400301158,75.30731498263776,,
monitor,0,26,bb98dd0bceac09d24db1ecb2af549a92:377f7f0dd150:0:1,1ea442a134b2a184bd5d40104401f2a37fbc09ccf3f4bc9da161c6099be3691d,True,187.66801804304123,1,14999.83056640625,15234.0,1,187.61936319060624,76.72047917731106,,
monitor,0,27,bb98dd0bceac09d24db1ecb2af549a92:377f7f0dd150:0:2,1ea442a134b2a184bd5d40104401f2a37fbc09ccf3f4bc9da161c6099be3691d,True,191.1159991286695,1,14999.83056640625,15234.0,1,191.065272083506,75.53818402811885,,
monitor,0,28,bb98dd0bceac09d24db1ecb2af549a92:377f7f0dd150:0:3,85a39ab345d672ff8ca9b9c6876f3adcacf45ee7c1e2dbd2408fd338bd55e07e,True,190.36819180473685,1,14999.83056640625,15234.0,1,190.31702890060842,75.43210405856371,,
monitor,0,29,bb98dd0bceac09d24db1ecb2af549a92:377f7f0dd150:0:4,85a39ab345d672ff8ca9b9c6876f3adcacf45ee7c1e2dbd2408fd338bd55e07e,True,187.5926188658923,1,14999.83056640625,15234.0,1,187.54654889926314,75.42978296987712,,
monitor,0,30,bb98dd0bceac09d24db1ecb2af549a92:2cf3a7a3a65c:0:0,1ea442a134b2a184bd5d40104401f2a37fbc09ccf3f4bc9da161c6099be3691d,True,186.5414569620043,1,14999.83056640625,15234.0,1,186.4957930520177,75.38245595060289,,
monitor,0,31,bb98dd0bceac09d24db1ecb2af549a92:2cf3a7a3a65c:0:1,1ea442a134b2a184bd5d40104401f2a37fbc09ccf3f4bc9da161c6099be3691d,True,187.00298410840333,1,14999.83056640625,15234.0,1,186.95874116383493,75.35731606185436,,
monitor,0,32,bb98dd0bceac09d24db1ecb2af549a92:2cf3a7a3a65c:0:2,1ea442a134b2a184bd5d40104401f2a37fbc09ccf3f4bc9da161c6099be3691d,True,186.30105489864945,1,14999.83056640625,15234.0,1,186.25699100084603,75.30528493225574,,
monitor,0,33,bb98dd0bceac09d24db1ecb2af549a92:2cf3a7a3a65c:0:3,85a39ab345d672ff8ca9b9c6876f3adcacf45ee7c1e2dbd2408fd338bd55e07e,True,185.95443107187748,1,14999.83056640625,15234.0,1,185.91257301159203,75.38264896720648,,
monitor,0,34,bb98dd0bceac09d24db1ecb2af549a92:2cf3a7a3a65c:0:4,85a39ab345d672ff8ca9b9c6876f3adcacf45ee7c1e2dbd2408fd338bd55e07e,True,186.5826090797782,1,14999.83056640625,15234.0,1,186.54039106331766,75.87708393111825,,
monitor,0,35,b877dd782edba758ab429e3ee3de3329:97e16cc551e4:0:0,5feceb66ffc86f38d952786c6d696c79c2dbc239dd4e91b46729d73a27fb57e9,True,199.59120405837893,2,15016.7431640625,15234.0,2,198.98280408233404,88.41046108864248,,
monitor,0,36,b877dd782edba758ab429e3ee3de3329:97e16cc551e4:0:1,5feceb66ffc86f38d952786c6d696c79c2dbc239dd4e91b46729d73a27fb57e9,True,199.77664900943637,2,15016.7431640625,15234.0,2,199.16817313060164,88.46065099351108,,
monitor,0,37,b877dd782edba758ab429e3ee3de3329:97e16cc551e4:0:2,5feceb66ffc86f38d952786c6d696c79c2dbc239dd4e91b46729d73a27fb57e9,True,200.0948810018599,2,15016.7431640625,15234.0,2,199.48585308156908,88.48010096699,,
monitor,0,38,b877dd782edba758ab429e3ee3de3329:97e16cc551e4:0:3,5feceb66ffc86f38d952786c6d696c79c2dbc239dd4e91b46729d73a27fb57e9,True,200.10843081399798,2,15016.7431640625,15234.0,2,199.49530879966915,88.48485094495118,,
monitor,0,39,b877dd782edba758ab429e3ee3de3329:97e16cc551e4:0:4,6b86b273ff34fce19d6b804eff5a3f5747ada4eaa22f1d49c01e52ddb7875b4b,True,201.73440501093864,2,15016.7431640625,15234.0,2,201.12183294259012,88.43941101804376,,
monitor,0,40,b877dd782edba758ab429e3ee3de3329:dd7f6c9e007d:0:0,5feceb66ffc86f38d952786c6d696c79c2dbc239dd4e91b46729d73a27fb57e9,True,200.6863688584417,2,15016.7431640625,15234.0,2,200.06895088590682,88.25308294035494,,
monitor,0,41,b877dd782edba758ab429e3ee3de3329:dd7f6c9e007d:0:1,5feceb66ffc86f38d952786c6d696c79c2dbc239dd4e91b46729d73a27fb57e9,True,199.9417580664158,2,15016.7431640625,15234.0,2,199.3222050368786,88.53582199662924,,
monitor,0,42,b877dd782edba758ab429e3ee3de3329:dd7f6c9e007d:0:2,5feceb66ffc86f38d952786c6d696c79c2dbc239dd4e91b46729d73a27fb57e9,True,201.23214181512594,2,15016.7431640625,15234.0,2,200.6101179867983,88.99290999397635,,
monitor,0,43,b877dd782edba758ab429e3ee3de3329:dd7f6c9e007d:0:3,5feceb66ffc86f38d952786c6d696c79c2dbc239dd4e91b46729d73a27fb57e9,True,202.165954047814,2,15016.7431640625,15234.0,2,201.54227898456156,88.46200397238135,,
monitor,0,44,b877dd782edba758ab429e3ee3de3329:dd7f6c9e007d:0:4,6b86b273ff34fce19d6b804eff5a3f5747ada4eaa22f1d49c01e52ddb7875b4b,True,199.92200192064047,2,15016.7431640625,15234.0,2,199.2884441278875,88.5157361626625,,
monitor,0,45,4f59fbf51a0a5bfb4dc5af02cf294693:993dac5396a0:0:0,082a3f27a64a793001365f40fd7d76058660d5148036e68127b7775445e5f79a,True,364.98740897513926,13,15023.77783203125,15234.0,2,216.02322114631534,99.50513206422329,,
monitor,0,46,4f59fbf51a0a5bfb4dc5af02cf294693:993dac5396a0:0:1,082a3f27a64a793001365f40fd7d76058660d5148036e68127b7775445e5f79a,True,362.9354031290859,13,15023.77783203125,15234.0,2,214.20253813266754,99.21492915600538,,
monitor,0,47,4f59fbf51a0a5bfb4dc5af02cf294693:993dac5396a0:0:2,082a3f27a64a793001365f40fd7d76058660d5148036e68127b7775445e5f79a,True,367.76701896451414,13,15023.77783203125,15234.0,2,218.75397581607103,99.7582608833909,,
monitor,0,48,4f59fbf51a0a5bfb4dc5af02cf294693:993dac5396a0:0:3,082a3f27a64a793001365f40fd7d76058660d5148036e68127b7775445e5f79a,True,367.32241907157004,13,15023.77783203125,15234.0,2,218.48245500586927,99.72578892484307,,
monitor,0,49,4f59fbf51a0a5bfb4dc5af02cf294693:993dac5396a0:0:4,cb1d05299ff18cc4eb1eafa80966fcf02838d32be4a86d290ced7caf197919ad,True,323.07457411661744,10,15023.77783203125,15234.0,2,214.67778319492936,99.38931511715055,,
monitor,1,0,1a938d25604410ccd63b60285919eaec:c627e50da685:0:0,70f89282fb4200d4c7cb83660e5e90d9cf2d989cdecf70c1f868239e5f542294,True,282.9164599534124,7,15020.76318359375,15234.0,2,214.5021939650178,99.54120614565909,,
monitor,1,1,1a938d25604410ccd63b60285919eaec:c627e50da685:0:1,c709293d644a54f3b0d6270fc879317ff277c06c090c03c30f721b08140bbe7b,True,397.5074770860374,15,15020.76318359375,15234.0,2,221.62569616921246,99.48413097299635,,
monitor,1,2,1a938d25604410ccd63b60285919eaec:c627e50da685:0:2,c709293d644a54f3b0d6270fc879317ff277c06c090c03c30f721b08140bbe7b,True,390.1337299030274,15,15020.76318359375,15234.0,2,214.50294298119843,99.44258816540241,,
monitor,1,3,1a938d25604410ccd63b60285919eaec:c627e50da685:0:3,c709293d644a54f3b0d6270fc879317ff277c06c090c03c30f721b08140bbe7b,True,390.2769829146564,15,15020.76318359375,15234.0,2,214.44535208866,99.32261309586465,,
monitor,1,4,1a938d25604410ccd63b60285919eaec:c627e50da685:0:4,15905afe25f3666163b46d6b6948b985a7debd874743ae398a264536e830ec1f,True,285.6320319697261,7,15020.76318359375,15234.0,2,217.71913790144026,99.59983988665044,,
monitor,1,5,49cd6149f02ec01ee03a6eb8287ab2df:f982e9dfaf25:0:0,5feceb66ffc86f38d952786c6d696c79c2dbc239dd4e91b46729d73a27fb57e9,True,204.90509900264442,2,15016.7431640625,15234.0,2,204.2527887970209,89.39734986051917,,
monitor,1,6,49cd6149f02ec01ee03a6eb8287ab2df:f982e9dfaf25:0:1,5feceb66ffc86f38d952786c6d696c79c2dbc239dd4e91b46729d73a27fb57e9,True,203.22937611490488,2,15016.7431640625,15234.0,2,202.58181914687157,88.45782815478742,,
monitor,1,7,49cd6149f02ec01ee03a6eb8287ab2df:f982e9dfaf25:0:2,5feceb66ffc86f38d952786c6d696c79c2dbc239dd4e91b46729d73a27fb57e9,True,203.51264509372413,2,15016.7431640625,15234.0,2,202.8611300047487,89.23664782196283,,
monitor,1,8,49cd6149f02ec01ee03a6eb8287ab2df:f982e9dfaf25:0:3,5feceb66ffc86f38d952786c6d696c79c2dbc239dd4e91b46729d73a27fb57e9,True,205.2240469492972,2,15016.7431640625,15234.0,2,204.5651669614017,88.76054105348885,,
monitor,1,9,49cd6149f02ec01ee03a6eb8287ab2df:f982e9dfaf25:0:4,5feceb66ffc86f38d952786c6d696c79c2dbc239dd4e91b46729d73a27fb57e9,True,204.54409602098167,2,15016.7431640625,15234.0,2,203.86909204535186,88.74216000549495,,
monitor,1,10,49cd6149f02ec01ee03a6eb8287ab2df:81739d7eb99c:0:0,5feceb66ffc86f38d952786c6d696c79c2dbc239dd4e91b46729d73a27fb57e9,True,203.90428300015628,2,15016.7431640625,15234.0,2,203.2443517819047,88.6639729142189,,
monitor,1,11,49cd6149f02ec01ee03a6eb8287ab2df:81739d7eb99c:0:1,5feceb66ffc86f38d952786c6d696c79c2dbc239dd4e91b46729d73a27fb57e9,True,201.74866495653987,2,15016.7431640625,15234.0,2,201.11100398935378,88.42683606781065,,
monitor,1,12,49cd6149f02ec01ee03a6eb8287ab2df:81739d7eb99c:0:2,5feceb66ffc86f38d952786c6d696c79c2dbc239dd4e91b46729d73a27fb57e9,True,201.56678603962064,2,15016.7431640625,15234.0,2,200.94941719435155,87.99828519113362,,
monitor,1,13,49cd6149f02ec01ee03a6eb8287ab2df:81739d7eb99c:0:3,5feceb66ffc86f38d952786c6d696c79c2dbc239dd4e91b46729d73a27fb57e9,True,199.90582787431777,2,15016.7431640625,15234.0,2,199.28891002200544,88.46436813473701,,
monitor,1,14,49cd6149f02ec01ee03a6eb8287ab2df:81739d7eb99c:0:4,5feceb66ffc86f38d952786c6d696c79c2dbc239dd4e91b46729d73a27fb57e9,True,199.59529908373952,2,15016.7431640625,15234.0,2,198.98636313155293,88.09581212699413,,
monitor,1,15,c6050fe51d3408b1eaef27e08e7f1956:1458b54ae2f6:0:0,d656de69c0da6209d397a8d5f7affee137ddc3be7811a9522dee62d3b10d52c8,True,294.6546929888427,8,15027.44677734375,15234.0,2,213.35505601018667,98.78405602648854,,
monitor,1,16,c6050fe51d3408b1eaef27e08e7f1956:1458b54ae2f6:0:1,cdb81c63cda0b6ef0b2a1260fb987458ab47d5bebf8b78c6355a3a6dc164506d,True,323.5387250315398,10,15027.44677734375,15234.0,2,214.93918192572892,98.98482006974518,,
monitor,1,17,c6050fe51d3408b1eaef27e08e7f1956:1458b54ae2f6:0:2,fe50179dd819d03ae1216ed234b97e224965b782031f3c44efdb45fd96b23cd1,True,308.4159358404577,9,15027.44677734375,15234.0,2,213.39290891774,98.69998693466187,,
monitor,1,18,c6050fe51d3408b1eaef27e08e7f1956:1458b54ae2f6:0:3,193405ed8b35f3ee7bb64910e10c564fde35fef8c1a936749daf66c5d021ba99,True,255.09923207573593,5,15027.44677734375,15234.0,2,214.0428291168064,98.73484820127487,,
monitor,1,19,c6050fe51d3408b1eaef27e08e7f1956:1458b54ae2f6:0:4,b95e2705d5a356fbf1413fffbb51166a15189a8408c65518ca1e169bb0b681ec,True,335.7325380202383,11,15027.44677734375,15234.0,2,214.1688580159098,98.80533604882658,,
monitor,1,20,c6050fe51d3408b1eaef27e08e7f1956:e4e99a4d6532:0:0,d656de69c0da6209d397a8d5f7affee137ddc3be7811a9522dee62d3b10d52c8,True,296.02877609431744,8,15027.44677734375,15234.0,2,214.62774998508394,99.37808592803776,,
monitor,1,21,c6050fe51d3408b1eaef27e08e7f1956:e4e99a4d6532:0:1,cdb81c63cda0b6ef0b2a1260fb987458ab47d5bebf8b78c6355a3a6dc164506d,True,322.23190111108124,10,15027.44677734375,15234.0,2,214.17607413604856,98.73878909274936,,
monitor,1,22,c6050fe51d3408b1eaef27e08e7f1956:e4e99a4d6532:0:2,fe50179dd819d03ae1216ed234b97e224965b782031f3c44efdb45fd96b23cd1,True,308.1785519607365,9,15027.44677734375,15234.0,2,213.20758294314146,98.79982913844287,,
monitor,1,23,c6050fe51d3408b1eaef27e08e7f1956:e4e99a4d6532:0:3,193405ed8b35f3ee7bb64910e10c564fde35fef8c1a936749daf66c5d021ba99,True,253.6194750573486,5,15027.44677734375,15234.0,2,212.76955702342093,98.69176289066672,,
monitor,1,24,c6050fe51d3408b1eaef27e08e7f1956:e4e99a4d6532:0:4,b95e2705d5a356fbf1413fffbb51166a15189a8408c65518ca1e169bb0b681ec,True,335.5242039542645,11,15027.44677734375,15234.0,2,213.6656630318612,98.9660699851811,,
monitor,1,25,bb98dd0bceac09d24db1ecb2af549a92:377f7f0dd150:0:0,1ea442a134b2a184bd5d40104401f2a37fbc09ccf3f4bc9da161c6099be3691d,True,187.07274994812906,1,14999.83056640625,15234.0,1,187.02622409909964,75.05208509974182,,
monitor,1,26,bb98dd0bceac09d24db1ecb2af549a92:377f7f0dd150:0:1,1ea442a134b2a184bd5d40104401f2a37fbc09ccf3f4bc9da161c6099be3691d,True,185.2469309233129,1,14999.83056640625,15234.0,1,185.20290683954954,74.69683885574341,,
monitor,1,27,bb98dd0bceac09d24db1ecb2af549a92:377f7f0dd150:0:2,1ea442a134b2a184bd5d40104401f2a37fbc09ccf3f4bc9da161c6099be3691d,True,185.49759616144001,1,14999.83056640625,15234.0,1,185.4528880212456,75.33730682916939,,
monitor,1,28,bb98dd0bceac09d24db1ecb2af549a92:377f7f0dd150:0:3,85a39ab345d672ff8ca9b9c6876f3adcacf45ee7c1e2dbd2408fd338bd55e07e,True,185.09578495286405,1,14999.83056640625,15234.0,1,185.0531119853258,74.84781695529819,,
monitor,1,29,bb98dd0bceac09d24db1ecb2af549a92:377f7f0dd150:0:4,85a39ab345d672ff8ca9b9c6876f3adcacf45ee7c1e2dbd2408fd338bd55e07e,True,185.29498996213078,1,14999.83056640625,15234.0,1,185.25278195738792,74.86887299455702,,
monitor,1,30,bb98dd0bceac09d24db1ecb2af549a92:2cf3a7a3a65c:0:0,1ea442a134b2a184bd5d40104401f2a37fbc09ccf3f4bc9da161c6099be3691d,True,185.64920499920845,1,14999.83056640625,15234.0,1,185.601064004004,74.92833794094622,,
monitor,1,31,bb98dd0bceac09d24db1ecb2af549a92:2cf3a7a3a65c:0:1,1ea442a134b2a184bd5d40104401f2a37fbc09ccf3f4bc9da161c6099be3691d,True,187.33342713676393,1,14999.83056640625,15234.0,1,187.28673621080816,74.90277220495045,,
monitor,1,32,bb98dd0bceac09d24db1ecb2af549a92:2cf3a7a3a65c:0:2,1ea442a134b2a184bd5d40104401f2a37fbc09ccf3f4bc9da161c6099be3691d,True,187.2371300123632,1,14999.83056640625,15234.0,1,187.1902470011264,74.90384299308062,,
monitor,1,33,bb98dd0bceac09d24db1ecb2af549a92:2cf3a7a3a65c:0:3,85a39ab345d672ff8ca9b9c6876f3adcacf45ee7c1e2dbd2408fd338bd55e07e,True,185.72034896351397,1,14999.83056640625,15234.0,1,185.6709849089384,75.05090185441077,,
monitor,1,34,bb98dd0bceac09d24db1ecb2af549a92:2cf3a7a3a65c:0:4,85a39ab345d672ff8ca9b9c6876f3adcacf45ee7c1e2dbd2408fd338bd55e07e,True,188.60449083149433,1,14999.83056640625,15234.0,1,188.55694285593927,74.78470681235194,,
monitor,1,35,b877dd782edba758ab429e3ee3de3329:97e16cc551e4:0:0,5feceb66ffc86f38d952786c6d696c79c2dbc239dd4e91b46729d73a27fb57e9,True,199.4641199707985,2,15016.7431640625,15234.0,2,198.84635205380619,88.44276098534465,,
monitor,1,36,b877dd782edba758ab429e3ee3de3329:97e16cc551e4:0:1,5feceb66ffc86f38d952786c6d696c79c2dbc239dd4e91b46729d73a27fb57e9,True,199.41797596402466,2,15016.7431640625,15234.0,2,198.807141976431,87.869772920385,,
monitor,1,37,b877dd782edba758ab429e3ee3de3329:97e16cc551e4:0:2,5feceb66ffc86f38d952786c6d696c79c2dbc239dd4e91b46729d73a27fb57e9,True,198.98003316484392,2,15016.7431640625,15234.0,2,198.37315613403916,88.0280660931021,,
monitor,1,38,b877dd782edba758ab429e3ee3de3329:97e16cc551e4:0:3,5feceb66ffc86f38d952786c6d696c79c2dbc239dd4e91b46729d73a27fb57e9,True,198.82331602275372,2,15016.7431640625,15234.0,2,198.2165921945125,87.81165606342256,,
monitor,1,39,b877dd782edba758ab429e3ee3de3329:97e16cc551e4:0:4,6b86b273ff34fce19d6b804eff5a3f5747ada4eaa22f1d49c01e52ddb7875b4b,True,199.22813796438277,2,15016.7431640625,15234.0,2,198.61997803673148,88.03471899591386,,
monitor,1,40,b877dd782edba758ab429e3ee3de3329:dd7f6c9e007d:0:0,5feceb66ffc86f38d952786c6d696c79c2dbc239dd4e91b46729d73a27fb57e9,True,199.67951206490397,2,15016.7431640625,15234.0,2,199.0591110661626,88.52534415200353,,
monitor,1,41,b877dd782edba758ab429e3ee3de3329:dd7f6c9e007d:0:1,5feceb66ffc86f38d952786c6d696c79c2dbc239dd4e91b46729d73a27fb57e9,True,202.288226922974,2,15016.7431640625,15234.0,2,201.6740047838539,88.97644397802651,,
monitor,1,42,b877dd782edba758ab429e3ee3de3329:dd7f6c9e007d:0:2,5feceb66ffc86f38d952786c6d696c79c2dbc239dd4e91b46729d73a27fb57e9,True,199.16570489294827,2,15016.7431640625,15234.0,2,198.55310581624508,88.09488895349205,,
monitor,1,43,b877dd782edba758ab429e3ee3de3329:dd7f6c9e007d:0:3,5feceb66ffc86f38d952786c6d696c79c2dbc239dd4e91b46729d73a27fb57e9,True,200.22849808447063,2,15016.7431640625,15234.0,2,199.5715470984578,88.80564197897911,,
monitor,1,44,b877dd782edba758ab429e3ee3de3329:dd7f6c9e007d:0:4,6b86b273ff34fce19d6b804eff5a3f5747ada4eaa22f1d49c01e52ddb7875b4b,True,202.59349909611046,2,15016.7431640625,15234.0,2,201.9406899344176,88.16712792031467,,
monitor,1,45,4f59fbf51a0a5bfb4dc5af02cf294693:993dac5396a0:0:0,082a3f27a64a793001365f40fd7d76058660d5148036e68127b7775445e5f79a,True,365.3917571064085,13,15023.77783203125,15234.0,2,216.44545416347682,99.0000159945339,,
monitor,1,46,4f59fbf51a0a5bfb4dc5af02cf294693:993dac5396a0:0:1,082a3f27a64a793001365f40fd7d76058660d5148036e68127b7775445e5f79a,True,373.0462498497218,13,15023.77783203125,15234.0,2,223.88584585860372,98.85232988744974,,
monitor,1,47,4f59fbf51a0a5bfb4dc5af02cf294693:993dac5396a0:0:2,082a3f27a64a793001365f40fd7d76058660d5148036e68127b7775445e5f79a,True,361.92437214776874,13,15023.77783203125,15234.0,2,213.06333597749472,98.66166883148253,,
monitor,1,48,4f59fbf51a0a5bfb4dc5af02cf294693:993dac5396a0:0:3,082a3f27a64a793001365f40fd7d76058660d5148036e68127b7775445e5f79a,True,362.03415296040475,13,15023.77783203125,15234.0,2,213.3560599759221,98.86745316907763,,
monitor,1,49,4f59fbf51a0a5bfb4dc5af02cf294693:993dac5396a0:0:4,cb1d05299ff18cc4eb1eafa80966fcf02838d32be4a86d290ced7caf197919ad,True,321.4359190315008,10,15023.77783203125,15234.0,2,213.2511711679399,98.75790006481111,,
step_hook,0,0,1a938d25604410ccd63b60285919eaec:c627e50da685:0:0,70f89282fb4200d4c7cb83660e5e90d9cf2d989cdecf70c1f868239e5f542294,True,280.4313460364938,7,15019.63232421875,15234.0,0,,,,
step_hook,0,1,1a938d25604410ccd63b60285919eaec:c627e50da685:0:1,c709293d644a54f3b0d6270fc879317ff277c06c090c03c30f721b08140bbe7b,True,387.1308108791709,15,15019.63232421875,15234.0,0,,,,
step_hook,0,2,1a938d25604410ccd63b60285919eaec:c627e50da685:0:2,c709293d644a54f3b0d6270fc879317ff277c06c090c03c30f721b08140bbe7b,True,388.0872349254787,15,15019.63232421875,15234.0,0,,,,
step_hook,0,3,1a938d25604410ccd63b60285919eaec:c627e50da685:0:3,c709293d644a54f3b0d6270fc879317ff277c06c090c03c30f721b08140bbe7b,True,388.58584710396826,15,15019.63232421875,15234.0,0,,,,
step_hook,0,4,1a938d25604410ccd63b60285919eaec:c627e50da685:0:4,15905afe25f3666163b46d6b6948b985a7debd874743ae398a264536e830ec1f,True,280.3193749859929,7,15019.63232421875,15234.0,0,,,,
step_hook,0,5,49cd6149f02ec01ee03a6eb8287ab2df:f982e9dfaf25:0:0,5feceb66ffc86f38d952786c6d696c79c2dbc239dd4e91b46729d73a27fb57e9,True,198.7374359741807,2,15015.6123046875,15234.0,0,,,,
step_hook,0,6,49cd6149f02ec01ee03a6eb8287ab2df:f982e9dfaf25:0:1,5feceb66ffc86f38d952786c6d696c79c2dbc239dd4e91b46729d73a27fb57e9,True,198.3194900676608,2,15015.6123046875,15234.0,0,,,,
step_hook,0,7,49cd6149f02ec01ee03a6eb8287ab2df:f982e9dfaf25:0:2,5feceb66ffc86f38d952786c6d696c79c2dbc239dd4e91b46729d73a27fb57e9,True,198.20573809556663,2,15015.6123046875,15234.0,0,,,,
step_hook,0,8,49cd6149f02ec01ee03a6eb8287ab2df:f982e9dfaf25:0:3,5feceb66ffc86f38d952786c6d696c79c2dbc239dd4e91b46729d73a27fb57e9,True,198.86976899579167,2,15015.6123046875,15234.0,0,,,,
step_hook,0,9,49cd6149f02ec01ee03a6eb8287ab2df:f982e9dfaf25:0:4,5feceb66ffc86f38d952786c6d696c79c2dbc239dd4e91b46729d73a27fb57e9,True,199.13875893689692,2,15015.6123046875,15234.0,0,,,,
step_hook,0,10,49cd6149f02ec01ee03a6eb8287ab2df:81739d7eb99c:0:0,5feceb66ffc86f38d952786c6d696c79c2dbc239dd4e91b46729d73a27fb57e9,True,200.2862631343305,2,15015.6123046875,15234.0,0,,,,
step_hook,0,11,49cd6149f02ec01ee03a6eb8287ab2df:81739d7eb99c:0:1,5feceb66ffc86f38d952786c6d696c79c2dbc239dd4e91b46729d73a27fb57e9,True,199.12710785865784,2,15015.6123046875,15234.0,0,,,,
step_hook,0,12,49cd6149f02ec01ee03a6eb8287ab2df:81739d7eb99c:0:2,5feceb66ffc86f38d952786c6d696c79c2dbc239dd4e91b46729d73a27fb57e9,True,200.11920086108148,2,15015.6123046875,15234.0,0,,,,
step_hook,0,13,49cd6149f02ec01ee03a6eb8287ab2df:81739d7eb99c:0:3,5feceb66ffc86f38d952786c6d696c79c2dbc239dd4e91b46729d73a27fb57e9,True,201.3852538075298,2,15015.6123046875,15234.0,0,,,,
step_hook,0,14,49cd6149f02ec01ee03a6eb8287ab2df:81739d7eb99c:0:4,5feceb66ffc86f38d952786c6d696c79c2dbc239dd4e91b46729d73a27fb57e9,True,202.2063978947699,2,15015.6123046875,15234.0,0,,,,
step_hook,0,15,c6050fe51d3408b1eaef27e08e7f1956:1458b54ae2f6:0:0,d656de69c0da6209d397a8d5f7affee137ddc3be7811a9522dee62d3b10d52c8,True,296.1165769957006,8,15026.31591796875,15234.0,0,,,,
step_hook,0,16,c6050fe51d3408b1eaef27e08e7f1956:1458b54ae2f6:0:1,cdb81c63cda0b6ef0b2a1260fb987458ab47d5bebf8b78c6355a3a6dc164506d,True,324.5492819696665,10,15026.31591796875,15234.0,0,,,,
step_hook,0,17,c6050fe51d3408b1eaef27e08e7f1956:1458b54ae2f6:0:2,fe50179dd819d03ae1216ed234b97e224965b782031f3c44efdb45fd96b23cd1,True,312.2254009358585,9,15026.31591796875,15234.0,0,,,,
step_hook,0,18,c6050fe51d3408b1eaef27e08e7f1956:1458b54ae2f6:0:3,193405ed8b35f3ee7bb64910e10c564fde35fef8c1a936749daf66c5d021ba99,True,257.4308200273663,5,15026.31591796875,15234.0,0,,,,
step_hook,0,19,c6050fe51d3408b1eaef27e08e7f1956:1458b54ae2f6:0:4,b95e2705d5a356fbf1413fffbb51166a15189a8408c65518ca1e169bb0b681ec,True,335.68870602175593,11,15026.31591796875,15234.0,0,,,,
step_hook,0,20,c6050fe51d3408b1eaef27e08e7f1956:e4e99a4d6532:0:0,d656de69c0da6209d397a8d5f7affee137ddc3be7811a9522dee62d3b10d52c8,True,294.71972002647817,8,15026.31591796875,15234.0,0,,,,
step_hook,0,21,c6050fe51d3408b1eaef27e08e7f1956:e4e99a4d6532:0:1,cdb81c63cda0b6ef0b2a1260fb987458ab47d5bebf8b78c6355a3a6dc164506d,True,321.0128019563854,10,15026.31591796875,15234.0,0,,,,
step_hook,0,22,c6050fe51d3408b1eaef27e08e7f1956:e4e99a4d6532:0:2,fe50179dd819d03ae1216ed234b97e224965b782031f3c44efdb45fd96b23cd1,True,307.3861920274794,9,15026.31591796875,15234.0,0,,,,
step_hook,0,23,c6050fe51d3408b1eaef27e08e7f1956:e4e99a4d6532:0:3,193405ed8b35f3ee7bb64910e10c564fde35fef8c1a936749daf66c5d021ba99,True,256.5098071936518,5,15026.31591796875,15234.0,0,,,,
step_hook,0,24,c6050fe51d3408b1eaef27e08e7f1956:e4e99a4d6532:0:4,b95e2705d5a356fbf1413fffbb51166a15189a8408c65518ca1e169bb0b681ec,True,337.2489910107106,11,15026.31591796875,15234.0,0,,,,
step_hook,0,25,bb98dd0bceac09d24db1ecb2af549a92:377f7f0dd150:0:0,1ea442a134b2a184bd5d40104401f2a37fbc09ccf3f4bc9da161c6099be3691d,True,186.4627751056105,1,14998.69970703125,15234.0,0,,,,
step_hook,0,26,bb98dd0bceac09d24db1ecb2af549a92:377f7f0dd150:0:1,1ea442a134b2a184bd5d40104401f2a37fbc09ccf3f4bc9da161c6099be3691d,True,186.11876806244254,1,14998.69970703125,15234.0,0,,,,
step_hook,0,27,bb98dd0bceac09d24db1ecb2af549a92:377f7f0dd150:0:2,1ea442a134b2a184bd5d40104401f2a37fbc09ccf3f4bc9da161c6099be3691d,True,185.12135394848883,1,14998.69970703125,15234.0,0,,,,
step_hook,0,28,bb98dd0bceac09d24db1ecb2af549a92:377f7f0dd150:0:3,85a39ab345d672ff8ca9b9c6876f3adcacf45ee7c1e2dbd2408fd338bd55e07e,True,185.99816807545722,1,14998.69970703125,15234.0,0,,,,
step_hook,0,29,bb98dd0bceac09d24db1ecb2af549a92:377f7f0dd150:0:4,85a39ab345d672ff8ca9b9c6876f3adcacf45ee7c1e2dbd2408fd338bd55e07e,True,185.28698990121484,1,14998.69970703125,15234.0,0,,,,
step_hook,0,30,bb98dd0bceac09d24db1ecb2af549a92:2cf3a7a3a65c:0:0,1ea442a134b2a184bd5d40104401f2a37fbc09ccf3f4bc9da161c6099be3691d,True,185.2497400250286,1,14998.69970703125,15234.0,0,,,,
step_hook,0,31,bb98dd0bceac09d24db1ecb2af549a92:2cf3a7a3a65c:0:1,1ea442a134b2a184bd5d40104401f2a37fbc09ccf3f4bc9da161c6099be3691d,True,184.538918081671,1,14998.69970703125,15234.0,0,,,,
step_hook,0,32,bb98dd0bceac09d24db1ecb2af549a92:2cf3a7a3a65c:0:2,1ea442a134b2a184bd5d40104401f2a37fbc09ccf3f4bc9da161c6099be3691d,True,185.08606986142695,1,14998.69970703125,15234.0,0,,,,
step_hook,0,33,bb98dd0bceac09d24db1ecb2af549a92:2cf3a7a3a65c:0:3,85a39ab345d672ff8ca9b9c6876f3adcacf45ee7c1e2dbd2408fd338bd55e07e,True,185.99049700424075,1,14998.69970703125,15234.0,0,,,,
step_hook,0,34,bb98dd0bceac09d24db1ecb2af549a92:2cf3a7a3a65c:0:4,85a39ab345d672ff8ca9b9c6876f3adcacf45ee7c1e2dbd2408fd338bd55e07e,True,185.25465507991612,1,14998.69970703125,15234.0,0,,,,
step_hook,0,35,b877dd782edba758ab429e3ee3de3329:97e16cc551e4:0:0,5feceb66ffc86f38d952786c6d696c79c2dbc239dd4e91b46729d73a27fb57e9,True,198.97346198558807,2,15015.6123046875,15234.0,0,,,,
step_hook,0,36,b877dd782edba758ab429e3ee3de3329:97e16cc551e4:0:1,5feceb66ffc86f38d952786c6d696c79c2dbc239dd4e91b46729d73a27fb57e9,True,200.49267006106675,2,15015.6123046875,15234.0,0,,,,
step_hook,0,37,b877dd782edba758ab429e3ee3de3329:97e16cc551e4:0:2,5feceb66ffc86f38d952786c6d696c79c2dbc239dd4e91b46729d73a27fb57e9,True,199.7889659833163,2,15015.6123046875,15234.0,0,,,,
step_hook,0,38,b877dd782edba758ab429e3ee3de3329:97e16cc551e4:0:3,5feceb66ffc86f38d952786c6d696c79c2dbc239dd4e91b46729d73a27fb57e9,True,199.29379993118346,2,15015.6123046875,15234.0,0,,,,
step_hook,0,39,b877dd782edba758ab429e3ee3de3329:97e16cc551e4:0:4,6b86b273ff34fce19d6b804eff5a3f5747ada4eaa22f1d49c01e52ddb7875b4b,True,198.64214886911213,2,15015.6123046875,15234.0,0,,,,
step_hook,0,40,b877dd782edba758ab429e3ee3de3329:dd7f6c9e007d:0:0,5feceb66ffc86f38d952786c6d696c79c2dbc239dd4e91b46729d73a27fb57e9,True,198.40122805908322,2,15015.6123046875,15234.0,0,,,,
step_hook,0,41,b877dd782edba758ab429e3ee3de3329:dd7f6c9e007d:0:1,5feceb66ffc86f38d952786c6d696c79c2dbc239dd4e91b46729d73a27fb57e9,True,199.00852302089334,2,15015.6123046875,15234.0,0,,,,
step_hook,0,42,b877dd782edba758ab429e3ee3de3329:dd7f6c9e007d:0:2,5feceb66ffc86f38d952786c6d696c79c2dbc239dd4e91b46729d73a27fb57e9,True,199.42661398090422,2,15015.6123046875,15234.0,0,,,,
step_hook,0,43,b877dd782edba758ab429e3ee3de3329:dd7f6c9e007d:0:3,5feceb66ffc86f38d952786c6d696c79c2dbc239dd4e91b46729d73a27fb57e9,True,198.71828285977244,2,15015.6123046875,15234.0,0,,,,
step_hook,0,44,b877dd782edba758ab429e3ee3de3329:dd7f6c9e007d:0:4,6b86b273ff34fce19d6b804eff5a3f5747ada4eaa22f1d49c01e52ddb7875b4b,True,200.51719807088375,2,15015.6123046875,15234.0,0,,,,
step_hook,0,45,4f59fbf51a0a5bfb4dc5af02cf294693:993dac5396a0:0:0,082a3f27a64a793001365f40fd7d76058660d5148036e68127b7775445e5f79a,True,362.12873086333275,13,15022.64697265625,15234.0,0,,,,
step_hook,0,46,4f59fbf51a0a5bfb4dc5af02cf294693:993dac5396a0:0:1,082a3f27a64a793001365f40fd7d76058660d5148036e68127b7775445e5f79a,True,362.0479500386864,13,15022.64697265625,15234.0,0,,,,
step_hook,0,47,4f59fbf51a0a5bfb4dc5af02cf294693:993dac5396a0:0:2,082a3f27a64a793001365f40fd7d76058660d5148036e68127b7775445e5f79a,True,361.23730801045895,13,15022.64697265625,15234.0,0,,,,
step_hook,0,48,4f59fbf51a0a5bfb4dc5af02cf294693:993dac5396a0:0:3,082a3f27a64a793001365f40fd7d76058660d5148036e68127b7775445e5f79a,True,362.49397206120193,13,15022.64697265625,15234.0,0,,,,
step_hook,0,49,4f59fbf51a0a5bfb4dc5af02cf294693:993dac5396a0:0:4,cb1d05299ff18cc4eb1eafa80966fcf02838d32be4a86d290ced7caf197919ad,True,326.1571710463613,10,15022.64697265625,15234.0,0,,,,
step_hook,1,0,1a938d25604410ccd63b60285919eaec:c627e50da685:0:0,70f89282fb4200d4c7cb83660e5e90d9cf2d989cdecf70c1f868239e5f542294,True,283.7210001889616,7,15019.63232421875,15234.0,0,,,,
step_hook,1,1,1a938d25604410ccd63b60285919eaec:c627e50da685:0:1,c709293d644a54f3b0d6270fc879317ff277c06c090c03c30f721b08140bbe7b,True,388.477087020874,15,15019.63232421875,15234.0,0,,,,
step_hook,1,2,1a938d25604410ccd63b60285919eaec:c627e50da685:0:2,c709293d644a54f3b0d6270fc879317ff277c06c090c03c30f721b08140bbe7b,True,388.3419989142567,15,15019.63232421875,15234.0,0,,,,
step_hook,1,3,1a938d25604410ccd63b60285919eaec:c627e50da685:0:3,c709293d644a54f3b0d6270fc879317ff277c06c090c03c30f721b08140bbe7b,True,390.2546421159059,15,15019.63232421875,15234.0,0,,,,
step_hook,1,4,1a938d25604410ccd63b60285919eaec:c627e50da685:0:4,15905afe25f3666163b46d6b6948b985a7debd874743ae398a264536e830ec1f,True,304.1491969488561,7,15019.63232421875,15234.0,0,,,,
step_hook,1,5,49cd6149f02ec01ee03a6eb8287ab2df:f982e9dfaf25:0:0,5feceb66ffc86f38d952786c6d696c79c2dbc239dd4e91b46729d73a27fb57e9,True,205.545614939183,2,15015.6123046875,15234.0,0,,,,
step_hook,1,6,49cd6149f02ec01ee03a6eb8287ab2df:f982e9dfaf25:0:1,5feceb66ffc86f38d952786c6d696c79c2dbc239dd4e91b46729d73a27fb57e9,True,199.11576085723937,2,15015.6123046875,15234.0,0,,,,
step_hook,1,7,49cd6149f02ec01ee03a6eb8287ab2df:f982e9dfaf25:0:2,5feceb66ffc86f38d952786c6d696c79c2dbc239dd4e91b46729d73a27fb57e9,True,199.22342896461487,2,15015.6123046875,15234.0,0,,,,
step_hook,1,8,49cd6149f02ec01ee03a6eb8287ab2df:f982e9dfaf25:0:3,5feceb66ffc86f38d952786c6d696c79c2dbc239dd4e91b46729d73a27fb57e9,True,199.29317408241332,2,15015.6123046875,15234.0,0,,,,
step_hook,1,9,49cd6149f02ec01ee03a6eb8287ab2df:f982e9dfaf25:0:4,5feceb66ffc86f38d952786c6d696c79c2dbc239dd4e91b46729d73a27fb57e9,True,198.7446779385209,2,15015.6123046875,15234.0,0,,,,
step_hook,1,10,49cd6149f02ec01ee03a6eb8287ab2df:81739d7eb99c:0:0,5feceb66ffc86f38d952786c6d696c79c2dbc239dd4e91b46729d73a27fb57e9,True,198.7772190477699,2,15015.6123046875,15234.0,0,,,,
step_hook,1,11,49cd6149f02ec01ee03a6eb8287ab2df:81739d7eb99c:0:1,5feceb66ffc86f38d952786c6d696c79c2dbc239dd4e91b46729d73a27fb57e9,True,198.74637993052602,2,15015.6123046875,15234.0,0,,,,
step_hook,1,12,49cd6149f02ec01ee03a6eb8287ab2df:81739d7eb99c:0:2,5feceb66ffc86f38d952786c6d696c79c2dbc239dd4e91b46729d73a27fb57e9,True,198.45883501693606,2,15015.6123046875,15234.0,0,,,,
step_hook,1,13,49cd6149f02ec01ee03a6eb8287ab2df:81739d7eb99c:0:3,5feceb66ffc86f38d952786c6d696c79c2dbc239dd4e91b46729d73a27fb57e9,True,198.82942805998027,2,15015.6123046875,15234.0,0,,,,
step_hook,1,14,49cd6149f02ec01ee03a6eb8287ab2df:81739d7eb99c:0:4,5feceb66ffc86f38d952786c6d696c79c2dbc239dd4e91b46729d73a27fb57e9,True,198.75419791787863,2,15015.6123046875,15234.0,0,,,,
step_hook,1,15,c6050fe51d3408b1eaef27e08e7f1956:1458b54ae2f6:0:0,d656de69c0da6209d397a8d5f7affee137ddc3be7811a9522dee62d3b10d52c8,True,293.82227594032884,8,15026.31591796875,15234.0,0,,,,
step_hook,1,16,c6050fe51d3408b1eaef27e08e7f1956:1458b54ae2f6:0:1,cdb81c63cda0b6ef0b2a1260fb987458ab47d5bebf8b78c6355a3a6dc164506d,True,322.0752920024097,10,15026.31591796875,15234.0,0,,,,
step_hook,1,17,c6050fe51d3408b1eaef27e08e7f1956:1458b54ae2f6:0:2,fe50179dd819d03ae1216ed234b97e224965b782031f3c44efdb45fd96b23cd1,True,307.88671504706144,9,15026.31591796875,15234.0,0,,,,
step_hook,1,18,c6050fe51d3408b1eaef27e08e7f1956:1458b54ae2f6:0:3,193405ed8b35f3ee7bb64910e10c564fde35fef8c1a936749daf66c5d021ba99,True,253.78876202739775,5,15026.31591796875,15234.0,0,,,,
step_hook,1,19,c6050fe51d3408b1eaef27e08e7f1956:1458b54ae2f6:0:4,b95e2705d5a356fbf1413fffbb51166a15189a8408c65518ca1e169bb0b681ec,True,334.7679458092898,11,15026.31591796875,15234.0,0,,,,
step_hook,1,20,c6050fe51d3408b1eaef27e08e7f1956:e4e99a4d6532:0:0,d656de69c0da6209d397a8d5f7affee137ddc3be7811a9522dee62d3b10d52c8,True,294.49937283061445,8,15026.31591796875,15234.0,0,,,,
step_hook,1,21,c6050fe51d3408b1eaef27e08e7f1956:e4e99a4d6532:0:1,cdb81c63cda0b6ef0b2a1260fb987458ab47d5bebf8b78c6355a3a6dc164506d,True,321.89486688002944,10,15026.31591796875,15234.0,0,,,,
step_hook,1,22,c6050fe51d3408b1eaef27e08e7f1956:e4e99a4d6532:0:2,fe50179dd819d03ae1216ed234b97e224965b782031f3c44efdb45fd96b23cd1,True,307.59052583016455,9,15026.31591796875,15234.0,0,,,,
step_hook,1,23,c6050fe51d3408b1eaef27e08e7f1956:e4e99a4d6532:0:3,193405ed8b35f3ee7bb64910e10c564fde35fef8c1a936749daf66c5d021ba99,True,256.3785470556468,5,15026.31591796875,15234.0,0,,,,
step_hook,1,24,c6050fe51d3408b1eaef27e08e7f1956:e4e99a4d6532:0:4,b95e2705d5a356fbf1413fffbb51166a15189a8408c65518ca1e169bb0b681ec,True,334.5673519652337,11,15026.31591796875,15234.0,0,,,,
step_hook,1,25,bb98dd0bceac09d24db1ecb2af549a92:377f7f0dd150:0:0,1ea442a134b2a184bd5d40104401f2a37fbc09ccf3f4bc9da161c6099be3691d,True,187.21336987800896,1,14998.69970703125,15234.0,0,,,,
step_hook,1,26,bb98dd0bceac09d24db1ecb2af549a92:377f7f0dd150:0:1,1ea442a134b2a184bd5d40104401f2a37fbc09ccf3f4bc9da161c6099be3691d,True,185.02602982334793,1,14998.69970703125,15234.0,0,,,,
step_hook,1,27,bb98dd0bceac09d24db1ecb2af549a92:377f7f0dd150:0:2,1ea442a134b2a184bd5d40104401f2a37fbc09ccf3f4bc9da161c6099be3691d,True,185.17628498375416,1,14998.69970703125,15234.0,0,,,,
step_hook,1,28,bb98dd0bceac09d24db1ecb2af549a92:377f7f0dd150:0:3,85a39ab345d672ff8ca9b9c6876f3adcacf45ee7c1e2dbd2408fd338bd55e07e,True,185.29415596276522,1,14998.69970703125,15234.0,0,,,,
step_hook,1,29,bb98dd0bceac09d24db1ecb2af549a92:377f7f0dd150:0:4,85a39ab345d672ff8ca9b9c6876f3adcacf45ee7c1e2dbd2408fd338bd55e07e,True,188.89908189885318,1,14998.69970703125,15234.0,0,,,,
step_hook,1,30,bb98dd0bceac09d24db1ecb2af549a92:2cf3a7a3a65c:0:0,1ea442a134b2a184bd5d40104401f2a37fbc09ccf3f4bc9da161c6099be3691d,True,188.27638984657824,1,14998.69970703125,15234.0,0,,,,
step_hook,1,31,bb98dd0bceac09d24db1ecb2af549a92:2cf3a7a3a65c:0:1,1ea442a134b2a184bd5d40104401f2a37fbc09ccf3f4bc9da161c6099be3691d,True,185.75381604023278,1,14998.69970703125,15234.0,0,,,,
step_hook,1,32,bb98dd0bceac09d24db1ecb2af549a92:2cf3a7a3a65c:0:2,1ea442a134b2a184bd5d40104401f2a37fbc09ccf3f4bc9da161c6099be3691d,True,186.73205887898803,1,14998.69970703125,15234.0,0,,,,
step_hook,1,33,bb98dd0bceac09d24db1ecb2af549a92:2cf3a7a3a65c:0:3,85a39ab345d672ff8ca9b9c6876f3adcacf45ee7c1e2dbd2408fd338bd55e07e,True,185.22685091011226,1,14998.69970703125,15234.0,0,,,,
step_hook,1,34,bb98dd0bceac09d24db1ecb2af549a92:2cf3a7a3a65c:0:4,85a39ab345d672ff8ca9b9c6876f3adcacf45ee7c1e2dbd2408fd338bd55e07e,True,185.7714569196105,1,14998.69970703125,15234.0,0,,,,
step_hook,1,35,b877dd782edba758ab429e3ee3de3329:97e16cc551e4:0:0,5feceb66ffc86f38d952786c6d696c79c2dbc239dd4e91b46729d73a27fb57e9,True,199.17215197347105,2,15015.6123046875,15234.0,0,,,,
step_hook,1,36,b877dd782edba758ab429e3ee3de3329:97e16cc551e4:0:1,5feceb66ffc86f38d952786c6d696c79c2dbc239dd4e91b46729d73a27fb57e9,True,199.85275901854038,2,15015.6123046875,15234.0,0,,,,
step_hook,1,37,b877dd782edba758ab429e3ee3de3329:97e16cc551e4:0:2,5feceb66ffc86f38d952786c6d696c79c2dbc239dd4e91b46729d73a27fb57e9,True,199.1484249010682,2,15015.6123046875,15234.0,0,,,,
step_hook,1,38,b877dd782edba758ab429e3ee3de3329:97e16cc551e4:0:3,5feceb66ffc86f38d952786c6d696c79c2dbc239dd4e91b46729d73a27fb57e9,True,198.90967290848494,2,15015.6123046875,15234.0,0,,,,
step_hook,1,39,b877dd782edba758ab429e3ee3de3329:97e16cc551e4:0:4,6b86b273ff34fce19d6b804eff5a3f5747ada4eaa22f1d49c01e52ddb7875b4b,True,198.567281011492,2,15015.6123046875,15234.0,0,,,,
step_hook,1,40,b877dd782edba758ab429e3ee3de3329:dd7f6c9e007d:0:0,5feceb66ffc86f38d952786c6d696c79c2dbc239dd4e91b46729d73a27fb57e9,True,198.57468619011343,2,15015.6123046875,15234.0,0,,,,
step_hook,1,41,b877dd782edba758ab429e3ee3de3329:dd7f6c9e007d:0:1,5feceb66ffc86f38d952786c6d696c79c2dbc239dd4e91b46729d73a27fb57e9,True,198.0091049335897,2,15015.6123046875,15234.0,0,,,,
step_hook,1,42,b877dd782edba758ab429e3ee3de3329:dd7f6c9e007d:0:2,5feceb66ffc86f38d952786c6d696c79c2dbc239dd4e91b46729d73a27fb57e9,True,198.7949749454856,2,15015.6123046875,15234.0,0,,,,
step_hook,1,43,b877dd782edba758ab429e3ee3de3329:dd7f6c9e007d:0:3,5feceb66ffc86f38d952786c6d696c79c2dbc239dd4e91b46729d73a27fb57e9,True,198.21830792352557,2,15015.6123046875,15234.0,0,,,,
step_hook,1,44,b877dd782edba758ab429e3ee3de3329:dd7f6c9e007d:0:4,6b86b273ff34fce19d6b804eff5a3f5747ada4eaa22f1d49c01e52ddb7875b4b,True,199.56006412394345,2,15015.6123046875,15234.0,0,,,,
step_hook,1,45,4f59fbf51a0a5bfb4dc5af02cf294693:993dac5396a0:0:0,082a3f27a64a793001365f40fd7d76058660d5148036e68127b7775445e5f79a,True,360.8935719821602,13,15022.64697265625,15234.0,0,,,,
step_hook,1,46,4f59fbf51a0a5bfb4dc5af02cf294693:993dac5396a0:0:1,082a3f27a64a793001365f40fd7d76058660d5148036e68127b7775445e5f79a,True,361.5763601846993,13,15022.64697265625,15234.0,0,,,,
step_hook,1,47,4f59fbf51a0a5bfb4dc5af02cf294693:993dac5396a0:0:2,082a3f27a64a793001365f40fd7d76058660d5148036e68127b7775445e5f79a,True,361.48032010532916,13,15022.64697265625,15234.0,0,,,,
step_hook,1,48,4f59fbf51a0a5bfb4dc5af02cf294693:993dac5396a0:0:3,082a3f27a64a793001365f40fd7d76058660d5148036e68127b7775445e5f79a,True,363.0078099668026,13,15022.64697265625,15234.0,0,,,,
step_hook,1,49,4f59fbf51a0a5bfb4dc5af02cf294693:993dac5396a0:0:4,cb1d05299ff18cc4eb1eafa80966fcf02838d32be4a86d290ced7caf197919ad,True,321.2350260000676,10,15022.64697265625,15234.0,0,,,,
vanilla,0,0,1a938d25604410ccd63b60285919eaec:c627e50da685:0:0,70f89282fb4200d4c7cb83660e5e90d9cf2d989cdecf70c1f868239e5f542294,True,283.88855000957847,7,15019.63232421875,15234.0,,,,,
vanilla,0,1,1a938d25604410ccd63b60285919eaec:c627e50da685:0:1,c709293d644a54f3b0d6270fc879317ff277c06c090c03c30f721b08140bbe7b,True,387.9929739050567,15,15019.63232421875,15234.0,,,,,
vanilla,0,2,1a938d25604410ccd63b60285919eaec:c627e50da685:0:2,c709293d644a54f3b0d6270fc879317ff277c06c090c03c30f721b08140bbe7b,True,386.954820016399,15,15019.63232421875,15234.0,,,,,
vanilla,0,3,1a938d25604410ccd63b60285919eaec:c627e50da685:0:3,c709293d644a54f3b0d6270fc879317ff277c06c090c03c30f721b08140bbe7b,True,388.66196596063673,15,15019.63232421875,15234.0,,,,,
vanilla,0,4,1a938d25604410ccd63b60285919eaec:c627e50da685:0:4,15905afe25f3666163b46d6b6948b985a7debd874743ae398a264536e830ec1f,True,283.8783720508218,7,15019.63232421875,15234.0,,,,,
vanilla,0,5,49cd6149f02ec01ee03a6eb8287ab2df:f982e9dfaf25:0:0,5feceb66ffc86f38d952786c6d696c79c2dbc239dd4e91b46729d73a27fb57e9,True,200.16451203264296,2,15015.6123046875,15234.0,,,,,
vanilla,0,6,49cd6149f02ec01ee03a6eb8287ab2df:f982e9dfaf25:0:1,5feceb66ffc86f38d952786c6d696c79c2dbc239dd4e91b46729d73a27fb57e9,True,199.18489106930792,2,15015.6123046875,15234.0,,,,,
vanilla,0,7,49cd6149f02ec01ee03a6eb8287ab2df:f982e9dfaf25:0:2,5feceb66ffc86f38d952786c6d696c79c2dbc239dd4e91b46729d73a27fb57e9,True,198.6592640168965,2,15015.6123046875,15234.0,,,,,
vanilla,0,8,49cd6149f02ec01ee03a6eb8287ab2df:f982e9dfaf25:0:3,5feceb66ffc86f38d952786c6d696c79c2dbc239dd4e91b46729d73a27fb57e9,True,200.78425109386444,2,15015.6123046875,15234.0,,,,,
vanilla,0,9,49cd6149f02ec01ee03a6eb8287ab2df:f982e9dfaf25:0:4,5feceb66ffc86f38d952786c6d696c79c2dbc239dd4e91b46729d73a27fb57e9,True,199.970874004066,2,15015.6123046875,15234.0,,,,,
vanilla,0,10,49cd6149f02ec01ee03a6eb8287ab2df:81739d7eb99c:0:0,5feceb66ffc86f38d952786c6d696c79c2dbc239dd4e91b46729d73a27fb57e9,True,199.2380851879716,2,15015.6123046875,15234.0,,,,,
vanilla,0,11,49cd6149f02ec01ee03a6eb8287ab2df:81739d7eb99c:0:1,5feceb66ffc86f38d952786c6d696c79c2dbc239dd4e91b46729d73a27fb57e9,True,199.26133286207914,2,15015.6123046875,15234.0,,,,,
vanilla,0,12,49cd6149f02ec01ee03a6eb8287ab2df:81739d7eb99c:0:2,5feceb66ffc86f38d952786c6d696c79c2dbc239dd4e91b46729d73a27fb57e9,True,198.83367605507374,2,15015.6123046875,15234.0,,,,,
vanilla,0,13,49cd6149f02ec01ee03a6eb8287ab2df:81739d7eb99c:0:3,5feceb66ffc86f38d952786c6d696c79c2dbc239dd4e91b46729d73a27fb57e9,True,198.69176391512156,2,15015.6123046875,15234.0,,,,,
vanilla,0,14,49cd6149f02ec01ee03a6eb8287ab2df:81739d7eb99c:0:4,5feceb66ffc86f38d952786c6d696c79c2dbc239dd4e91b46729d73a27fb57e9,True,199.53409093432128,2,15015.6123046875,15234.0,,,,,
vanilla,0,15,c6050fe51d3408b1eaef27e08e7f1956:1458b54ae2f6:0:0,d656de69c0da6209d397a8d5f7affee137ddc3be7811a9522dee62d3b10d52c8,True,296.50921607390046,8,15026.31591796875,15234.0,,,,,
vanilla,0,16,c6050fe51d3408b1eaef27e08e7f1956:1458b54ae2f6:0:1,cdb81c63cda0b6ef0b2a1260fb987458ab47d5bebf8b78c6355a3a6dc164506d,True,321.74261403270066,10,15026.31591796875,15234.0,,,,,
vanilla,0,17,c6050fe51d3408b1eaef27e08e7f1956:1458b54ae2f6:0:2,fe50179dd819d03ae1216ed234b97e224965b782031f3c44efdb45fd96b23cd1,True,328.509374987334,9,15026.31591796875,15234.0,,,,,
vanilla,0,18,c6050fe51d3408b1eaef27e08e7f1956:1458b54ae2f6:0:3,193405ed8b35f3ee7bb64910e10c564fde35fef8c1a936749daf66c5d021ba99,True,255.07130404002964,5,15026.31591796875,15234.0,,,,,
vanilla,0,19,c6050fe51d3408b1eaef27e08e7f1956:1458b54ae2f6:0:4,b95e2705d5a356fbf1413fffbb51166a15189a8408c65518ca1e169bb0b681ec,True,333.74222088605165,11,15026.31591796875,15234.0,,,,,
vanilla,0,20,c6050fe51d3408b1eaef27e08e7f1956:e4e99a4d6532:0:0,d656de69c0da6209d397a8d5f7affee137ddc3be7811a9522dee62d3b10d52c8,True,294.3046488799155,8,15026.31591796875,15234.0,,,,,
vanilla,0,21,c6050fe51d3408b1eaef27e08e7f1956:e4e99a4d6532:0:1,cdb81c63cda0b6ef0b2a1260fb987458ab47d5bebf8b78c6355a3a6dc164506d,True,321.02175289765,10,15026.31591796875,15234.0,,,,,
vanilla,0,22,c6050fe51d3408b1eaef27e08e7f1956:e4e99a4d6532:0:2,fe50179dd819d03ae1216ed234b97e224965b782031f3c44efdb45fd96b23cd1,True,307.24884290248156,9,15026.31591796875,15234.0,,,,,
vanilla,0,23,c6050fe51d3408b1eaef27e08e7f1956:e4e99a4d6532:0:3,193405ed8b35f3ee7bb64910e10c564fde35fef8c1a936749daf66c5d021ba99,True,253.7468618247658,5,15026.31591796875,15234.0,,,,,
vanilla,0,24,c6050fe51d3408b1eaef27e08e7f1956:e4e99a4d6532:0:4,b95e2705d5a356fbf1413fffbb51166a15189a8408c65518ca1e169bb0b681ec,True,334.0372529346496,11,15026.31591796875,15234.0,,,,,
vanilla,0,25,bb98dd0bceac09d24db1ecb2af549a92:377f7f0dd150:0:0,1ea442a134b2a184bd5d40104401f2a37fbc09ccf3f4bc9da161c6099be3691d,True,186.3847088534385,1,14998.69970703125,15234.0,,,,,
vanilla,0,26,bb98dd0bceac09d24db1ecb2af549a92:377f7f0dd150:0:1,1ea442a134b2a184bd5d40104401f2a37fbc09ccf3f4bc9da161c6099be3691d,True,184.5561838708818,1,14998.69970703125,15234.0,,,,,
vanilla,0,27,bb98dd0bceac09d24db1ecb2af549a92:377f7f0dd150:0:2,1ea442a134b2a184bd5d40104401f2a37fbc09ccf3f4bc9da161c6099be3691d,True,186.4096620120108,1,14998.69970703125,15234.0,,,,,
vanilla,0,28,bb98dd0bceac09d24db1ecb2af549a92:377f7f0dd150:0:3,85a39ab345d672ff8ca9b9c6876f3adcacf45ee7c1e2dbd2408fd338bd55e07e,True,190.29346713796258,1,14998.69970703125,15234.0,,,,,
vanilla,0,29,bb98dd0bceac09d24db1ecb2af549a92:377f7f0dd150:0:4,85a39ab345d672ff8ca9b9c6876f3adcacf45ee7c1e2dbd2408fd338bd55e07e,True,186.7654479574412,1,14998.69970703125,15234.0,,,,,
vanilla,0,30,bb98dd0bceac09d24db1ecb2af549a92:2cf3a7a3a65c:0:0,1ea442a134b2a184bd5d40104401f2a37fbc09ccf3f4bc9da161c6099be3691d,True,185.2468519937247,1,14998.69970703125,15234.0,,,,,
vanilla,0,31,bb98dd0bceac09d24db1ecb2af549a92:2cf3a7a3a65c:0:1,1ea442a134b2a184bd5d40104401f2a37fbc09ccf3f4bc9da161c6099be3691d,True,184.9906260613352,1,14998.69970703125,15234.0,,,,,
vanilla,0,32,bb98dd0bceac09d24db1ecb2af549a92:2cf3a7a3a65c:0:2,1ea442a134b2a184bd5d40104401f2a37fbc09ccf3f4bc9da161c6099be3691d,True,184.57071483135223,1,14998.69970703125,15234.0,,,,,
vanilla,0,33,bb98dd0bceac09d24db1ecb2af549a92:2cf3a7a3a65c:0:3,85a39ab345d672ff8ca9b9c6876f3adcacf45ee7c1e2dbd2408fd338bd55e07e,True,185.8007009141147,1,14998.69970703125,15234.0,,,,,
vanilla,0,34,bb98dd0bceac09d24db1ecb2af549a92:2cf3a7a3a65c:0:4,85a39ab345d672ff8ca9b9c6876f3adcacf45ee7c1e2dbd2408fd338bd55e07e,True,188.62823396921158,1,14998.69970703125,15234.0,,,,,
vanilla,0,35,b877dd782edba758ab429e3ee3de3329:97e16cc551e4:0:0,5feceb66ffc86f38d952786c6d696c79c2dbc239dd4e91b46729d73a27fb57e9,True,200.49679279327393,2,15015.6123046875,15234.0,,,,,
vanilla,0,36,b877dd782edba758ab429e3ee3de3329:97e16cc551e4:0:1,5feceb66ffc86f38d952786c6d696c79c2dbc239dd4e91b46729d73a27fb57e9,True,199.43256000988185,2,15015.6123046875,15234.0,,,,,
vanilla,0,37,b877dd782edba758ab429e3ee3de3329:97e16cc551e4:0:2,5feceb66ffc86f38d952786c6d696c79c2dbc239dd4e91b46729d73a27fb57e9,True,201.96490013040602,2,15015.6123046875,15234.0,,,,,
vanilla,0,38,b877dd782edba758ab429e3ee3de3329:97e16cc551e4:0:3,5feceb66ffc86f38d952786c6d696c79c2dbc239dd4e91b46729d73a27fb57e9,True,202.57888198830187,2,15015.6123046875,15234.0,,,,,
vanilla,0,39,b877dd782edba758ab429e3ee3de3329:97e16cc551e4:0:4,6b86b273ff34fce19d6b804eff5a3f5747ada4eaa22f1d49c01e52ddb7875b4b,True,199.333367170766,2,15015.6123046875,15234.0,,,,,
vanilla,0,40,b877dd782edba758ab429e3ee3de3329:dd7f6c9e007d:0:0,5feceb66ffc86f38d952786c6d696c79c2dbc239dd4e91b46729d73a27fb57e9,True,198.84341908618808,2,15015.6123046875,15234.0,,,,,
vanilla,0,41,b877dd782edba758ab429e3ee3de3329:dd7f6c9e007d:0:1,5feceb66ffc86f38d952786c6d696c79c2dbc239dd4e91b46729d73a27fb57e9,True,199.281204957515,2,15015.6123046875,15234.0,,,,,
vanilla,0,42,b877dd782edba758ab429e3ee3de3329:dd7f6c9e007d:0:2,5feceb66ffc86f38d952786c6d696c79c2dbc239dd4e91b46729d73a27fb57e9,True,199.09779308363795,2,15015.6123046875,15234.0,,,,,
vanilla,0,43,b877dd782edba758ab429e3ee3de3329:dd7f6c9e007d:0:3,5feceb66ffc86f38d952786c6d696c79c2dbc239dd4e91b46729d73a27fb57e9,True,199.91038599982858,2,15015.6123046875,15234.0,,,,,
vanilla,0,44,b877dd782edba758ab429e3ee3de3329:dd7f6c9e007d:0:4,6b86b273ff34fce19d6b804eff5a3f5747ada4eaa22f1d49c01e52ddb7875b4b,True,198.76735284924507,2,15015.6123046875,15234.0,,,,,
vanilla,0,45,4f59fbf51a0a5bfb4dc5af02cf294693:993dac5396a0:0:0,082a3f27a64a793001365f40fd7d76058660d5148036e68127b7775445e5f79a,True,362.4725879635662,13,15022.64697265625,15234.0,,,,,
vanilla,0,46,4f59fbf51a0a5bfb4dc5af02cf294693:993dac5396a0:0:1,082a3f27a64a793001365f40fd7d76058660d5148036e68127b7775445e5f79a,True,361.0982031095773,13,15022.64697265625,15234.0,,,,,
vanilla,0,47,4f59fbf51a0a5bfb4dc5af02cf294693:993dac5396a0:0:2,082a3f27a64a793001365f40fd7d76058660d5148036e68127b7775445e5f79a,True,360.7083181850612,13,15022.64697265625,15234.0,,,,,
vanilla,0,48,4f59fbf51a0a5bfb4dc5af02cf294693:993dac5396a0:0:3,082a3f27a64a793001365f40fd7d76058660d5148036e68127b7775445e5f79a,True,360.5393930338323,13,15022.64697265625,15234.0,,,,,
vanilla,0,49,4f59fbf51a0a5bfb4dc5af02cf294693:993dac5396a0:0:4,cb1d05299ff18cc4eb1eafa80966fcf02838d32be4a86d290ced7caf197919ad,True,320.3787978272885,10,15022.64697265625,15234.0,,,,,
vanilla,1,0,1a938d25604410ccd63b60285919eaec:c627e50da685:0:0,70f89282fb4200d4c7cb83660e5e90d9cf2d989cdecf70c1f868239e5f542294,True,282.9294418916106,7,15019.63232421875,15234.0,,,,,
vanilla,1,1,1a938d25604410ccd63b60285919eaec:c627e50da685:0:1,c709293d644a54f3b0d6270fc879317ff277c06c090c03c30f721b08140bbe7b,True,388.71413585729897,15,15019.63232421875,15234.0,,,,,
vanilla,1,2,1a938d25604410ccd63b60285919eaec:c627e50da685:0:2,c709293d644a54f3b0d6270fc879317ff277c06c090c03c30f721b08140bbe7b,True,391.20241394266486,15,15019.63232421875,15234.0,,,,,
vanilla,1,3,1a938d25604410ccd63b60285919eaec:c627e50da685:0:3,c709293d644a54f3b0d6270fc879317ff277c06c090c03c30f721b08140bbe7b,True,388.35173891857266,15,15019.63232421875,15234.0,,,,,
vanilla,1,4,1a938d25604410ccd63b60285919eaec:c627e50da685:0:4,15905afe25f3666163b46d6b6948b985a7debd874743ae398a264536e830ec1f,True,281.4949711319059,7,15019.63232421875,15234.0,,,,,
vanilla,1,5,49cd6149f02ec01ee03a6eb8287ab2df:f982e9dfaf25:0:0,5feceb66ffc86f38d952786c6d696c79c2dbc239dd4e91b46729d73a27fb57e9,True,199.73002094775438,2,15015.6123046875,15234.0,,,,,
vanilla,1,6,49cd6149f02ec01ee03a6eb8287ab2df:f982e9dfaf25:0:1,5feceb66ffc86f38d952786c6d696c79c2dbc239dd4e91b46729d73a27fb57e9,True,199.577366001904,2,15015.6123046875,15234.0,,,,,
vanilla,1,7,49cd6149f02ec01ee03a6eb8287ab2df:f982e9dfaf25:0:2,5feceb66ffc86f38d952786c6d696c79c2dbc239dd4e91b46729d73a27fb57e9,True,198.57416418381035,2,15015.6123046875,15234.0,,,,,
vanilla,1,8,49cd6149f02ec01ee03a6eb8287ab2df:f982e9dfaf25:0:3,5feceb66ffc86f38d952786c6d696c79c2dbc239dd4e91b46729d73a27fb57e9,True,199.2691750638187,2,15015.6123046875,15234.0,,,,,
vanilla,1,9,49cd6149f02ec01ee03a6eb8287ab2df:f982e9dfaf25:0:4,5feceb66ffc86f38d952786c6d696c79c2dbc239dd4e91b46729d73a27fb57e9,True,199.56129207275808,2,15015.6123046875,15234.0,,,,,
vanilla,1,10,49cd6149f02ec01ee03a6eb8287ab2df:81739d7eb99c:0:0,5feceb66ffc86f38d952786c6d696c79c2dbc239dd4e91b46729d73a27fb57e9,True,198.57839192263782,2,15015.6123046875,15234.0,,,,,
vanilla,1,11,49cd6149f02ec01ee03a6eb8287ab2df:81739d7eb99c:0:1,5feceb66ffc86f38d952786c6d696c79c2dbc239dd4e91b46729d73a27fb57e9,True,199.07272304408252,2,15015.6123046875,15234.0,,,,,
vanilla,1,12,49cd6149f02ec01ee03a6eb8287ab2df:81739d7eb99c:0:2,5feceb66ffc86f38d952786c6d696c79c2dbc239dd4e91b46729d73a27fb57e9,True,198.50505492649972,2,15015.6123046875,15234.0,,,,,
vanilla,1,13,49cd6149f02ec01ee03a6eb8287ab2df:81739d7eb99c:0:3,5feceb66ffc86f38d952786c6d696c79c2dbc239dd4e91b46729d73a27fb57e9,True,198.92383902333677,2,15015.6123046875,15234.0,,,,,
vanilla,1,14,49cd6149f02ec01ee03a6eb8287ab2df:81739d7eb99c:0:4,5feceb66ffc86f38d952786c6d696c79c2dbc239dd4e91b46729d73a27fb57e9,True,198.92594311386347,2,15015.6123046875,15234.0,,,,,
vanilla,1,15,c6050fe51d3408b1eaef27e08e7f1956:1458b54ae2f6:0:0,d656de69c0da6209d397a8d5f7affee137ddc3be7811a9522dee62d3b10d52c8,True,295.62172084115446,8,15026.31591796875,15234.0,,,,,
vanilla,1,16,c6050fe51d3408b1eaef27e08e7f1956:1458b54ae2f6:0:1,cdb81c63cda0b6ef0b2a1260fb987458ab47d5bebf8b78c6355a3a6dc164506d,True,321.3324409443885,10,15026.31591796875,15234.0,,,,,
vanilla,1,17,c6050fe51d3408b1eaef27e08e7f1956:1458b54ae2f6:0:2,fe50179dd819d03ae1216ed234b97e224965b782031f3c44efdb45fd96b23cd1,True,307.79997212812304,9,15026.31591796875,15234.0,,,,,
vanilla,1,18,c6050fe51d3408b1eaef27e08e7f1956:1458b54ae2f6:0:3,193405ed8b35f3ee7bb64910e10c564fde35fef8c1a936749daf66c5d021ba99,True,258.1212790682912,5,15026.31591796875,15234.0,,,,,
vanilla,1,19,c6050fe51d3408b1eaef27e08e7f1956:1458b54ae2f6:0:4,b95e2705d5a356fbf1413fffbb51166a15189a8408c65518ca1e169bb0b681ec,True,336.4058779552579,11,15026.31591796875,15234.0,,,,,
vanilla,1,20,c6050fe51d3408b1eaef27e08e7f1956:e4e99a4d6532:0:0,d656de69c0da6209d397a8d5f7affee137ddc3be7811a9522dee62d3b10d52c8,True,296.92029603756964,8,15026.31591796875,15234.0,,,,,
vanilla,1,21,c6050fe51d3408b1eaef27e08e7f1956:e4e99a4d6532:0:1,cdb81c63cda0b6ef0b2a1260fb987458ab47d5bebf8b78c6355a3a6dc164506d,True,321.3078361004591,10,15026.31591796875,15234.0,,,,,
vanilla,1,22,c6050fe51d3408b1eaef27e08e7f1956:e4e99a4d6532:0:2,fe50179dd819d03ae1216ed234b97e224965b782031f3c44efdb45fd96b23cd1,True,311.59010413102806,9,15026.31591796875,15234.0,,,,,
vanilla,1,23,c6050fe51d3408b1eaef27e08e7f1956:e4e99a4d6532:0:3,193405ed8b35f3ee7bb64910e10c564fde35fef8c1a936749daf66c5d021ba99,True,255.82261406816542,5,15026.31591796875,15234.0,,,,,
vanilla,1,24,c6050fe51d3408b1eaef27e08e7f1956:e4e99a4d6532:0:4,b95e2705d5a356fbf1413fffbb51166a15189a8408c65518ca1e169bb0b681ec,True,335.71932185441256,11,15026.31591796875,15234.0,,,,,
vanilla,1,25,bb98dd0bceac09d24db1ecb2af549a92:377f7f0dd150:0:0,1ea442a134b2a184bd5d40104401f2a37fbc09ccf3f4bc9da161c6099be3691d,True,185.63635693863034,1,14998.69970703125,15234.0,,,,,
vanilla,1,26,bb98dd0bceac09d24db1ecb2af549a92:377f7f0dd150:0:1,1ea442a134b2a184bd5d40104401f2a37fbc09ccf3f4bc9da161c6099be3691d,True,185.09769905358553,1,14998.69970703125,15234.0,,,,,
vanilla,1,27,bb98dd0bceac09d24db1ecb2af549a92:377f7f0dd150:0:2,1ea442a134b2a184bd5d40104401f2a37fbc09ccf3f4bc9da161c6099be3691d,True,185.12181914411485,1,14998.69970703125,15234.0,,,,,
vanilla,1,28,bb98dd0bceac09d24db1ecb2af549a92:377f7f0dd150:0:3,85a39ab345d672ff8ca9b9c6876f3adcacf45ee7c1e2dbd2408fd338bd55e07e,True,191.5887799113989,1,14998.69970703125,15234.0,,,,,
vanilla,1,29,bb98dd0bceac09d24db1ecb2af549a92:377f7f0dd150:0:4,85a39ab345d672ff8ca9b9c6876f3adcacf45ee7c1e2dbd2408fd338bd55e07e,True,184.79090207256377,1,14998.69970703125,15234.0,,,,,
vanilla,1,30,bb98dd0bceac09d24db1ecb2af549a92:2cf3a7a3a65c:0:0,1ea442a134b2a184bd5d40104401f2a37fbc09ccf3f4bc9da161c6099be3691d,True,187.01278395019472,1,14998.69970703125,15234.0,,,,,
vanilla,1,31,bb98dd0bceac09d24db1ecb2af549a92:2cf3a7a3a65c:0:1,1ea442a134b2a184bd5d40104401f2a37fbc09ccf3f4bc9da161c6099be3691d,True,186.45134498365223,1,14998.69970703125,15234.0,,,,,
vanilla,1,32,bb98dd0bceac09d24db1ecb2af549a92:2cf3a7a3a65c:0:2,1ea442a134b2a184bd5d40104401f2a37fbc09ccf3f4bc9da161c6099be3691d,True,185.87688403204083,1,14998.69970703125,15234.0,,,,,
vanilla,1,33,bb98dd0bceac09d24db1ecb2af549a92:2cf3a7a3a65c:0:3,85a39ab345d672ff8ca9b9c6876f3adcacf45ee7c1e2dbd2408fd338bd55e07e,True,187.94034980237484,1,14998.69970703125,15234.0,,,,,
vanilla,1,34,bb98dd0bceac09d24db1ecb2af549a92:2cf3a7a3a65c:0:4,85a39ab345d672ff8ca9b9c6876f3adcacf45ee7c1e2dbd2408fd338bd55e07e,True,188.56491008773446,1,14998.69970703125,15234.0,,,,,
vanilla,1,35,b877dd782edba758ab429e3ee3de3329:97e16cc551e4:0:0,5feceb66ffc86f38d952786c6d696c79c2dbc239dd4e91b46729d73a27fb57e9,True,201.20925293304026,2,15015.6123046875,15234.0,,,,,
vanilla,1,36,b877dd782edba758ab429e3ee3de3329:97e16cc551e4:0:1,5feceb66ffc86f38d952786c6d696c79c2dbc239dd4e91b46729d73a27fb57e9,True,202.05746195279062,2,15015.6123046875,15234.0,,,,,
vanilla,1,37,b877dd782edba758ab429e3ee3de3329:97e16cc551e4:0:2,5feceb66ffc86f38d952786c6d696c79c2dbc239dd4e91b46729d73a27fb57e9,True,202.51871296204627,2,15015.6123046875,15234.0,,,,,
vanilla,1,38,b877dd782edba758ab429e3ee3de3329:97e16cc551e4:0:3,5feceb66ffc86f38d952786c6d696c79c2dbc239dd4e91b46729d73a27fb57e9,True,201.95438107475638,2,15015.6123046875,15234.0,,,,,
vanilla,1,39,b877dd782edba758ab429e3ee3de3329:97e16cc551e4:0:4,6b86b273ff34fce19d6b804eff5a3f5747ada4eaa22f1d49c01e52ddb7875b4b,True,201.4659671112895,2,15015.6123046875,15234.0,,,,,
vanilla,1,40,b877dd782edba758ab429e3ee3de3329:dd7f6c9e007d:0:0,5feceb66ffc86f38d952786c6d696c79c2dbc239dd4e91b46729d73a27fb57e9,True,202.0259601995349,2,15015.6123046875,15234.0,,,,,
vanilla,1,41,b877dd782edba758ab429e3ee3de3329:dd7f6c9e007d:0:1,5feceb66ffc86f38d952786c6d696c79c2dbc239dd4e91b46729d73a27fb57e9,True,200.07445593364537,2,15015.6123046875,15234.0,,,,,
vanilla,1,42,b877dd782edba758ab429e3ee3de3329:dd7f6c9e007d:0:2,5feceb66ffc86f38d952786c6d696c79c2dbc239dd4e91b46729d73a27fb57e9,True,201.3139349874109,2,15015.6123046875,15234.0,,,,,
vanilla,1,43,b877dd782edba758ab429e3ee3de3329:dd7f6c9e007d:0:3,5feceb66ffc86f38d952786c6d696c79c2dbc239dd4e91b46729d73a27fb57e9,True,201.27155189402401,2,15015.6123046875,15234.0,,,,,
vanilla,1,44,b877dd782edba758ab429e3ee3de3329:dd7f6c9e007d:0:4,6b86b273ff34fce19d6b804eff5a3f5747ada4eaa22f1d49c01e52ddb7875b4b,True,203.39254685677588,2,15015.6123046875,15234.0,,,,,
vanilla,1,45,4f59fbf51a0a5bfb4dc5af02cf294693:993dac5396a0:0:0,082a3f27a64a793001365f40fd7d76058660d5148036e68127b7775445e5f79a,True,360.77415896579623,13,15022.64697265625,15234.0,,,,,
vanilla,1,46,4f59fbf51a0a5bfb4dc5af02cf294693:993dac5396a0:0:1,082a3f27a64a793001365f40fd7d76058660d5148036e68127b7775445e5f79a,True,362.41587600670755,13,15022.64697265625,15234.0,,,,,
vanilla,1,47,4f59fbf51a0a5bfb4dc5af02cf294693:993dac5396a0:0:2,082a3f27a64a793001365f40fd7d76058660d5148036e68127b7775445e5f79a,True,362.3050767928362,13,15022.64697265625,15234.0,,,,,
vanilla,1,48,4f59fbf51a0a5bfb4dc5af02cf294693:993dac5396a0:0:3,082a3f27a64a793001365f40fd7d76058660d5148036e68127b7775445e5f79a,True,362.21095197834074,13,15022.64697265625,15234.0,,,,,
vanilla,1,49,4f59fbf51a0a5bfb4dc5af02cf294693:993dac5396a0:0:4,cb1d05299ff18cc4eb1eafa80966fcf02838d32be4a86d290ced7caf197919ad,True,322.170248022303,10,15022.64697265625,15234.0,,,,,
