profile,order,repeat,sample_index,orig_id,answer_sha256,latency_ms,tokens,peak_allocated_mb,peak_reserved_mb,steps_processed,detection_ready_ms,detection_after_prefill_ms,detector_probability,detector_prediction
baseline,forward,0,0,1a938d25604410ccd63b60285919eaec:c627e50da685:0:0,70f89282fb4200d4c7cb83660e5e90d9cf2d989cdecf70c1f868239e5f542294,282.22632803954184,7,15004.13232421875,15302.0,,,,,
baseline,forward,0,1,1a938d25604410ccd63b60285919eaec:c627e50da685:0:1,c709293d644a54f3b0d6270fc879317ff277c06c090c03c30f721b08140bbe7b,384.79111180640757,15,15004.13232421875,15302.0,,,,,
baseline,forward,0,2,1a938d25604410ccd63b60285919eaec:c627e50da685:0:2,c709293d644a54f3b0d6270fc879317ff277c06c090c03c30f721b08140bbe7b,384.9619668908417,15,15004.13232421875,15302.0,,,,,
baseline,forward,0,3,1a938d25604410ccd63b60285919eaec:c627e50da685:0:3,c709293d644a54f3b0d6270fc879317ff277c06c090c03c30f721b08140bbe7b,384.9305980838835,15,15004.13232421875,15302.0,,,,,
baseline,forward,0,4,1a938d25604410ccd63b60285919eaec:c627e50da685:0:4,15905afe25f3666163b46d6b6948b985a7debd874743ae398a264536e830ec1f,279.23458884470165,7,15004.13232421875,15302.0,,,,,
baseline,forward,0,5,49cd6149f02ec01ee03a6eb8287ab2df:f982e9dfaf25:0:0,5feceb66ffc86f38d952786c6d696c79c2dbc239dd4e91b46729d73a27fb57e9,197.74121302179992,2,14999.6123046875,15302.0,,,,,
baseline,forward,0,6,49cd6149f02ec01ee03a6eb8287ab2df:f982e9dfaf25:0:1,5feceb66ffc86f38d952786c6d696c79c2dbc239dd4e91b46729d73a27fb57e9,197.96636211685836,2,14999.6123046875,15302.0,,,,,
baseline,forward,0,7,49cd6149f02ec01ee03a6eb8287ab2df:f982e9dfaf25:0:2,5feceb66ffc86f38d952786c6d696c79c2dbc239dd4e91b46729d73a27fb57e9,197.92581698857248,2,14999.6123046875,15302.0,,,,,
baseline,forward,0,8,49cd6149f02ec01ee03a6eb8287ab2df:f982e9dfaf25:0:3,5feceb66ffc86f38d952786c6d696c79c2dbc239dd4e91b46729d73a27fb57e9,198.6145891714841,2,14999.6123046875,15302.0,,,,,
baseline,forward,0,9,49cd6149f02ec01ee03a6eb8287ab2df:f982e9dfaf25:0:4,5feceb66ffc86f38d952786c6d696c79c2dbc239dd4e91b46729d73a27fb57e9,198.9117308985442,2,14999.6123046875,15302.0,,,,,
baseline,forward,0,10,49cd6149f02ec01ee03a6eb8287ab2df:81739d7eb99c:0:0,5feceb66ffc86f38d952786c6d696c79c2dbc239dd4e91b46729d73a27fb57e9,201.02714793756604,2,14999.6123046875,15302.0,,,,,
baseline,forward,0,11,49cd6149f02ec01ee03a6eb8287ab2df:81739d7eb99c:0:1,5feceb66ffc86f38d952786c6d696c79c2dbc239dd4e91b46729d73a27fb57e9,200.4028339870274,2,14999.6123046875,15302.0,,,,,
baseline,forward,0,12,49cd6149f02ec01ee03a6eb8287ab2df:81739d7eb99c:0:2,5feceb66ffc86f38d952786c6d696c79c2dbc239dd4e91b46729d73a27fb57e9,198.75123794190586,2,14999.6123046875,15302.0,,,,,
baseline,forward,0,13,49cd6149f02ec01ee03a6eb8287ab2df:81739d7eb99c:0:3,5feceb66ffc86f38d952786c6d696c79c2dbc239dd4e91b46729d73a27fb57e9,197.9433069936931,2,14999.6123046875,15302.0,,,,,
baseline,forward,0,14,49cd6149f02ec01ee03a6eb8287ab2df:81739d7eb99c:0:4,5feceb66ffc86f38d952786c6d696c79c2dbc239dd4e91b46729d73a27fb57e9,199.4549660012126,2,14999.6123046875,15302.0,,,,,
baseline,forward,0,15,c6050fe51d3408b1eaef27e08e7f1956:1458b54ae2f6:0:0,d656de69c0da6209d397a8d5f7affee137ddc3be7811a9522dee62d3b10d52c8,293.0468050763011,8,15011.56591796875,15302.0,,,,,
baseline,forward,0,16,c6050fe51d3408b1eaef27e08e7f1956:1458b54ae2f6:0:1,cdb81c63cda0b6ef0b2a1260fb987458ab47d5bebf8b78c6355a3a6dc164506d,321.063474053517,10,15011.56591796875,15302.0,,,,,
baseline,forward,0,17,c6050fe51d3408b1eaef27e08e7f1956:1458b54ae2f6:0:2,fe50179dd819d03ae1216ed234b97e224965b782031f3c44efdb45fd96b23cd1,306.07655295170844,9,15011.56591796875,15302.0,,,,,
baseline,forward,0,18,c6050fe51d3408b1eaef27e08e7f1956:1458b54ae2f6:0:3,193405ed8b35f3ee7bb64910e10c564fde35fef8c1a936749daf66c5d021ba99,253.38110513985157,5,15011.56591796875,15302.0,,,,,
baseline,forward,0,19,c6050fe51d3408b1eaef27e08e7f1956:1458b54ae2f6:0:4,b95e2705d5a356fbf1413fffbb51166a15189a8408c65518ca1e169bb0b681ec,332.4113928247243,11,15011.56591796875,15302.0,,,,,
baseline,forward,0,20,c6050fe51d3408b1eaef27e08e7f1956:e4e99a4d6532:0:0,d656de69c0da6209d397a8d5f7affee137ddc3be7811a9522dee62d3b10d52c8,292.8397268988192,8,15011.56591796875,15302.0,,,,,
baseline,forward,0,21,c6050fe51d3408b1eaef27e08e7f1956:e4e99a4d6532:0:1,cdb81c63cda0b6ef0b2a1260fb987458ab47d5bebf8b78c6355a3a6dc164506d,318.70455807074904,10,15011.56591796875,15302.0,,,,,
baseline,forward,0,22,c6050fe51d3408b1eaef27e08e7f1956:e4e99a4d6532:0:2,fe50179dd819d03ae1216ed234b97e224965b782031f3c44efdb45fd96b23cd1,305.61989499256015,9,15011.56591796875,15302.0,,,,,
baseline,forward,0,23,c6050fe51d3408b1eaef27e08e7f1956:e4e99a4d6532:0:3,193405ed8b35f3ee7bb64910e10c564fde35fef8c1a936749daf66c5d021ba99,255.68280112929642,5,15011.56591796875,15302.0,,,,,
baseline,forward,0,24,c6050fe51d3408b1eaef27e08e7f1956:e4e99a4d6532:0:4,b95e2705d5a356fbf1413fffbb51166a15189a8408c65518ca1e169bb0b681ec,334.7799340263009,11,15011.56591796875,15302.0,,,,,
baseline,forward,0,25,bb98dd0bceac09d24db1ecb2af549a92:377f7f0dd150:0:0,1ea442a134b2a184bd5d40104401f2a37fbc09ccf3f4bc9da161c6099be3691d,184.9257219582796,1,14998.54345703125,15302.0,,,,,
baseline,forward,0,26,bb98dd0bceac09d24db1ecb2af549a92:377f7f0dd150:0:1,1ea442a134b2a184bd5d40104401f2a37fbc09ccf3f4bc9da161c6099be3691d,185.2754580322653,1,14998.54345703125,15302.0,,,,,
baseline,forward,0,27,bb98dd0bceac09d24db1ecb2af549a92:377f7f0dd150:0:2,1ea442a134b2a184bd5d40104401f2a37fbc09ccf3f4bc9da161c6099be3691d,184.59625891409814,1,14998.54345703125,15302.0,,,,,
baseline,forward,0,28,bb98dd0bceac09d24db1ecb2af549a92:377f7f0dd150:0:3,85a39ab345d672ff8ca9b9c6876f3adcacf45ee7c1e2dbd2408fd338bd55e07e,184.57607692107558,1,14998.54345703125,15302.0,,,,,
baseline,forward,0,29,bb98dd0bceac09d24db1ecb2af549a92:377f7f0dd150:0:4,85a39ab345d672ff8ca9b9c6876f3adcacf45ee7c1e2dbd2408fd338bd55e07e,184.36352699063718,1,14998.54345703125,15302.0,,,,,
baseline,forward,0,30,bb98dd0bceac09d24db1ecb2af549a92:2cf3a7a3a65c:0:0,1ea442a134b2a184bd5d40104401f2a37fbc09ccf3f4bc9da161c6099be3691d,184.83404186554253,1,14998.54345703125,15302.0,,,,,
baseline,forward,0,31,bb98dd0bceac09d24db1ecb2af549a92:2cf3a7a3a65c:0:1,1ea442a134b2a184bd5d40104401f2a37fbc09ccf3f4bc9da161c6099be3691d,184.5823081675917,1,14998.54345703125,15302.0,,,,,
baseline,forward,0,32,bb98dd0bceac09d24db1ecb2af549a92:2cf3a7a3a65c:0:2,1ea442a134b2a184bd5d40104401f2a37fbc09ccf3f4bc9da161c6099be3691d,184.67183713801205,1,14998.54345703125,15302.0,,,,,
baseline,forward,0,33,bb98dd0bceac09d24db1ecb2af549a92:2cf3a7a3a65c:0:3,85a39ab345d672ff8ca9b9c6876f3adcacf45ee7c1e2dbd2408fd338bd55e07e,187.7461459953338,1,14998.54345703125,15302.0,,,,,
baseline,forward,0,34,bb98dd0bceac09d24db1ecb2af549a92:2cf3a7a3a65c:0:4,85a39ab345d672ff8ca9b9c6876f3adcacf45ee7c1e2dbd2408fd338bd55e07e,186.98304216377437,1,14998.54345703125,15302.0,,,,,
baseline,forward,0,35,b877dd782edba758ab429e3ee3de3329:97e16cc551e4:0:0,5feceb66ffc86f38d952786c6d696c79c2dbc239dd4e91b46729d73a27fb57e9,208.10393104329705,2,14999.6123046875,15302.0,,,,,
baseline,forward,0,36,b877dd782edba758ab429e3ee3de3329:97e16cc551e4:0:1,5feceb66ffc86f38d952786c6d696c79c2dbc239dd4e91b46729d73a27fb57e9,198.41578393243253,2,14999.6123046875,15302.0,,,,,
baseline,forward,0,37,b877dd782edba758ab429e3ee3de3329:97e16cc551e4:0:2,5feceb66ffc86f38d952786c6d696c79c2dbc239dd4e91b46729d73a27fb57e9,222.12830604985356,2,14999.6123046875,15302.0,,,,,
baseline,forward,0,38,b877dd782edba758ab429e3ee3de3329:97e16cc551e4:0:3,5feceb66ffc86f38d952786c6d696c79c2dbc239dd4e91b46729d73a27fb57e9,204.71344189718366,2,14999.6123046875,15302.0,,,,,
baseline,forward,0,39,b877dd782edba758ab429e3ee3de3329:97e16cc551e4:0:4,6b86b273ff34fce19d6b804eff5a3f5747ada4eaa22f1d49c01e52ddb7875b4b,198.5857430845499,2,14999.6123046875,15302.0,,,,,
baseline,forward,0,40,b877dd782edba758ab429e3ee3de3329:dd7f6c9e007d:0:0,5feceb66ffc86f38d952786c6d696c79c2dbc239dd4e91b46729d73a27fb57e9,198.79923900589347,2,14999.6123046875,15302.0,,,,,
baseline,forward,0,41,b877dd782edba758ab429e3ee3de3329:dd7f6c9e007d:0:1,5feceb66ffc86f38d952786c6d696c79c2dbc239dd4e91b46729d73a27fb57e9,198.05797282606363,2,14999.6123046875,15302.0,,,,,
baseline,forward,0,42,b877dd782edba758ab429e3ee3de3329:dd7f6c9e007d:0:2,5feceb66ffc86f38d952786c6d696c79c2dbc239dd4e91b46729d73a27fb57e9,199.25320707261562,2,14999.6123046875,15302.0,,,,,
baseline,forward,0,43,b877dd782edba758ab429e3ee3de3329:dd7f6c9e007d:0:3,5feceb66ffc86f38d952786c6d696c79c2dbc239dd4e91b46729d73a27fb57e9,199.96832218021154,2,14999.6123046875,15302.0,,,,,
baseline,forward,0,44,b877dd782edba758ab429e3ee3de3329:dd7f6c9e007d:0:4,6b86b273ff34fce19d6b804eff5a3f5747ada4eaa22f1d49c01e52ddb7875b4b,201.79550792090595,2,14999.6123046875,15302.0,,,,,
baseline,forward,0,45,4f59fbf51a0a5bfb4dc5af02cf294693:993dac5396a0:0:0,082a3f27a64a793001365f40fd7d76058660d5148036e68127b7775445e5f79a,361.74974613822997,13,15007.52197265625,15302.0,,,,,
baseline,forward,0,46,4f59fbf51a0a5bfb4dc5af02cf294693:993dac5396a0:0:1,082a3f27a64a793001365f40fd7d76058660d5148036e68127b7775445e5f79a,360.8174149412662,13,15007.52197265625,15302.0,,,,,
baseline,forward,0,47,4f59fbf51a0a5bfb4dc5af02cf294693:993dac5396a0:0:2,082a3f27a64a793001365f40fd7d76058660d5148036e68127b7775445e5f79a,359.14027504622936,13,15007.52197265625,15302.0,,,,,
baseline,forward,0,48,4f59fbf51a0a5bfb4dc5af02cf294693:993dac5396a0:0:3,082a3f27a64a793001365f40fd7d76058660d5148036e68127b7775445e5f79a,359.6927928738296,13,15007.52197265625,15302.0,,,,,
baseline,forward,0,49,4f59fbf51a0a5bfb4dc5af02cf294693:993dac5396a0:0:4,cb1d05299ff18cc4eb1eafa80966fcf02838d32be4a86d290ced7caf197919ad,319.449108093977,10,15007.52197265625,15302.0,,,,,
baseline,forward,1,0,1a938d25604410ccd63b60285919eaec:c627e50da685:0:0,70f89282fb4200d4c7cb83660e5e90d9cf2d989cdecf70c1f868239e5f542294,279.7862309962511,7,15004.13232421875,15302.0,,,,,
baseline,forward,1,1,1a938d25604410ccd63b60285919eaec:c627e50da685:0:1,c709293d644a54f3b0d6270fc879317ff277c06c090c03c30f721b08140bbe7b,386.5788490511477,15,15004.13232421875,15302.0,,,,,
baseline,forward,1,2,1a938d25604410ccd63b60285919eaec:c627e50da685:0:2,c709293d644a54f3b0d6270fc879317ff277c06c090c03c30f721b08140bbe7b,385.704861022532,15,15004.13232421875,15302.0,,,,,
baseline,forward,1,3,1a938d25604410ccd63b60285919eaec:c627e50da685:0:3,c709293d644a54f3b0d6270fc879317ff277c06c090c03c30f721b08140bbe7b,386.4481959026307,15,15004.13232421875,15302.0,,,,,
baseline,forward,1,4,1a938d25604410ccd63b60285919eaec:c627e50da685:0:4,15905afe25f3666163b46d6b6948b985a7debd874743ae398a264536e830ec1f,283.35075406357646,7,15004.13232421875,15302.0,,,,,
baseline,forward,1,5,49cd6149f02ec01ee03a6eb8287ab2df:f982e9dfaf25:0:0,5feceb66ffc86f38d952786c6d696c79c2dbc239dd4e91b46729d73a27fb57e9,199.4351849425584,2,14999.6123046875,15302.0,,,,,
baseline,forward,1,6,49cd6149f02ec01ee03a6eb8287ab2df:f982e9dfaf25:0:1,5feceb66ffc86f38d952786c6d696c79c2dbc239dd4e91b46729d73a27fb57e9,198.5113169066608,2,14999.6123046875,15302.0,,,,,
baseline,forward,1,7,49cd6149f02ec01ee03a6eb8287ab2df:f982e9dfaf25:0:2,5feceb66ffc86f38d952786c6d696c79c2dbc239dd4e91b46729d73a27fb57e9,199.12013900466263,2,14999.6123046875,15302.0,,,,,
baseline,forward,1,8,49cd6149f02ec01ee03a6eb8287ab2df:f982e9dfaf25:0:3,5feceb66ffc86f38d952786c6d696c79c2dbc239dd4e91b46729d73a27fb57e9,198.64605786278844,2,14999.6123046875,15302.0,,,,,
baseline,forward,1,9,49cd6149f02ec01ee03a6eb8287ab2df:f982e9dfaf25:0:4,5feceb66ffc86f38d952786c6d696c79c2dbc239dd4e91b46729d73a27fb57e9,199.57093498669565,2,14999.6123046875,15302.0,,,,,
baseline,forward,1,10,49cd6149f02ec01ee03a6eb8287ab2df:81739d7eb99c:0:0,5feceb66ffc86f38d952786c6d696c79c2dbc239dd4e91b46729d73a27fb57e9,198.5898818820715,2,14999.6123046875,15302.0,,,,,
baseline,forward,1,11,49cd6149f02ec01ee03a6eb8287ab2df:81739d7eb99c:0:1,5feceb66ffc86f38d952786c6d696c79c2dbc239dd4e91b46729d73a27fb57e9,199.1512030363083,2,14999.6123046875,15302.0,,,,,
baseline,forward,1,12,49cd6149f02ec01ee03a6eb8287ab2df:81739d7eb99c:0:2,5feceb66ffc86f38d952786c6d696c79c2dbc239dd4e91b46729d73a27fb57e9,198.670124867931,2,14999.6123046875,15302.0,,,,,
baseline,forward,1,13,49cd6149f02ec01ee03a6eb8287ab2df:81739d7eb99c:0:3,5feceb66ffc86f38d952786c6d696c79c2dbc239dd4e91b46729d73a27fb57e9,198.42885877005756,2,14999.6123046875,15302.0,,,,,
baseline,forward,1,14,49cd6149f02ec01ee03a6eb8287ab2df:81739d7eb99c:0:4,5feceb66ffc86f38d952786c6d696c79c2dbc239dd4e91b46729d73a27fb57e9,198.78887105733156,2,14999.6123046875,15302.0,,,,,
baseline,forward,1,15,c6050fe51d3408b1eaef27e08e7f1956:1458b54ae2f6:0:0,d656de69c0da6209d397a8d5f7affee137ddc3be7811a9522dee62d3b10d52c8,293.279233854264,8,15011.56591796875,15302.0,,,,,
baseline,forward,1,16,c6050fe51d3408b1eaef27e08e7f1956:1458b54ae2f6:0:1,cdb81c63cda0b6ef0b2a1260fb987458ab47d5bebf8b78c6355a3a6dc164506d,319.3093619775027,10,15011.56591796875,15302.0,,,,,
baseline,forward,1,17,c6050fe51d3408b1eaef27e08e7f1956:1458b54ae2f6:0:2,fe50179dd819d03ae1216ed234b97e224965b782031f3c44efdb45fd96b23cd1,307.1076199412346,9,15011.56591796875,15302.0,,,,,
baseline,forward,1,18,c6050fe51d3408b1eaef27e08e7f1956:1458b54ae2f6:0:3,193405ed8b35f3ee7bb64910e10c564fde35fef8c1a936749daf66c5d021ba99,253.72407585382462,5,15011.56591796875,15302.0,,,,,
baseline,forward,1,19,c6050fe51d3408b1eaef27e08e7f1956:1458b54ae2f6:0:4,b95e2705d5a356fbf1413fffbb51166a15189a8408c65518ca1e169bb0b681ec,333.0807581078261,11,15011.56591796875,15302.0,,,,,
baseline,forward,1,20,c6050fe51d3408b1eaef27e08e7f1956:e4e99a4d6532:0:0,d656de69c0da6209d397a8d5f7affee137ddc3be7811a9522dee62d3b10d52c8,293.5169960837811,8,15011.56591796875,15302.0,,,,,
baseline,forward,1,21,c6050fe51d3408b1eaef27e08e7f1956:e4e99a4d6532:0:1,cdb81c63cda0b6ef0b2a1260fb987458ab47d5bebf8b78c6355a3a6dc164506d,319.98388189822435,10,15011.56591796875,15302.0,,,,,
baseline,forward,1,22,c6050fe51d3408b1eaef27e08e7f1956:e4e99a4d6532:0:2,fe50179dd819d03ae1216ed234b97e224965b782031f3c44efdb45fd96b23cd1,309.0380060020834,9,15011.56591796875,15302.0,,,,,
baseline,forward,1,23,c6050fe51d3408b1eaef27e08e7f1956:e4e99a4d6532:0:3,193405ed8b35f3ee7bb64910e10c564fde35fef8c1a936749daf66c5d021ba99,257.88337201811373,5,15011.56591796875,15302.0,,,,,
baseline,forward,1,24,c6050fe51d3408b1eaef27e08e7f1956:e4e99a4d6532:0:4,b95e2705d5a356fbf1413fffbb51166a15189a8408c65518ca1e169bb0b681ec,333.69718003086746,11,15011.56591796875,15302.0,,,,,
baseline,forward,1,25,bb98dd0bceac09d24db1ecb2af549a92:377f7f0dd150:0:0,1ea442a134b2a184bd5d40104401f2a37fbc09ccf3f4bc9da161c6099be3691d,189.28206199780107,1,14998.54345703125,15302.0,,,,,
baseline,forward,1,26,bb98dd0bceac09d24db1ecb2af549a92:377f7f0dd150:0:1,1ea442a134b2a184bd5d40104401f2a37fbc09ccf3f4bc9da161c6099be3691d,186.89949880354106,1,14998.54345703125,15302.0,,,,,
baseline,forward,1,27,bb98dd0bceac09d24db1ecb2af549a92:377f7f0dd150:0:2,1ea442a134b2a184bd5d40104401f2a37fbc09ccf3f4bc9da161c6099be3691d,188.68305487558246,1,14998.54345703125,15302.0,,,,,
baseline,forward,1,28,bb98dd0bceac09d24db1ecb2af549a92:377f7f0dd150:0:3,85a39ab345d672ff8ca9b9c6876f3adcacf45ee7c1e2dbd2408fd338bd55e07e,186.4249270875007,1,14998.54345703125,15302.0,,,,,
baseline,forward,1,29,bb98dd0bceac09d24db1ecb2af549a92:377f7f0dd150:0:4,85a39ab345d672ff8ca9b9c6876f3adcacf45ee7c1e2dbd2408fd338bd55e07e,185.14141510240734,1,14998.54345703125,15302.0,,,,,
baseline,forward,1,30,bb98dd0bceac09d24db1ecb2af549a92:2cf3a7a3a65c:0:0,1ea442a134b2a184bd5d40104401f2a37fbc09ccf3f4bc9da161c6099be3691d,185.95442990772426,1,14998.54345703125,15302.0,,,,,
baseline,forward,1,31,bb98dd0bceac09d24db1ecb2af549a92:2cf3a7a3a65c:0:1,1ea442a134b2a184bd5d40104401f2a37fbc09ccf3f4bc9da161c6099be3691d,188.16133704967797,1,14998.54345703125,15302.0,,,,,
baseline,forward,1,32,bb98dd0bceac09d24db1ecb2af549a92:2cf3a7a3a65c:0:2,1ea442a134b2a184bd5d40104401f2a37fbc09ccf3f4bc9da161c6099be3691d,185.87476713582873,1,14998.54345703125,15302.0,,,,,
baseline,forward,1,33,bb98dd0bceac09d24db1ecb2af549a92:2cf3a7a3a65c:0:3,85a39ab345d672ff8ca9b9c6876f3adcacf45ee7c1e2dbd2408fd338bd55e07e,185.41319109499454,1,14998.54345703125,15302.0,,,,,
baseline,forward,1,34,bb98dd0bceac09d24db1ecb2af549a92:2cf3a7a3a65c:0:4,85a39ab345d672ff8ca9b9c6876f3adcacf45ee7c1e2dbd2408fd338bd55e07e,185.29007607139647,1,14998.54345703125,15302.0,,,,,
baseline,forward,1,35,b877dd782edba758ab429e3ee3de3329:97e16cc551e4:0:0,5feceb66ffc86f38d952786c6d696c79c2dbc239dd4e91b46729d73a27fb57e9,200.83637908101082,2,14999.6123046875,15302.0,,,,,
baseline,forward,1,36,b877dd782edba758ab429e3ee3de3329:97e16cc551e4:0:1,5feceb66ffc86f38d952786c6d696c79c2dbc239dd4e91b46729d73a27fb57e9,200.8521710522473,2,14999.6123046875,15302.0,,,,,
baseline,forward,1,37,b877dd782edba758ab429e3ee3de3329:97e16cc551e4:0:2,5feceb66ffc86f38d952786c6d696c79c2dbc239dd4e91b46729d73a27fb57e9,199.95898893103004,2,14999.6123046875,15302.0,,,,,
baseline,forward,1,38,b877dd782edba758ab429e3ee3de3329:97e16cc551e4:0:3,5feceb66ffc86f38d952786c6d696c79c2dbc239dd4e91b46729d73a27fb57e9,199.59163619205356,2,14999.6123046875,15302.0,,,,,
baseline,forward,1,39,b877dd782edba758ab429e3ee3de3329:97e16cc551e4:0:4,6b86b273ff34fce19d6b804eff5a3f5747ada4eaa22f1d49c01e52ddb7875b4b,199.3154170922935,2,14999.6123046875,15302.0,,,,,
baseline,forward,1,40,b877dd782edba758ab429e3ee3de3329:dd7f6c9e007d:0:0,5feceb66ffc86f38d952786c6d696c79c2dbc239dd4e91b46729d73a27fb57e9,201.94885809905827,2,14999.6123046875,15302.0,,,,,
baseline,forward,1,41,b877dd782edba758ab429e3ee3de3329:dd7f6c9e007d:0:1,5feceb66ffc86f38d952786c6d696c79c2dbc239dd4e91b46729d73a27fb57e9,200.77301585115492,2,14999.6123046875,15302.0,,,,,
baseline,forward,1,42,b877dd782edba758ab429e3ee3de3329:dd7f6c9e007d:0:2,5feceb66ffc86f38d952786c6d696c79c2dbc239dd4e91b46729d73a27fb57e9,201.55251794494689,2,14999.6123046875,15302.0,,,,,
baseline,forward,1,43,b877dd782edba758ab429e3ee3de3329:dd7f6c9e007d:0:3,5feceb66ffc86f38d952786c6d696c79c2dbc239dd4e91b46729d73a27fb57e9,201.39586692675948,2,14999.6123046875,15302.0,,,,,
baseline,forward,1,44,b877dd782edba758ab429e3ee3de3329:dd7f6c9e007d:0:4,6b86b273ff34fce19d6b804eff5a3f5747ada4eaa22f1d49c01e52ddb7875b4b,201.13399694673717,2,14999.6123046875,15302.0,,,,,
baseline,forward,1,45,4f59fbf51a0a5bfb4dc5af02cf294693:993dac5396a0:0:0,082a3f27a64a793001365f40fd7d76058660d5148036e68127b7775445e5f79a,362.23671096377075,13,15007.52197265625,15302.0,,,,,
baseline,forward,1,46,4f59fbf51a0a5bfb4dc5af02cf294693:993dac5396a0:0:1,082a3f27a64a793001365f40fd7d76058660d5148036e68127b7775445e5f79a,362.28426499292254,13,15007.52197265625,15302.0,,,,,
baseline,forward,1,47,4f59fbf51a0a5bfb4dc5af02cf294693:993dac5396a0:0:2,082a3f27a64a793001365f40fd7d76058660d5148036e68127b7775445e5f79a,361.9895668234676,13,15007.52197265625,15302.0,,,,,
baseline,forward,1,48,4f59fbf51a0a5bfb4dc5af02cf294693:993dac5396a0:0:3,082a3f27a64a793001365f40fd7d76058660d5148036e68127b7775445e5f79a,360.38611410185695,13,15007.52197265625,15302.0,,,,,
baseline,forward,1,49,4f59fbf51a0a5bfb4dc5af02cf294693:993dac5396a0:0:4,cb1d05299ff18cc4eb1eafa80966fcf02838d32be4a86d290ced7caf197919ad,321.2389990221709,10,15007.52197265625,15302.0,,,,,
full_72d,forward,0,0,1a938d25604410ccd63b60285919eaec:c627e50da685:0:0,70f89282fb4200d4c7cb83660e5e90d9cf2d989cdecf70c1f868239e5f542294,287.7486979123205,7,15006.259765625,15302.0,2,220.1708280481398,101.78630915470421,0.07011669129133224,0
full_72d,forward,0,1,1a938d25604410ccd63b60285919eaec:c627e50da685:0:1,c709293d644a54f3b0d6270fc879317ff277c06c090c03c30f721b08140bbe7b,392.20180409029126,15,15006.259765625,15302.0,2,218.29372900538146,101.54621792025864,0.0684436559677124,0
full_72d,forward,0,2,1a938d25604410ccd63b60285919eaec:c627e50da685:0:2,c709293d644a54f3b0d6270fc879317ff277c06c090c03c30f721b08140bbe7b,402.1659609861672,15,15006.259765625,15302.0,2,227.34013386070728,101.70225286856294,0.0684436559677124,0
full_72d,forward,0,3,1a938d25604410ccd63b60285919eaec:c627e50da685:0:3,c709293d644a54f3b0d6270fc879317ff277c06c090c03c30f721b08140bbe7b,393.12767912633717,15,15006.259765625,15302.0,2,218.94276700913906,102.44522197172046,0.06932017207145691,0
full_72d,forward,0,4,1a938d25604410ccd63b60285919eaec:c627e50da685:0:4,15905afe25f3666163b46d6b6948b985a7debd874743ae398a264536e830ec1f,310.28407090343535,7,15006.259765625,15302.0,2,242.50815086998045,101.72165092080832,0.07139082252979279,0
full_72d,forward,0,5,49cd6149f02ec01ee03a6eb8287ab2df:f982e9dfaf25:0:0,5feceb66ffc86f38d952786c6d696c79c2dbc239dd4e91b46729d73a27fb57e9,216.92194696515799,2,15001.73974609375,15302.0,2,216.19570488110185,91.27049590460956,0.07018690556287766,0
full_72d,forward,0,6,49cd6149f02ec01ee03a6eb8287ab2df:f982e9dfaf25:0:1,5feceb66ffc86f38d952786c6d696c79c2dbc239dd4e91b46729d73a27fb57e9,208.83392682299018,2,15001.73974609375,15302.0,2,208.12271581962705,91.3053338881582,0.07018690556287766,0
full_72d,forward,0,7,49cd6149f02ec01ee03a6eb8287ab2df:f982e9dfaf25:0:2,5feceb66ffc86f38d952786c6d696c79c2dbc239dd4e91b46729d73a27fb57e9,207.286432152614,2,15001.73974609375,15302.0,2,206.58109802752733,90.97298607230186,0.07018690556287766,0
full_72d,forward,0,8,49cd6149f02ec01ee03a6eb8287ab2df:f982e9dfaf25:0:3,5feceb66ffc86f38d952786c6d696c79c2dbc239dd4e91b46729d73a27fb57e9,207.57013885304332,2,15001.73974609375,15302.0,2,206.87593892216682,90.93698393553495,0.0698273777961731,0
full_72d,forward,0,9,49cd6149f02ec01ee03a6eb8287ab2df:f982e9dfaf25:0:4,5feceb66ffc86f38d952786c6d696c79c2dbc239dd4e91b46729d73a27fb57e9,206.46032597869635,2,15001.73974609375,15302.0,2,205.7892200537026,90.684297028929,0.07019949704408646,0
full_72d,forward,0,10,49cd6149f02ec01ee03a6eb8287ab2df:81739d7eb99c:0:0,5feceb66ffc86f38d952786c6d696c79c2dbc239dd4e91b46729d73a27fb57e9,205.2591028623283,2,15001.73974609375,15302.0,2,204.57287202589214,91.26495895907283,0.07018690556287766,0
full_72d,forward,0,11,49cd6149f02ec01ee03a6eb8287ab2df:81739d7eb99c:0:1,5feceb66ffc86f38d952786c6d696c79c2dbc239dd4e91b46729d73a27fb57e9,204.2577329557389,2,15001.73974609375,15302.0,2,203.58912297524512,90.57683288119733,0.07018690556287766,0
full_72d,forward,0,12,49cd6149f02ec01ee03a6eb8287ab2df:81739d7eb99c:0:2,5feceb66ffc86f38d952786c6d696c79c2dbc239dd4e91b46729d73a27fb57e9,204.22080508433282,2,15001.73974609375,15302.0,2,203.54418805800378,90.69167193956673,0.07018690556287766,0
full_72d,forward,0,13,49cd6149f02ec01ee03a6eb8287ab2df:81739d7eb99c:0:3,5feceb66ffc86f38d952786c6d696c79c2dbc239dd4e91b46729d73a27fb57e9,204.49510193429887,2,15001.73974609375,15302.0,2,203.81660596467555,90.64785810187459,0.0698273777961731,0
full_72d,forward,0,14,49cd6149f02ec01ee03a6eb8287ab2df:81739d7eb99c:0:4,5feceb66ffc86f38d952786c6d696c79c2dbc239dd4e91b46729d73a27fb57e9,206.35926397517323,2,15001.73974609375,15302.0,2,205.67846787162125,90.99217597395182,0.07019949704408646,0
full_72d,forward,0,15,c6050fe51d3408b1eaef27e08e7f1956:1458b54ae2f6:0:0,d656de69c0da6209d397a8d5f7affee137ddc3be7811a9522dee62d3b10d52c8,300.7868081331253,8,15013.693359375,15302.0,2,219.78011797182262,101.70346684753895,0.07131020724773407,0
full_72d,forward,0,16,c6050fe51d3408b1eaef27e08e7f1956:1458b54ae2f6:0:1,cdb81c63cda0b6ef0b2a1260fb987458ab47d5bebf8b78c6355a3a6dc164506d,327.0964070688933,10,15013.693359375,15302.0,2,219.4596230983734,102.29037515819073,0.06839701533317566,0
full_72d,forward,0,17,c6050fe51d3408b1eaef27e08e7f1956:1458b54ae2f6:0:2,fe50179dd819d03ae1216ed234b97e224965b782031f3c44efdb45fd96b23cd1,312.872895039618,9,15013.693359375,15302.0,2,218.4691969305277,101.7070198431611,0.07242871820926666,0
full_72d,forward,0,18,c6050fe51d3408b1eaef27e08e7f1956:1458b54ae2f6:0:3,193405ed8b35f3ee7bb64910e10c564fde35fef8c1a936749daf66c5d021ba99,259.22962999902666,5,15013.693359375,15302.0,2,218.21524878032506,101.5742898453027,0.07542630285024643,0
full_72d,forward,0,19,c6050fe51d3408b1eaef27e08e7f1956:1458b54ae2f6:0:4,b95e2705d5a356fbf1413fffbb51166a15189a8408c65518ca1e169bb0b681ec,338.87095213867724,11,15013.693359375,15302.0,2,218.0250131059438,101.60823515616357,0.1313779354095459,0
full_72d,forward,0,20,c6050fe51d3408b1eaef27e08e7f1956:e4e99a4d6532:0:0,d656de69c0da6209d397a8d5f7affee137ddc3be7811a9522dee62d3b10d52c8,298.7834990490228,8,15013.693359375,15302.0,2,218.06824416853487,101.47713613696396,0.07131020724773407,0
full_72d,forward,0,21,c6050fe51d3408b1eaef27e08e7f1956:e4e99a4d6532:0:1,cdb81c63cda0b6ef0b2a1260fb987458ab47d5bebf8b78c6355a3a6dc164506d,326.39759592711926,10,15013.693359375,15302.0,2,218.93798001110554,102.19371295534074,0.06839701533317566,0
full_72d,forward,0,22,c6050fe51d3408b1eaef27e08e7f1956:e4e99a4d6532:0:2,fe50179dd819d03ae1216ed234b97e224965b782031f3c44efdb45fd96b23cd1,312.8785789012909,9,15013.693359375,15302.0,2,218.64064293913543,101.74019006080925,0.07242871820926666,0
full_72d,forward,0,23,c6050fe51d3408b1eaef27e08e7f1956:e4e99a4d6532:0:3,193405ed8b35f3ee7bb64910e10c564fde35fef8c1a936749daf66c5d021ba99,260.11699298396707,5,15013.693359375,15302.0,2,219.13076215423644,101.621407084167,0.07542630285024643,0
full_72d,forward,0,24,c6050fe51d3408b1eaef27e08e7f1956:e4e99a4d6532:0:4,b95e2705d5a356fbf1413fffbb51166a15189a8408c65518ca1e169bb0b681ec,339.47978098876774,11,15013.693359375,15302.0,2,218.09494495391846,101.60154290497303,0.1313779354095459,0
full_72d,forward,0,25,bb98dd0bceac09d24db1ecb2af549a92:377f7f0dd150:0:0,1ea442a134b2a184bd5d40104401f2a37fbc09ccf3f4bc9da161c6099be3691d,213.5886859614402,1,15000.6708984375,15302.0,1,213.53339194320142,76.82366180233657,0.0684436559677124,0
full_72d,forward,0,26,bb98dd0bceac09d24db1ecb2af549a92:377f7f0dd150:0:1,1ea442a134b2a184bd5d40104401f2a37fbc09ccf3f4bc9da161c6099be3691d,194.74419998005033,1,15000.6708984375,15302.0,1,194.68499906361103,77.3070810828358,0.0684436559677124,0
full_72d,forward,0,27,bb98dd0bceac09d24db1ecb2af549a92:377f7f0dd150:0:2,1ea442a134b2a184bd5d40104401f2a37fbc09ccf3f4bc9da161c6099be3691d,202.42588501423597,1,15000.6708984375,15302.0,1,202.36368314363062,77.65336311422288,0.0684436559677124,0
full_72d,forward,0,28,bb98dd0bceac09d24db1ecb2af549a92:377f7f0dd150:0:3,85a39ab345d672ff8ca9b9c6876f3adcacf45ee7c1e2dbd2408fd338bd55e07e,194.5328360889107,1,15000.6708984375,15302.0,1,194.47200512513518,77.07219407893717,0.07940814644098282,0
full_72d,forward,0,29,bb98dd0bceac09d24db1ecb2af549a92:377f7f0dd150:0:4,85a39ab345d672ff8ca9b9c6876f3adcacf45ee7c1e2dbd2408fd338bd55e07e,191.53813598677516,1,15000.6708984375,15302.0,1,191.47828198038042,77.08572689443827,0.0699334666132927,0
full_72d,forward,0,30,bb98dd0bceac09d24db1ecb2af549a92:2cf3a7a3a65c:0:0,1ea442a134b2a184bd5d40104401f2a37fbc09ccf3f4bc9da161c6099be3691d,191.6123798582703,1,15000.6708984375,15302.0,1,191.55730796046555,76.90833508968353,0.0684436559677124,0
full_72d,forward,0,31,bb98dd0bceac09d24db1ecb2af549a92:2cf3a7a3a65c:0:1,1ea442a134b2a184bd5d40104401f2a37fbc09ccf3f4bc9da161c6099be3691d,190.3896771837026,1,15000.6708984375,15302.0,1,190.33539504744112,76.76347391679883,0.0684436559677124,0
full_72d,forward,0,32,bb98dd0bceac09d24db1ecb2af549a92:2cf3a7a3a65c:0:2,1ea442a134b2a184bd5d40104401f2a37fbc09ccf3f4bc9da161c6099be3691d,190.30778901651502,1,15000.6708984375,15302.0,1,190.2537529822439,76.86901395209134,0.0684436559677124,0
full_72d,forward,0,33,bb98dd0bceac09d24db1ecb2af549a92:2cf3a7a3a65c:0:3,85a39ab345d672ff8ca9b9c6876f3adcacf45ee7c1e2dbd2408fd338bd55e07e,190.9308028407395,1,15000.6708984375,15302.0,1,190.8782757818699,77.33032898977399,0.07940814644098282,0
full_72d,forward,0,34,bb98dd0bceac09d24db1ecb2af549a92:2cf3a7a3a65c:0:4,85a39ab345d672ff8ca9b9c6876f3adcacf45ee7c1e2dbd2408fd338bd55e07e,190.87089481763542,1,15000.6708984375,15302.0,1,190.81731396727264,77.01233797706664,0.0699334666132927,0
full_72d,forward,0,35,b877dd782edba758ab429e3ee3de3329:97e16cc551e4:0:0,5feceb66ffc86f38d952786c6d696c79c2dbc239dd4e91b46729d73a27fb57e9,205.0683822017163,2,15001.73974609375,15302.0,2,204.3922320008278,90.71649285033345,0.07045606523752213,0
full_72d,forward,0,36,b877dd782edba758ab429e3ee3de3329:97e16cc551e4:0:1,5feceb66ffc86f38d952786c6d696c79c2dbc239dd4e91b46729d73a27fb57e9,206.6214489750564,2,15001.73974609375,15302.0,2,205.95275494270027,90.78975184820592,0.07045606523752213,0
full_72d,forward,0,37,b877dd782edba758ab429e3ee3de3329:97e16cc551e4:0:2,5feceb66ffc86f38d952786c6d696c79c2dbc239dd4e91b46729d73a27fb57e9,207.14589417912066,2,15001.73974609375,15302.0,2,206.32781111635268,92.08001499064267,0.0698273777961731,0
full_72d,forward,0,38,b877dd782edba758ab429e3ee3de3329:97e16cc551e4:0:3,5feceb66ffc86f38d952786c6d696c79c2dbc239dd4e91b46729d73a27fb57e9,238.56283212080598,2,15001.73974609375,15302.0,2,237.7937480341643,91.47511585615575,0.0700952559709549,0
full_72d,forward,0,39,b877dd782edba758ab429e3ee3de3329:97e16cc551e4:0:4,6b86b273ff34fce19d6b804eff5a3f5747ada4eaa22f1d49c01e52ddb7875b4b,210.69219009950757,2,15001.73974609375,15302.0,2,209.98417609371245,91.4255608804524,0.07696761190891266,0
full_72d,forward,0,40,b877dd782edba758ab429e3ee3de3329:dd7f6c9e007d:0:0,5feceb66ffc86f38d952786c6d696c79c2dbc239dd4e91b46729d73a27fb57e9,206.58979704603553,2,15001.73974609375,15302.0,2,205.90227702632546,90.78450198285282,0.07045606523752213,0
full_72d,forward,0,41,b877dd782edba758ab429e3ee3de3329:dd7f6c9e007d:0:1,5feceb66ffc86f38d952786c6d696c79c2dbc239dd4e91b46729d73a27fb57e9,205.7557599619031,2,15001.73974609375,15302.0,2,205.06452792324126,90.81112802959979,0.07045606523752213,0
full_72d,forward,0,42,b877dd782edba758ab429e3ee3de3329:dd7f6c9e007d:0:2,5feceb66ffc86f38d952786c6d696c79c2dbc239dd4e91b46729d73a27fb57e9,206.33468497544527,2,15001.73974609375,15302.0,2,205.65192797221243,91.10230393707752,0.0698273777961731,0
full_72d,forward,0,43,b877dd782edba758ab429e3ee3de3329:dd7f6c9e007d:0:3,5feceb66ffc86f38d952786c6d696c79c2dbc239dd4e91b46729d73a27fb57e9,207.0803688839078,2,15001.73974609375,15302.0,2,206.41036494635046,90.82440915517509,0.0700952559709549,0
full_72d,forward,0,44,b877dd782edba758ab429e3ee3de3329:dd7f6c9e007d:0:4,6b86b273ff34fce19d6b804eff5a3f5747ada4eaa22f1d49c01e52ddb7875b4b,205.64002101309597,2,15001.73974609375,15302.0,2,204.97732306830585,90.58830002322793,0.07696761190891266,0
full_72d,forward,0,45,4f59fbf51a0a5bfb4dc5af02cf294693:993dac5396a0:0:0,082a3f27a64a793001365f40fd7d76058660d5148036e68127b7775445e5f79a,366.9248821679503,13,15009.6494140625,15302.0,2,219.70968507230282,102.11356007494032,0.06932017207145691,0
full_72d,forward,0,46,4f59fbf51a0a5bfb4dc5af02cf294693:993dac5396a0:0:1,082a3f27a64a793001365f40fd7d76058660d5148036e68127b7775445e5f79a,371.49191997013986,13,15009.6494140625,15302.0,2,223.95904804579914,101.73289803788066,0.0684436559677124,0
full_72d,forward,0,47,4f59fbf51a0a5bfb4dc5af02cf294693:993dac5396a0:0:2,082a3f27a64a793001365f40fd7d76058660d5148036e68127b7775445e5f79a,368.2864180300385,13,15009.6494140625,15302.0,2,220.81023803912103,101.74934007227421,0.0684436559677124,0
full_72d,forward,0,48,4f59fbf51a0a5bfb4dc5af02cf294693:993dac5396a0:0:3,082a3f27a64a793001365f40fd7d76058660d5148036e68127b7775445e5f79a,400.09693801403046,13,15009.6494140625,15302.0,2,252.11339513771236,101.90953314304352,0.0684436559677124,0
full_72d,forward,0,49,4f59fbf51a0a5bfb4dc5af02cf294693:993dac5396a0:0:4,cb1d05299ff18cc4eb1eafa80966fcf02838d32be4a86d290ced7caf197919ad,336.32413297891617,10,15009.6494140625,15302.0,2,228.32068614661694,102.04518004320562,0.07145315408706665,0
full_72d,forward,1,0,1a938d25604410ccd63b60285919eaec:c627e50da685:0:0,70f89282fb4200d4c7cb83660e5e90d9cf2d989cdecf70c1f868239e5f542294,289.8494678083807,7,15006.259765625,15302.0,2,222.28777082636952,101.67440585792065,0.07011669129133224,0
full_72d,forward,1,1,1a938d25604410ccd63b60285919eaec:c627e50da685:0:1,c709293d644a54f3b0d6270fc879317ff277c06c090c03c30f721b08140bbe7b,415.29204114340246,15,15006.259765625,15302.0,2,241.30058102309704,101.52935096994042,0.0684436559677124,0
full_72d,forward,1,2,1a938d25604410ccd63b60285919eaec:c627e50da685:0:2,c709293d644a54f3b0d6270fc879317ff277c06c090c03c30f721b08140bbe7b,399.6539250947535,15,15006.259765625,15302.0,2,226.073405938223,101.52662987820804,0.0684436559677124,0
full_72d,forward,1,3,1a938d25604410ccd63b60285919eaec:c627e50da685:0:3,c709293d644a54f3b0d6270fc879317ff277c06c090c03c30f721b08140bbe7b,417.50597301870584,15,15006.259765625,15302.0,2,243.3412780519575,102.04310296103358,0.06932017207145691,0
full_72d,forward,1,4,1a938d25604410ccd63b60285919eaec:c627e50da685:0:4,15905afe25f3666163b46d6b6948b985a7debd874743ae398a264536e830ec1f,288.72932610102,7,15006.259765625,15302.0,2,221.2588049005717,101.55300493352115,0.07139082252979279,0
full_72d,forward,1,5,49cd6149f02ec01ee03a6eb8287ab2df:f982e9dfaf25:0:0,5feceb66ffc86f38d952786c6d696c79c2dbc239dd4e91b46729d73a27fb57e9,204.79060406796634,2,15001.73974609375,15302.0,2,204.12402390502393,90.56476200930774,0.07018690556287766,0
full_72d,forward,1,6,49cd6149f02ec01ee03a6eb8287ab2df:f982e9dfaf25:0:1,5feceb66ffc86f38d952786c6d696c79c2dbc239dd4e91b46729d73a27fb57e9,204.84770089387894,2,15001.73974609375,15302.0,2,204.18667001649737,90.74364905245602,0.07018690556287766,0
full_72d,forward,1,7,49cd6149f02ec01ee03a6eb8287ab2df:f982e9dfaf25:0:2,5feceb66ffc86f38d952786c6d696c79c2dbc239dd4e91b46729d73a27fb57e9,218.23590388521552,2,15001.73974609375,15302.0,2,217.54176099784672,90.97840404137969,0.07018690556287766,0
full_72d,forward,1,8,49cd6149f02ec01ee03a6eb8287ab2df:f982e9dfaf25:0:3,5feceb66ffc86f38d952786c6d696c79c2dbc239dd4e91b46729d73a27fb57e9,221.7694390565157,2,15001.73974609375,15302.0,2,221.0808249656111,90.70092998445034,0.0698273777961731,0
full_72d,forward,1,9,49cd6149f02ec01ee03a6eb8287ab2df:f982e9dfaf25:0:4,5feceb66ffc86f38d952786c6d696c79c2dbc239dd4e91b46729d73a27fb57e9,206.54871687293053,2,15001.73974609375,15302.0,2,205.86721994914114,91.19840199127793,0.07019949704408646,0
full_72d,forward,1,10,49cd6149f02ec01ee03a6eb8287ab2df:81739d7eb99c:0:0,5feceb66ffc86f38d952786c6d696c79c2dbc239dd4e91b46729d73a27fb57e9,204.72219493240118,2,15001.73974609375,15302.0,2,204.0399289689958,90.9129730425775,0.07018690556287766,0
full_72d,forward,1,11,49cd6149f02ec01ee03a6eb8287ab2df:81739d7eb99c:0:1,5feceb66ffc86f38d952786c6d696c79c2dbc239dd4e91b46729d73a27fb57e9,207.99223403446376,2,15001.73974609375,15302.0,2,207.31254410929978,90.87335108779371,0.07018690556287766,0
full_72d,forward,1,12,49cd6149f02ec01ee03a6eb8287ab2df:81739d7eb99c:0:2,5feceb66ffc86f38d952786c6d696c79c2dbc239dd4e91b46729d73a27fb57e9,205.71314101107419,2,15001.73974609375,15302.0,2,205.03331790678203,90.49157286062837,0.07018690556287766,0
full_72d,forward,1,13,49cd6149f02ec01ee03a6eb8287ab2df:81739d7eb99c:0:3,5feceb66ffc86f38d952786c6d696c79c2dbc239dd4e91b46729d73a27fb57e9,205.71932289749384,2,15001.73974609375,15302.0,2,205.04806097596884,90.71554406546056,0.0698273777961731,0
full_72d,forward,1,14,49cd6149f02ec01ee03a6eb8287ab2df:81739d7eb99c:0:4,5feceb66ffc86f38d952786c6d696c79c2dbc239dd4e91b46729d73a27fb57e9,204.36408999376,2,15001.73974609375,15302.0,2,203.69175588712096,90.36578494124115,0.07019949704408646,0
full_72d,forward,1,15,c6050fe51d3408b1eaef27e08e7f1956:1458b54ae2f6:0:0,d656de69c0da6209d397a8d5f7affee137ddc3be7811a9522dee62d3b10d52c8,300.82601588219404,8,15013.693359375,15302.0,2,219.85905501060188,102.4829160887748,0.07131020724773407,0
full_72d,forward,1,16,c6050fe51d3408b1eaef27e08e7f1956:1458b54ae2f6:0:1,cdb81c63cda0b6ef0b2a1260fb987458ab47d5bebf8b78c6355a3a6dc164506d,334.6440680325031,10,15013.693359375,15302.0,2,226.95130691863596,102.13026800192893,0.06839701533317566,0
full_72d,forward,1,17,c6050fe51d3408b1eaef27e08e7f1956:1458b54ae2f6:0:2,fe50179dd819d03ae1216ed234b97e224965b782031f3c44efdb45fd96b23cd1,316.6619371622801,9,15013.693359375,15302.0,2,222.1029200591147,101.92665387876332,0.07242871820926666,0
full_72d,forward,1,18,c6050fe51d3408b1eaef27e08e7f1956:1458b54ae2f6:0:3,193405ed8b35f3ee7bb64910e10c564fde35fef8c1a936749daf66c5d021ba99,260.8042908832431,5,15013.693359375,15302.0,2,219.85955792479217,101.99138685129583,0.07542630285024643,0
full_72d,forward,1,19,c6050fe51d3408b1eaef27e08e7f1956:1458b54ae2f6:0:4,b95e2705d5a356fbf1413fffbb51166a15189a8408c65518ca1e169bb0b681ec,343.22623582556844,11,15013.693359375,15302.0,2,222.49153396114707,101.81511798873544,0.1313779354095459,0
full_72d,forward,1,20,c6050fe51d3408b1eaef27e08e7f1956:e4e99a4d6532:0:0,d656de69c0da6209d397a8d5f7affee137ddc3be7811a9522dee62d3b10d52c8,305.5817149579525,8,15013.693359375,15302.0,2,224.6959418989718,102.58454387076199,0.07131020724773407,0
full_72d,forward,1,21,c6050fe51d3408b1eaef27e08e7f1956:e4e99a4d6532:0:1,cdb81c63cda0b6ef0b2a1260fb987458ab47d5bebf8b78c6355a3a6dc164506d,330.35356807522476,10,15013.693359375,15302.0,2,222.46639896184206,101.59420082345605,0.06839701533317566,0
full_72d,forward,1,22,c6050fe51d3408b1eaef27e08e7f1956:e4e99a4d6532:0:2,fe50179dd819d03ae1216ed234b97e224965b782031f3c44efdb45fd96b23cd1,322.8882721159607,9,15013.693359375,15302.0,2,228.2961739692837,101.88168403692544,0.07242871820926666,0
full_72d,forward,1,23,c6050fe51d3408b1eaef27e08e7f1956:e4e99a4d6532:0:3,193405ed8b35f3ee7bb64910e10c564fde35fef8c1a936749daf66c5d021ba99,259.96532617136836,5,15013.693359375,15302.0,2,219.12504103966057,101.52865690179169,0.07542630285024643,0
full_72d,forward,1,24,c6050fe51d3408b1eaef27e08e7f1956:e4e99a4d6532:0:4,b95e2705d5a356fbf1413fffbb51166a15189a8408c65518ca1e169bb0b681ec,339.6263769827783,11,15013.693359375,15302.0,2,218.97481894120574,101.63326794281602,0.1313779354095459,0
full_72d,forward,1,25,bb98dd0bceac09d24db1ecb2af549a92:377f7f0dd150:0:0,1ea442a134b2a184bd5d40104401f2a37fbc09ccf3f4bc9da161c6099be3691d,195.0398269109428,1,15000.6708984375,15302.0,1,194.98587981797755,77.38273194991052,0.0684436559677124,0
full_72d,forward,1,26,bb98dd0bceac09d24db1ecb2af549a92:377f7f0dd150:0:1,1ea442a134b2a184bd5d40104401f2a37fbc09ccf3f4bc9da161c6099be3691d,190.45446813106537,1,15000.6708984375,15302.0,1,190.3945431113243,77.10709096863866,0.0684436559677124,0
full_72d,forward,1,27,bb98dd0bceac09d24db1ecb2af549a92:377f7f0dd150:0:2,1ea442a134b2a184bd5d40104401f2a37fbc09ccf3f4bc9da161c6099be3691d,190.15091005712748,1,15000.6708984375,15302.0,1,190.09865610860288,77.0727212075144,0.0684436559677124,0
full_72d,forward,1,28,bb98dd0bceac09d24db1ecb2af549a92:377f7f0dd150:0:3,85a39ab345d672ff8ca9b9c6876f3adcacf45ee7c1e2dbd2408fd338bd55e07e,199.58174810744822,1,15000.6708984375,15302.0,1,199.52654093503952,76.8991478253156,0.07940814644098282,0
full_72d,forward,1,29,bb98dd0bceac09d24db1ecb2af549a92:377f7f0dd150:0:4,85a39ab345d672ff8ca9b9c6876f3adcacf45ee7c1e2dbd2408fd338bd55e07e,191.14182610064745,1,15000.6708984375,15302.0,1,191.0813490394503,77.08249893039465,0.0699334666132927,0
full_72d,forward,1,30,bb98dd0bceac09d24db1ecb2af549a92:2cf3a7a3a65c:0:0,1ea442a134b2a184bd5d40104401f2a37fbc09ccf3f4bc9da161c6099be3691d,190.42422389611602,1,15000.6708984375,15302.0,1,190.37107983604074,76.88534678891301,0.0684436559677124,0
full_72d,forward,1,31,bb98dd0bceac09d24db1ecb2af549a92:2cf3a7a3a65c:0:1,1ea442a134b2a184bd5d40104401f2a37fbc09ccf3f4bc9da161c6099be3691d,191.070802975446,1,15000.6708984375,15302.0,1,191.01558299735188,77.60716881603003,0.0684436559677124,0
full_72d,forward,1,32,bb98dd0bceac09d24db1ecb2af549a92:2cf3a7a3a65c:0:2,1ea442a134b2a184bd5d40104401f2a37fbc09ccf3f4bc9da161c6099be3691d,190.8846809528768,1,15000.6708984375,15302.0,1,190.83064491860569,76.95519085973501,0.0684436559677124,0
full_72d,forward,1,33,bb98dd0bceac09d24db1ecb2af549a92:2cf3a7a3a65c:0:3,85a39ab345d672ff8ca9b9c6876f3adcacf45ee7c1e2dbd2408fd338bd55e07e,190.27735199779272,1,15000.6708984375,15302.0,1,190.22390292957425,77.05308706499636,0.07940814644098282,0
full_72d,forward,1,34,bb98dd0bceac09d24db1ecb2af549a92:2cf3a7a3a65c:0:4,85a39ab345d672ff8ca9b9c6876f3adcacf45ee7c1e2dbd2408fd338bd55e07e,191.0424600355327,1,15000.6708984375,15302.0,1,190.99112087860703,76.89443998970091,0.0699334666132927,0
full_72d,forward,1,35,b877dd782edba758ab429e3ee3de3329:97e16cc551e4:0:0,5feceb66ffc86f38d952786c6d696c79c2dbc239dd4e91b46729d73a27fb57e9,205.08685219101608,2,15001.73974609375,15302.0,2,204.3827841989696,91.05956507846713,0.07045606523752213,0
full_72d,forward,1,36,b877dd782edba758ab429e3ee3de3329:97e16cc551e4:0:1,5feceb66ffc86f38d952786c6d696c79c2dbc239dd4e91b46729d73a27fb57e9,207.00296899303794,2,15001.73974609375,15302.0,2,206.32251701317728,90.70800384506583,0.07045606523752213,0
full_72d,forward,1,37,b877dd782edba758ab429e3ee3de3329:97e16cc551e4:0:2,5feceb66ffc86f38d952786c6d696c79c2dbc239dd4e91b46729d73a27fb57e9,205.68512100726366,2,15001.73974609375,15302.0,2,204.98017803765833,91.59257216379046,0.0698273777961731,0
full_72d,forward,1,38,b877dd782edba758ab429e3ee3de3329:97e16cc551e4:0:3,5feceb66ffc86f38d952786c6d696c79c2dbc239dd4e91b46729d73a27fb57e9,207.59091805666685,2,15001.73974609375,15302.0,2,206.89905295148492,90.81104095093906,0.0700952559709549,0
full_72d,forward,1,39,b877dd782edba758ab429e3ee3de3329:97e16cc551e4:0:4,6b86b273ff34fce19d6b804eff5a3f5747ada4eaa22f1d49c01e52ddb7875b4b,207.84826599992812,2,15001.73974609375,15302.0,2,207.1805859450251,90.82875493913889,0.07696761190891266,0
full_72d,forward,1,40,b877dd782edba758ab429e3ee3de3329:dd7f6c9e007d:0:0,5feceb66ffc86f38d952786c6d696c79c2dbc239dd4e91b46729d73a27fb57e9,205.36325802095234,2,15001.73974609375,15302.0,2,204.64885281398892,91.02786891162395,0.07045606523752213,0
full_72d,forward,1,41,b877dd782edba758ab429e3ee3de3329:dd7f6c9e007d:0:1,5feceb66ffc86f38d952786c6d696c79c2dbc239dd4e91b46729d73a27fb57e9,228.2382829580456,2,15001.73974609375,15302.0,2,227.49568801373243,91.54719905927777,0.07045606523752213,0
full_72d,forward,1,42,b877dd782edba758ab429e3ee3de3329:dd7f6c9e007d:0:2,5feceb66ffc86f38d952786c6d696c79c2dbc239dd4e91b46729d73a27fb57e9,231.42974986694753,2,15001.73974609375,15302.0,2,230.73985893279314,90.77471401542425,0.0698273777961731,0
full_72d,forward,1,43,b877dd782edba758ab429e3ee3de3329:dd7f6c9e007d:0:3,5feceb66ffc86f38d952786c6d696c79c2dbc239dd4e91b46729d73a27fb57e9,207.36746583133936,2,15001.73974609375,15302.0,2,206.67948480695486,91.26470889896154,0.0700952559709549,0
full_72d,forward,1,44,b877dd782edba758ab429e3ee3de3329:dd7f6c9e007d:0:4,6b86b273ff34fce19d6b804eff5a3f5747ada4eaa22f1d49c01e52ddb7875b4b,204.82247695326805,2,15001.73974609375,15302.0,2,204.1559461504221,90.58041614480317,0.07696761190891266,0
full_72d,forward,1,45,4f59fbf51a0a5bfb4dc5af02cf294693:993dac5396a0:0:0,082a3f27a64a793001365f40fd7d76058660d5148036e68127b7775445e5f79a,367.3606391530484,13,15009.6494140625,15302.0,2,219.31385295465589,101.90789797343314,0.06932017207145691,0
full_72d,forward,1,46,4f59fbf51a0a5bfb4dc5af02cf294693:993dac5396a0:0:1,082a3f27a64a793001365f40fd7d76058660d5148036e68127b7775445e5f79a,371.2886609137058,13,15009.6494140625,15302.0,2,223.74212183058262,101.76245286129415,0.0684436559677124,0
full_72d,forward,1,47,4f59fbf51a0a5bfb4dc5af02cf294693:993dac5396a0:0:2,082a3f27a64a793001365f40fd7d76058660d5148036e68127b7775445e5f79a,378.56022198684514,13,15009.6494140625,15302.0,2,230.8893338777125,102.05832403153181,0.0684436559677124,0
full_72d,forward,1,48,4f59fbf51a0a5bfb4dc5af02cf294693:993dac5396a0:0:3,082a3f27a64a793001365f40fd7d76058660d5148036e68127b7775445e5f79a,377.17640516348183,13,15009.6494140625,15302.0,2,229.1981941089034,102.08849213086069,0.0684436559677124,0
full_72d,forward,1,49,4f59fbf51a0a5bfb4dc5af02cf294693:993dac5396a0:0:4,cb1d05299ff18cc4eb1eafa80966fcf02838d32be4a86d290ced7caf197919ad,344.3304740358144,10,15009.6494140625,15302.0,2,236.29622720181942,101.90049116499722,0.07145315408706665,0
cos_sim_mean_6d,forward,0,0,1a938d25604410ccd63b60285919eaec:c627e50da685:0:0,70f89282fb4200d4c7cb83660e5e90d9cf2d989cdecf70c1f868239e5f542294,286.2174268811941,7,15006.259765625,15302.0,2,218.64640805870295,101.82471107691526,0.004924661945551634,0
cos_sim_mean_6d,forward,0,1,1a938d25604410ccd63b60285919eaec:c627e50da685:0:1,c709293d644a54f3b0d6270fc879317ff277c06c090c03c30f721b08140bbe7b,392.91010797023773,15,15006.259765625,15302.0,2,218.3100099209696,101.46719496697187,0.004094086587429047,0
cos_sim_mean_6d,forward,0,2,1a938d25604410ccd63b60285919eaec:c627e50da685:0:2,c709293d644a54f3b0d6270fc879317ff277c06c090c03c30f721b08140bbe7b,399.0596199873835,15,15006.259765625,15302.0,2,224.7064309194684,101.65822692215443,0.0040935343131423,0
cos_sim_mean_6d,forward,0,3,1a938d25604410ccd63b60285919eaec:c627e50da685:0:3,c709293d644a54f3b0d6270fc879317ff277c06c090c03c30f721b08140bbe7b,402.7510420419276,15,15006.259765625,15302.0,2,228.37839811109006,101.79451620206237,0.0040935343131423,0
cos_sim_mean_6d,forward,0,4,1a938d25604410ccd63b60285919eaec:c627e50da685:0:4,15905afe25f3666163b46d6b6948b985a7debd874743ae398a264536e830ec1f,303.4780139569193,7,15006.259765625,15302.0,2,235.7946620322764,101.44110396504402,0.01485521625727415,0
cos_sim_mean_6d,forward,0,5,49cd6149f02ec01ee03a6eb8287ab2df:f982e9dfaf25:0:0,5feceb66ffc86f38d952786c6d696c79c2dbc239dd4e91b46729d73a27fb57e9,205.44872898608446,2,15001.73974609375,15302.0,2,204.76400712504983,90.50970408134162,0.004186899401247501,0
cos_sim_mean_6d,forward,0,6,49cd6149f02ec01ee03a6eb8287ab2df:f982e9dfaf25:0:1,5feceb66ffc86f38d952786c6d696c79c2dbc239dd4e91b46729d73a27fb57e9,204.78027709759772,2,15001.73974609375,15302.0,2,204.09356313757598,90.27531510218978,0.004115694668143988,0
cos_sim_mean_6d,forward,0,7,49cd6149f02ec01ee03a6eb8287ab2df:f982e9dfaf25:0:2,5feceb66ffc86f38d952786c6d696c79c2dbc239dd4e91b46729d73a27fb57e9,204.37920815311372,2,15001.73974609375,15302.0,2,203.69812520220876,90.50275199115276,0.004115694668143988,0
cos_sim_mean_6d,forward,0,8,49cd6149f02ec01ee03a6eb8287ab2df:f982e9dfaf25:0:3,5feceb66ffc86f38d952786c6d696c79c2dbc239dd4e91b46729d73a27fb57e9,204.52771591953933,2,15001.73974609375,15302.0,2,203.8345499895513,90.98017099313438,0.004115694668143988,0
cos_sim_mean_6d,forward,0,9,49cd6149f02ec01ee03a6eb8287ab2df:f982e9dfaf25:0:4,5feceb66ffc86f38d952786c6d696c79c2dbc239dd4e91b46729d73a27fb57e9,204.99495300464332,2,15001.73974609375,15302.0,2,204.31567612104118,90.5808680690825,0.008749167434871197,0
cos_sim_mean_6d,forward,0,10,49cd6149f02ec01ee03a6eb8287ab2df:81739d7eb99c:0:0,5feceb66ffc86f38d952786c6d696c79c2dbc239dd4e91b46729d73a27fb57e9,204.38698609359562,2,15001.73974609375,15302.0,2,203.71624897234142,90.4127589892596,0.004186899401247501,0
cos_sim_mean_6d,forward,0,11,49cd6149f02ec01ee03a6eb8287ab2df:81739d7eb99c:0:1,5feceb66ffc86f38d952786c6d696c79c2dbc239dd4e91b46729d73a27fb57e9,204.74072406068444,2,15001.73974609375,15302.0,2,204.06076894141734,90.63684591092169,0.004115694668143988,0
cos_sim_mean_6d,forward,0,12,49cd6149f02ec01ee03a6eb8287ab2df:81739d7eb99c:0:2,5feceb66ffc86f38d952786c6d696c79c2dbc239dd4e91b46729d73a27fb57e9,204.8113439232111,2,15001.73974609375,15302.0,2,204.10328498110175,90.97046498209238,0.004115694668143988,0
cos_sim_mean_6d,forward,0,13,49cd6149f02ec01ee03a6eb8287ab2df:81739d7eb99c:0:3,5feceb66ffc86f38d952786c6d696c79c2dbc239dd4e91b46729d73a27fb57e9,218.16670498810709,2,15001.73974609375,15302.0,2,217.44934399612248,90.9231451805681,0.004115694668143988,0
cos_sim_mean_6d,forward,0,14,49cd6149f02ec01ee03a6eb8287ab2df:81739d7eb99c:0:4,5feceb66ffc86f38d952786c6d696c79c2dbc239dd4e91b46729d73a27fb57e9,207.7683440875262,2,15001.73974609375,15302.0,2,207.07425707951188,91.18461795151234,0.008749167434871197,0
cos_sim_mean_6d,forward,0,15,c6050fe51d3408b1eaef27e08e7f1956:1458b54ae2f6:0:0,d656de69c0da6209d397a8d5f7affee137ddc3be7811a9522dee62d3b10d52c8,299.8712391126901,8,15013.693359375,15302.0,2,218.88331207446754,101.75407002680004,0.004732169676572084,0
cos_sim_mean_6d,forward,0,16,c6050fe51d3408b1eaef27e08e7f1956:1458b54ae2f6:0:1,cdb81c63cda0b6ef0b2a1260fb987458ab47d5bebf8b78c6355a3a6dc164506d,327.7552439831197,10,15013.693359375,15302.0,2,220.50422499887645,101.58668993972242,0.004826493561267853,0
cos_sim_mean_6d,forward,0,17,c6050fe51d3408b1eaef27e08e7f1956:1458b54ae2f6:0:2,fe50179dd819d03ae1216ed234b97e224965b782031f3c44efdb45fd96b23cd1,324.74352698773146,9,15013.693359375,15302.0,2,230.9041281696409,101.88056319020689,0.010608753189444542,0
cos_sim_mean_6d,forward,0,18,c6050fe51d3408b1eaef27e08e7f1956:1458b54ae2f6:0:3,193405ed8b35f3ee7bb64910e10c564fde35fef8c1a936749daf66c5d021ba99,263.3712321985513,5,15013.693359375,15302.0,2,222.49029204249382,101.725755026564,0.004568173084408045,0
cos_sim_mean_6d,forward,0,19,c6050fe51d3408b1eaef27e08e7f1956:1458b54ae2f6:0:4,b95e2705d5a356fbf1413fffbb51166a15189a8408c65518ca1e169bb0b681ec,342.3074900638312,11,15013.693359375,15302.0,2,221.6540582012385,102.04534698277712,0.01720445416867733,0
cos_sim_mean_6d,forward,0,20,c6050fe51d3408b1eaef27e08e7f1956:e4e99a4d6532:0:0,d656de69c0da6209d397a8d5f7affee137ddc3be7811a9522dee62d3b10d52c8,299.8628909699619,8,15013.693359375,15302.0,2,219.00987694971263,101.35412402451038,0.004732169676572084,0
cos_sim_mean_6d,forward,0,21,c6050fe51d3408b1eaef27e08e7f1956:e4e99a4d6532:0:1,cdb81c63cda0b6ef0b2a1260fb987458ab47d5bebf8b78c6355a3a6dc164506d,326.52285997755826,10,15013.693359375,15302.0,2,218.49549189209938,101.5716118272394,0.004826493561267853,0
cos_sim_mean_6d,forward,0,22,c6050fe51d3408b1eaef27e08e7f1956:e4e99a4d6532:0:2,fe50179dd819d03ae1216ed234b97e224965b782031f3c44efdb45fd96b23cd1,313.2411069236696,9,15013.693359375,15302.0,2,218.96380395628512,101.58892697654665,0.010608753189444542,0
cos_sim_mean_6d,forward,0,23,c6050fe51d3408b1eaef27e08e7f1956:e4e99a4d6532:0:3,193405ed8b35f3ee7bb64910e10c564fde35fef8c1a936749daf66c5d021ba99,259.6562511753291,5,15013.693359375,15302.0,2,218.757180031389,101.49113787338138,0.004568173084408045,0
cos_sim_mean_6d,forward,0,24,c6050fe51d3408b1eaef27e08e7f1956:e4e99a4d6532:0:4,b95e2705d5a356fbf1413fffbb51166a15189a8408c65518ca1e169bb0b681ec,339.4631410483271,11,15013.693359375,15302.0,2,218.52009207941592,101.55566106550395,0.01720445416867733,0
cos_sim_mean_6d,forward,0,25,bb98dd0bceac09d24db1ecb2af549a92:377f7f0dd150:0:0,1ea442a134b2a184bd5d40104401f2a37fbc09ccf3f4bc9da161c6099be3691d,189.9919081479311,1,15000.6708984375,15302.0,1,189.9374790955335,76.79934799671173,0.004115694668143988,0
cos_sim_mean_6d,forward,0,26,bb98dd0bceac09d24db1ecb2af549a92:377f7f0dd150:0:1,1ea442a134b2a184bd5d40104401f2a37fbc09ccf3f4bc9da161c6099be3691d,189.42543398588896,1,15000.6708984375,15302.0,1,189.37088083475828,76.76971703767776,0.004109101835638285,0
cos_sim_mean_6d,forward,0,27,bb98dd0bceac09d24db1ecb2af549a92:377f7f0dd150:0:2,1ea442a134b2a184bd5d40104401f2a37fbc09ccf3f4bc9da161c6099be3691d,189.83649904839694,1,15000.6708984375,15302.0,1,189.7834548726678,76.87177299521863,0.004115694668143988,0
cos_sim_mean_6d,forward,0,28,bb98dd0bceac09d24db1ecb2af549a92:377f7f0dd150:0:3,85a39ab345d672ff8ca9b9c6876f3adcacf45ee7c1e2dbd2408fd338bd55e07e,189.75303112529218,1,15000.6708984375,15302.0,1,189.69831406138837,76.81765500456095,0.005901636555790901,0
cos_sim_mean_6d,forward,0,29,bb98dd0bceac09d24db1ecb2af549a92:377f7f0dd150:0:4,85a39ab345d672ff8ca9b9c6876f3adcacf45ee7c1e2dbd2408fd338bd55e07e,190.0483169592917,1,15000.6708984375,15302.0,1,189.99401689507067,76.66889601387084,0.005041200667619705,0
cos_sim_mean_6d,forward,0,30,bb98dd0bceac09d24db1ecb2af549a92:2cf3a7a3a65c:0:0,1ea442a134b2a184bd5d40104401f2a37fbc09ccf3f4bc9da161c6099be3691d,190.03220996819437,1,15000.6708984375,15302.0,1,189.97685401700437,77.22044410184026,0.004115694668143988,0
cos_sim_mean_6d,forward,0,31,bb98dd0bceac09d24db1ecb2af549a92:2cf3a7a3a65c:0:1,1ea442a134b2a184bd5d40104401f2a37fbc09ccf3f4bc9da161c6099be3691d,189.6076239645481,1,15000.6708984375,15302.0,1,189.55399584956467,76.64915104396641,0.004109101835638285,0
cos_sim_mean_6d,forward,0,32,bb98dd0bceac09d24db1ecb2af549a92:2cf3a7a3a65c:0:2,1ea442a134b2a184bd5d40104401f2a37fbc09ccf3f4bc9da161c6099be3691d,190.45687397010624,1,15000.6708984375,15302.0,1,190.40279206819832,76.85054116882384,0.004115694668143988,0
cos_sim_mean_6d,forward,0,33,bb98dd0bceac09d24db1ecb2af549a92:2cf3a7a3a65c:0:3,85a39ab345d672ff8ca9b9c6876f3adcacf45ee7c1e2dbd2408fd338bd55e07e,189.68925694935024,1,15000.6708984375,15302.0,1,189.63397294282913,76.86355710029602,0.005901636555790901,0
cos_sim_mean_6d,forward,0,34,bb98dd0bceac09d24db1ecb2af549a92:2cf3a7a3a65c:0:4,85a39ab345d672ff8ca9b9c6876f3adcacf45ee7c1e2dbd2408fd338bd55e07e,190.38541289046407,1,15000.6708984375,15302.0,1,190.33079501241446,76.88557007350028,0.005041200667619705,0
cos_sim_mean_6d,forward,0,35,b877dd782edba758ab429e3ee3de3329:97e16cc551e4:0:0,5feceb66ffc86f38d952786c6d696c79c2dbc239dd4e91b46729d73a27fb57e9,203.961914870888,2,15001.73974609375,15302.0,2,203.2831960823387,90.51316021941602,0.0040935343131423,0
cos_sim_mean_6d,forward,0,36,b877dd782edba758ab429e3ee3de3329:97e16cc551e4:0:1,5feceb66ffc86f38d952786c6d696c79c2dbc239dd4e91b46729d73a27fb57e9,204.2268740478903,2,15001.73974609375,15302.0,2,203.54341017082334,90.91298002749681,0.004115694668143988,0
cos_sim_mean_6d,forward,0,37,b877dd782edba758ab429e3ee3de3329:97e16cc551e4:0:2,5feceb66ffc86f38d952786c6d696c79c2dbc239dd4e91b46729d73a27fb57e9,204.76664882153273,2,15001.73974609375,15302.0,2,204.0644388180226,90.88859683834016,0.004115694668143988,0
cos_sim_mean_6d,forward,0,38,b877dd782edba758ab429e3ee3de3329:97e16cc551e4:0:3,5feceb66ffc86f38d952786c6d696c79c2dbc239dd4e91b46729d73a27fb57e9,206.7035580985248,2,15001.73974609375,15302.0,2,206.01909700781107,90.4553490690887,0.004115694668143988,0
cos_sim_mean_6d,forward,0,39,b877dd782edba758ab429e3ee3de3329:97e16cc551e4:0:4,6b86b273ff34fce19d6b804eff5a3f5747ada4eaa22f1d49c01e52ddb7875b4b,204.2418720666319,2,15001.73974609375,15302.0,2,203.57431005686522,90.4639579821378,0.007833479903638363,0
cos_sim_mean_6d,forward,0,40,b877dd782edba758ab429e3ee3de3329:dd7f6c9e007d:0:0,5feceb66ffc86f38d952786c6d696c79c2dbc239dd4e91b46729d73a27fb57e9,203.99697800166905,2,15001.73974609375,15302.0,2,203.31801497377455,90.3284230735153,0.0040935343131423,0
cos_sim_mean_6d,forward,0,41,b877dd782edba758ab429e3ee3de3329:dd7f6c9e007d:0:1,5feceb66ffc86f38d952786c6d696c79c2dbc239dd4e91b46729d73a27fb57e9,204.1612840257585,2,15001.73974609375,15302.0,2,203.48925096914172,90.43161803856492,0.004115694668143988,0
cos_sim_mean_6d,forward,0,42,b877dd782edba758ab429e3ee3de3329:dd7f6c9e007d:0:2,5feceb66ffc86f38d952786c6d696c79c2dbc239dd4e91b46729d73a27fb57e9,204.2198539711535,2,15001.73974609375,15302.0,2,203.5369381774217,90.7852710224688,0.004115694668143988,0
cos_sim_mean_6d,forward,0,43,b877dd782edba758ab429e3ee3de3329:dd7f6c9e007d:0:3,5feceb66ffc86f38d952786c6d696c79c2dbc239dd4e91b46729d73a27fb57e9,204.51887999661267,2,15001.73974609375,15302.0,2,203.81482783704996,90.61975288204849,0.004115694668143988,0
cos_sim_mean_6d,forward,0,44,b877dd782edba758ab429e3ee3de3329:dd7f6c9e007d:0:4,6b86b273ff34fce19d6b804eff5a3f5747ada4eaa22f1d49c01e52ddb7875b4b,207.22188311628997,2,15001.73974609375,15302.0,2,206.53793611563742,90.77322506345809,0.007833479903638363,0
cos_sim_mean_6d,forward,0,45,4f59fbf51a0a5bfb4dc5af02cf294693:993dac5396a0:0:0,082a3f27a64a793001365f40fd7d76058660d5148036e68127b7775445e5f79a,366.6281730402261,13,15009.6494140625,15302.0,2,219.44629400968552,101.87367210164666,0.004689679481089115,0
cos_sim_mean_6d,forward,0,46,4f59fbf51a0a5bfb4dc5af02cf294693:993dac5396a0:0:1,082a3f27a64a793001365f40fd7d76058660d5148036e68127b7775445e5f79a,375.6999259348959,13,15009.6494140625,15302.0,2,227.95453993603587,101.7332209739834,0.004132868722081184,0
cos_sim_mean_6d,forward,0,47,4f59fbf51a0a5bfb4dc5af02cf294693:993dac5396a0:0:2,082a3f27a64a793001365f40fd7d76058660d5148036e68127b7775445e5f79a,383.6411510128528,13,15009.6494140625,15302.0,2,236.08725308440626,102.0180219784379,0.0041106161661446095,0
cos_sim_mean_6d,forward,0,48,4f59fbf51a0a5bfb4dc5af02cf294693:993dac5396a0:0:3,082a3f27a64a793001365f40fd7d76058660d5148036e68127b7775445e5f79a,371.63054198026657,13,15009.6494140625,15302.0,2,224.25442491658032,102.38875891081989,0.004110692534595728,0
cos_sim_mean_6d,forward,0,49,4f59fbf51a0a5bfb4dc5af02cf294693:993dac5396a0:0:4,cb1d05299ff18cc4eb1eafa80966fcf02838d32be4a86d290ced7caf197919ad,329.81573790311813,10,15009.6494140625,15302.0,2,221.9885119702667,101.50915896520019,0.004714593291282654,0
cos_sim_mean_6d,forward,1,0,1a938d25604410ccd63b60285919eaec:c627e50da685:0:0,70f89282fb4200d4c7cb83660e5e90d9cf2d989cdecf70c1f868239e5f542294,286.61790885962546,7,15006.259765625,15302.0,2,219.28561991080642,101.24677000567317,0.004924661945551634,0
cos_sim_mean_6d,forward,1,1,1a938d25604410ccd63b60285919eaec:c627e50da685:0:1,c709293d644a54f3b0d6270fc879317ff277c06c090c03c30f721b08140bbe7b,392.28748879395425,15,15006.259765625,15302.0,2,218.56072591617703,101.56651004217565,0.004094086587429047,0
cos_sim_mean_6d,forward,1,2,1a938d25604410ccd63b60285919eaec:c627e50da685:0:2,c709293d644a54f3b0d6270fc879317ff277c06c090c03c30f721b08140bbe7b,416.57972894608974,15,15006.259765625,15302.0,2,242.8917889483273,101.45277390256524,0.0040935343131423,0
cos_sim_mean_6d,forward,1,3,1a938d25604410ccd63b60285919eaec:c627e50da685:0:3,c709293d644a54f3b0d6270fc879317ff277c06c090c03c30f721b08140bbe7b,397.7427198551595,15,15006.259765625,15302.0,2,223.54434779845178,101.337397005409,0.0040935343131423,0
cos_sim_mean_6d,forward,1,4,1a938d25604410ccd63b60285919eaec:c627e50da685:0:4,15905afe25f3666163b46d6b6948b985a7debd874743ae398a264536e830ec1f,305.01300701871514,7,15006.259765625,15302.0,2,237.5168539583683,101.69214988127351,0.01485521625727415,0
cos_sim_mean_6d,forward,1,5,49cd6149f02ec01ee03a6eb8287ab2df:f982e9dfaf25:0:0,5feceb66ffc86f38d952786c6d696c79c2dbc239dd4e91b46729d73a27fb57e9,207.76997692883015,2,15001.73974609375,15302.0,2,207.06743584014475,90.66878585144877,0.004186899401247501,0
cos_sim_mean_6d,forward,1,6,49cd6149f02ec01ee03a6eb8287ab2df:f982e9dfaf25:0:1,5feceb66ffc86f38d952786c6d696c79c2dbc239dd4e91b46729d73a27fb57e9,247.5706390105188,2,15001.73974609375,15302.0,2,246.84302392415702,90.85171087644994,0.004115694668143988,0
cos_sim_mean_6d,forward,1,7,49cd6149f02ec01ee03a6eb8287ab2df:f982e9dfaf25:0:2,5feceb66ffc86f38d952786c6d696c79c2dbc239dd4e91b46729d73a27fb57e9,208.7664760183543,2,15001.73974609375,15302.0,2,208.07391684502363,90.43383481912315,0.004115694668143988,0
cos_sim_mean_6d,forward,1,8,49cd6149f02ec01ee03a6eb8287ab2df:f982e9dfaf25:0:3,5feceb66ffc86f38d952786c6d696c79c2dbc239dd4e91b46729d73a27fb57e9,214.68524099327624,2,15001.73974609375,15302.0,2,214.0022600069642,90.51111107692122,0.004115694668143988,0
cos_sim_mean_6d,forward,1,9,49cd6149f02ec01ee03a6eb8287ab2df:f982e9dfaf25:0:4,5feceb66ffc86f38d952786c6d696c79c2dbc239dd4e91b46729d73a27fb57e9,206.19430299848318,2,15001.73974609375,15302.0,2,205.51777514629066,91.0708662122488,0.008749167434871197,0
cos_sim_mean_6d,forward,1,10,49cd6149f02ec01ee03a6eb8287ab2df:81739d7eb99c:0:0,5feceb66ffc86f38d952786c6d696c79c2dbc239dd4e91b46729d73a27fb57e9,203.9507650770247,2,15001.73974609375,15302.0,2,203.27551616355777,90.34735313616693,0.004186899401247501,0
cos_sim_mean_6d,forward,1,11,49cd6149f02ec01ee03a6eb8287ab2df:81739d7eb99c:0:1,5feceb66ffc86f38d952786c6d696c79c2dbc239dd4e91b46729d73a27fb57e9,203.78129091113806,2,15001.73974609375,15302.0,2,203.1152679119259,90.45232692733407,0.004115694668143988,0
cos_sim_mean_6d,forward,1,12,49cd6149f02ec01ee03a6eb8287ab2df:81739d7eb99c:0:2,5feceb66ffc86f38d952786c6d696c79c2dbc239dd4e91b46729d73a27fb57e9,203.8978289347142,2,15001.73974609375,15302.0,2,203.23653589002788,90.40805301629007,0.004115694668143988,0
cos_sim_mean_6d,forward,1,13,49cd6149f02ec01ee03a6eb8287ab2df:81739d7eb99c:0:3,5feceb66ffc86f38d952786c6d696c79c2dbc239dd4e91b46729d73a27fb57e9,204.146757023409,2,15001.73974609375,15302.0,2,203.47453490830958,90.52871889434755,0.004115694668143988,0
cos_sim_mean_6d,forward,1,14,49cd6149f02ec01ee03a6eb8287ab2df:81739d7eb99c:0:4,5feceb66ffc86f38d952786c6d696c79c2dbc239dd4e91b46729d73a27fb57e9,204.09922813996673,2,15001.73974609375,15302.0,2,203.43661797232926,90.29853297397494,0.008749167434871197,0
cos_sim_mean_6d,forward,1,15,c6050fe51d3408b1eaef27e08e7f1956:1458b54ae2f6:0:0,d656de69c0da6209d397a8d5f7affee137ddc3be7811a9522dee62d3b10d52c8,299.0333589259535,8,15013.693359375,15302.0,2,218.41014991514385,101.87039105221629,0.004732169676572084,0
cos_sim_mean_6d,forward,1,16,c6050fe51d3408b1eaef27e08e7f1956:1458b54ae2f6:0:1,cdb81c63cda0b6ef0b2a1260fb987458ab47d5bebf8b78c6355a3a6dc164506d,325.6645118817687,10,15013.693359375,15302.0,2,218.4073650278151,101.33826010860503,0.004826493561267853,0
cos_sim_mean_6d,forward,1,17,c6050fe51d3408b1eaef27e08e7f1956:1458b54ae2f6:0:2,fe50179dd819d03ae1216ed234b97e224965b782031f3c44efdb45fd96b23cd1,311.93249695934355,9,15013.693359375,15302.0,2,217.84032904542983,101.21431015431881,0.010608753189444542,0
cos_sim_mean_6d,forward,1,18,c6050fe51d3408b1eaef27e08e7f1956:1458b54ae2f6:0:3,193405ed8b35f3ee7bb64910e10c564fde35fef8c1a936749daf66c5d021ba99,259.2968768440187,5,15013.693359375,15302.0,2,218.56353501789272,101.264295168221,0.004568173084408045,0
cos_sim_mean_6d,forward,1,19,c6050fe51d3408b1eaef27e08e7f1956:1458b54ae2f6:0:4,b95e2705d5a356fbf1413fffbb51166a15189a8408c65518ca1e169bb0b681ec,338.8941700104624,11,15013.693359375,15302.0,2,217.8986230865121,101.42273898236454,0.01720445416867733,0
cos_sim_mean_6d,forward,1,20,c6050fe51d3408b1eaef27e08e7f1956:e4e99a4d6532:0:0,d656de69c0da6209d397a8d5f7affee137ddc3be7811a9522dee62d3b10d52c8,298.53882594034076,8,15013.693359375,15302.0,2,217.89028798229992,101.25451697967947,0.004732169676572084,0
cos_sim_mean_6d,forward,1,21,c6050fe51d3408b1eaef27e08e7f1956:e4e99a4d6532:0:1,cdb81c63cda0b6ef0b2a1260fb987458ab47d5bebf8b78c6355a3a6dc164506d,326.20683615095913,10,15013.693359375,15302.0,2,218.5440689790994,102.27668494917452,0.004826493561267853,0
cos_sim_mean_6d,forward,1,22,c6050fe51d3408b1eaef27e08e7f1956:e4e99a4d6532:0:2,fe50179dd819d03ae1216ed234b97e224965b782031f3c44efdb45fd96b23cd1,313.2031711284071,9,15013.693359375,15302.0,2,219.05929408967495,101.67321609333158,0.010608753189444542,0
cos_sim_mean_6d,forward,1,23,c6050fe51d3408b1eaef27e08e7f1956:e4e99a4d6532:0:3,193405ed8b35f3ee7bb64910e10c564fde35fef8c1a936749daf66c5d021ba99,271.7817910015583,5,15013.693359375,15302.0,2,230.9132230002433,101.62282385863364,0.004568173084408045,0
cos_sim_mean_6d,forward,1,24,c6050fe51d3408b1eaef27e08e7f1956:e4e99a4d6532:0:4,b95e2705d5a356fbf1413fffbb51166a15189a8408c65518ca1e169bb0b681ec,364.15631393902004,11,15013.693359375,15302.0,2,243.3711199555546,101.51071799919009,0.01720445416867733,0
cos_sim_mean_6d,forward,1,25,bb98dd0bceac09d24db1ecb2af549a92:377f7f0dd150:0:0,1ea442a134b2a184bd5d40104401f2a37fbc09ccf3f4bc9da161c6099be3691d,213.5717871133238,1,15000.6708984375,15302.0,1,213.51366699673235,76.69320795685053,0.004115694668143988,0
cos_sim_mean_6d,forward,1,26,bb98dd0bceac09d24db1ecb2af549a92:377f7f0dd150:0:1,1ea442a134b2a184bd5d40104401f2a37fbc09ccf3f4bc9da161c6099be3691d,191.00093003362417,1,15000.6708984375,15302.0,1,190.94465393573046,76.60372997634113,0.004109101835638285,0
cos_sim_mean_6d,forward,1,27,bb98dd0bceac09d24db1ecb2af549a92:377f7f0dd150:0:2,1ea442a134b2a184bd5d40104401f2a37fbc09ccf3f4bc9da161c6099be3691d,190.88448188267648,1,15000.6708984375,15302.0,1,190.82958903163671,77.09047407843173,0.004115694668143988,0
cos_sim_mean_6d,forward,1,28,bb98dd0bceac09d24db1ecb2af549a92:377f7f0dd150:0:3,85a39ab345d672ff8ca9b9c6876f3adcacf45ee7c1e2dbd2408fd338bd55e07e,189.78195497766137,1,15000.6708984375,15302.0,1,189.7282199934125,76.8155271653086,0.005901636555790901,0
cos_sim_mean_6d,forward,1,29,bb98dd0bceac09d24db1ecb2af549a92:377f7f0dd150:0:4,85a39ab345d672ff8ca9b9c6876f3adcacf45ee7c1e2dbd2408fd338bd55e07e,189.28646692074835,1,15000.6708984375,15302.0,1,189.22656308859587,76.62294199690223,0.005041200667619705,0
cos_sim_mean_6d,forward,1,30,bb98dd0bceac09d24db1ecb2af549a92:2cf3a7a3a65c:0:0,1ea442a134b2a184bd5d40104401f2a37fbc09ccf3f4bc9da161c6099be3691d,189.11000690422952,1,15000.6708984375,15302.0,1,189.05728007666767,76.19116711430252,0.004115694668143988,0
cos_sim_mean_6d,forward,1,31,bb98dd0bceac09d24db1ecb2af549a92:2cf3a7a3a65c:0:1,1ea442a134b2a184bd5d40104401f2a37fbc09ccf3f4bc9da161c6099be3691d,188.63691901788116,1,15000.6708984375,15302.0,1,188.5846620425582,76.22601487673819,0.004109101835638285,0
cos_sim_mean_6d,forward,1,32,bb98dd0bceac09d24db1ecb2af549a92:2cf3a7a3a65c:0:2,1ea442a134b2a184bd5d40104401f2a37fbc09ccf3f4bc9da161c6099be3691d,188.38199484162033,1,15000.6708984375,15302.0,1,188.33147687837481,76.1116009671241,0.004115694668143988,0
cos_sim_mean_6d,forward,1,33,bb98dd0bceac09d24db1ecb2af549a92:2cf3a7a3a65c:0:3,85a39ab345d672ff8ca9b9c6876f3adcacf45ee7c1e2dbd2408fd338bd55e07e,189.48489287868142,1,15000.6708984375,15302.0,1,189.433315070346,76.77914015948772,0.005901636555790901,0
cos_sim_mean_6d,forward,1,34,bb98dd0bceac09d24db1ecb2af549a92:2cf3a7a3a65c:0:4,85a39ab345d672ff8ca9b9c6876f3adcacf45ee7c1e2dbd2408fd338bd55e07e,188.87331406585872,1,15000.6708984375,15302.0,1,188.81989503279328,76.37922698631883,0.005041200667619705,0
cos_sim_mean_6d,forward,1,35,b877dd782edba758ab429e3ee3de3329:97e16cc551e4:0:0,5feceb66ffc86f38d952786c6d696c79c2dbc239dd4e91b46729d73a27fb57e9,203.3883510157466,2,15001.73974609375,15302.0,2,202.71775196306407,89.76870705373585,0.0040935343131423,0
cos_sim_mean_6d,forward,1,36,b877dd782edba758ab429e3ee3de3329:97e16cc551e4:0:1,5feceb66ffc86f38d952786c6d696c79c2dbc239dd4e91b46729d73a27fb57e9,203.5641388501972,2,15001.73974609375,15302.0,2,202.88543589413166,90.06464900448918,0.004115694668143988,0
cos_sim_mean_6d,forward,1,37,b877dd782edba758ab429e3ee3de3329:97e16cc551e4:0:2,5feceb66ffc86f38d952786c6d696c79c2dbc239dd4e91b46729d73a27fb57e9,203.09759303927422,2,15001.73974609375,15302.0,2,202.42863497696817,89.93801195174456,0.004115694668143988,0
cos_sim_mean_6d,forward,1,38,b877dd782edba758ab429e3ee3de3329:97e16cc551e4:0:3,5feceb66ffc86f38d952786c6d696c79c2dbc239dd4e91b46729d73a27fb57e9,203.38680082932115,2,15001.73974609375,15302.0,2,202.7153568342328,89.89237691275775,0.004115694668143988,0
cos_sim_mean_6d,forward,1,39,b877dd782edba758ab429e3ee3de3329:97e16cc551e4:0:4,6b86b273ff34fce19d6b804eff5a3f5747ada4eaa22f1d49c01e52ddb7875b4b,203.82300997152925,2,15001.73974609375,15302.0,2,203.14589305780828,90.56154103018343,0.007833479903638363,0
cos_sim_mean_6d,forward,1,40,b877dd782edba758ab429e3ee3de3329:dd7f6c9e007d:0:0,5feceb66ffc86f38d952786c6d696c79c2dbc239dd4e91b46729d73a27fb57e9,203.43244005925953,2,15001.73974609375,15302.0,2,202.7616600971669,89.8607240524143,0.0040935343131423,0
cos_sim_mean_6d,forward,1,41,b877dd782edba758ab429e3ee3de3329:dd7f6c9e007d:0:1,5feceb66ffc86f38d952786c6d696c79c2dbc239dd4e91b46729d73a27fb57e9,203.03450687788427,2,15001.73974609375,15302.0,2,202.3578539956361,90.08869412355125,0.004115694668143988,0
cos_sim_mean_6d,forward,1,42,b877dd782edba758ab429e3ee3de3329:dd7f6c9e007d:0:2,5feceb66ffc86f38d952786c6d696c79c2dbc239dd4e91b46729d73a27fb57e9,204.1228269226849,2,15001.73974609375,15302.0,2,203.4481498412788,89.9579138495028,0.004115694668143988,0
cos_sim_mean_6d,forward,1,43,b877dd782edba758ab429e3ee3de3329:dd7f6c9e007d:0:3,5feceb66ffc86f38d952786c6d696c79c2dbc239dd4e91b46729d73a27fb57e9,203.54966004379094,2,15001.73974609375,15302.0,2,202.8804230503738,90.00753215514123,0.004115694668143988,0
cos_sim_mean_6d,forward,1,44,b877dd782edba758ab429e3ee3de3329:dd7f6c9e007d:0:4,6b86b273ff34fce19d6b804eff5a3f5747ada4eaa22f1d49c01e52ddb7875b4b,203.7475078832358,2,15001.73974609375,15302.0,2,203.0696200672537,90.23440908640623,0.007833479903638363,0
cos_sim_mean_6d,forward,1,45,4f59fbf51a0a5bfb4dc5af02cf294693:993dac5396a0:0:0,082a3f27a64a793001365f40fd7d76058660d5148036e68127b7775445e5f79a,364.1403838992119,13,15009.6494140625,15302.0,2,216.87410003505647,100.861846935004,0.004689679481089115,0
cos_sim_mean_6d,forward,1,46,4f59fbf51a0a5bfb4dc5af02cf294693:993dac5396a0:0:1,082a3f27a64a793001365f40fd7d76058660d5148036e68127b7775445e5f79a,369.7967859916389,13,15009.6494140625,15302.0,2,222.69223793409765,100.72012501768768,0.004132868722081184,0
cos_sim_mean_6d,forward,1,47,4f59fbf51a0a5bfb4dc5af02cf294693:993dac5396a0:0:2,082a3f27a64a793001365f40fd7d76058660d5148036e68127b7775445e5f79a,381.0628349892795,13,15009.6494140625,15302.0,2,233.953305054456,100.84764310158789,0.0041106161661446095,0
cos_sim_mean_6d,forward,1,48,4f59fbf51a0a5bfb4dc5af02cf294693:993dac5396a0:0:3,082a3f27a64a793001365f40fd7d76058660d5148036e68127b7775445e5f79a,385.00851206481457,13,15009.6494140625,15302.0,2,237.69359313882887,101.12867597490549,0.004110692534595728,0
cos_sim_mean_6d,forward,1,49,4f59fbf51a0a5bfb4dc5af02cf294693:993dac5396a0:0:4,cb1d05299ff18cc4eb1eafa80966fcf02838d32be4a86d290ced7caf197919ad,342.82293589785695,10,15009.6494140625,15302.0,2,235.6798779219389,101.03767388500273,0.004714593291282654,0
cos_sim_mean_6d,reverse,0,0,1a938d25604410ccd63b60285919eaec:c627e50da685:0:0,70f89282fb4200d4c7cb83660e5e90d9cf2d989cdecf70c1f868239e5f542294,293.3279520366341,7,15006.259765625,15302.0,2,225.812645861879,100.90124700218439,0.004924661945551634,0
cos_sim_mean_6d,reverse,0,1,1a938d25604410ccd63b60285919eaec:c627e50da685:0:1,c709293d644a54f3b0d6270fc879317ff277c06c090c03c30f721b08140bbe7b,393.08937592431903,15,15006.259765625,15302.0,2,219.71182595007122,100.6170290056616,0.004094086587429047,0
cos_sim_mean_6d,reverse,0,2,1a938d25604410ccd63b60285919eaec:c627e50da685:0:2,c709293d644a54f3b0d6270fc879317ff277c06c090c03c30f721b08140bbe7b,417.26972395554185,15,15006.259765625,15302.0,2,243.78513102419674,101.27873509190977,0.0040935343131423,0
cos_sim_mean_6d,reverse,0,3,1a938d25604410ccd63b60285919eaec:c627e50da685:0:3,c709293d644a54f3b0d6270fc879317ff277c06c090c03c30f721b08140bbe7b,405.65705904737115,15,15006.259765625,15302.0,2,232.27465897798538,100.89979297481477,0.0040935343131423,0
cos_sim_mean_6d,reverse,0,4,1a938d25604410ccd63b60285919eaec:c627e50da685:0:4,15905afe25f3666163b46d6b6948b985a7debd874743ae398a264536e830ec1f,297.03881102614105,7,15006.259765625,15302.0,2,229.7185859642923,101.01005178876221,0.01485521625727415,0
cos_sim_mean_6d,reverse,0,5,49cd6149f02ec01ee03a6eb8287ab2df:f982e9dfaf25:0:0,5feceb66ffc86f38d952786c6d696c79c2dbc239dd4e91b46729d73a27fb57e9,206.89862500876188,2,15001.73974609375,15302.0,2,206.19257004000247,90.37090698257089,0.004186899401247501,0
cos_sim_mean_6d,reverse,0,6,49cd6149f02ec01ee03a6eb8287ab2df:f982e9dfaf25:0:1,5feceb66ffc86f38d952786c6d696c79c2dbc239dd4e91b46729d73a27fb57e9,207.11311604827642,2,15001.73974609375,15302.0,2,206.42185909673572,90.01196501776576,0.004115694668143988,0
cos_sim_mean_6d,reverse,0,7,49cd6149f02ec01ee03a6eb8287ab2df:f982e9dfaf25:0:2,5feceb66ffc86f38d952786c6d696c79c2dbc239dd4e91b46729d73a27fb57e9,204.75830999203026,2,15001.73974609375,15302.0,2,204.08659591339529,90.09951702319086,0.004115694668143988,0
cos_sim_mean_6d,reverse,0,8,49cd6149f02ec01ee03a6eb8287ab2df:f982e9dfaf25:0:3,5feceb66ffc86f38d952786c6d696c79c2dbc239dd4e91b46729d73a27fb57e9,223.18031103350222,2,15001.73974609375,15302.0,2,222.48807200230658,90.70700593292713,0.004115694668143988,0
cos_sim_mean_6d,reverse,0,9,49cd6149f02ec01ee03a6eb8287ab2df:f982e9dfaf25:0:4,5feceb66ffc86f38d952786c6d696c79c2dbc239dd4e91b46729d73a27fb57e9,204.6298359055072,2,15001.73974609375,15302.0,2,203.93529208377004,90.04604304209352,0.008749167434871197,0
cos_sim_mean_6d,reverse,0,10,49cd6149f02ec01ee03a6eb8287ab2df:81739d7eb99c:0:0,5feceb66ffc86f38d952786c6d696c79c2dbc239dd4e91b46729d73a27fb57e9,204.0008141193539,2,15001.73974609375,15302.0,2,203.3122261054814,90.2429420966655,0.004186899401247501,0
cos_sim_mean_6d,reverse,0,11,49cd6149f02ec01ee03a6eb8287ab2df:81739d7eb99c:0:1,5feceb66ffc86f38d952786c6d696c79c2dbc239dd4e91b46729d73a27fb57e9,205.44758485630155,2,15001.73974609375,15302.0,2,204.77054198272526,90.01024905592203,0.004115694668143988,0
cos_sim_mean_6d,reverse,0,12,49cd6149f02ec01ee03a6eb8287ab2df:81739d7eb99c:0:2,5feceb66ffc86f38d952786c6d696c79c2dbc239dd4e91b46729d73a27fb57e9,203.8110699504614,2,15001.73974609375,15302.0,2,203.13576608896255,89.87218816764653,0.004115694668143988,0
cos_sim_mean_6d,reverse,0,13,49cd6149f02ec01ee03a6eb8287ab2df:81739d7eb99c:0:3,5feceb66ffc86f38d952786c6d696c79c2dbc239dd4e91b46729d73a27fb57e9,203.81276705302298,2,15001.73974609375,15302.0,2,203.14212306402624,89.9256959091872,0.004115694668143988,0
cos_sim_mean_6d,reverse,0,14,49cd6149f02ec01ee03a6eb8287ab2df:81739d7eb99c:0:4,5feceb66ffc86f38d952786c6d696c79c2dbc239dd4e91b46729d73a27fb57e9,203.9442309178412,2,15001.73974609375,15302.0,2,203.26552889309824,90.42417211458087,0.008749167434871197,0
cos_sim_mean_6d,reverse,0,15,c6050fe51d3408b1eaef27e08e7f1956:1458b54ae2f6:0:0,d656de69c0da6209d397a8d5f7affee137ddc3be7811a9522dee62d3b10d52c8,297.95977496542037,8,15013.693359375,15302.0,2,217.23112603649497,100.74031492695212,0.004732169676572084,0
cos_sim_mean_6d,reverse,0,16,c6050fe51d3408b1eaef27e08e7f1956:1458b54ae2f6:0:1,cdb81c63cda0b6ef0b2a1260fb987458ab47d5bebf8b78c6355a3a6dc164506d,346.3667640462518,10,15013.693359375,15302.0,2,239.2824690323323,100.62502999790013,0.004826493561267853,0
cos_sim_mean_6d,reverse,0,17,c6050fe51d3408b1eaef27e08e7f1956:1458b54ae2f6:0:2,fe50179dd819d03ae1216ed234b97e224965b782031f3c44efdb45fd96b23cd1,313.07076406665146,9,15013.693359375,15302.0,2,219.07488000579178,100.83929100073874,0.010608753189444542,0
cos_sim_mean_6d,reverse,0,18,c6050fe51d3408b1eaef27e08e7f1956:1458b54ae2f6:0:3,193405ed8b35f3ee7bb64910e10c564fde35fef8c1a936749daf66c5d021ba99,272.17189804650843,5,15013.693359375,15302.0,2,231.36824020184577,100.62479716725647,0.004568173084408045,0
cos_sim_mean_6d,reverse,0,19,c6050fe51d3408b1eaef27e08e7f1956:1458b54ae2f6:0:4,b95e2705d5a356fbf1413fffbb51166a15189a8408c65518ca1e169bb0b681ec,339.74285097792745,11,15013.693359375,15302.0,2,219.14331894367933,101.17079480551183,0.01720445416867733,0
cos_sim_mean_6d,reverse,0,20,c6050fe51d3408b1eaef27e08e7f1956:e4e99a4d6532:0:0,d656de69c0da6209d397a8d5f7affee137ddc3be7811a9522dee62d3b10d52c8,315.1380969211459,8,15013.693359375,15302.0,2,234.7068761009723,101.42058320343494,0.004732169676572084,0
cos_sim_mean_6d,reverse,0,21,c6050fe51d3408b1eaef27e08e7f1956:e4e99a4d6532:0:1,cdb81c63cda0b6ef0b2a1260fb987458ab47d5bebf8b78c6355a3a6dc164506d,326.85175305232406,10,15013.693359375,15302.0,2,219.2494731862098,100.8553400170058,0.004826493561267853,0
cos_sim_mean_6d,reverse,0,22,c6050fe51d3408b1eaef27e08e7f1956:e4e99a4d6532:0:2,fe50179dd819d03ae1216ed234b97e224965b782031f3c44efdb45fd96b23cd1,312.7271740231663,9,15013.693359375,15302.0,2,219.12539494223893,100.65206210128963,0.010608753189444542,0
cos_sim_mean_6d,reverse,0,23,c6050fe51d3408b1eaef27e08e7f1956:e4e99a4d6532:0:3,193405ed8b35f3ee7bb64910e10c564fde35fef8c1a936749daf66c5d021ba99,259.52288694679737,5,15013.693359375,15302.0,2,218.72283099219203,100.57724686339498,0.004568173084408045,0
cos_sim_mean_6d,reverse,0,24,c6050fe51d3408b1eaef27e08e7f1956:e4e99a4d6532:0:4,b95e2705d5a356fbf1413fffbb51166a15189a8408c65518ca1e169bb0b681ec,338.9050189871341,11,15013.693359375,15302.0,2,218.850881094113,100.89198499917984,0.01720445416867733,0
cos_sim_mean_6d,reverse,0,25,bb98dd0bceac09d24db1ecb2af549a92:377f7f0dd150:0:0,1ea442a134b2a184bd5d40104401f2a37fbc09ccf3f4bc9da161c6099be3691d,215.86993802338839,1,15000.6708984375,15302.0,1,215.80899110995233,76.42662012949586,0.004115694668143988,0
cos_sim_mean_6d,reverse,0,26,bb98dd0bceac09d24db1ecb2af549a92:377f7f0dd150:0:1,1ea442a134b2a184bd5d40104401f2a37fbc09ccf3f4bc9da161c6099be3691d,217.42250304669142,1,15000.6708984375,15302.0,1,217.3598271328956,77.453802106902,0.004109101835638285,0
cos_sim_mean_6d,reverse,0,27,bb98dd0bceac09d24db1ecb2af549a92:377f7f0dd150:0:2,1ea442a134b2a184bd5d40104401f2a37fbc09ccf3f4bc9da161c6099be3691d,218.00911705940962,1,15000.6708984375,15302.0,1,217.94616989791393,76.74984796904027,0.004115694668143988,0
cos_sim_mean_6d,reverse,0,28,bb98dd0bceac09d24db1ecb2af549a92:377f7f0dd150:0:3,85a39ab345d672ff8ca9b9c6876f3adcacf45ee7c1e2dbd2408fd338bd55e07e,209.74248414859176,1,15000.6708984375,15302.0,1,209.68137099407613,76.465715887025,0.005901636555790901,0
cos_sim_mean_6d,reverse,0,29,bb98dd0bceac09d24db1ecb2af549a92:377f7f0dd150:0:4,85a39ab345d672ff8ca9b9c6876f3adcacf45ee7c1e2dbd2408fd338bd55e07e,194.07281884923577,1,15000.6708984375,15302.0,1,194.01335599832237,76.34748704731464,0.005041200667619705,0
cos_sim_mean_6d,reverse,0,30,bb98dd0bceac09d24db1ecb2af549a92:2cf3a7a3a65c:0:0,1ea442a134b2a184bd5d40104401f2a37fbc09ccf3f4bc9da161c6099be3691d,189.81728190556169,1,15000.6708984375,15302.0,1,189.75385394878685,76.24690304510295,0.004115694668143988,0
cos_sim_mean_6d,reverse,0,31,bb98dd0bceac09d24db1ecb2af549a92:2cf3a7a3a65c:0:1,1ea442a134b2a184bd5d40104401f2a37fbc09ccf3f4bc9da161c6099be3691d,191.05587620288134,1,15000.6708984375,15302.0,1,191.0027211997658,76.17931021377444,0.004109101835638285,0
cos_sim_mean_6d,reverse,0,32,bb98dd0bceac09d24db1ecb2af549a92:2cf3a7a3a65c:0:2,1ea442a134b2a184bd5d40104401f2a37fbc09ccf3f4bc9da161c6099be3691d,190.45327114872634,1,15000.6708984375,15302.0,1,190.3984050732106,76.56829105690122,0.004115694668143988,0
cos_sim_mean_6d,reverse,0,33,bb98dd0bceac09d24db1ecb2af549a92:2cf3a7a3a65c:0:3,85a39ab345d672ff8ca9b9c6876f3adcacf45ee7c1e2dbd2408fd338bd55e07e,189.68784110620618,1,15000.6708984375,15302.0,1,189.63489518500865,76.1981001123786,0.005901636555790901,0
cos_sim_mean_6d,reverse,0,34,bb98dd0bceac09d24db1ecb2af549a92:2cf3a7a3a65c:0:4,85a39ab345d672ff8ca9b9c6876f3adcacf45ee7c1e2dbd2408fd338bd55e07e,189.09507896751165,1,15000.6708984375,15302.0,1,189.04137099161744,76.24590117484331,0.005041200667619705,0
cos_sim_mean_6d,reverse,0,35,b877dd782edba758ab429e3ee3de3329:97e16cc551e4:0:0,5feceb66ffc86f38d952786c6d696c79c2dbc239dd4e91b46729d73a27fb57e9,204.42934799939394,2,15001.73974609375,15302.0,2,203.736127121374,90.12234001420438,0.0040935343131423,0
cos_sim_mean_6d,reverse,0,36,b877dd782edba758ab429e3ee3de3329:97e16cc551e4:0:1,5feceb66ffc86f38d952786c6d696c79c2dbc239dd4e91b46729d73a27fb57e9,207.63386110775173,2,15001.73974609375,15302.0,2,206.94302092306316,89.897520840168,0.004115694668143988,0
cos_sim_mean_6d,reverse,0,37,b877dd782edba758ab429e3ee3de3329:97e16cc551e4:0:2,5feceb66ffc86f38d952786c6d696c79c2dbc239dd4e91b46729d73a27fb57e9,215.8427939284593,2,15001.73974609375,15302.0,2,215.1574611198157,89.8607971612364,0.004115694668143988,0
cos_sim_mean_6d,reverse,0,38,b877dd782edba758ab429e3ee3de3329:97e16cc551e4:0:3,5feceb66ffc86f38d952786c6d696c79c2dbc239dd4e91b46729d73a27fb57e9,204.5238830614835,2,15001.73974609375,15302.0,2,203.8554020691663,90.63714812509716,0.004115694668143988,0
cos_sim_mean_6d,reverse,0,39,b877dd782edba758ab429e3ee3de3329:97e16cc551e4:0:4,6b86b273ff34fce19d6b804eff5a3f5747ada4eaa22f1d49c01e52ddb7875b4b,203.60963908024132,2,15001.73974609375,15302.0,2,202.9437799938023,89.85677896998823,0.007833479903638363,0
cos_sim_mean_6d,reverse,0,40,b877dd782edba758ab429e3ee3de3329:dd7f6c9e007d:0:0,5feceb66ffc86f38d952786c6d696c79c2dbc239dd4e91b46729d73a27fb57e9,203.69685697369277,2,15001.73974609375,15302.0,2,203.0371120199561,90.08234599605203,0.0040935343131423,0
cos_sim_mean_6d,reverse,0,41,b877dd782edba758ab429e3ee3de3329:dd7f6c9e007d:0:1,5feceb66ffc86f38d952786c6d696c79c2dbc239dd4e91b46729d73a27fb57e9,203.26153212226927,2,15001.73974609375,15302.0,2,202.58091506548226,89.79666815139353,0.004115694668143988,0
cos_sim_mean_6d,reverse,0,42,b877dd782edba758ab429e3ee3de3329:dd7f6c9e007d:0:2,5feceb66ffc86f38d952786c6d696c79c2dbc239dd4e91b46729d73a27fb57e9,203.28331599012017,2,15001.73974609375,15302.0,2,202.608291991055,89.92028189823031,0.004115694668143988,0
cos_sim_mean_6d,reverse,0,43,b877dd782edba758ab429e3ee3de3329:dd7f6c9e007d:0:3,5feceb66ffc86f38d952786c6d696c79c2dbc239dd4e91b46729d73a27fb57e9,203.4714389592409,2,15001.73974609375,15302.0,2,202.8096599970013,89.85666884109378,0.004115694668143988,0
cos_sim_mean_6d,reverse,0,44,b877dd782edba758ab429e3ee3de3329:dd7f6c9e007d:0:4,6b86b273ff34fce19d6b804eff5a3f5747ada4eaa22f1d49c01e52ddb7875b4b,212.52435189671814,2,15001.73974609375,15302.0,2,211.85673610307276,90.35326214507222,0.007833479903638363,0
cos_sim_mean_6d,reverse,0,45,4f59fbf51a0a5bfb4dc5af02cf294693:993dac5396a0:0:0,082a3f27a64a793001365f40fd7d76058660d5148036e68127b7775445e5f79a,364.53433288261294,13,15009.6494140625,15302.0,2,217.18554385006428,100.72358185425401,0.004689679481089115,0
cos_sim_mean_6d,reverse,0,46,4f59fbf51a0a5bfb4dc5af02cf294693:993dac5396a0:0:1,082a3f27a64a793001365f40fd7d76058660d5148036e68127b7775445e5f79a,378.4850910305977,13,15009.6494140625,15302.0,2,231.40190285630524,100.61453701928258,0.004132868722081184,0
cos_sim_mean_6d,reverse,0,47,4f59fbf51a0a5bfb4dc5af02cf294693:993dac5396a0:0:2,082a3f27a64a793001365f40fd7d76058660d5148036e68127b7775445e5f79a,382.2986981831491,13,15009.6494140625,15302.0,2,235.67183408886194,100.92882602475584,0.0041106161661446095,0
cos_sim_mean_6d,reverse,0,48,4f59fbf51a0a5bfb4dc5af02cf294693:993dac5396a0:0:3,082a3f27a64a793001365f40fd7d76058660d5148036e68127b7775445e5f79a,376.1941189877689,13,15009.6494140625,15302.0,2,229.49208691716194,100.69667408242822,0.004110692534595728,0
cos_sim_mean_6d,reverse,0,49,4f59fbf51a0a5bfb4dc5af02cf294693:993dac5396a0:0:4,cb1d05299ff18cc4eb1eafa80966fcf02838d32be4a86d290ced7caf197919ad,335.69282991811633,10,15009.6494140625,15302.0,2,227.94242901727557,100.71461601182818,0.004714593291282654,0
cos_sim_mean_6d,reverse,1,0,1a938d25604410ccd63b60285919eaec:c627e50da685:0:0,70f89282fb4200d4c7cb83660e5e90d9cf2d989cdecf70c1f868239e5f542294,300.0303709413856,7,15006.259765625,15302.0,2,232.74673894047737,101.09558701515198,0.004924661945551634,0
cos_sim_mean_6d,reverse,1,1,1a938d25604410ccd63b60285919eaec:c627e50da685:0:1,c709293d644a54f3b0d6270fc879317ff277c06c090c03c30f721b08140bbe7b,392.3286518547684,15,15006.259765625,15302.0,2,218.68957486003637,100.67905602045357,0.004094086587429047,0
cos_sim_mean_6d,reverse,1,2,1a938d25604410ccd63b60285919eaec:c627e50da685:0:2,c709293d644a54f3b0d6270fc879317ff277c06c090c03c30f721b08140bbe7b,409.68030295334756,15,15006.259765625,15302.0,2,236.2614879384637,100.60213203541934,0.0040935343131423,0
cos_sim_mean_6d,reverse,1,3,1a938d25604410ccd63b60285919eaec:c627e50da685:0:3,c709293d644a54f3b0d6270fc879317ff277c06c090c03c30f721b08140bbe7b,401.6398419626057,15,15006.259765625,15302.0,2,227.78886696323752,101.02292103692889,0.0040935343131423,0
cos_sim_mean_6d,reverse,1,4,1a938d25604410ccd63b60285919eaec:c627e50da685:0:4,15905afe25f3666163b46d6b6948b985a7debd874743ae398a264536e830ec1f,286.5782859735191,7,15006.259765625,15302.0,2,219.2123350687325,101.0768220294267,0.01485521625727415,0
cos_sim_mean_6d,reverse,1,5,49cd6149f02ec01ee03a6eb8287ab2df:f982e9dfaf25:0:0,5feceb66ffc86f38d952786c6d696c79c2dbc239dd4e91b46729d73a27fb57e9,222.53635991364717,2,15001.73974609375,15302.0,2,221.83138690888882,90.56146303191781,0.004186899401247501,0
cos_sim_mean_6d,reverse,1,6,49cd6149f02ec01ee03a6eb8287ab2df:f982e9dfaf25:0:1,5feceb66ffc86f38d952786c6d696c79c2dbc239dd4e91b46729d73a27fb57e9,211.72660612501204,2,15001.73974609375,15302.0,2,211.0209111124277,90.38653899915516,0.004115694668143988,0
cos_sim_mean_6d,reverse,1,7,49cd6149f02ec01ee03a6eb8287ab2df:f982e9dfaf25:0:2,5feceb66ffc86f38d952786c6d696c79c2dbc239dd4e91b46729d73a27fb57e9,217.23919501528144,2,15001.73974609375,15302.0,2,216.53718897141516,90.35164793021977,0.004115694668143988,0
cos_sim_mean_6d,reverse,1,8,49cd6149f02ec01ee03a6eb8287ab2df:f982e9dfaf25:0:3,5feceb66ffc86f38d952786c6d696c79c2dbc239dd4e91b46729d73a27fb57e9,208.07907404378057,2,15001.73974609375,15302.0,2,207.40649802610278,90.04555898718536,0.004115694668143988,0
cos_sim_mean_6d,reverse,1,9,49cd6149f02ec01ee03a6eb8287ab2df:f982e9dfaf25:0:4,5feceb66ffc86f38d952786c6d696c79c2dbc239dd4e91b46729d73a27fb57e9,205.7562880218029,2,15001.73974609375,15302.0,2,205.07531915791333,90.052257059142,0.008749167434871197,0
cos_sim_mean_6d,reverse,1,10,49cd6149f02ec01ee03a6eb8287ab2df:81739d7eb99c:0:0,5feceb66ffc86f38d952786c6d696c79c2dbc239dd4e91b46729d73a27fb57e9,206.0503710526973,2,15001.73974609375,15302.0,2,205.36919496953487,89.87287897616625,0.004186899401247501,0
cos_sim_mean_6d,reverse,1,11,49cd6149f02ec01ee03a6eb8287ab2df:81739d7eb99c:0:1,5feceb66ffc86f38d952786c6d696c79c2dbc239dd4e91b46729d73a27fb57e9,205.33216185867786,2,15001.73974609375,15302.0,2,204.65500582940876,90.31840786337852,0.004115694668143988,0
cos_sim_mean_6d,reverse,1,12,49cd6149f02ec01ee03a6eb8287ab2df:81739d7eb99c:0:2,5feceb66ffc86f38d952786c6d696c79c2dbc239dd4e91b46729d73a27fb57e9,222.14845195412636,2,15001.73974609375,15302.0,2,221.44607594236732,90.06367600522935,0.004115694668143988,0
cos_sim_mean_6d,reverse,1,13,49cd6149f02ec01ee03a6eb8287ab2df:81739d7eb99c:0:3,5feceb66ffc86f38d952786c6d696c79c2dbc239dd4e91b46729d73a27fb57e9,216.94291196763515,2,15001.73974609375,15302.0,2,216.24830784276128,90.09574796073139,0.004115694668143988,0
cos_sim_mean_6d,reverse,1,14,49cd6149f02ec01ee03a6eb8287ab2df:81739d7eb99c:0:4,5feceb66ffc86f38d952786c6d696c79c2dbc239dd4e91b46729d73a27fb57e9,205.84992785006762,2,15001.73974609375,15302.0,2,205.16358804889023,90.19258012995124,0.008749167434871197,0
cos_sim_mean_6d,reverse,1,15,c6050fe51d3408b1eaef27e08e7f1956:1458b54ae2f6:0:0,d656de69c0da6209d397a8d5f7affee137ddc3be7811a9522dee62d3b10d52c8,299.36386505141854,8,15013.693359375,15302.0,2,218.6026619747281,100.97467387095094,0.004732169676572084,0
cos_sim_mean_6d,reverse,1,16,c6050fe51d3408b1eaef27e08e7f1956:1458b54ae2f6:0:1,cdb81c63cda0b6ef0b2a1260fb987458ab47d5bebf8b78c6355a3a6dc164506d,334.845210891217,10,15013.693359375,15302.0,2,227.40387078374624,100.81964079290628,0.004826493561267853,0
cos_sim_mean_6d,reverse,1,17,c6050fe51d3408b1eaef27e08e7f1956:1458b54ae2f6:0:2,fe50179dd819d03ae1216ed234b97e224965b782031f3c44efdb45fd96b23cd1,317.1005689073354,9,15013.693359375,15302.0,2,222.94542682357132,101.78596479818225,0.010608753189444542,0
cos_sim_mean_6d,reverse,1,18,c6050fe51d3408b1eaef27e08e7f1956:1458b54ae2f6:0:3,193405ed8b35f3ee7bb64910e10c564fde35fef8c1a936749daf66c5d021ba99,284.46596302092075,5,15013.693359375,15302.0,2,243.59922506846488,101.03230108506978,0.004568173084408045,0
cos_sim_mean_6d,reverse,1,19,c6050fe51d3408b1eaef27e08e7f1956:1458b54ae2f6:0:4,b95e2705d5a356fbf1413fffbb51166a15189a8408c65518ca1e169bb0b681ec,339.89229099825025,11,15013.693359375,15302.0,2,219.36626499518752,100.78924801200628,0.01720445416867733,0
cos_sim_mean_6d,reverse,1,20,c6050fe51d3408b1eaef27e08e7f1956:e4e99a4d6532:0:0,d656de69c0da6209d397a8d5f7affee137ddc3be7811a9522dee62d3b10d52c8,307.8194360714406,8,15013.693359375,15302.0,2,227.3761429823935,100.60666501522064,0.004732169676572084,0
cos_sim_mean_6d,reverse,1,21,c6050fe51d3408b1eaef27e08e7f1956:e4e99a4d6532:0:1,cdb81c63cda0b6ef0b2a1260fb987458ab47d5bebf8b78c6355a3a6dc164506d,325.73070796206594,10,15013.693359375,15302.0,2,218.7199869658798,100.54652695544064,0.004826493561267853,0
cos_sim_mean_6d,reverse,1,22,c6050fe51d3408b1eaef27e08e7f1956:e4e99a4d6532:0:2,fe50179dd819d03ae1216ed234b97e224965b782031f3c44efdb45fd96b23cd1,312.716610962525,9,15013.693359375,15302.0,2,219.15051899850368,101.0536749381572,0.010608753189444542,0
cos_sim_mean_6d,reverse,1,23,c6050fe51d3408b1eaef27e08e7f1956:e4e99a4d6532:0:3,193405ed8b35f3ee7bb64910e10c564fde35fef8c1a936749daf66c5d021ba99,264.2821210902184,5,15013.693359375,15302.0,2,223.60731894150376,101.56688583083451,0.004568173084408045,0
cos_sim_mean_6d,reverse,1,24,c6050fe51d3408b1eaef27e08e7f1956:e4e99a4d6532:0:4,b95e2705d5a356fbf1413fffbb51166a15189a8408c65518ca1e169bb0b681ec,340.31571191735566,11,15013.693359375,15302.0,2,219.97196809388697,100.89496406726539,0.01720445416867733,0
cos_sim_mean_6d,reverse,1,25,bb98dd0bceac09d24db1ecb2af549a92:377f7f0dd150:0:0,1ea442a134b2a184bd5d40104401f2a37fbc09ccf3f4bc9da161c6099be3691d,191.34185602888465,1,15000.6708984375,15302.0,1,191.28646096214652,76.40953990630805,0.004115694668143988,0
cos_sim_mean_6d,reverse,1,26,bb98dd0bceac09d24db1ecb2af549a92:377f7f0dd150:0:1,1ea442a134b2a184bd5d40104401f2a37fbc09ccf3f4bc9da161c6099be3691d,190.08051394484937,1,15000.6708984375,15302.0,1,190.02500781789422,76.42774982377887,0.004109101835638285,0
cos_sim_mean_6d,reverse,1,27,bb98dd0bceac09d24db1ecb2af549a92:377f7f0dd150:0:2,1ea442a134b2a184bd5d40104401f2a37fbc09ccf3f4bc9da161c6099be3691d,190.36806491203606,1,15000.6708984375,15302.0,1,190.31379697844386,76.15611306391656,0.004115694668143988,0
cos_sim_mean_6d,reverse,1,28,bb98dd0bceac09d24db1ecb2af549a92:377f7f0dd150:0:3,85a39ab345d672ff8ca9b9c6876f3adcacf45ee7c1e2dbd2408fd338bd55e07e,189.55282494425774,1,15000.6708984375,15302.0,1,189.4995509646833,76.11401285976171,0.005901636555790901,0
cos_sim_mean_6d,reverse,1,29,bb98dd0bceac09d24db1ecb2af549a92:377f7f0dd150:0:4,85a39ab345d672ff8ca9b9c6876f3adcacf45ee7c1e2dbd2408fd338bd55e07e,189.55660401843488,1,15000.6708984375,15302.0,1,189.503971952945,76.70365110971034,0.005041200667619705,0
cos_sim_mean_6d,reverse,1,30,bb98dd0bceac09d24db1ecb2af549a92:2cf3a7a3a65c:0:0,1ea442a134b2a184bd5d40104401f2a37fbc09ccf3f4bc9da161c6099be3691d,190.17983390949667,1,15000.6708984375,15302.0,1,190.12626796029508,76.14653301425278,0.004115694668143988,0
cos_sim_mean_6d,reverse,1,31,bb98dd0bceac09d24db1ecb2af549a92:2cf3a7a3a65c:0:1,1ea442a134b2a184bd5d40104401f2a37fbc09ccf3f4bc9da161c6099be3691d,189.50811494141817,1,15000.6708984375,15302.0,1,189.45489497855306,76.23155694454908,0.004109101835638285,0
cos_sim_mean_6d,reverse,1,32,bb98dd0bceac09d24db1ecb2af549a92:2cf3a7a3a65c:0:2,1ea442a134b2a184bd5d40104401f2a37fbc09ccf3f4bc9da161c6099be3691d,201.06227602809668,1,15000.6708984375,15302.0,1,201.0100579354912,76.25240599736571,0.004115694668143988,0
cos_sim_mean_6d,reverse,1,33,bb98dd0bceac09d24db1ecb2af549a92:2cf3a7a3a65c:0:3,85a39ab345d672ff8ca9b9c6876f3adcacf45ee7c1e2dbd2408fd338bd55e07e,190.55359903723001,1,15000.6708984375,15302.0,1,190.5015220399946,76.4781441539526,0.005901636555790901,0
cos_sim_mean_6d,reverse,1,34,bb98dd0bceac09d24db1ecb2af549a92:2cf3a7a3a65c:0:4,85a39ab345d672ff8ca9b9c6876f3adcacf45ee7c1e2dbd2408fd338bd55e07e,189.86895796842873,1,15000.6708984375,15302.0,1,189.81557805091143,76.14909205585718,0.005041200667619705,0
cos_sim_mean_6d,reverse,1,35,b877dd782edba758ab429e3ee3de3329:97e16cc551e4:0:0,5feceb66ffc86f38d952786c6d696c79c2dbc239dd4e91b46729d73a27fb57e9,204.81130410917103,2,15001.73974609375,15302.0,2,204.1032910346985,90.9248220268637,0.0040935343131423,0
cos_sim_mean_6d,reverse,1,36,b877dd782edba758ab429e3ee3de3329:97e16cc551e4:0:1,5feceb66ffc86f38d952786c6d696c79c2dbc239dd4e91b46729d73a27fb57e9,213.11507397331297,2,15001.73974609375,15302.0,2,212.40107202902436,90.31061106361449,0.004115694668143988,0
cos_sim_mean_6d,reverse,1,37,b877dd782edba758ab429e3ee3de3329:97e16cc551e4:0:2,5feceb66ffc86f38d952786c6d696c79c2dbc239dd4e91b46729d73a27fb57e9,207.6581409201026,2,15001.73974609375,15302.0,2,206.97232685051858,89.81811185367405,0.004115694668143988,0
cos_sim_mean_6d,reverse,1,38,b877dd782edba758ab429e3ee3de3329:97e16cc551e4:0:3,5feceb66ffc86f38d952786c6d696c79c2dbc239dd4e91b46729d73a27fb57e9,204.48007714003325,2,15001.73974609375,15302.0,2,203.7948821671307,89.76560295559466,0.004115694668143988,0
cos_sim_mean_6d,reverse,1,39,b877dd782edba758ab429e3ee3de3329:97e16cc551e4:0:4,6b86b273ff34fce19d6b804eff5a3f5747ada4eaa22f1d49c01e52ddb7875b4b,205.0442670006305,2,15001.73974609375,15302.0,2,204.32477816939354,90.35737602971494,0.007833479903638363,0
cos_sim_mean_6d,reverse,1,40,b877dd782edba758ab429e3ee3de3329:dd7f6c9e007d:0:0,5feceb66ffc86f38d952786c6d696c79c2dbc239dd4e91b46729d73a27fb57e9,216.54390706680715,2,15001.73974609375,15302.0,2,215.78680002130568,90.69622796960175,0.0040935343131423,0
cos_sim_mean_6d,reverse,1,41,b877dd782edba758ab429e3ee3de3329:dd7f6c9e007d:0:1,5feceb66ffc86f38d952786c6d696c79c2dbc239dd4e91b46729d73a27fb57e9,210.02780203707516,2,15001.73974609375,15302.0,2,209.3221079558134,90.41790780611336,0.004115694668143988,0
cos_sim_mean_6d,reverse,1,42,b877dd782edba758ab429e3ee3de3329:dd7f6c9e007d:0:2,5feceb66ffc86f38d952786c6d696c79c2dbc239dd4e91b46729d73a27fb57e9,206.9148279260844,2,15001.73974609375,15302.0,2,206.21613506227732,90.19959205761552,0.004115694668143988,0
cos_sim_mean_6d,reverse,1,43,b877dd782edba758ab429e3ee3de3329:dd7f6c9e007d:0:3,5feceb66ffc86f38d952786c6d696c79c2dbc239dd4e91b46729d73a27fb57e9,206.39911689795554,2,15001.73974609375,15302.0,2,205.7137480005622,90.01787402667105,0.004115694668143988,0
cos_sim_mean_6d,reverse,1,44,b877dd782edba758ab429e3ee3de3329:dd7f6c9e007d:0:4,6b86b273ff34fce19d6b804eff5a3f5747ada4eaa22f1d49c01e52ddb7875b4b,204.53148009255528,2,15001.73974609375,15302.0,2,203.8535149767995,89.82696803286672,0.007833479903638363,0
cos_sim_mean_6d,reverse,1,45,4f59fbf51a0a5bfb4dc5af02cf294693:993dac5396a0:0:0,082a3f27a64a793001365f40fd7d76058660d5148036e68127b7775445e5f79a,365.57966005057096,13,15009.6494140625,15302.0,2,218.43305206857622,100.72637000121176,0.004689679481089115,0
cos_sim_mean_6d,reverse,1,46,4f59fbf51a0a5bfb4dc5af02cf294693:993dac5396a0:0:1,082a3f27a64a793001365f40fd7d76058660d5148036e68127b7775445e5f79a,364.2404128331691,13,15009.6494140625,15302.0,2,218.00946188159287,100.78066890127957,0.004132868722081184,0
cos_sim_mean_6d,reverse,1,47,4f59fbf51a0a5bfb4dc5af02cf294693:993dac5396a0:0:2,082a3f27a64a793001365f40fd7d76058660d5148036e68127b7775445e5f79a,369.95934695005417,13,15009.6494140625,15302.0,2,223.0589019600302,101.1547870002687,0.0041106161661446095,0
cos_sim_mean_6d,reverse,1,48,4f59fbf51a0a5bfb4dc5af02cf294693:993dac5396a0:0:3,082a3f27a64a793001365f40fd7d76058660d5148036e68127b7775445e5f79a,365.6802459154278,13,15009.6494140625,15302.0,2,218.6429591383785,100.79794516786933,0.004110692534595728,0
cos_sim_mean_6d,reverse,1,49,4f59fbf51a0a5bfb4dc5af02cf294693:993dac5396a0:0:4,cb1d05299ff18cc4eb1eafa80966fcf02838d32be4a86d290ced7caf197919ad,326.54298190027475,10,15009.6494140625,15302.0,2,219.22660898417234,100.87011707946658,0.004714593291282654,0
full_72d,reverse,0,0,1a938d25604410ccd63b60285919eaec:c627e50da685:0:0,70f89282fb4200d4c7cb83660e5e90d9cf2d989cdecf70c1f868239e5f542294,289.86530494876206,7,15006.259765625,15302.0,2,222.55294700153172,101.26000689342618,0.07011669129133224,0
full_72d,reverse,0,1,1a938d25604410ccd63b60285919eaec:c627e50da685:0:1,c709293d644a54f3b0d6270fc879317ff277c06c090c03c30f721b08140bbe7b,405.0007211044431,15,15006.259765625,15302.0,2,231.64551006630063,101.13806906156242,0.0684436559677124,0
full_72d,reverse,0,2,1a938d25604410ccd63b60285919eaec:c627e50da685:0:2,c709293d644a54f3b0d6270fc879317ff277c06c090c03c30f721b08140bbe7b,405.6730067823082,15,15006.259765625,15302.0,2,232.7032119501382,100.8085971698165,0.0684436559677124,0
full_72d,reverse,0,3,1a938d25604410ccd63b60285919eaec:c627e50da685:0:3,c709293d644a54f3b0d6270fc879317ff277c06c090c03c30f721b08140bbe7b,397.2398089244962,15,15006.259765625,15302.0,2,223.5171098727733,101.46537702530622,0.06932017207145691,0
full_72d,reverse,0,4,1a938d25604410ccd63b60285919eaec:c627e50da685:0:4,15905afe25f3666163b46d6b6948b985a7debd874743ae398a264536e830ec1f,295.2872831374407,7,15006.259765625,15302.0,2,227.83792903646827,101.20034404098988,0.07139082252979279,0
full_72d,reverse,0,5,49cd6149f02ec01ee03a6eb8287ab2df:f982e9dfaf25:0:0,5feceb66ffc86f38d952786c6d696c79c2dbc239dd4e91b46729d73a27fb57e9,206.5885670017451,2,15001.73974609375,15302.0,2,205.8816598728299,90.63117089681327,0.07018690556287766,0
full_72d,reverse,0,6,49cd6149f02ec01ee03a6eb8287ab2df:f982e9dfaf25:0:1,5feceb66ffc86f38d952786c6d696c79c2dbc239dd4e91b46729d73a27fb57e9,216.9186039827764,2,15001.73974609375,15302.0,2,216.2208140362054,90.41164605878294,0.07018690556287766,0
full_72d,reverse,0,7,49cd6149f02ec01ee03a6eb8287ab2df:f982e9dfaf25:0:2,5feceb66ffc86f38d952786c6d696c79c2dbc239dd4e91b46729d73a27fb57e9,207.48210209421813,2,15001.73974609375,15302.0,2,206.81080990470946,90.22152400575578,0.07018690556287766,0
full_72d,reverse,0,8,49cd6149f02ec01ee03a6eb8287ab2df:f982e9dfaf25:0:3,5feceb66ffc86f38d952786c6d696c79c2dbc239dd4e91b46729d73a27fb57e9,205.36238187924027,2,15001.73974609375,15302.0,2,204.68044187873602,90.41826496832073,0.0698273777961731,0
full_72d,reverse,0,9,49cd6149f02ec01ee03a6eb8287ab2df:f982e9dfaf25:0:4,5feceb66ffc86f38d952786c6d696c79c2dbc239dd4e91b46729d73a27fb57e9,215.15406179241836,2,15001.73974609375,15302.0,2,214.48666881769896,90.6760860234499,0.07019949704408646,0
full_72d,reverse,0,10,49cd6149f02ec01ee03a6eb8287ab2df:81739d7eb99c:0:0,5feceb66ffc86f38d952786c6d696c79c2dbc239dd4e91b46729d73a27fb57e9,204.9041879363358,2,15001.73974609375,15302.0,2,204.22629197128117,89.94224690832198,0.07018690556287766,0
full_72d,reverse,0,11,49cd6149f02ec01ee03a6eb8287ab2df:81739d7eb99c:0:1,5feceb66ffc86f38d952786c6d696c79c2dbc239dd4e91b46729d73a27fb57e9,205.72850690223277,2,15001.73974609375,15302.0,2,205.0175559706986,90.88217606768012,0.07018690556287766,0
full_72d,reverse,0,12,49cd6149f02ec01ee03a6eb8287ab2df:81739d7eb99c:0:2,5feceb66ffc86f38d952786c6d696c79c2dbc239dd4e91b46729d73a27fb57e9,216.88138809986413,2,15001.73974609375,15302.0,2,216.16925206035376,90.38238995708525,0.07018690556287766,0
full_72d,reverse,0,13,49cd6149f02ec01ee03a6eb8287ab2df:81739d7eb99c:0:3,5feceb66ffc86f38d952786c6d696c79c2dbc239dd4e91b46729d73a27fb57e9,208.01890012808144,2,15001.73974609375,15302.0,2,207.33743999153376,90.14228195883334,0.0698273777961731,0
full_72d,reverse,0,14,49cd6149f02ec01ee03a6eb8287ab2df:81739d7eb99c:0:4,5feceb66ffc86f38d952786c6d696c79c2dbc239dd4e91b46729d73a27fb57e9,205.23677300661802,2,15001.73974609375,15302.0,2,204.5674421824515,90.02432320266962,0.07019949704408646,0
full_72d,reverse,0,15,c6050fe51d3408b1eaef27e08e7f1956:1458b54ae2f6:0:0,d656de69c0da6209d397a8d5f7affee137ddc3be7811a9522dee62d3b10d52c8,300.14016502536833,8,15013.693359375,15302.0,2,219.42344796843827,101.49153089150786,0.07131020724773407,0
full_72d,reverse,0,16,c6050fe51d3408b1eaef27e08e7f1956:1458b54ae2f6:0:1,cdb81c63cda0b6ef0b2a1260fb987458ab47d5bebf8b78c6355a3a6dc164506d,325.6423359271139,10,15013.693359375,15302.0,2,218.3949768077582,100.8393568918109,0.06839701533317566,0
full_72d,reverse,0,17,c6050fe51d3408b1eaef27e08e7f1956:1458b54ae2f6:0:2,fe50179dd819d03ae1216ed234b97e224965b782031f3c44efdb45fd96b23cd1,315.31382305547595,9,15013.693359375,15302.0,2,221.2653700262308,101.18176904506981,0.07242871820926666,0
full_72d,reverse,0,18,c6050fe51d3408b1eaef27e08e7f1956:1458b54ae2f6:0:3,193405ed8b35f3ee7bb64910e10c564fde35fef8c1a936749daf66c5d021ba99,260.19003987312317,5,15013.693359375,15302.0,2,219.48725800029933,101.06541099958122,0.07542630285024643,0
full_72d,reverse,0,19,c6050fe51d3408b1eaef27e08e7f1956:1458b54ae2f6:0:4,b95e2705d5a356fbf1413fffbb51166a15189a8408c65518ca1e169bb0b681ec,342.0215540099889,11,15013.693359375,15302.0,2,221.51486901566386,101.09793418087065,0.1313779354095459,0
full_72d,reverse,0,20,c6050fe51d3408b1eaef27e08e7f1956:e4e99a4d6532:0:0,d656de69c0da6209d397a8d5f7affee137ddc3be7811a9522dee62d3b10d52c8,300.096538849175,8,15013.693359375,15302.0,2,219.69461790286005,101.2467120308429,0.07131020724773407,0
full_72d,reverse,0,21,c6050fe51d3408b1eaef27e08e7f1956:e4e99a4d6532:0:1,cdb81c63cda0b6ef0b2a1260fb987458ab47d5bebf8b78c6355a3a6dc164506d,326.89655502326787,10,15013.693359375,15302.0,2,219.5790868718177,101.47220594808459,0.06839701533317566,0
full_72d,reverse,0,22,c6050fe51d3408b1eaef27e08e7f1956:e4e99a4d6532:0:2,fe50179dd819d03ae1216ed234b97e224965b782031f3c44efdb45fd96b23cd1,313.26373806223273,9,15013.693359375,15302.0,2,219.08811200410128,100.94047896564007,0.07242871820926666,0
full_72d,reverse,0,23,c6050fe51d3408b1eaef27e08e7f1956:e4e99a4d6532:0:3,193405ed8b35f3ee7bb64910e10c564fde35fef8c1a936749daf66c5d021ba99,271.92028891295195,5,15013.693359375,15302.0,2,231.1912460718304,100.91788717545569,0.07542630285024643,0
full_72d,reverse,0,24,c6050fe51d3408b1eaef27e08e7f1956:e4e99a4d6532:0:4,b95e2705d5a356fbf1413fffbb51166a15189a8408c65518ca1e169bb0b681ec,338.8322200626135,11,15013.693359375,15302.0,2,218.41275901533663,100.95230513252318,0.1313779354095459,0
full_72d,reverse,0,25,bb98dd0bceac09d24db1ecb2af549a92:377f7f0dd150:0:0,1ea442a134b2a184bd5d40104401f2a37fbc09ccf3f4bc9da161c6099be3691d,190.77747990377247,1,15000.6708984375,15302.0,1,190.72398589923978,76.57938310876489,0.0684436559677124,0
full_72d,reverse,0,26,bb98dd0bceac09d24db1ecb2af549a92:377f7f0dd150:0:1,1ea442a134b2a184bd5d40104401f2a37fbc09ccf3f4bc9da161c6099be3691d,189.32631402276456,1,15000.6708984375,15302.0,1,189.2742409836501,76.22976507991552,0.0684436559677124,0
full_72d,reverse,0,27,bb98dd0bceac09d24db1ecb2af549a92:377f7f0dd150:0:2,1ea442a134b2a184bd5d40104401f2a37fbc09ccf3f4bc9da161c6099be3691d,190.1687269564718,1,15000.6708984375,15302.0,1,190.1165470480919,76.89703907817602,0.0684436559677124,0
full_72d,reverse,0,28,bb98dd0bceac09d24db1ecb2af549a92:377f7f0dd150:0:3,85a39ab345d672ff8ca9b9c6876f3adcacf45ee7c1e2dbd2408fd338bd55e07e,190.03993505612016,1,15000.6708984375,15302.0,1,189.98789694160223,76.34144183248281,0.07940814644098282,0
full_72d,reverse,0,29,bb98dd0bceac09d24db1ecb2af549a92:377f7f0dd150:0:4,85a39ab345d672ff8ca9b9c6876f3adcacf45ee7c1e2dbd2408fd338bd55e07e,190.30371587723494,1,15000.6708984375,15302.0,1,190.251569962129,76.60159701481462,0.0699334666132927,0
full_72d,reverse,0,30,bb98dd0bceac09d24db1ecb2af549a92:2cf3a7a3a65c:0:0,1ea442a134b2a184bd5d40104401f2a37fbc09ccf3f4bc9da161c6099be3691d,189.65895287692547,1,15000.6708984375,15302.0,1,189.6064979955554,76.49968704208732,0.0684436559677124,0
full_72d,reverse,0,31,bb98dd0bceac09d24db1ecb2af549a92:2cf3a7a3a65c:0:1,1ea442a134b2a184bd5d40104401f2a37fbc09ccf3f4bc9da161c6099be3691d,190.67695597186685,1,15000.6708984375,15302.0,1,190.62508293427527,76.43935503438115,0.0684436559677124,0
full_72d,reverse,0,32,bb98dd0bceac09d24db1ecb2af549a92:2cf3a7a3a65c:0:2,1ea442a134b2a184bd5d40104401f2a37fbc09ccf3f4bc9da161c6099be3691d,190.19912695512176,1,15000.6708984375,15302.0,1,190.14734495431185,76.34141901507974,0.0684436559677124,0
full_72d,reverse,0,33,bb98dd0bceac09d24db1ecb2af549a92:2cf3a7a3a65c:0:3,85a39ab345d672ff8ca9b9c6876f3adcacf45ee7c1e2dbd2408fd338bd55e07e,190.69657614454627,1,15000.6708984375,15302.0,1,190.64394105225801,77.0125009585172,0.07940814644098282,0
full_72d,reverse,0,34,bb98dd0bceac09d24db1ecb2af549a92:2cf3a7a3a65c:0:4,85a39ab345d672ff8ca9b9c6876f3adcacf45ee7c1e2dbd2408fd338bd55e07e,189.7766429465264,1,15000.6708984375,15302.0,1,189.72364789806306,76.47306891158223,0.0699334666132927,0
full_72d,reverse,0,35,b877dd782edba758ab429e3ee3de3329:97e16cc551e4:0:0,5feceb66ffc86f38d952786c6d696c79c2dbc239dd4e91b46729d73a27fb57e9,204.00223811157048,2,15001.73974609375,15302.0,2,203.33582418970764,90.12362500652671,0.07045606523752213,0
full_72d,reverse,0,36,b877dd782edba758ab429e3ee3de3329:97e16cc551e4:0:1,5feceb66ffc86f38d952786c6d696c79c2dbc239dd4e91b46729d73a27fb57e9,214.00692919269204,2,15001.73974609375,15302.0,2,213.3257610257715,90.31613892875612,0.07045606523752213,0
full_72d,reverse,0,37,b877dd782edba758ab429e3ee3de3329:97e16cc551e4:0:2,5feceb66ffc86f38d952786c6d696c79c2dbc239dd4e91b46729d73a27fb57e9,205.66171407699585,2,15001.73974609375,15302.0,2,204.94044199585915,90.74003505520523,0.0698273777961731,0
full_72d,reverse,0,38,b877dd782edba758ab429e3ee3de3329:97e16cc551e4:0:3,5feceb66ffc86f38d952786c6d696c79c2dbc239dd4e91b46729d73a27fb57e9,217.5551529508084,2,15001.73974609375,15302.0,2,216.83745388872921,90.51554906181991,0.0700952559709549,0
full_72d,reverse,0,39,b877dd782edba758ab429e3ee3de3329:97e16cc551e4:0:4,6b86b273ff34fce19d6b804eff5a3f5747ada4eaa22f1d49c01e52ddb7875b4b,208.8625819887966,2,15001.73974609375,15302.0,2,208.16326094791293,91.06054296717048,0.07696761190891266,0
full_72d,reverse,0,40,b877dd782edba758ab429e3ee3de3329:dd7f6c9e007d:0:0,5feceb66ffc86f38d952786c6d696c79c2dbc239dd4e91b46729d73a27fb57e9,207.91935990564525,2,15001.73974609375,15302.0,2,207.22515904344618,90.41568893007934,0.07045606523752213,0
full_72d,reverse,0,41,b877dd782edba758ab429e3ee3de3329:dd7f6c9e007d:0:1,5feceb66ffc86f38d952786c6d696c79c2dbc239dd4e91b46729d73a27fb57e9,207.1798169054091,2,15001.73974609375,15302.0,2,206.49874210357666,90.32193617895246,0.07045606523752213,0
full_72d,reverse,0,42,b877dd782edba758ab429e3ee3de3329:dd7f6c9e007d:0:2,5feceb66ffc86f38d952786c6d696c79c2dbc239dd4e91b46729d73a27fb57e9,205.0745370797813,2,15001.73974609375,15302.0,2,204.39611608162522,90.21343803033233,0.0698273777961731,0
full_72d,reverse,0,43,b877dd782edba758ab429e3ee3de3329:dd7f6c9e007d:0:3,5feceb66ffc86f38d952786c6d696c79c2dbc239dd4e91b46729d73a27fb57e9,209.61634581908584,2,15001.73974609375,15302.0,2,208.95127300173044,90.09054722264409,0.0700952559709549,0
full_72d,reverse,0,44,b877dd782edba758ab429e3ee3de3329:dd7f6c9e007d:0:4,6b86b273ff34fce19d6b804eff5a3f5747ada4eaa22f1d49c01e52ddb7875b4b,204.96223401278257,2,15001.73974609375,15302.0,2,204.27115890197456,90.13132588006556,0.07696761190891266,0
full_72d,reverse,0,45,4f59fbf51a0a5bfb4dc5af02cf294693:993dac5396a0:0:0,082a3f27a64a793001365f40fd7d76058660d5148036e68127b7775445e5f79a,407.5820429716259,13,15009.6494140625,15302.0,2,256.5240659750998,125.90577895753086,0.06932017207145691,0
full_72d,reverse,0,46,4f59fbf51a0a5bfb4dc5af02cf294693:993dac5396a0:0:1,082a3f27a64a793001365f40fd7d76058660d5148036e68127b7775445e5f79a,370.918762171641,13,15009.6494140625,15302.0,2,223.62366202287376,101.17222694680095,0.0684436559677124,0
full_72d,reverse,0,47,4f59fbf51a0a5bfb4dc5af02cf294693:993dac5396a0:0:2,082a3f27a64a793001365f40fd7d76058660d5148036e68127b7775445e5f79a,382.30097596533597,13,15009.6494140625,15302.0,2,234.40749989822507,101.1605670209974,0.0684436559677124,0
full_72d,reverse,0,48,4f59fbf51a0a5bfb4dc5af02cf294693:993dac5396a0:0:3,082a3f27a64a793001365f40fd7d76058660d5148036e68127b7775445e5f79a,368.46568109467626,13,15009.6494140625,15302.0,2,220.80053691752255,101.39734693802893,0.0684436559677124,0
full_72d,reverse,0,49,4f59fbf51a0a5bfb4dc5af02cf294693:993dac5396a0:0:4,cb1d05299ff18cc4eb1eafa80966fcf02838d32be4a86d290ced7caf197919ad,327.15470693074167,10,15009.6494140625,15302.0,2,219.3310298025608,101.31747485138476,0.07145315408706665,0
full_72d,reverse,1,0,1a938d25604410ccd63b60285919eaec:c627e50da685:0:0,70f89282fb4200d4c7cb83660e5e90d9cf2d989cdecf70c1f868239e5f542294,286.02115414105356,7,15006.259765625,15302.0,2,218.78391201607883,101.11306002363563,0.07011669129133224,0
full_72d,reverse,1,1,1a938d25604410ccd63b60285919eaec:c627e50da685:0:1,c709293d644a54f3b0d6270fc879317ff277c06c090c03c30f721b08140bbe7b,393.2587839663029,15,15006.259765625,15302.0,2,219.0696489997208,101.79517604410648,0.0684436559677124,0
full_72d,reverse,1,2,1a938d25604410ccd63b60285919eaec:c627e50da685:0:2,c709293d644a54f3b0d6270fc879317ff277c06c090c03c30f721b08140bbe7b,415.1274610776454,15,15006.259765625,15302.0,2,240.76867010444403,100.99829593673348,0.0684436559677124,0
full_72d,reverse,1,3,1a938d25604410ccd63b60285919eaec:c627e50da685:0:3,c709293d644a54f3b0d6270fc879317ff277c06c090c03c30f721b08140bbe7b,398.163913981989,15,15006.259765625,15302.0,2,223.62817195244133,100.9843279607594,0.06932017207145691,0
full_72d,reverse,1,4,1a938d25604410ccd63b60285919eaec:c627e50da685:0:4,15905afe25f3666163b46d6b6948b985a7debd874743ae398a264536e830ec1f,291.33414616808295,7,15006.259765625,15302.0,2,223.60528097487986,101.229288848117,0.07139082252979279,0
full_72d,reverse,1,5,49cd6149f02ec01ee03a6eb8287ab2df:f982e9dfaf25:0:0,5feceb66ffc86f38d952786c6d696c79c2dbc239dd4e91b46729d73a27fb57e9,206.12626103684306,2,15001.73974609375,15302.0,2,205.44246910139918,90.30581614933908,0.07018690556287766,0
full_72d,reverse,1,6,49cd6149f02ec01ee03a6eb8287ab2df:f982e9dfaf25:0:1,5feceb66ffc86f38d952786c6d696c79c2dbc239dd4e91b46729d73a27fb57e9,204.8592669889331,2,15001.73974609375,15302.0,2,204.18136403895915,90.63862403854728,0.07018690556287766,0
full_72d,reverse,1,7,49cd6149f02ec01ee03a6eb8287ab2df:f982e9dfaf25:0:2,5feceb66ffc86f38d952786c6d696c79c2dbc239dd4e91b46729d73a27fb57e9,205.3642210084945,2,15001.73974609375,15302.0,2,204.67964513227344,90.82349413074553,0.07018690556287766,0
full_72d,reverse,1,8,49cd6149f02ec01ee03a6eb8287ab2df:f982e9dfaf25:0:3,5feceb66ffc86f38d952786c6d696c79c2dbc239dd4e91b46729d73a27fb57e9,205.13707399368286,2,15001.73974609375,15302.0,2,204.47065099142492,90.21629206836224,0.0698273777961731,0
full_72d,reverse,1,9,49cd6149f02ec01ee03a6eb8287ab2df:f982e9dfaf25:0:4,5feceb66ffc86f38d952786c6d696c79c2dbc239dd4e91b46729d73a27fb57e9,205.0928238313645,2,15001.73974609375,15302.0,2,204.41367803141475,90.38489102385938,0.07019949704408646,0
full_72d,reverse,1,10,49cd6149f02ec01ee03a6eb8287ab2df:81739d7eb99c:0:0,5feceb66ffc86f38d952786c6d696c79c2dbc239dd4e91b46729d73a27fb57e9,204.5888239517808,2,15001.73974609375,15302.0,2,203.91659205779433,90.28351912274957,0.07018690556287766,0
full_72d,reverse,1,11,49cd6149f02ec01ee03a6eb8287ab2df:81739d7eb99c:0:1,5feceb66ffc86f38d952786c6d696c79c2dbc239dd4e91b46729d73a27fb57e9,204.86819208599627,2,15001.73974609375,15302.0,2,204.18740715831518,90.15522408299148,0.07018690556287766,0
full_72d,reverse,1,12,49cd6149f02ec01ee03a6eb8287ab2df:81739d7eb99c:0:2,5feceb66ffc86f38d952786c6d696c79c2dbc239dd4e91b46729d73a27fb57e9,204.9533089157194,2,15001.73974609375,15302.0,2,204.28670686669648,90.13134194537997,0.07018690556287766,0
full_72d,reverse,1,13,49cd6149f02ec01ee03a6eb8287ab2df:81739d7eb99c:0:3,5feceb66ffc86f38d952786c6d696c79c2dbc239dd4e91b46729d73a27fb57e9,205.50427096895874,2,15001.73974609375,15302.0,2,204.8248420469463,90.81759490072727,0.0698273777961731,0
full_72d,reverse,1,14,49cd6149f02ec01ee03a6eb8287ab2df:81739d7eb99c:0:4,5feceb66ffc86f38d952786c6d696c79c2dbc239dd4e91b46729d73a27fb57e9,205.17519884742796,2,15001.73974609375,15302.0,2,204.50089685618877,90.39875399321318,0.07019949704408646,0
full_72d,reverse,1,15,c6050fe51d3408b1eaef27e08e7f1956:1458b54ae2f6:0:0,d656de69c0da6209d397a8d5f7affee137ddc3be7811a9522dee62d3b10d52c8,321.69490517117083,8,15013.693359375,15302.0,2,240.89512904174626,101.54248983599246,0.07131020724773407,0
full_72d,reverse,1,16,c6050fe51d3408b1eaef27e08e7f1956:1458b54ae2f6:0:1,cdb81c63cda0b6ef0b2a1260fb987458ab47d5bebf8b78c6355a3a6dc164506d,343.5236210934818,10,15013.693359375,15302.0,2,235.43383204378188,101.5069680288434,0.06839701533317566,0
full_72d,reverse,1,17,c6050fe51d3408b1eaef27e08e7f1956:1458b54ae2f6:0:2,fe50179dd819d03ae1216ed234b97e224965b782031f3c44efdb45fd96b23cd1,315.661882981658,9,15013.693359375,15302.0,2,221.52515896596014,100.95461993478239,0.07242871820926666,0
full_72d,reverse,1,18,c6050fe51d3408b1eaef27e08e7f1956:1458b54ae2f6:0:3,193405ed8b35f3ee7bb64910e10c564fde35fef8c1a936749daf66c5d021ba99,260.1995770819485,5,15013.693359375,15302.0,2,219.29991501383483,101.17510100826621,0.07542630285024643,0
full_72d,reverse,1,19,c6050fe51d3408b1eaef27e08e7f1956:1458b54ae2f6:0:4,b95e2705d5a356fbf1413fffbb51166a15189a8408c65518ca1e169bb0b681ec,342.14255097322166,11,15013.693359375,15302.0,2,220.84237402305007,101.81752312928438,0.1313779354095459,0
full_72d,reverse,1,20,c6050fe51d3408b1eaef27e08e7f1956:e4e99a4d6532:0:0,d656de69c0da6209d397a8d5f7affee137ddc3be7811a9522dee62d3b10d52c8,300.2984330523759,8,15013.693359375,15302.0,2,219.5164270233363,100.83715803921223,0.07131020724773407,0
full_72d,reverse,1,21,c6050fe51d3408b1eaef27e08e7f1956:e4e99a4d6532:0:1,cdb81c63cda0b6ef0b2a1260fb987458ab47d5bebf8b78c6355a3a6dc164506d,351.58854885958135,10,15013.693359375,15302.0,2,219.22366903163493,101.04212211444974,0.06839701533317566,0
full_72d,reverse,1,22,c6050fe51d3408b1eaef27e08e7f1956:e4e99a4d6532:0:2,fe50179dd819d03ae1216ed234b97e224965b782031f3c44efdb45fd96b23cd1,353.45550905913115,9,15013.693359375,15302.0,2,256.9263339973986,101.75632894970477,0.07242871820926666,0
full_72d,reverse,1,23,c6050fe51d3408b1eaef27e08e7f1956:e4e99a4d6532:0:3,193405ed8b35f3ee7bb64910e10c564fde35fef8c1a936749daf66c5d021ba99,263.14534386619925,5,15013.693359375,15302.0,2,222.44327887892723,101.17269190959632,0.07542630285024643,0
full_72d,reverse,1,24,c6050fe51d3408b1eaef27e08e7f1956:e4e99a4d6532:0:4,b95e2705d5a356fbf1413fffbb51166a15189a8408c65518ca1e169bb0b681ec,342.20698685385287,11,15013.693359375,15302.0,2,221.12178592942655,101.03498492389917,0.1313779354095459,0
full_72d,reverse,1,25,bb98dd0bceac09d24db1ecb2af549a92:377f7f0dd150:0:0,1ea442a134b2a184bd5d40104401f2a37fbc09ccf3f4bc9da161c6099be3691d,193.81993706338108,1,15000.6708984375,15302.0,1,193.7610290478915,77.38101505674422,0.0684436559677124,0
full_72d,reverse,1,26,bb98dd0bceac09d24db1ecb2af549a92:377f7f0dd150:0:1,1ea442a134b2a184bd5d40104401f2a37fbc09ccf3f4bc9da161c6099be3691d,197.36471492797136,1,15000.6708984375,15302.0,1,197.3066278733313,76.60091598518193,0.0684436559677124,0
full_72d,reverse,1,27,bb98dd0bceac09d24db1ecb2af549a92:377f7f0dd150:0:2,1ea442a134b2a184bd5d40104401f2a37fbc09ccf3f4bc9da161c6099be3691d,190.37554692476988,1,15000.6708984375,15302.0,1,190.32081100158393,76.33401197381318,0.0684436559677124,0
full_72d,reverse,1,28,bb98dd0bceac09d24db1ecb2af549a92:377f7f0dd150:0:3,85a39ab345d672ff8ca9b9c6876f3adcacf45ee7c1e2dbd2408fd338bd55e07e,191.01797207258642,1,15000.6708984375,15302.0,1,190.96267595887184,76.54664292931557,0.07940814644098282,0
full_72d,reverse,1,29,bb98dd0bceac09d24db1ecb2af549a92:377f7f0dd150:0:4,85a39ab345d672ff8ca9b9c6876f3adcacf45ee7c1e2dbd2408fd338bd55e07e,189.78138593956828,1,15000.6708984375,15302.0,1,189.7263068240136,76.38546894304454,0.0699334666132927,0
full_72d,reverse,1,30,bb98dd0bceac09d24db1ecb2af549a92:2cf3a7a3a65c:0:0,1ea442a134b2a184bd5d40104401f2a37fbc09ccf3f4bc9da161c6099be3691d,191.80538691580296,1,15000.6708984375,15302.0,1,191.73480803146958,77.45968410745263,0.0684436559677124,0
full_72d,reverse,1,31,bb98dd0bceac09d24db1ecb2af549a92:2cf3a7a3a65c:0:1,1ea442a134b2a184bd5d40104401f2a37fbc09ccf3f4bc9da161c6099be3691d,193.86975187808275,1,15000.6708984375,15302.0,1,193.81121499463916,77.06723199225962,0.0684436559677124,0
full_72d,reverse,1,32,bb98dd0bceac09d24db1ecb2af549a92:2cf3a7a3a65c:0:2,1ea442a134b2a184bd5d40104401f2a37fbc09ccf3f4bc9da161c6099be3691d,189.94986289180815,1,15000.6708984375,15302.0,1,189.89146989770234,76.53987710364163,0.0684436559677124,0
full_72d,reverse,1,33,bb98dd0bceac09d24db1ecb2af549a92:2cf3a7a3a65c:0:3,85a39ab345d672ff8ca9b9c6876f3adcacf45ee7c1e2dbd2408fd338bd55e07e,189.81520412489772,1,15000.6708984375,15302.0,1,189.75895806215703,76.3516069855541,0.07940814644098282,0
full_72d,reverse,1,34,bb98dd0bceac09d24db1ecb2af549a92:2cf3a7a3a65c:0:4,85a39ab345d672ff8ca9b9c6876f3adcacf45ee7c1e2dbd2408fd338bd55e07e,190.85350190289319,1,15000.6708984375,15302.0,1,190.79721602611244,76.56807010062039,0.0699334666132927,0
full_72d,reverse,1,35,b877dd782edba758ab429e3ee3de3329:97e16cc551e4:0:0,5feceb66ffc86f38d952786c6d696c79c2dbc239dd4e91b46729d73a27fb57e9,227.00689500197768,2,15001.73974609375,15302.0,2,226.27331386320293,90.69691295735538,0.07045606523752213,0
full_72d,reverse,1,36,b877dd782edba758ab429e3ee3de3329:97e16cc551e4:0:1,5feceb66ffc86f38d952786c6d696c79c2dbc239dd4e91b46729d73a27fb57e9,208.5737749002874,2,15001.73974609375,15302.0,2,207.85644999705255,90.53526003845036,0.07045606523752213,0
full_72d,reverse,1,37,b877dd782edba758ab429e3ee3de3329:97e16cc551e4:0:2,5feceb66ffc86f38d952786c6d696c79c2dbc239dd4e91b46729d73a27fb57e9,207.40825310349464,2,15001.73974609375,15302.0,2,206.70706103555858,90.89758689515293,0.0698273777961731,0
full_72d,reverse,1,38,b877dd782edba758ab429e3ee3de3329:97e16cc551e4:0:3,5feceb66ffc86f38d952786c6d696c79c2dbc239dd4e91b46729d73a27fb57e9,205.83024178631604,2,15001.73974609375,15302.0,2,205.14543494209647,90.34233796410263,0.0700952559709549,0
full_72d,reverse,1,39,b877dd782edba758ab429e3ee3de3329:97e16cc551e4:0:4,6b86b273ff34fce19d6b804eff5a3f5747ada4eaa22f1d49c01e52ddb7875b4b,205.467525171116,2,15001.73974609375,15302.0,2,204.77657113224268,90.42328502982855,0.07696761190891266,0
full_72d,reverse,1,40,b877dd782edba758ab429e3ee3de3329:dd7f6c9e007d:0:0,5feceb66ffc86f38d952786c6d696c79c2dbc239dd4e91b46729d73a27fb57e9,205.1462100353092,2,15001.73974609375,15302.0,2,204.44688596762717,90.36589204333723,0.07045606523752213,0
full_72d,reverse,1,41,b877dd782edba758ab429e3ee3de3329:dd7f6c9e007d:0:1,5feceb66ffc86f38d952786c6d696c79c2dbc239dd4e91b46729d73a27fb57e9,208.92000384628773,2,15001.73974609375,15302.0,2,208.20455881766975,90.2859668713063,0.07045606523752213,0
full_72d,reverse,1,42,b877dd782edba758ab429e3ee3de3329:dd7f6c9e007d:0:2,5feceb66ffc86f38d952786c6d696c79c2dbc239dd4e91b46729d73a27fb57e9,208.5462398827076,2,15001.73974609375,15302.0,2,207.8387658111751,90.57465894147754,0.0698273777961731,0
full_72d,reverse,1,43,b877dd782edba758ab429e3ee3de3329:dd7f6c9e007d:0:3,5feceb66ffc86f38d952786c6d696c79c2dbc239dd4e91b46729d73a27fb57e9,207.9576039686799,2,15001.73974609375,15302.0,2,207.2608529124409,90.73527599684894,0.0700952559709549,0
full_72d,reverse,1,44,b877dd782edba758ab429e3ee3de3329:dd7f6c9e007d:0:4,6b86b273ff34fce19d6b804eff5a3f5747ada4eaa22f1d49c01e52ddb7875b4b,206.11484488472342,2,15001.73974609375,15302.0,2,205.42664895765483,90.4529420658946,0.07696761190891266,0
full_72d,reverse,1,45,4f59fbf51a0a5bfb4dc5af02cf294693:993dac5396a0:0:0,082a3f27a64a793001365f40fd7d76058660d5148036e68127b7775445e5f79a,366.9235249981284,13,15009.6494140625,15302.0,2,219.15035205893219,101.07956314459443,0.06932017207145691,0
full_72d,reverse,1,46,4f59fbf51a0a5bfb4dc5af02cf294693:993dac5396a0:0:1,082a3f27a64a793001365f40fd7d76058660d5148036e68127b7775445e5f79a,409.12697394378483,13,15009.6494140625,15302.0,2,261.5467170253396,101.61110595799983,0.0684436559677124,0
full_72d,reverse,1,47,4f59fbf51a0a5bfb4dc5af02cf294693:993dac5396a0:0:2,082a3f27a64a793001365f40fd7d76058660d5148036e68127b7775445e5f79a,378.31627507694066,13,15009.6494140625,15302.0,2,230.1021688617766,101.18434485048056,0.0684436559677124,0
full_72d,reverse,1,48,4f59fbf51a0a5bfb4dc5af02cf294693:993dac5396a0:0:3,082a3f27a64a793001365f40fd7d76058660d5148036e68127b7775445e5f79a,370.26388198137283,13,15009.6494140625,15302.0,2,220.53374187089503,101.0777079500258,0.0684436559677124,0
full_72d,reverse,1,49,4f59fbf51a0a5bfb4dc5af02cf294693:993dac5396a0:0:4,cb1d05299ff18cc4eb1eafa80966fcf02838d32be4a86d290ced7caf197919ad,339.2748939804733,10,15009.6494140625,15302.0,2,231.532352976501,101.20018781162798,0.07145315408706665,0
baseline,reverse,0,0,1a938d25604410ccd63b60285919eaec:c627e50da685:0:0,70f89282fb4200d4c7cb83660e5e90d9cf2d989cdecf70c1f868239e5f542294,285.0799229927361,7,15004.13232421875,15302.0,,,,,
baseline,reverse,0,1,1a938d25604410ccd63b60285919eaec:c627e50da685:0:1,c709293d644a54f3b0d6270fc879317ff277c06c090c03c30f721b08140bbe7b,393.2257608976215,15,15004.13232421875,15302.0,,,,,
baseline,reverse,0,2,1a938d25604410ccd63b60285919eaec:c627e50da685:0:2,c709293d644a54f3b0d6270fc879317ff277c06c090c03c30f721b08140bbe7b,391.1831099539995,15,15004.13232421875,15302.0,,,,,
baseline,reverse,0,3,1a938d25604410ccd63b60285919eaec:c627e50da685:0:3,c709293d644a54f3b0d6270fc879317ff277c06c090c03c30f721b08140bbe7b,406.46747313439846,15,15004.13232421875,15302.0,,,,,
baseline,reverse,0,4,1a938d25604410ccd63b60285919eaec:c627e50da685:0:4,15905afe25f3666163b46d6b6948b985a7debd874743ae398a264536e830ec1f,289.4906459841877,7,15004.13232421875,15302.0,,,,,
baseline,reverse,0,5,49cd6149f02ec01ee03a6eb8287ab2df:f982e9dfaf25:0:0,5feceb66ffc86f38d952786c6d696c79c2dbc239dd4e91b46729d73a27fb57e9,204.23039910383523,2,14999.6123046875,15302.0,,,,,
baseline,reverse,0,6,49cd6149f02ec01ee03a6eb8287ab2df:f982e9dfaf25:0:1,5feceb66ffc86f38d952786c6d696c79c2dbc239dd4e91b46729d73a27fb57e9,201.74394897185266,2,14999.6123046875,15302.0,,,,,
baseline,reverse,0,7,49cd6149f02ec01ee03a6eb8287ab2df:f982e9dfaf25:0:2,5feceb66ffc86f38d952786c6d696c79c2dbc239dd4e91b46729d73a27fb57e9,202.88441609591246,2,14999.6123046875,15302.0,,,,,
baseline,reverse,0,8,49cd6149f02ec01ee03a6eb8287ab2df:f982e9dfaf25:0:3,5feceb66ffc86f38d952786c6d696c79c2dbc239dd4e91b46729d73a27fb57e9,204.5128799509257,2,14999.6123046875,15302.0,,,,,
baseline,reverse,0,9,49cd6149f02ec01ee03a6eb8287ab2df:f982e9dfaf25:0:4,5feceb66ffc86f38d952786c6d696c79c2dbc239dd4e91b46729d73a27fb57e9,228.63641194999218,2,14999.6123046875,15302.0,,,,,
baseline,reverse,0,10,49cd6149f02ec01ee03a6eb8287ab2df:81739d7eb99c:0:0,5feceb66ffc86f38d952786c6d696c79c2dbc239dd4e91b46729d73a27fb57e9,227.05840202979743,2,14999.6123046875,15302.0,,,,,
baseline,reverse,0,11,49cd6149f02ec01ee03a6eb8287ab2df:81739d7eb99c:0:1,5feceb66ffc86f38d952786c6d696c79c2dbc239dd4e91b46729d73a27fb57e9,215.27015487663448,2,14999.6123046875,15302.0,,,,,
baseline,reverse,0,12,49cd6149f02ec01ee03a6eb8287ab2df:81739d7eb99c:0:2,5feceb66ffc86f38d952786c6d696c79c2dbc239dd4e91b46729d73a27fb57e9,201.73311396501958,2,14999.6123046875,15302.0,,,,,
baseline,reverse,0,13,49cd6149f02ec01ee03a6eb8287ab2df:81739d7eb99c:0:3,5feceb66ffc86f38d952786c6d696c79c2dbc239dd4e91b46729d73a27fb57e9,201.29819703288376,2,14999.6123046875,15302.0,,,,,
baseline,reverse,0,14,49cd6149f02ec01ee03a6eb8287ab2df:81739d7eb99c:0:4,5feceb66ffc86f38d952786c6d696c79c2dbc239dd4e91b46729d73a27fb57e9,201.42145594581962,2,14999.6123046875,15302.0,,,,,
baseline,reverse,0,15,c6050fe51d3408b1eaef27e08e7f1956:1458b54ae2f6:0:0,d656de69c0da6209d397a8d5f7affee137ddc3be7811a9522dee62d3b10d52c8,299.29884406737983,8,15011.56591796875,15302.0,,,,,
baseline,reverse,0,16,c6050fe51d3408b1eaef27e08e7f1956:1458b54ae2f6:0:1,cdb81c63cda0b6ef0b2a1260fb987458ab47d5bebf8b78c6355a3a6dc164506d,324.20183601789176,10,15011.56591796875,15302.0,,,,,
baseline,reverse,0,17,c6050fe51d3408b1eaef27e08e7f1956:1458b54ae2f6:0:2,fe50179dd819d03ae1216ed234b97e224965b782031f3c44efdb45fd96b23cd1,312.06427002325654,9,15011.56591796875,15302.0,,,,,
baseline,reverse,0,18,c6050fe51d3408b1eaef27e08e7f1956:1458b54ae2f6:0:3,193405ed8b35f3ee7bb64910e10c564fde35fef8c1a936749daf66c5d021ba99,257.65010714530945,5,15011.56591796875,15302.0,,,,,
baseline,reverse,0,19,c6050fe51d3408b1eaef27e08e7f1956:1458b54ae2f6:0:4,b95e2705d5a356fbf1413fffbb51166a15189a8408c65518ca1e169bb0b681ec,341.14400716498494,11,15011.56591796875,15302.0,,,,,
baseline,reverse,0,20,c6050fe51d3408b1eaef27e08e7f1956:e4e99a4d6532:0:0,d656de69c0da6209d397a8d5f7affee137ddc3be7811a9522dee62d3b10d52c8,308.18572803400457,8,15011.56591796875,15302.0,,,,,
baseline,reverse,0,21,c6050fe51d3408b1eaef27e08e7f1956:e4e99a4d6532:0:1,cdb81c63cda0b6ef0b2a1260fb987458ab47d5bebf8b78c6355a3a6dc164506d,325.69143013097346,10,15011.56591796875,15302.0,,,,,
baseline,reverse,0,22,c6050fe51d3408b1eaef27e08e7f1956:e4e99a4d6532:0:2,fe50179dd819d03ae1216ed234b97e224965b782031f3c44efdb45fd96b23cd1,309.9488790612668,9,15011.56591796875,15302.0,,,,,
baseline,reverse,0,23,c6050fe51d3408b1eaef27e08e7f1956:e4e99a4d6532:0:3,193405ed8b35f3ee7bb64910e10c564fde35fef8c1a936749daf66c5d021ba99,260.43722103349864,5,15011.56591796875,15302.0,,,,,
baseline,reverse,0,24,c6050fe51d3408b1eaef27e08e7f1956:e4e99a4d6532:0:4,b95e2705d5a356fbf1413fffbb51166a15189a8408c65518ca1e169bb0b681ec,338.54271518066525,11,15011.56591796875,15302.0,,,,,
baseline,reverse,0,25,bb98dd0bceac09d24db1ecb2af549a92:377f7f0dd150:0:0,1ea442a134b2a184bd5d40104401f2a37fbc09ccf3f4bc9da161c6099be3691d,200.96033322624862,1,14998.54345703125,15302.0,,,,,
baseline,reverse,0,26,bb98dd0bceac09d24db1ecb2af549a92:377f7f0dd150:0:1,1ea442a134b2a184bd5d40104401f2a37fbc09ccf3f4bc9da161c6099be3691d,215.81568010151386,1,14998.54345703125,15302.0,,,,,
baseline,reverse,0,27,bb98dd0bceac09d24db1ecb2af549a92:377f7f0dd150:0:2,1ea442a134b2a184bd5d40104401f2a37fbc09ccf3f4bc9da161c6099be3691d,193.46442306414247,1,14998.54345703125,15302.0,,,,,
baseline,reverse,0,28,bb98dd0bceac09d24db1ecb2af549a92:377f7f0dd150:0:3,85a39ab345d672ff8ca9b9c6876f3adcacf45ee7c1e2dbd2408fd338bd55e07e,192.20045604743063,1,14998.54345703125,15302.0,,,,,
baseline,reverse,0,29,bb98dd0bceac09d24db1ecb2af549a92:377f7f0dd150:0:4,85a39ab345d672ff8ca9b9c6876f3adcacf45ee7c1e2dbd2408fd338bd55e07e,188.80360503681004,1,14998.54345703125,15302.0,,,,,
baseline,reverse,0,30,bb98dd0bceac09d24db1ecb2af549a92:2cf3a7a3a65c:0:0,1ea442a134b2a184bd5d40104401f2a37fbc09ccf3f4bc9da161c6099be3691d,188.55099310167134,1,14998.54345703125,15302.0,,,,,
baseline,reverse,0,31,bb98dd0bceac09d24db1ecb2af549a92:2cf3a7a3a65c:0:1,1ea442a134b2a184bd5d40104401f2a37fbc09ccf3f4bc9da161c6099be3691d,188.45393904484808,1,14998.54345703125,15302.0,,,,,
baseline,reverse,0,32,bb98dd0bceac09d24db1ecb2af549a92:2cf3a7a3a65c:0:2,1ea442a134b2a184bd5d40104401f2a37fbc09ccf3f4bc9da161c6099be3691d,187.4244089704007,1,14998.54345703125,15302.0,,,,,
baseline,reverse,0,33,bb98dd0bceac09d24db1ecb2af549a92:2cf3a7a3a65c:0:3,85a39ab345d672ff8ca9b9c6876f3adcacf45ee7c1e2dbd2408fd338bd55e07e,190.23057608865201,1,14998.54345703125,15302.0,,,,,
baseline,reverse,0,34,bb98dd0bceac09d24db1ecb2af549a92:2cf3a7a3a65c:0:4,85a39ab345d672ff8ca9b9c6876f3adcacf45ee7c1e2dbd2408fd338bd55e07e,192.27495486848056,1,14998.54345703125,15302.0,,,,,
baseline,reverse,0,35,b877dd782edba758ab429e3ee3de3329:97e16cc551e4:0:0,5feceb66ffc86f38d952786c6d696c79c2dbc239dd4e91b46729d73a27fb57e9,203.0081890989095,2,14999.6123046875,15302.0,,,,,
baseline,reverse,0,36,b877dd782edba758ab429e3ee3de3329:97e16cc551e4:0:1,5feceb66ffc86f38d952786c6d696c79c2dbc239dd4e91b46729d73a27fb57e9,201.92607096396387,2,14999.6123046875,15302.0,,,,,
baseline,reverse,0,37,b877dd782edba758ab429e3ee3de3329:97e16cc551e4:0:2,5feceb66ffc86f38d952786c6d696c79c2dbc239dd4e91b46729d73a27fb57e9,201.42777194269001,2,14999.6123046875,15302.0,,,,,
baseline,reverse,0,38,b877dd782edba758ab429e3ee3de3329:97e16cc551e4:0:3,5feceb66ffc86f38d952786c6d696c79c2dbc239dd4e91b46729d73a27fb57e9,201.0559339541942,2,14999.6123046875,15302.0,,,,,
baseline,reverse,0,39,b877dd782edba758ab429e3ee3de3329:97e16cc551e4:0:4,6b86b273ff34fce19d6b804eff5a3f5747ada4eaa22f1d49c01e52ddb7875b4b,204.9440098926425,2,14999.6123046875,15302.0,,,,,
baseline,reverse,0,40,b877dd782edba758ab429e3ee3de3329:dd7f6c9e007d:0:0,5feceb66ffc86f38d952786c6d696c79c2dbc239dd4e91b46729d73a27fb57e9,205.5924499873072,2,14999.6123046875,15302.0,,,,,
baseline,reverse,0,41,b877dd782edba758ab429e3ee3de3329:dd7f6c9e007d:0:1,5feceb66ffc86f38d952786c6d696c79c2dbc239dd4e91b46729d73a27fb57e9,204.51337285339832,2,14999.6123046875,15302.0,,,,,
baseline,reverse,0,42,b877dd782edba758ab429e3ee3de3329:dd7f6c9e007d:0:2,5feceb66ffc86f38d952786c6d696c79c2dbc239dd4e91b46729d73a27fb57e9,202.08831992931664,2,14999.6123046875,15302.0,,,,,
baseline,reverse,0,43,b877dd782edba758ab429e3ee3de3329:dd7f6c9e007d:0:3,5feceb66ffc86f38d952786c6d696c79c2dbc239dd4e91b46729d73a27fb57e9,202.02585496008396,2,14999.6123046875,15302.0,,,,,
baseline,reverse,0,44,b877dd782edba758ab429e3ee3de3329:dd7f6c9e007d:0:4,6b86b273ff34fce19d6b804eff5a3f5747ada4eaa22f1d49c01e52ddb7875b4b,201.6757819801569,2,14999.6123046875,15302.0,,,,,
baseline,reverse,0,45,4f59fbf51a0a5bfb4dc5af02cf294693:993dac5396a0:0:0,082a3f27a64a793001365f40fd7d76058660d5148036e68127b7775445e5f79a,365.67145213484764,13,15007.52197265625,15302.0,,,,,
baseline,reverse,0,46,4f59fbf51a0a5bfb4dc5af02cf294693:993dac5396a0:0:1,082a3f27a64a793001365f40fd7d76058660d5148036e68127b7775445e5f79a,363.378994865343,13,15007.52197265625,15302.0,,,,,
baseline,reverse,0,47,4f59fbf51a0a5bfb4dc5af02cf294693:993dac5396a0:0:2,082a3f27a64a793001365f40fd7d76058660d5148036e68127b7775445e5f79a,365.9590780735016,13,15007.52197265625,15302.0,,,,,
baseline,reverse,0,48,4f59fbf51a0a5bfb4dc5af02cf294693:993dac5396a0:0:3,082a3f27a64a793001365f40fd7d76058660d5148036e68127b7775445e5f79a,366.0506729502231,13,15007.52197265625,15302.0,,,,,
baseline,reverse,0,49,4f59fbf51a0a5bfb4dc5af02cf294693:993dac5396a0:0:4,cb1d05299ff18cc4eb1eafa80966fcf02838d32be4a86d290ced7caf197919ad,327.98231299966574,10,15007.52197265625,15302.0,,,,,
baseline,reverse,1,0,1a938d25604410ccd63b60285919eaec:c627e50da685:0:0,70f89282fb4200d4c7cb83660e5e90d9cf2d989cdecf70c1f868239e5f542294,285.91920202597976,7,15004.13232421875,15302.0,,,,,
baseline,reverse,1,1,1a938d25604410ccd63b60285919eaec:c627e50da685:0:1,c709293d644a54f3b0d6270fc879317ff277c06c090c03c30f721b08140bbe7b,390.3784139547497,15,15004.13232421875,15302.0,,,,,
baseline,reverse,1,2,1a938d25604410ccd63b60285919eaec:c627e50da685:0:2,c709293d644a54f3b0d6270fc879317ff277c06c090c03c30f721b08140bbe7b,391.5985079947859,15,15004.13232421875,15302.0,,,,,
baseline,reverse,1,3,1a938d25604410ccd63b60285919eaec:c627e50da685:0:3,c709293d644a54f3b0d6270fc879317ff277c06c090c03c30f721b08140bbe7b,391.7991060297936,15,15004.13232421875,15302.0,,,,,
baseline,reverse,1,4,1a938d25604410ccd63b60285919eaec:c627e50da685:0:4,15905afe25f3666163b46d6b6948b985a7debd874743ae398a264536e830ec1f,284.77749903686345,7,15004.13232421875,15302.0,,,,,
baseline,reverse,1,5,49cd6149f02ec01ee03a6eb8287ab2df:f982e9dfaf25:0:0,5feceb66ffc86f38d952786c6d696c79c2dbc239dd4e91b46729d73a27fb57e9,204.27786908112466,2,14999.6123046875,15302.0,,,,,
baseline,reverse,1,6,49cd6149f02ec01ee03a6eb8287ab2df:f982e9dfaf25:0:1,5feceb66ffc86f38d952786c6d696c79c2dbc239dd4e91b46729d73a27fb57e9,202.14685797691345,2,14999.6123046875,15302.0,,,,,
baseline,reverse,1,7,49cd6149f02ec01ee03a6eb8287ab2df:f982e9dfaf25:0:2,5feceb66ffc86f38d952786c6d696c79c2dbc239dd4e91b46729d73a27fb57e9,206.0520499944687,2,14999.6123046875,15302.0,,,,,
baseline,reverse,1,8,49cd6149f02ec01ee03a6eb8287ab2df:f982e9dfaf25:0:3,5feceb66ffc86f38d952786c6d696c79c2dbc239dd4e91b46729d73a27fb57e9,210.23269812576473,2,14999.6123046875,15302.0,,,,,
baseline,reverse,1,9,49cd6149f02ec01ee03a6eb8287ab2df:f982e9dfaf25:0:4,5feceb66ffc86f38d952786c6d696c79c2dbc239dd4e91b46729d73a27fb57e9,202.43566413410008,2,14999.6123046875,15302.0,,,,,
baseline,reverse,1,10,49cd6149f02ec01ee03a6eb8287ab2df:81739d7eb99c:0:0,5feceb66ffc86f38d952786c6d696c79c2dbc239dd4e91b46729d73a27fb57e9,202.4941120762378,2,14999.6123046875,15302.0,,,,,
baseline,reverse,1,11,49cd6149f02ec01ee03a6eb8287ab2df:81739d7eb99c:0:1,5feceb66ffc86f38d952786c6d696c79c2dbc239dd4e91b46729d73a27fb57e9,204.89670592360198,2,14999.6123046875,15302.0,,,,,
baseline,reverse,1,12,49cd6149f02ec01ee03a6eb8287ab2df:81739d7eb99c:0:2,5feceb66ffc86f38d952786c6d696c79c2dbc239dd4e91b46729d73a27fb57e9,201.7639339901507,2,14999.6123046875,15302.0,,,,,
baseline,reverse,1,13,49cd6149f02ec01ee03a6eb8287ab2df:81739d7eb99c:0:3,5feceb66ffc86f38d952786c6d696c79c2dbc239dd4e91b46729d73a27fb57e9,201.2523110024631,2,14999.6123046875,15302.0,,,,,
baseline,reverse,1,14,49cd6149f02ec01ee03a6eb8287ab2df:81739d7eb99c:0:4,5feceb66ffc86f38d952786c6d696c79c2dbc239dd4e91b46729d73a27fb57e9,201.69164799153805,2,14999.6123046875,15302.0,,,,,
baseline,reverse,1,15,c6050fe51d3408b1eaef27e08e7f1956:1458b54ae2f6:0:0,d656de69c0da6209d397a8d5f7affee137ddc3be7811a9522dee62d3b10d52c8,298.84435003623366,8,15011.56591796875,15302.0,,,,,
baseline,reverse,1,16,c6050fe51d3408b1eaef27e08e7f1956:1458b54ae2f6:0:1,cdb81c63cda0b6ef0b2a1260fb987458ab47d5bebf8b78c6355a3a6dc164506d,325.41451696306467,10,15011.56591796875,15302.0,,,,,
baseline,reverse,1,17,c6050fe51d3408b1eaef27e08e7f1956:1458b54ae2f6:0:2,fe50179dd819d03ae1216ed234b97e224965b782031f3c44efdb45fd96b23cd1,309.5982938539237,9,15011.56591796875,15302.0,,,,,
baseline,reverse,1,18,c6050fe51d3408b1eaef27e08e7f1956:1458b54ae2f6:0:3,193405ed8b35f3ee7bb64910e10c564fde35fef8c1a936749daf66c5d021ba99,257.3592308908701,5,15011.56591796875,15302.0,,,,,
baseline,reverse,1,19,c6050fe51d3408b1eaef27e08e7f1956:1458b54ae2f6:0:4,b95e2705d5a356fbf1413fffbb51166a15189a8408c65518ca1e169bb0b681ec,337.8261828329414,11,15011.56591796875,15302.0,,,,,
baseline,reverse,1,20,c6050fe51d3408b1eaef27e08e7f1956:e4e99a4d6532:0:0,d656de69c0da6209d397a8d5f7affee137ddc3be7811a9522dee62d3b10d52c8,298.8933529704809,8,15011.56591796875,15302.0,,,,,
baseline,reverse,1,21,c6050fe51d3408b1eaef27e08e7f1956:e4e99a4d6532:0:1,cdb81c63cda0b6ef0b2a1260fb987458ab47d5bebf8b78c6355a3a6dc164506d,323.858488118276,10,15011.56591796875,15302.0,,,,,
baseline,reverse,1,22,c6050fe51d3408b1eaef27e08e7f1956:e4e99a4d6532:0:2,fe50179dd819d03ae1216ed234b97e224965b782031f3c44efdb45fd96b23cd1,311.7363799829036,9,15011.56591796875,15302.0,,,,,
baseline,reverse,1,23,c6050fe51d3408b1eaef27e08e7f1956:e4e99a4d6532:0:3,193405ed8b35f3ee7bb64910e10c564fde35fef8c1a936749daf66c5d021ba99,257.36039713956416,5,15011.56591796875,15302.0,,,,,
baseline,reverse,1,24,c6050fe51d3408b1eaef27e08e7f1956:e4e99a4d6532:0:4,b95e2705d5a356fbf1413fffbb51166a15189a8408c65518ca1e169bb0b681ec,338.82849500514567,11,15011.56591796875,15302.0,,,,,
baseline,reverse,1,25,bb98dd0bceac09d24db1ecb2af549a92:377f7f0dd150:0:0,1ea442a134b2a184bd5d40104401f2a37fbc09ccf3f4bc9da161c6099be3691d,188.23247402906418,1,14998.54345703125,15302.0,,,,,
baseline,reverse,1,26,bb98dd0bceac09d24db1ecb2af549a92:377f7f0dd150:0:1,1ea442a134b2a184bd5d40104401f2a37fbc09ccf3f4bc9da161c6099be3691d,189.31923992931843,1,14998.54345703125,15302.0,,,,,
baseline,reverse,1,27,bb98dd0bceac09d24db1ecb2af549a92:377f7f0dd150:0:2,1ea442a134b2a184bd5d40104401f2a37fbc09ccf3f4bc9da161c6099be3691d,192.0330401044339,1,14998.54345703125,15302.0,,,,,
baseline,reverse,1,28,bb98dd0bceac09d24db1ecb2af549a92:377f7f0dd150:0:3,85a39ab345d672ff8ca9b9c6876f3adcacf45ee7c1e2dbd2408fd338bd55e07e,192.06028897315264,1,14998.54345703125,15302.0,,,,,
baseline,reverse,1,29,bb98dd0bceac09d24db1ecb2af549a92:377f7f0dd150:0:4,85a39ab345d672ff8ca9b9c6876f3adcacf45ee7c1e2dbd2408fd338bd55e07e,192.16518406756222,1,14998.54345703125,15302.0,,,,,
baseline,reverse,1,30,bb98dd0bceac09d24db1ecb2af549a92:2cf3a7a3a65c:0:0,1ea442a134b2a184bd5d40104401f2a37fbc09ccf3f4bc9da161c6099be3691d,189.67083282768726,1,14998.54345703125,15302.0,,,,,
baseline,reverse,1,31,bb98dd0bceac09d24db1ecb2af549a92:2cf3a7a3a65c:0:1,1ea442a134b2a184bd5d40104401f2a37fbc09ccf3f4bc9da161c6099be3691d,188.21244593709707,1,14998.54345703125,15302.0,,,,,
baseline,reverse,1,32,bb98dd0bceac09d24db1ecb2af549a92:2cf3a7a3a65c:0:2,1ea442a134b2a184bd5d40104401f2a37fbc09ccf3f4bc9da161c6099be3691d,188.43735987320542,1,14998.54345703125,15302.0,,,,,
baseline,reverse,1,33,bb98dd0bceac09d24db1ecb2af549a92:2cf3a7a3a65c:0:3,85a39ab345d672ff8ca9b9c6876f3adcacf45ee7c1e2dbd2408fd338bd55e07e,189.8637879639864,1,14998.54345703125,15302.0,,,,,
baseline,reverse,1,34,bb98dd0bceac09d24db1ecb2af549a92:2cf3a7a3a65c:0:4,85a39ab345d672ff8ca9b9c6876f3adcacf45ee7c1e2dbd2408fd338bd55e07e,192.30699678882957,1,14998.54345703125,15302.0,,,,,
baseline,reverse,1,35,b877dd782edba758ab429e3ee3de3329:97e16cc551e4:0:0,5feceb66ffc86f38d952786c6d696c79c2dbc239dd4e91b46729d73a27fb57e9,205.47825517132878,2,14999.6123046875,15302.0,,,,,
baseline,reverse,1,36,b877dd782edba758ab429e3ee3de3329:97e16cc551e4:0:1,5feceb66ffc86f38d952786c6d696c79c2dbc239dd4e91b46729d73a27fb57e9,202.08374806679785,2,14999.6123046875,15302.0,,,,,
baseline,reverse,1,37,b877dd782edba758ab429e3ee3de3329:97e16cc551e4:0:2,5feceb66ffc86f38d952786c6d696c79c2dbc239dd4e91b46729d73a27fb57e9,204.9788380973041,2,14999.6123046875,15302.0,,,,,
baseline,reverse,1,38,b877dd782edba758ab429e3ee3de3329:97e16cc551e4:0:3,5feceb66ffc86f38d952786c6d696c79c2dbc239dd4e91b46729d73a27fb57e9,203.14628793857992,2,14999.6123046875,15302.0,,,,,
baseline,reverse,1,39,b877dd782edba758ab429e3ee3de3329:97e16cc551e4:0:4,6b86b273ff34fce19d6b804eff5a3f5747ada4eaa22f1d49c01e52ddb7875b4b,204.047939972952,2,14999.6123046875,15302.0,,,,,
baseline,reverse,1,40,b877dd782edba758ab429e3ee3de3329:dd7f6c9e007d:0:0,5feceb66ffc86f38d952786c6d696c79c2dbc239dd4e91b46729d73a27fb57e9,204.10460093989968,2,14999.6123046875,15302.0,,,,,
baseline,reverse,1,41,b877dd782edba758ab429e3ee3de3329:dd7f6c9e007d:0:1,5feceb66ffc86f38d952786c6d696c79c2dbc239dd4e91b46729d73a27fb57e9,208.49225111305714,2,14999.6123046875,15302.0,,,,,
baseline,reverse,1,42,b877dd782edba758ab429e3ee3de3329:dd7f6c9e007d:0:2,5feceb66ffc86f38d952786c6d696c79c2dbc239dd4e91b46729d73a27fb57e9,205.5010579060763,2,14999.6123046875,15302.0,,,,,
baseline,reverse,1,43,b877dd782edba758ab429e3ee3de3329:dd7f6c9e007d:0:3,5feceb66ffc86f38d952786c6d696c79c2dbc239dd4e91b46729d73a27fb57e9,203.7833989597857,2,14999.6123046875,15302.0,,,,,
baseline,reverse,1,44,b877dd782edba758ab429e3ee3de3329:dd7f6c9e007d:0:4,6b86b273ff34fce19d6b804eff5a3f5747ada4eaa22f1d49c01e52ddb7875b4b,201.74745400436223,2,14999.6123046875,15302.0,,,,,
baseline,reverse,1,45,4f59fbf51a0a5bfb4dc5af02cf294693:993dac5396a0:0:0,082a3f27a64a793001365f40fd7d76058660d5148036e68127b7775445e5f79a,362.1288100257516,13,15007.52197265625,15302.0,,,,,
baseline,reverse,1,46,4f59fbf51a0a5bfb4dc5af02cf294693:993dac5396a0:0:1,082a3f27a64a793001365f40fd7d76058660d5148036e68127b7775445e5f79a,365.2305859141052,13,15007.52197265625,15302.0,,,,,
baseline,reverse,1,47,4f59fbf51a0a5bfb4dc5af02cf294693:993dac5396a0:0:2,082a3f27a64a793001365f40fd7d76058660d5148036e68127b7775445e5f79a,361.5401890128851,13,15007.52197265625,15302.0,,,,,
baseline,reverse,1,48,4f59fbf51a0a5bfb4dc5af02cf294693:993dac5396a0:0:3,082a3f27a64a793001365f40fd7d76058660d5148036e68127b7775445e5f79a,364.886631956324,13,15007.52197265625,15302.0,,,,,
baseline,reverse,1,49,4f59fbf51a0a5bfb4dc5af02cf294693:993dac5396a0:0:4,cb1d05299ff18cc4eb1eafa80966fcf02838d32be4a86d290ced7caf197919ad,326.9152620341629,10,15007.52197265625,15302.0,,,,,
