mode,repeat,sample_index,orig_id,answer_sha256,answer_matches_vanilla,latency_ms,tokens,peak_allocated_mb,peak_reserved_mb,steps_processed,detection_ready_ms,detection_after_prefill_ms,detector_probability,detector_prediction
sieve,0,0,1a938d25604410ccd63b60285919eaec:c627e50da685:0:0,ad7432ad3647d5979a4c8f07ea59db904408a5ca59b44fc807019ff723c8fe9d,True,539.0870240516961,12,15618.58154296875,15810.0,2,364.46515296120197,44.35851890593767,0.001441578264348209,0
sieve,0,1,1a938d25604410ccd63b60285919eaec:c627e50da685:0:1,ad7432ad3647d5979a4c8f07ea59db904408a5ca59b44fc807019ff723c8fe9d,True,541.9281329959631,12,15618.58154296875,15810.0,2,366.303583025001,45.6649309489876,0.0014565684832632542,0
sieve,0,2,1a938d25604410ccd63b60285919eaec:c627e50da685:0:2,45b29a4f9a357408272a3d9ee292dd9f825df58412a294bc76edad70933ff8f3,True,548.4325749566779,12,15618.58154296875,15810.0,2,368.3564629172906,46.59261193592101,0.0013233129866421223,0
sieve,0,3,1a938d25604410ccd63b60285919eaec:c627e50da685:0:3,8f13312bc57593ae709f0e55a18489d480c2a86c8038ac06144174a3f51b5600,True,551.6917599597946,12,15618.58154296875,15810.0,2,373.96059394814074,46.2635449366644,0.002346249995753169,0
sieve,0,4,1a938d25604410ccd63b60285919eaec:c627e50da685:0:4,8f13312bc57593ae709f0e55a18489d480c2a86c8038ac06144174a3f51b5600,True,537.8071999875829,12,15618.58154296875,15810.0,2,364.0863500768319,44.12717104423791,0.001890652347356081,0
sieve,0,5,49cd6149f02ec01ee03a6eb8287ab2df:f982e9dfaf25:0:0,dfa96710626dd8454b20bab58edadf81faa7374948fab10c0910e55037cea818,True,686.3071309635416,20,15618.32470703125,15810.0,2,364.47215592488647,44.06545194797218,0.05192802846431732,0
sieve,0,6,49cd6149f02ec01ee03a6eb8287ab2df:f982e9dfaf25:0:1,86024a4fa91c4b919c6bf7d14d030232d1b278e47a39c03efbe698cebb092a16,True,660.5957440333441,19,15618.32470703125,15810.0,2,365.4764530947432,44.34226104058325,0.04848470538854599,0
sieve,0,7,49cd6149f02ec01ee03a6eb8287ab2df:f982e9dfaf25:0:2,cf7957792cc42aad7f2f87beb1240027c78a84aebb3babafec5afeab6040dc38,True,643.2542779948562,18,15618.32470703125,15810.0,2,365.21246493794024,44.485496007837355,0.043015409260988235,0
sieve,0,8,49cd6149f02ec01ee03a6eb8287ab2df:f982e9dfaf25:0:3,e62c1d2a0e028a848bf11c6aee602c7b04b7c5d57080024b56092666b47f8121,True,730.2677020197734,22,15618.32470703125,15810.0,2,367.7155940094963,46.613991959020495,0.05549753084778786,0
sieve,0,9,49cd6149f02ec01ee03a6eb8287ab2df:f982e9dfaf25:0:4,f9472589f3263b5d01f4798bd4b1db08a9f8d5bfd4a7de1f6a20d7afa4d2fc9d,True,634.8062349716201,17,15618.32470703125,15810.0,2,367.15716996695846,46.02125892415643,0.0285521000623703,0
sieve,0,10,49cd6149f02ec01ee03a6eb8287ab2df:81739d7eb99c:0:0,dfa96710626dd8454b20bab58edadf81faa7374948fab10c0910e55037cea818,True,687.7731790300459,20,15618.32470703125,15810.0,2,374.11128205712885,44.3342860089615,0.05192802846431732,0
sieve,0,11,49cd6149f02ec01ee03a6eb8287ab2df:81739d7eb99c:0:1,86024a4fa91c4b919c6bf7d14d030232d1b278e47a39c03efbe698cebb092a16,True,662.7403550082818,19,15618.32470703125,15810.0,2,364.6872479002923,44.35204598121345,0.04848470538854599,0
sieve,0,12,49cd6149f02ec01ee03a6eb8287ab2df:81739d7eb99c:0:2,cf7957792cc42aad7f2f87beb1240027c78a84aebb3babafec5afeab6040dc38,True,643.7738590175286,18,15618.32470703125,15810.0,2,364.3813430098817,44.2808719817549,0.043015409260988235,0
sieve,0,13,49cd6149f02ec01ee03a6eb8287ab2df:81739d7eb99c:0:3,e62c1d2a0e028a848bf11c6aee602c7b04b7c5d57080024b56092666b47f8121,True,718.6924690613523,22,15618.32470703125,15810.0,2,364.5836031064391,44.288689037784934,0.05549753084778786,0
sieve,0,14,49cd6149f02ec01ee03a6eb8287ab2df:81739d7eb99c:0:4,f9472589f3263b5d01f4798bd4b1db08a9f8d5bfd4a7de1f6a20d7afa4d2fc9d,True,626.8234879244119,17,15618.32470703125,15810.0,2,364.511749939993,44.40554103348404,0.0285521000623703,0
sieve,0,15,c6050fe51d3408b1eaef27e08e7f1956:1458b54ae2f6:0:0,0c2763434c50e20730f49847263ef9024806cb1a0560c523ed77737027dc7584,True,625.8101130370051,17,15618.72802734375,15810.0,2,364.30508096236736,44.252073974348605,0.0020904913544654846,0
sieve,0,16,c6050fe51d3408b1eaef27e08e7f1956:1458b54ae2f6:0:1,664067171cd1bbc5ce837d235ed3ea23011690faf92d70710e11636621c1b115,True,851.9823699025437,30,15618.72802734375,15810.0,2,364.5476639503613,44.18650595471263,0.0053342110477387905,0
sieve,0,17,c6050fe51d3408b1eaef27e08e7f1956:1458b54ae2f6:0:2,c6b78a53ab1e086ea1b1d04c24bdf6d361a4c414a514fa6f179a43df6e2fb518,True,905.3090939996764,33,15618.72802734375,15810.0,2,365.0581070687622,44.56854797899723,0.0022993695456534624,0
sieve,0,18,c6050fe51d3408b1eaef27e08e7f1956:1458b54ae2f6:0:3,76081f5fd3a7d2fecc5219b9f1a003927ab2f0a03cbcea2809aa13575b12704d,True,540.0396890472621,12,15618.72802734375,15810.0,2,365.17806199844927,44.29980902932584,0.007372488267719746,0
sieve,0,19,c6050fe51d3408b1eaef27e08e7f1956:1458b54ae2f6:0:4,ad3a25be620e9e8363cf8b064f96e3948b2c3e9ae99d2778aa19fe9e3c58386a,True,957.4494450353086,36,15618.72802734375,15810.0,2,365.09932298213243,44.29872694890946,0.007676506415009499,0
sieve,0,20,c6050fe51d3408b1eaef27e08e7f1956:e4e99a4d6532:0:0,0c2763434c50e20730f49847263ef9024806cb1a0560c523ed77737027dc7584,True,626.8129909876734,17,15618.72802734375,15810.0,2,365.77590403612703,45.0208029942587,0.0020904913544654846,0
sieve,0,21,c6050fe51d3408b1eaef27e08e7f1956:e4e99a4d6532:0:1,664067171cd1bbc5ce837d235ed3ea23011690faf92d70710e11636621c1b115,True,856.6052430542186,30,15618.72802734375,15810.0,2,366.9241740135476,45.40538392029703,0.0053342110477387905,0
sieve,0,22,c6050fe51d3408b1eaef27e08e7f1956:e4e99a4d6532:0:2,c6b78a53ab1e086ea1b1d04c24bdf6d361a4c414a514fa6f179a43df6e2fb518,True,909.4252589857206,33,15618.72802734375,15810.0,2,367.8226479096338,44.63514790404588,0.0022993695456534624,0
sieve,0,23,c6050fe51d3408b1eaef27e08e7f1956:e4e99a4d6532:0:3,76081f5fd3a7d2fecc5219b9f1a003927ab2f0a03cbcea2809aa13575b12704d,True,549.717161920853,12,15618.72802734375,15810.0,2,374.2250489303842,44.56855694297701,0.007372488267719746,0
sieve,0,24,c6050fe51d3408b1eaef27e08e7f1956:e4e99a4d6532:0:4,ad3a25be620e9e8363cf8b064f96e3948b2c3e9ae99d2778aa19fe9e3c58386a,True,957.7821070561185,36,15618.72802734375,15810.0,2,364.973054965958,44.269638950936496,0.007676506415009499,0
sieve,0,25,bb98dd0bceac09d24db1ecb2af549a92:377f7f0dd150:0:0,c7fdec5fa5d5e1adf291637b9bb1fe8f118cbb3eb57af7ef76921e247600c9c6,True,671.4756019646302,19,15618.32470703125,15810.0,2,365.94622395932674,45.789830037392676,0.003970200661569834,0
sieve,0,26,bb98dd0bceac09d24db1ecb2af549a92:377f7f0dd150:0:1,4af9997807defa232e553246d42901a0d746fdbefff91462d7ee0c1a91ca74e4,True,782.5377770932391,26,15618.32470703125,15810.0,2,364.9847670458257,44.48289796710014,0.0026383507065474987,0
sieve,0,27,bb98dd0bceac09d24db1ecb2af549a92:377f7f0dd150:0:2,75d13c8ce97c12289f2430a015d1d7989bcb997955ebfd456b23a70f3283334e,True,747.1206929767504,24,15618.32470703125,15810.0,2,364.6851460216567,44.207846047356725,0.0030297916382551193,0
sieve,0,28,bb98dd0bceac09d24db1ecb2af549a92:377f7f0dd150:0:3,07076b19c18093e788139445acd32421179c80fb131abb5020ab511b244dfaf3,True,555.742296972312,13,15618.32470703125,15810.0,2,364.62107894476503,44.292498962022364,0.00216131703928113,0
sieve,0,29,bb98dd0bceac09d24db1ecb2af549a92:377f7f0dd150:0:4,07076b19c18093e788139445acd32421179c80fb131abb5020ab511b244dfaf3,True,555.6926738936454,13,15618.32470703125,15810.0,2,364.2563399625942,44.193387031555176,0.0020931698381900787,0
sieve,0,30,bb98dd0bceac09d24db1ecb2af549a92:2cf3a7a3a65c:0:0,c7fdec5fa5d5e1adf291637b9bb1fe8f118cbb3eb57af7ef76921e247600c9c6,True,665.9023950342089,19,15618.32470703125,15810.0,2,364.0984370140359,44.31624698918313,0.003970200661569834,0
sieve,0,31,bb98dd0bceac09d24db1ecb2af549a92:2cf3a7a3a65c:0:1,4af9997807defa232e553246d42901a0d746fdbefff91462d7ee0c1a91ca74e4,True,789.8181610507891,26,15618.32470703125,15810.0,2,366.3139099953696,45.410429942421615,0.0026383507065474987,0
sieve,0,32,bb98dd0bceac09d24db1ecb2af549a92:2cf3a7a3a65c:0:2,75d13c8ce97c12289f2430a015d1d7989bcb997955ebfd456b23a70f3283334e,True,746.8153940280899,24,15618.32470703125,15810.0,2,364.52695506159216,44.17896002996713,0.0030297916382551193,0
sieve,0,33,bb98dd0bceac09d24db1ecb2af549a92:2cf3a7a3a65c:0:3,07076b19c18093e788139445acd32421179c80fb131abb5020ab511b244dfaf3,True,557.1975319180638,13,15618.32470703125,15810.0,2,365.29654590412974,44.36227888800204,0.00216131703928113,0
sieve,0,34,bb98dd0bceac09d24db1ecb2af549a92:2cf3a7a3a65c:0:4,07076b19c18093e788139445acd32421179c80fb131abb5020ab511b244dfaf3,True,561.5181259345263,13,15618.32470703125,15810.0,2,367.9522279417142,44.58840296138078,0.0020931698381900787,0
sieve,0,35,b877dd782edba758ab429e3ee3de3329:97e16cc551e4:0:0,62517bae74e7259c57a7da56e4f54b797cf2a664727fb53fe05de2f3598ea92d,True,723.3215339947492,22,15618.39794921875,15810.0,2,374.3367940187454,44.241350959055126,0.037946414202451706,0
sieve,0,36,b877dd782edba758ab429e3ee3de3329:97e16cc551e4:0:1,d84210bceb3038c1ed37c6ee7bc057db462ddedaa6823742af8a6d297cb431da,True,783.0795730696991,26,15618.39794921875,15810.0,2,365.8204930834472,44.71089504659176,0.027391323819756508,0
sieve,0,37,b877dd782edba758ab429e3ee3de3329:97e16cc551e4:0:2,e2d8c9e2e95c4938f7be5f7610f5dd612f23c22b2461cafe849ff52d619824cd,True,780.1767779747024,26,15618.39794921875,15810.0,2,364.824568037875,44.36000995337963,0.019767725840210915,0
sieve,0,38,b877dd782edba758ab429e3ee3de3329:97e16cc551e4:0:3,94d4ffe585b52d02528404f4f0629286595977610fc216797666ffe14a17ed0c,True,643.6881480040029,18,15618.39794921875,15810.0,2,364.5222600316629,44.2599089583382,0.019493475556373596,0
sieve,0,39,b877dd782edba758ab429e3ee3de3329:97e16cc551e4:0:4,aba8c2cf6367e2e8a95bb52794ddcb426d595fad022cf2d457da88045f881ed0,True,608.7420340627432,16,15618.39794921875,15810.0,2,364.61894400417805,44.166514999233186,0.00852806307375431,0
sieve,0,40,b877dd782edba758ab429e3ee3de3329:dd7f6c9e007d:0:0,62517bae74e7259c57a7da56e4f54b797cf2a664727fb53fe05de2f3598ea92d,True,711.3216579891741,22,15618.39794921875,15810.0,2,364.17816800531,44.207553029991686,0.037946414202451706,0
sieve,0,41,b877dd782edba758ab429e3ee3de3329:dd7f6c9e007d:0:1,d84210bceb3038c1ed37c6ee7bc057db462ddedaa6823742af8a6d297cb431da,True,785.1490430766717,26,15618.39794921875,15810.0,2,367.1734610106796,44.27885101176798,0.027391323819756508,0
sieve,0,42,b877dd782edba758ab429e3ee3de3329:dd7f6c9e007d:0:2,e2d8c9e2e95c4938f7be5f7610f5dd612f23c22b2461cafe849ff52d619824cd,True,809.7617230378091,26,15618.39794921875,15810.0,2,375.2452159533277,45.169029966928065,0.019767725840210915,0
sieve,0,43,b877dd782edba758ab429e3ee3de3329:dd7f6c9e007d:0:3,94d4ffe585b52d02528404f4f0629286595977610fc216797666ffe14a17ed0c,True,650.7208429975435,18,15618.39794921875,15810.0,2,367.6539519801736,46.42056697048247,0.019493475556373596,0
sieve,0,44,b877dd782edba758ab429e3ee3de3329:dd7f6c9e007d:0:4,aba8c2cf6367e2e8a95bb52794ddcb426d595fad022cf2d457da88045f881ed0,True,609.2531320173293,16,15618.39794921875,15810.0,2,365.224243956618,44.712014961987734,0.00852806307375431,0
sieve,0,45,4f59fbf51a0a5bfb4dc5af02cf294693:993dac5396a0:0:0,aa1f1fd8a9efcb963811de5e984dc16d83696aa7e913ba6980ace9aa76b7f7a3,True,651.9764930708334,18,15618.58154296875,15810.0,2,365.1488800533116,44.5020729675889,0.007280491758137941,0
sieve,0,46,4f59fbf51a0a5bfb4dc5af02cf294693:993dac5396a0:0:1,bdcb900eea2a0e63a259e4fe2376f8cc3aec08e4611682d3f4ee038edca9d017,True,510.4316519573331,10,15618.58154296875,15810.0,2,367.05277604050934,46.406051027588546,0.009271140210330486,0
sieve,0,47,4f59fbf51a0a5bfb4dc5af02cf294693:993dac5396a0:0:2,f3e746a5a573b9140378e527f40ef9a01e1da198199bb2597c74356d9befd366,True,787.5736069399863,26,15618.58154296875,15810.0,2,365.0736319832504,44.47504400741309,0.0014965962618589401,0
sieve,0,48,4f59fbf51a0a5bfb4dc5af02cf294693:993dac5396a0:0:3,f77a4c18118683cabf2ce423b4a1474e9a020c00dc184984ee227d2432eaaeca,True,798.2335339765996,26,15618.58154296875,15810.0,2,367.9910700302571,44.27148401737213,0.0013029209803789854,0
sieve,0,49,4f59fbf51a0a5bfb4dc5af02cf294693:993dac5396a0:0:4,082a3f27a64a793001365f40fd7d76058660d5148036e68127b7775445e5f79a,True,516.561992932111,10,15618.58154296875,15810.0,2,375.9304549312219,45.17488891724497,0.0012908137869089842,0
sieve,1,0,1a938d25604410ccd63b60285919eaec:c627e50da685:0:0,ad7432ad3647d5979a4c8f07ea59db904408a5ca59b44fc807019ff723c8fe9d,True,543.1957959663123,12,15618.58154296875,15810.0,2,366.44906701985747,45.202984008938074,0.001441578264348209,0
sieve,1,1,1a938d25604410ccd63b60285919eaec:c627e50da685:0:1,ad7432ad3647d5979a4c8f07ea59db904408a5ca59b44fc807019ff723c8fe9d,True,541.0822690464556,12,15618.58154296875,15810.0,2,365.8657830674201,44.78134599048644,0.0014565684832632542,0
sieve,1,2,1a938d25604410ccd63b60285919eaec:c627e50da685:0:2,45b29a4f9a357408272a3d9ee292dd9f825df58412a294bc76edad70933ff8f3,True,540.1414459338412,12,15618.58154296875,15810.0,2,365.1868829037994,44.51136291027069,0.0013233129866421223,0
sieve,1,3,1a938d25604410ccd63b60285919eaec:c627e50da685:0:3,8f13312bc57593ae709f0e55a18489d480c2a86c8038ac06144174a3f51b5600,True,540.0458859512582,12,15618.58154296875,15810.0,2,364.87904901150614,44.535202090628445,0.002346249995753169,0
sieve,1,4,1a938d25604410ccd63b60285919eaec:c627e50da685:0:4,8f13312bc57593ae709f0e55a18489d480c2a86c8038ac06144174a3f51b5600,True,539.7571680368856,12,15618.58154296875,15810.0,2,364.64314395561814,44.34618598315865,0.001890652347356081,0
sieve,1,5,49cd6149f02ec01ee03a6eb8287ab2df:f982e9dfaf25:0:0,dfa96710626dd8454b20bab58edadf81faa7374948fab10c0910e55037cea818,True,683.1554389791563,20,15618.32470703125,15810.0,2,364.8047159658745,44.69568096101284,0.05192802846431732,0
sieve,1,6,49cd6149f02ec01ee03a6eb8287ab2df:f982e9dfaf25:0:1,86024a4fa91c4b919c6bf7d14d030232d1b278e47a39c03efbe698cebb092a16,True,672.354900976643,19,15618.32470703125,15810.0,2,373.89727705158293,44.40065601374954,0.04848470538854599,0
sieve,1,7,49cd6149f02ec01ee03a6eb8287ab2df:f982e9dfaf25:0:2,cf7957792cc42aad7f2f87beb1240027c78a84aebb3babafec5afeab6040dc38,True,645.8209080155939,18,15618.32470703125,15810.0,2,364.7705130279064,44.44715694990009,0.043015409260988235,0
sieve,1,8,49cd6149f02ec01ee03a6eb8287ab2df:f982e9dfaf25:0:3,e62c1d2a0e028a848bf11c6aee602c7b04b7c5d57080024b56092666b47f8121,True,715.7506470102817,22,15618.32470703125,15810.0,2,365.13402801938355,44.70239207148552,0.05549753084778786,0
sieve,1,9,49cd6149f02ec01ee03a6eb8287ab2df:f982e9dfaf25:0:4,f9472589f3263b5d01f4798bd4b1db08a9f8d5bfd4a7de1f6a20d7afa4d2fc9d,True,629.0823059389368,17,15618.32470703125,15810.0,2,365.80073495861143,44.70326891168952,0.0285521000623703,0
sieve,1,10,49cd6149f02ec01ee03a6eb8287ab2df:81739d7eb99c:0:0,dfa96710626dd8454b20bab58edadf81faa7374948fab10c0910e55037cea818,True,692.9759630002081,20,15618.32470703125,15810.0,2,366.654330980964,45.852310955524445,0.05192802846431732,0
sieve,1,11,49cd6149f02ec01ee03a6eb8287ab2df:81739d7eb99c:0:1,86024a4fa91c4b919c6bf7d14d030232d1b278e47a39c03efbe698cebb092a16,True,665.0034820195287,19,15618.32470703125,15810.0,2,368.02339693531394,46.579708927311,0.04848470538854599,0
sieve,1,12,49cd6149f02ec01ee03a6eb8287ab2df:81739d7eb99c:0:2,cf7957792cc42aad7f2f87beb1240027c78a84aebb3babafec5afeab6040dc38,True,647.6872429484501,18,15618.32470703125,15810.0,2,365.77883595600724,44.795988011173904,0.043015409260988235,0
sieve,1,13,49cd6149f02ec01ee03a6eb8287ab2df:81739d7eb99c:0:3,e62c1d2a0e028a848bf11c6aee602c7b04b7c5d57080024b56092666b47f8121,True,728.5399829270318,22,15618.32470703125,15810.0,2,365.9152219770476,45.669682091102004,0.05549753084778786,0
sieve,1,14,49cd6149f02ec01ee03a6eb8287ab2df:81739d7eb99c:0:4,f9472589f3263b5d01f4798bd4b1db08a9f8d5bfd4a7de1f6a20d7afa4d2fc9d,True,638.1425679428503,17,15618.32470703125,15810.0,2,366.3620389997959,45.37354200147092,0.0285521000623703,0
sieve,1,15,c6050fe51d3408b1eaef27e08e7f1956:1458b54ae2f6:0:0,0c2763434c50e20730f49847263ef9024806cb1a0560c523ed77737027dc7584,True,635.2978500071913,17,15618.72802734375,15810.0,2,367.28873406536877,45.94803904183209,0.0020904913544654846,0
sieve,1,16,c6050fe51d3408b1eaef27e08e7f1956:1458b54ae2f6:0:1,664067171cd1bbc5ce837d235ed3ea23011690faf92d70710e11636621c1b115,True,860.4177050292492,30,15618.72802734375,15810.0,2,365.9315661061555,45.44796305708587,0.0053342110477387905,0
sieve,1,17,c6050fe51d3408b1eaef27e08e7f1956:1458b54ae2f6:0:2,c6b78a53ab1e086ea1b1d04c24bdf6d361a4c414a514fa6f179a43df6e2fb518,True,905.6497369892895,33,15618.72802734375,15810.0,2,365.703713032417,44.452102039940655,0.0022993695456534624,0
sieve,1,18,c6050fe51d3408b1eaef27e08e7f1956:1458b54ae2f6:0:3,76081f5fd3a7d2fecc5219b9f1a003927ab2f0a03cbcea2809aa13575b12704d,True,540.8794980030507,12,15618.72802734375,15810.0,2,366.888958029449,45.485191978514194,0.007372488267719746,0
sieve,1,19,c6050fe51d3408b1eaef27e08e7f1956:1458b54ae2f6:0:4,ad3a25be620e9e8363cf8b064f96e3948b2c3e9ae99d2778aa19fe9e3c58386a,True,959.9722899729386,36,15618.72802734375,15810.0,2,368.91471000853926,44.61664997506887,0.007676506415009499,0
sieve,1,20,c6050fe51d3408b1eaef27e08e7f1956:e4e99a4d6532:0:0,0c2763434c50e20730f49847263ef9024806cb1a0560c523ed77737027dc7584,True,638.9305469347164,17,15618.72802734375,15810.0,2,375.850762007758,44.49128301348537,0.0020904913544654846,0
sieve,1,21,c6050fe51d3408b1eaef27e08e7f1956:e4e99a4d6532:0:1,664067171cd1bbc5ce837d235ed3ea23011690faf92d70710e11636621c1b115,True,876.6308079939336,30,15618.72802734375,15810.0,2,389.7227810230106,68.23596998583525,0.0053342110477387905,0
sieve,1,22,c6050fe51d3408b1eaef27e08e7f1956:e4e99a4d6532:0:2,c6b78a53ab1e086ea1b1d04c24bdf6d361a4c414a514fa6f179a43df6e2fb518,True,927.8003950603306,33,15618.72802734375,15810.0,2,392.63098500669,44.610154000110924,0.0022993695456534624,0
sieve,1,23,c6050fe51d3408b1eaef27e08e7f1956:e4e99a4d6532:0:3,76081f5fd3a7d2fecc5219b9f1a003927ab2f0a03cbcea2809aa13575b12704d,True,539.0255369711667,12,15618.72802734375,15810.0,2,365.00741995405406,44.45644794031978,0.007372488267719746,0
sieve,1,24,c6050fe51d3408b1eaef27e08e7f1956:e4e99a4d6532:0:4,ad3a25be620e9e8363cf8b064f96e3948b2c3e9ae99d2778aa19fe9e3c58386a,True,956.4195349812508,36,15618.72802734375,15810.0,2,366.4797529345378,45.13263993430883,0.007676506415009499,0
sieve,1,25,bb98dd0bceac09d24db1ecb2af549a92:377f7f0dd150:0:0,c7fdec5fa5d5e1adf291637b9bb1fe8f118cbb3eb57af7ef76921e247600c9c6,True,700.8968699956313,19,15618.32470703125,15810.0,2,403.70808192528784,44.78932893835008,0.003970200661569834,0
sieve,1,26,bb98dd0bceac09d24db1ecb2af549a92:377f7f0dd150:0:1,4af9997807defa232e553246d42901a0d746fdbefff91462d7ee0c1a91ca74e4,True,1112.9028149880469,26,15618.32470703125,15810.0,2,691.3831540150568,45.87071109563112,0.0026383507065474987,0
sieve,1,27,bb98dd0bceac09d24db1ecb2af549a92:377f7f0dd150:0:2,75d13c8ce97c12289f2430a015d1d7989bcb997955ebfd456b23a70f3283334e,True,759.5164109952748,24,15618.32470703125,15810.0,2,375.9294560877606,44.45461800787598,0.0030297916382551193,0
sieve,1,28,bb98dd0bceac09d24db1ecb2af549a92:377f7f0dd150:0:3,07076b19c18093e788139445acd32421179c80fb131abb5020ab511b244dfaf3,True,556.6578139550984,13,15618.32470703125,15810.0,2,364.58391102496535,44.42431905772537,0.00216131703928113,0
sieve,1,29,bb98dd0bceac09d24db1ecb2af549a92:377f7f0dd150:0:4,07076b19c18093e788139445acd32421179c80fb131abb5020ab511b244dfaf3,True,559.6454959595576,13,15618.32470703125,15810.0,2,367.68292100168765,44.63331098668277,0.0020931698381900787,0
sieve,1,30,bb98dd0bceac09d24db1ecb2af549a92:2cf3a7a3a65c:0:0,c7fdec5fa5d5e1adf291637b9bb1fe8f118cbb3eb57af7ef76921e247600c9c6,True,669.1944220801815,19,15618.32470703125,15810.0,2,374.4780180277303,44.28082692902535,0.003970200661569834,0
sieve,1,31,bb98dd0bceac09d24db1ecb2af549a92:2cf3a7a3a65c:0:1,4af9997807defa232e553246d42901a0d746fdbefff91462d7ee0c1a91ca74e4,True,781.3550379360095,26,15618.32470703125,15810.0,2,364.19870401732624,44.24709710292518,0.0026383507065474987,0
sieve,1,32,bb98dd0bceac09d24db1ecb2af549a92:2cf3a7a3a65c:0:2,75d13c8ce97c12289f2430a015d1d7989bcb997955ebfd456b23a70f3283334e,True,747.336380998604,24,15618.32470703125,15810.0,2,365.4779610224068,44.54790998715907,0.0030297916382551193,0
sieve,1,33,bb98dd0bceac09d24db1ecb2af549a92:2cf3a7a3a65c:0:3,07076b19c18093e788139445acd32421179c80fb131abb5020ab511b244dfaf3,True,556.9177429424599,13,15618.32470703125,15810.0,2,364.7061449009925,44.22989394515753,0.00216131703928113,0
sieve,1,34,bb98dd0bceac09d24db1ecb2af549a92:2cf3a7a3a65c:0:4,07076b19c18093e788139445acd32421179c80fb131abb5020ab511b244dfaf3,True,556.1613659374416,13,15618.32470703125,15810.0,2,364.3380959983915,44.25877600442618,0.0020931698381900787,0
sieve,1,35,b877dd782edba758ab429e3ee3de3329:97e16cc551e4:0:0,62517bae74e7259c57a7da56e4f54b797cf2a664727fb53fe05de2f3598ea92d,True,731.1517980415374,22,15618.39794921875,15810.0,2,383.4739150479436,62.431843020021915,0.037946414202451706,0
sieve,1,36,b877dd782edba758ab429e3ee3de3329:97e16cc551e4:0:1,d84210bceb3038c1ed37c6ee7bc057db462ddedaa6823742af8a6d297cb431da,True,782.1014089277014,26,15618.39794921875,15810.0,2,365.6329889781773,45.41945504024625,0.027391323819756508,0
sieve,1,37,b877dd782edba758ab429e3ee3de3329:97e16cc551e4:0:2,e2d8c9e2e95c4938f7be5f7610f5dd612f23c22b2461cafe849ff52d619824cd,True,781.6619270015508,26,15618.39794921875,15810.0,2,364.90145802963525,44.305584975518286,0.019767725840210915,0
sieve,1,38,b877dd782edba758ab429e3ee3de3329:97e16cc551e4:0:3,94d4ffe585b52d02528404f4f0629286595977610fc216797666ffe14a17ed0c,True,644.6206419495866,18,15618.39794921875,15810.0,2,365.12430396396667,44.722393970005214,0.019493475556373596,0
sieve,1,39,b877dd782edba758ab429e3ee3de3329:97e16cc551e4:0:4,aba8c2cf6367e2e8a95bb52794ddcb426d595fad022cf2d457da88045f881ed0,True,629.2449199827388,16,15618.39794921875,15810.0,2,386.336522991769,65.9310279879719,0.00852806307375431,0
sieve,1,40,b877dd782edba758ab429e3ee3de3329:dd7f6c9e007d:0:0,62517bae74e7259c57a7da56e4f54b797cf2a664727fb53fe05de2f3598ea92d,True,711.7504299385473,22,15618.39794921875,15810.0,2,364.5652550039813,44.2030030535534,0.037946414202451706,0
sieve,1,41,b877dd782edba758ab429e3ee3de3329:dd7f6c9e007d:0:1,d84210bceb3038c1ed37c6ee7bc057db462ddedaa6823742af8a6d297cb431da,True,782.7010810142383,26,15618.39794921875,15810.0,2,365.54261401761323,44.60807202849537,0.027391323819756508,0
sieve,1,42,b877dd782edba758ab429e3ee3de3329:dd7f6c9e007d:0:2,e2d8c9e2e95c4938f7be5f7610f5dd612f23c22b2461cafe849ff52d619824cd,True,827.6792590040714,26,15618.39794921875,15810.0,2,405.53912601899356,84.65035900007933,0.019767725840210915,0
sieve,1,43,b877dd782edba758ab429e3ee3de3329:dd7f6c9e007d:0:3,94d4ffe585b52d02528404f4f0629286595977610fc216797666ffe14a17ed0c,True,650.8321209112182,18,15618.39794921875,15810.0,2,373.2714569196105,44.23405195120722,0.019493475556373596,0
sieve,1,44,b877dd782edba758ab429e3ee3de3329:dd7f6c9e007d:0:4,aba8c2cf6367e2e8a95bb52794ddcb426d595fad022cf2d457da88045f881ed0,True,608.0653159879148,16,15618.39794921875,15810.0,2,364.8734799353406,44.387495960108936,0.00852806307375431,0
sieve,1,45,4f59fbf51a0a5bfb4dc5af02cf294693:993dac5396a0:0:0,aa1f1fd8a9efcb963811de5e984dc16d83696aa7e913ba6980ace9aa76b7f7a3,True,641.140952007845,18,15618.58154296875,15810.0,2,364.3415690166876,44.143851031549275,0.007280491758137941,0
sieve,1,46,4f59fbf51a0a5bfb4dc5af02cf294693:993dac5396a0:0:1,bdcb900eea2a0e63a259e4fe2376f8cc3aec08e4611682d3f4ee038edca9d017,True,503.34297108929604,10,15618.58154296875,15810.0,2,364.24198211170733,44.29092607460916,0.009271140210330486,0
sieve,1,47,4f59fbf51a0a5bfb4dc5af02cf294693:993dac5396a0:0:2,f3e746a5a573b9140378e527f40ef9a01e1da198199bb2597c74356d9befd366,True,781.7092789337039,26,15618.58154296875,15810.0,2,365.67145900335163,45.009490102529526,0.0014965962618589401,0
sieve,1,48,4f59fbf51a0a5bfb4dc5af02cf294693:993dac5396a0:0:3,f77a4c18118683cabf2ce423b4a1474e9a020c00dc184984ee227d2432eaaeca,True,778.5993448924273,26,15618.58154296875,15810.0,2,364.87365793436766,44.27928396034986,0.0013029209803789854,0
sieve,1,49,4f59fbf51a0a5bfb4dc5af02cf294693:993dac5396a0:0:4,082a3f27a64a793001365f40fd7d76058660d5148036e68127b7775445e5f79a,True,504.4797209557146,10,15618.58154296875,15810.0,2,364.8357909405604,44.33136491570622,0.0012908137869089842,0
predictor,0,0,1a938d25604410ccd63b60285919eaec:c627e50da685:0:0,ad7432ad3647d5979a4c8f07ea59db904408a5ca59b44fc807019ff723c8fe9d,True,536.4556630374864,12,15618.58154296875,15810.0,2,363.2901150267571,43.374043074436486,,
predictor,0,1,1a938d25604410ccd63b60285919eaec:c627e50da685:0:1,ad7432ad3647d5979a4c8f07ea59db904408a5ca59b44fc807019ff723c8fe9d,True,537.4827020568773,12,15618.58154296875,15810.0,2,364.2061549471691,43.996866908855736,,
predictor,0,2,1a938d25604410ccd63b60285919eaec:c627e50da685:0:2,45b29a4f9a357408272a3d9ee292dd9f825df58412a294bc76edad70933ff8f3,True,538.3580310735852,12,15618.58154296875,15810.0,2,364.7657810943201,43.651491054333746,,
predictor,0,3,1a938d25604410ccd63b60285919eaec:c627e50da685:0:3,8f13312bc57593ae709f0e55a18489d480c2a86c8038ac06144174a3f51b5600,True,537.0765259722248,12,15618.58154296875,15810.0,2,363.351374049671,43.59046905301511,,
predictor,0,4,1a938d25604410ccd63b60285919eaec:c627e50da685:0:4,8f13312bc57593ae709f0e55a18489d480c2a86c8038ac06144174a3f51b5600,True,538.2493389770389,12,15618.58154296875,15810.0,2,364.80892600957304,43.92728197854012,,
predictor,0,5,49cd6149f02ec01ee03a6eb8287ab2df:f982e9dfaf25:0:0,dfa96710626dd8454b20bab58edadf81faa7374948fab10c0910e55037cea818,True,677.7133849682286,20,15618.32470703125,15810.0,2,365.9711219370365,44.290986959822476,,
predictor,0,6,49cd6149f02ec01ee03a6eb8287ab2df:f982e9dfaf25:0:1,86024a4fa91c4b919c6bf7d14d030232d1b278e47a39c03efbe698cebb092a16,True,659.0314180357382,19,15618.32470703125,15810.0,2,364.2770480364561,43.70194405782968,,
predictor,0,7,49cd6149f02ec01ee03a6eb8287ab2df:f982e9dfaf25:0:2,cf7957792cc42aad7f2f87beb1240027c78a84aebb3babafec5afeab6040dc38,True,642.0539700193331,18,15618.32470703125,15810.0,2,364.93203009013087,43.810653034597635,,
predictor,0,8,49cd6149f02ec01ee03a6eb8287ab2df:f982e9dfaf25:0:3,e62c1d2a0e028a848bf11c6aee602c7b04b7c5d57080024b56092666b47f8121,True,709.7578230313957,22,15618.32470703125,15810.0,2,364.04855200089514,43.560778023675084,,
predictor,0,9,49cd6149f02ec01ee03a6eb8287ab2df:f982e9dfaf25:0:4,f9472589f3263b5d01f4798bd4b1db08a9f8d5bfd4a7de1f6a20d7afa4d2fc9d,True,622.6472100242972,17,15618.32470703125,15810.0,2,364.25361200235784,44.30372198112309,,
predictor,0,10,49cd6149f02ec01ee03a6eb8287ab2df:81739d7eb99c:0:0,dfa96710626dd8454b20bab58edadf81faa7374948fab10c0910e55037cea818,True,675.0544819515198,20,15618.32470703125,15810.0,2,364.3852979876101,43.50161796901375,,
predictor,0,11,49cd6149f02ec01ee03a6eb8287ab2df:81739d7eb99c:0:1,86024a4fa91c4b919c6bf7d14d030232d1b278e47a39c03efbe698cebb092a16,True,658.249328029342,19,15618.32470703125,15810.0,2,364.12524501793087,43.485476984642446,,
predictor,0,12,49cd6149f02ec01ee03a6eb8287ab2df:81739d7eb99c:0:2,cf7957792cc42aad7f2f87beb1240027c78a84aebb3babafec5afeab6040dc38,True,641.063314047642,18,15618.32470703125,15810.0,2,363.75927401240915,43.397853965871036,,
predictor,0,13,49cd6149f02ec01ee03a6eb8287ab2df:81739d7eb99c:0:3,e62c1d2a0e028a848bf11c6aee602c7b04b7c5d57080024b56092666b47f8121,True,709.8200630862266,22,15618.32470703125,15810.0,2,364.2246350646019,43.637142051011324,,
predictor,0,14,49cd6149f02ec01ee03a6eb8287ab2df:81739d7eb99c:0:4,f9472589f3263b5d01f4798bd4b1db08a9f8d5bfd4a7de1f6a20d7afa4d2fc9d,True,623.888864996843,17,15618.32470703125,15810.0,2,363.8115379726514,43.69122290518135,,
predictor,0,15,c6050fe51d3408b1eaef27e08e7f1956:1458b54ae2f6:0:0,0c2763434c50e20730f49847263ef9024806cb1a0560c523ed77737027dc7584,True,633.4268000209704,17,15618.72802734375,15810.0,2,373.01110895350575,43.93526795320213,,
predictor,0,16,c6050fe51d3408b1eaef27e08e7f1956:1458b54ae2f6:0:1,664067171cd1bbc5ce837d235ed3ea23011690faf92d70710e11636621c1b115,True,850.541960913688,30,15618.72802734375,15810.0,2,366.25531199388206,44.0254129935056,,
predictor,0,17,c6050fe51d3408b1eaef27e08e7f1956:1458b54ae2f6:0:2,c6b78a53ab1e086ea1b1d04c24bdf6d361a4c414a514fa6f179a43df6e2fb518,True,896.0110259940848,33,15618.72802734375,15810.0,2,365.1060400297865,43.644104967825115,,
predictor,0,18,c6050fe51d3408b1eaef27e08e7f1956:1458b54ae2f6:0:3,76081f5fd3a7d2fecc5219b9f1a003927ab2f0a03cbcea2809aa13575b12704d,True,537.0106099871919,12,15618.72802734375,15810.0,2,363.94739197567105,43.61997707746923,,
predictor,0,19,c6050fe51d3408b1eaef27e08e7f1956:1458b54ae2f6:0:4,ad3a25be620e9e8363cf8b064f96e3948b2c3e9ae99d2778aa19fe9e3c58386a,True,952.4858730146661,36,15618.72802734375,15810.0,2,364.28044200874865,43.954961001873016,,
predictor,0,20,c6050fe51d3408b1eaef27e08e7f1956:e4e99a4d6532:0:0,0c2763434c50e20730f49847263ef9024806cb1a0560c523ed77737027dc7584,True,624.1729030152783,17,15618.72802734375,15810.0,2,364.3694700440392,43.65168197546154,,
predictor,0,21,c6050fe51d3408b1eaef27e08e7f1956:e4e99a4d6532:0:1,664067171cd1bbc5ce837d235ed3ea23011690faf92d70710e11636621c1b115,True,848.8278590375558,30,15618.72802734375,15810.0,2,363.7511490378529,43.63625100813806,,
predictor,0,22,c6050fe51d3408b1eaef27e08e7f1956:e4e99a4d6532:0:2,c6b78a53ab1e086ea1b1d04c24bdf6d361a4c414a514fa6f179a43df6e2fb518,True,900.784216937609,33,15618.72802734375,15810.0,2,365.046213963069,43.816627003252506,,
predictor,0,23,c6050fe51d3408b1eaef27e08e7f1956:e4e99a4d6532:0:3,76081f5fd3a7d2fecc5219b9f1a003927ab2f0a03cbcea2809aa13575b12704d,True,538.7506330152974,12,15618.72802734375,15810.0,2,364.7288519423455,43.831707909703255,,
predictor,0,24,c6050fe51d3408b1eaef27e08e7f1956:e4e99a4d6532:0:4,ad3a25be620e9e8363cf8b064f96e3948b2c3e9ae99d2778aa19fe9e3c58386a,True,950.9706499520689,36,15618.72802734375,15810.0,2,364.74076099693775,43.770388001576066,,
predictor,0,25,bb98dd0bceac09d24db1ecb2af549a92:377f7f0dd150:0:0,c7fdec5fa5d5e1adf291637b9bb1fe8f118cbb3eb57af7ef76921e247600c9c6,True,668.2736430084333,19,15618.32470703125,15810.0,2,374.3356070481241,43.98247099015862,,
predictor,0,26,bb98dd0bceac09d24db1ecb2af549a92:377f7f0dd150:0:1,4af9997807defa232e553246d42901a0d746fdbefff91462d7ee0c1a91ca74e4,True,779.4076399877667,26,15618.32470703125,15810.0,2,364.2393199261278,43.516850913874805,,
predictor,0,27,bb98dd0bceac09d24db1ecb2af549a92:377f7f0dd150:0:2,75d13c8ce97c12289f2430a015d1d7989bcb997955ebfd456b23a70f3283334e,True,744.9423540383577,24,15618.32470703125,15810.0,2,364.22719701658934,43.61923097167164,,
predictor,0,28,bb98dd0bceac09d24db1ecb2af549a92:377f7f0dd150:0:3,07076b19c18093e788139445acd32421179c80fb131abb5020ab511b244dfaf3,True,555.8694080682471,13,15618.32470703125,15810.0,2,364.0237540239468,43.94136997871101,,
predictor,0,29,bb98dd0bceac09d24db1ecb2af549a92:377f7f0dd150:0:4,07076b19c18093e788139445acd32421179c80fb131abb5020ab511b244dfaf3,True,559.2944450909272,13,15618.32470703125,15810.0,2,368.3346480829641,43.59689599368721,,
predictor,0,30,bb98dd0bceac09d24db1ecb2af549a92:2cf3a7a3a65c:0:0,c7fdec5fa5d5e1adf291637b9bb1fe8f118cbb3eb57af7ef76921e247600c9c6,True,658.1171160796657,19,15618.32470703125,15810.0,2,363.73027600347996,43.81297098007053,,
predictor,0,31,bb98dd0bceac09d24db1ecb2af549a92:2cf3a7a3a65c:0:1,4af9997807defa232e553246d42901a0d746fdbefff91462d7ee0c1a91ca74e4,True,778.8529399549589,26,15618.32470703125,15810.0,2,363.5987020097673,43.582734069786966,,
predictor,0,32,bb98dd0bceac09d24db1ecb2af549a92:2cf3a7a3a65c:0:2,75d13c8ce97c12289f2430a015d1d7989bcb997955ebfd456b23a70f3283334e,True,742.6850600168109,24,15618.32470703125,15810.0,2,364.21888298355043,43.558506993576884,,
predictor,0,33,bb98dd0bceac09d24db1ecb2af549a92:2cf3a7a3a65c:0:3,07076b19c18093e788139445acd32421179c80fb131abb5020ab511b244dfaf3,True,555.8566669933498,13,15618.32470703125,15810.0,2,365.02487503457814,44.00695103686303,,
predictor,0,34,bb98dd0bceac09d24db1ecb2af549a92:2cf3a7a3a65c:0:4,07076b19c18093e788139445acd32421179c80fb131abb5020ab511b244dfaf3,True,555.8623870601878,13,15618.32470703125,15810.0,2,364.7854480659589,44.18604006059468,,
predictor,0,35,b877dd782edba758ab429e3ee3de3329:97e16cc551e4:0:0,62517bae74e7259c57a7da56e4f54b797cf2a664727fb53fe05de2f3598ea92d,True,712.8437570063397,22,15618.39794921875,15810.0,2,364.87491498701274,43.900698074139655,,
predictor,0,36,b877dd782edba758ab429e3ee3de3329:97e16cc551e4:0:1,d84210bceb3038c1ed37c6ee7bc057db462ddedaa6823742af8a6d297cb431da,True,782.7643470373005,26,15618.39794921875,15810.0,2,366.08807498123497,44.07480405643582,,
predictor,0,37,b877dd782edba758ab429e3ee3de3329:97e16cc551e4:0:2,e2d8c9e2e95c4938f7be5f7610f5dd612f23c22b2461cafe849ff52d619824cd,True,781.4373440342024,26,15618.39794921875,15810.0,2,364.7067330311984,43.8326820731163,,
predictor,0,38,b877dd782edba758ab429e3ee3de3329:97e16cc551e4:0:3,94d4ffe585b52d02528404f4f0629286595977610fc216797666ffe14a17ed0c,True,640.2989169582725,18,15618.39794921875,15810.0,2,364.0900650061667,43.626175029203296,,
predictor,0,39,b877dd782edba758ab429e3ee3de3329:97e16cc551e4:0:4,aba8c2cf6367e2e8a95bb52794ddcb426d595fad022cf2d457da88045f881ed0,True,607.6420459430665,16,15618.39794921875,15810.0,2,364.4828270189464,43.60738105606288,,
predictor,0,40,b877dd782edba758ab429e3ee3de3329:dd7f6c9e007d:0:0,62517bae74e7259c57a7da56e4f54b797cf2a664727fb53fe05de2f3598ea92d,True,710.328895947896,22,15618.39794921875,15810.0,2,365.10075395926833,44.210767024196684,,
predictor,0,41,b877dd782edba758ab429e3ee3de3329:dd7f6c9e007d:0:1,d84210bceb3038c1ed37c6ee7bc057db462ddedaa6823742af8a6d297cb431da,True,779.9716079607606,26,15618.39794921875,15810.0,2,364.76004298310727,44.42263301461935,,
predictor,0,42,b877dd782edba758ab429e3ee3de3329:dd7f6c9e007d:0:2,e2d8c9e2e95c4938f7be5f7610f5dd612f23c22b2461cafe849ff52d619824cd,True,780.1472579594702,26,15618.39794921875,15810.0,2,364.9519659811631,43.52313501294702,,
predictor,0,43,b877dd782edba758ab429e3ee3de3329:dd7f6c9e007d:0:3,94d4ffe585b52d02528404f4f0629286595977610fc216797666ffe14a17ed0c,True,646.1930350633338,18,15618.39794921875,15810.0,2,368.9557350007817,43.96526189520955,,
predictor,0,44,b877dd782edba758ab429e3ee3de3329:dd7f6c9e007d:0:4,aba8c2cf6367e2e8a95bb52794ddcb426d595fad022cf2d457da88045f881ed0,True,608.3089830353856,16,15618.39794921875,15810.0,2,364.87393896095455,43.81471197120845,,
predictor,0,45,4f59fbf51a0a5bfb4dc5af02cf294693:993dac5396a0:0:0,aa1f1fd8a9efcb963811de5e984dc16d83696aa7e913ba6980ace9aa76b7f7a3,True,641.3529490819201,18,15618.58154296875,15810.0,2,363.8811220880598,43.82511705625802,,
predictor,0,46,4f59fbf51a0a5bfb4dc5af02cf294693:993dac5396a0:0:1,bdcb900eea2a0e63a259e4fe2376f8cc3aec08e4611682d3f4ee038edca9d017,True,506.3883210532367,10,15618.58154296875,15810.0,2,366.4760399842635,44.778161915019155,,
predictor,0,47,4f59fbf51a0a5bfb4dc5af02cf294693:993dac5396a0:0:2,f3e746a5a573b9140378e527f40ef9a01e1da198199bb2597c74356d9befd366,True,780.1563210086897,26,15618.58154296875,15810.0,2,364.9119050242007,44.0593030070886,,
predictor,0,48,4f59fbf51a0a5bfb4dc5af02cf294693:993dac5396a0:0:3,f77a4c18118683cabf2ce423b4a1474e9a020c00dc184984ee227d2432eaaeca,True,779.5074739260599,26,15618.58154296875,15810.0,2,365.124276955612,43.548892019316554,,
predictor,0,49,4f59fbf51a0a5bfb4dc5af02cf294693:993dac5396a0:0:4,082a3f27a64a793001365f40fd7d76058660d5148036e68127b7775445e5f79a,True,504.53838089015335,10,15618.58154296875,15810.0,2,364.61753491312265,43.88597293291241,,
predictor,1,0,1a938d25604410ccd63b60285919eaec:c627e50da685:0:0,ad7432ad3647d5979a4c8f07ea59db904408a5ca59b44fc807019ff723c8fe9d,True,538.0179609637707,12,15618.58154296875,15810.0,2,364.0402560122311,43.67969499435276,,
predictor,1,1,1a938d25604410ccd63b60285919eaec:c627e50da685:0:1,ad7432ad3647d5979a4c8f07ea59db904408a5ca59b44fc807019ff723c8fe9d,True,538.8013450428843,12,15618.58154296875,15810.0,2,364.5043569849804,43.65528596099466,,
predictor,1,2,1a938d25604410ccd63b60285919eaec:c627e50da685:0:2,45b29a4f9a357408272a3d9ee292dd9f825df58412a294bc76edad70933ff8f3,True,538.6046019848436,12,15618.58154296875,15810.0,2,364.0092939604074,43.588142027147114,,
predictor,1,3,1a938d25604410ccd63b60285919eaec:c627e50da685:0:3,8f13312bc57593ae709f0e55a18489d480c2a86c8038ac06144174a3f51b5600,True,538.6515790596604,12,15618.58154296875,15810.0,2,364.74572005681694,43.7095460947603,,
predictor,1,4,1a938d25604410ccd63b60285919eaec:c627e50da685:0:4,8f13312bc57593ae709f0e55a18489d480c2a86c8038ac06144174a3f51b5600,True,537.4832880916074,12,15618.58154296875,15810.0,2,363.6828560847789,43.611798086203635,,
predictor,1,5,49cd6149f02ec01ee03a6eb8287ab2df:f982e9dfaf25:0:0,dfa96710626dd8454b20bab58edadf81faa7374948fab10c0910e55037cea818,True,675.2573669655249,20,15618.32470703125,15810.0,2,363.5204149177298,43.45286497846246,,
predictor,1,6,49cd6149f02ec01ee03a6eb8287ab2df:f982e9dfaf25:0:1,86024a4fa91c4b919c6bf7d14d030232d1b278e47a39c03efbe698cebb092a16,True,658.1742409616709,19,15618.32470703125,15810.0,2,363.64438594318926,43.57937094755471,,
predictor,1,7,49cd6149f02ec01ee03a6eb8287ab2df:f982e9dfaf25:0:2,cf7957792cc42aad7f2f87beb1240027c78a84aebb3babafec5afeab6040dc38,True,641.5128860389814,18,15618.32470703125,15810.0,2,364.378497004509,43.84118190500885,,
predictor,1,8,49cd6149f02ec01ee03a6eb8287ab2df:f982e9dfaf25:0:3,e62c1d2a0e028a848bf11c6aee602c7b04b7c5d57080024b56092666b47f8121,True,712.2675840510055,22,15618.32470703125,15810.0,2,365.3828470269218,44.61030603852123,,
predictor,1,9,49cd6149f02ec01ee03a6eb8287ab2df:f982e9dfaf25:0:4,f9472589f3263b5d01f4798bd4b1db08a9f8d5bfd4a7de1f6a20d7afa4d2fc9d,True,624.1282109403983,17,15618.32470703125,15810.0,2,364.72021392546594,43.874013936147094,,
predictor,1,10,49cd6149f02ec01ee03a6eb8287ab2df:81739d7eb99c:0:0,dfa96710626dd8454b20bab58edadf81faa7374948fab10c0910e55037cea818,True,676.4326540287584,20,15618.32470703125,15810.0,2,364.38334605190903,44.06624799594283,,
predictor,1,11,49cd6149f02ec01ee03a6eb8287ab2df:81739d7eb99c:0:1,86024a4fa91c4b919c6bf7d14d030232d1b278e47a39c03efbe698cebb092a16,True,658.8280200958252,19,15618.32470703125,15810.0,2,364.1973070334643,43.51688304450363,,
predictor,1,12,49cd6149f02ec01ee03a6eb8287ab2df:81739d7eb99c:0:2,cf7957792cc42aad7f2f87beb1240027c78a84aebb3babafec5afeab6040dc38,True,641.8333479668945,18,15618.32470703125,15810.0,2,364.23626099713147,43.8351669581607,,
predictor,1,13,49cd6149f02ec01ee03a6eb8287ab2df:81739d7eb99c:0:3,e62c1d2a0e028a848bf11c6aee602c7b04b7c5d57080024b56092666b47f8121,True,710.6077480129898,22,15618.32470703125,15810.0,2,363.80496190395206,43.6578179942444,,
predictor,1,14,49cd6149f02ec01ee03a6eb8287ab2df:81739d7eb99c:0:4,f9472589f3263b5d01f4798bd4b1db08a9f8d5bfd4a7de1f6a20d7afa4d2fc9d,True,622.4245640914887,17,15618.32470703125,15810.0,2,363.45261603128165,42.996209929697216,,
predictor,1,15,c6050fe51d3408b1eaef27e08e7f1956:1458b54ae2f6:0:0,0c2763434c50e20730f49847263ef9024806cb1a0560c523ed77737027dc7584,True,625.1990610035136,17,15618.72802734375,15810.0,2,363.9221569756046,43.44607994426042,,
predictor,1,16,c6050fe51d3408b1eaef27e08e7f1956:1458b54ae2f6:0:1,664067171cd1bbc5ce837d235ed3ea23011690faf92d70710e11636621c1b115,True,850.6945230765268,30,15618.72802734375,15810.0,2,364.56321307923645,43.67836506571621,,
predictor,1,17,c6050fe51d3408b1eaef27e08e7f1956:1458b54ae2f6:0:2,c6b78a53ab1e086ea1b1d04c24bdf6d361a4c414a514fa6f179a43df6e2fb518,True,901.4964540256187,33,15618.72802734375,15810.0,2,364.28084096405655,43.79938298370689,,
predictor,1,18,c6050fe51d3408b1eaef27e08e7f1956:1458b54ae2f6:0:3,76081f5fd3a7d2fecc5219b9f1a003927ab2f0a03cbcea2809aa13575b12704d,True,538.7363949557766,12,15618.72802734375,15810.0,2,364.8485050071031,43.834740994498134,,
predictor,1,19,c6050fe51d3408b1eaef27e08e7f1956:1458b54ae2f6:0:4,ad3a25be620e9e8363cf8b064f96e3948b2c3e9ae99d2778aa19fe9e3c58386a,True,955.1495470805094,36,15618.72802734375,15810.0,2,366.7126080254093,44.89868797827512,,
predictor,1,20,c6050fe51d3408b1eaef27e08e7f1956:e4e99a4d6532:0:0,0c2763434c50e20730f49847263ef9024806cb1a0560c523ed77737027dc7584,True,623.7433510832489,17,15618.72802734375,15810.0,2,364.5449470495805,43.77045400906354,,
predictor,1,21,c6050fe51d3408b1eaef27e08e7f1956:e4e99a4d6532:0:1,664067171cd1bbc5ce837d235ed3ea23011690faf92d70710e11636621c1b115,True,847.980321967043,30,15618.72802734375,15810.0,2,363.9708149712533,43.45621797256172,,
predictor,1,22,c6050fe51d3408b1eaef27e08e7f1956:e4e99a4d6532:0:2,c6b78a53ab1e086ea1b1d04c24bdf6d361a4c414a514fa6f179a43df6e2fb518,True,896.7775219352916,33,15618.72802734375,15810.0,2,364.17733097914606,43.457641964778304,,
predictor,1,23,c6050fe51d3408b1eaef27e08e7f1956:e4e99a4d6532:0:3,76081f5fd3a7d2fecc5219b9f1a003927ab2f0a03cbcea2809aa13575b12704d,True,538.0023380275816,12,15618.72802734375,15810.0,2,364.2106900224462,43.989730067551136,,
predictor,1,24,c6050fe51d3408b1eaef27e08e7f1956:e4e99a4d6532:0:4,ad3a25be620e9e8363cf8b064f96e3948b2c3e9ae99d2778aa19fe9e3c58386a,True,953.835760941729,36,15618.72802734375,15810.0,2,364.4882249645889,43.7220090534538,,
predictor,1,25,bb98dd0bceac09d24db1ecb2af549a92:377f7f0dd150:0:0,c7fdec5fa5d5e1adf291637b9bb1fe8f118cbb3eb57af7ef76921e247600c9c6,True,658.9424920966849,19,15618.32470703125,15810.0,2,364.22527208924294,43.826468056067824,,
predictor,1,26,bb98dd0bceac09d24db1ecb2af549a92:377f7f0dd150:0:1,4af9997807defa232e553246d42901a0d746fdbefff91462d7ee0c1a91ca74e4,True,778.8824760355055,26,15618.32470703125,15810.0,2,363.71082603000104,43.64307504147291,,
predictor,1,27,bb98dd0bceac09d24db1ecb2af549a92:377f7f0dd150:0:2,75d13c8ce97c12289f2430a015d1d7989bcb997955ebfd456b23a70f3283334e,True,745.2671480132267,24,15618.32470703125,15810.0,2,364.04694395605475,43.62632392439991,,
predictor,1,28,bb98dd0bceac09d24db1ecb2af549a92:377f7f0dd150:0:3,07076b19c18093e788139445acd32421179c80fb131abb5020ab511b244dfaf3,True,554.7079259995371,13,15618.32470703125,15810.0,2,364.05047902371734,43.69862505700439,,
predictor,1,29,bb98dd0bceac09d24db1ecb2af549a92:377f7f0dd150:0:4,07076b19c18093e788139445acd32421179c80fb131abb5020ab511b244dfaf3,True,557.0044600171968,13,15618.32470703125,15810.0,2,365.78528909012675,44.71074999310076,,
predictor,1,30,bb98dd0bceac09d24db1ecb2af549a92:2cf3a7a3a65c:0:0,c7fdec5fa5d5e1adf291637b9bb1fe8f118cbb3eb57af7ef76921e247600c9c6,True,659.4156649662182,19,15618.32470703125,15810.0,2,364.0156789915636,43.809980037622154,,
predictor,1,31,bb98dd0bceac09d24db1ecb2af549a92:2cf3a7a3a65c:0:1,4af9997807defa232e553246d42901a0d746fdbefff91462d7ee0c1a91ca74e4,True,779.5659470139071,26,15618.32470703125,15810.0,2,363.38962707668543,43.49946102593094,,
predictor,1,32,bb98dd0bceac09d24db1ecb2af549a92:2cf3a7a3a65c:0:2,75d13c8ce97c12289f2430a015d1d7989bcb997955ebfd456b23a70f3283334e,True,745.6312520662323,24,15618.32470703125,15810.0,2,364.171379012987,43.703167932108045,,
predictor,1,33,bb98dd0bceac09d24db1ecb2af549a92:2cf3a7a3a65c:0:3,07076b19c18093e788139445acd32421179c80fb131abb5020ab511b244dfaf3,True,554.7632330562919,13,15618.32470703125,15810.0,2,363.95875201560557,43.5077550355345,,
predictor,1,34,bb98dd0bceac09d24db1ecb2af549a92:2cf3a7a3a65c:0:4,07076b19c18093e788139445acd32421179c80fb131abb5020ab511b244dfaf3,True,554.5434170635417,13,15618.32470703125,15810.0,2,363.90063108410686,43.76365104690194,,
predictor,1,35,b877dd782edba758ab429e3ee3de3329:97e16cc551e4:0:0,62517bae74e7259c57a7da56e4f54b797cf2a664727fb53fe05de2f3598ea92d,True,710.8986909734085,22,15618.39794921875,15810.0,2,363.929225015454,43.754677986726165,,
predictor,1,36,b877dd782edba758ab429e3ee3de3329:97e16cc551e4:0:1,d84210bceb3038c1ed37c6ee7bc057db462ddedaa6823742af8a6d297cb431da,True,778.8691560272127,26,15618.39794921875,15810.0,2,364.2793110338971,44.03932800050825,,
predictor,1,37,b877dd782edba758ab429e3ee3de3329:97e16cc551e4:0:2,e2d8c9e2e95c4938f7be5f7610f5dd612f23c22b2461cafe849ff52d619824cd,True,779.4647789560258,26,15618.39794921875,15810.0,2,363.9128269860521,43.629872030578554,,
predictor,1,38,b877dd782edba758ab429e3ee3de3329:97e16cc551e4:0:3,94d4ffe585b52d02528404f4f0629286595977610fc216797666ffe14a17ed0c,True,641.8525660410523,18,15618.39794921875,15810.0,2,363.9668250689283,43.68236707523465,,
predictor,1,39,b877dd782edba758ab429e3ee3de3329:97e16cc551e4:0:4,aba8c2cf6367e2e8a95bb52794ddcb426d595fad022cf2d457da88045f881ed0,True,605.8005630038679,16,15618.39794921875,15810.0,2,363.1892220582813,43.518205056898296,,
predictor,1,40,b877dd782edba758ab429e3ee3de3329:dd7f6c9e007d:0:0,62517bae74e7259c57a7da56e4f54b797cf2a664727fb53fe05de2f3598ea92d,True,714.3630289938301,22,15618.39794921875,15810.0,2,366.5872340789065,45.15364801045507,,
predictor,1,41,b877dd782edba758ab429e3ee3de3329:dd7f6c9e007d:0:1,d84210bceb3038c1ed37c6ee7bc057db462ddedaa6823742af8a6d297cb431da,True,779.9143480369821,26,15618.39794921875,15810.0,2,364.5534720271826,43.694562977179885,,
predictor,1,42,b877dd782edba758ab429e3ee3de3329:dd7f6c9e007d:0:2,e2d8c9e2e95c4938f7be5f7610f5dd612f23c22b2461cafe849ff52d619824cd,True,779.8002819763497,26,15618.39794921875,15810.0,2,363.7484440114349,43.75959001481533,,
predictor,1,43,b877dd782edba758ab429e3ee3de3329:dd7f6c9e007d:0:3,94d4ffe585b52d02528404f4f0629286595977610fc216797666ffe14a17ed0c,True,642.8325199522078,18,15618.39794921875,15810.0,2,364.05020696111023,43.8044989714399,,
predictor,1,44,b877dd782edba758ab429e3ee3de3329:dd7f6c9e007d:0:4,aba8c2cf6367e2e8a95bb52794ddcb426d595fad022cf2d457da88045f881ed0,True,605.5459330091253,16,15618.39794921875,15810.0,2,364.18311099987477,43.767884955741465,,
predictor,1,45,4f59fbf51a0a5bfb4dc5af02cf294693:993dac5396a0:0:0,aa1f1fd8a9efcb963811de5e984dc16d83696aa7e913ba6980ace9aa76b7f7a3,True,639.8884360678494,18,15618.58154296875,15810.0,2,364.25614007748663,43.77034807112068,,
predictor,1,46,4f59fbf51a0a5bfb4dc5af02cf294693:993dac5396a0:0:1,bdcb900eea2a0e63a259e4fe2376f8cc3aec08e4611682d3f4ee038edca9d017,True,502.56914703641087,10,15618.58154296875,15810.0,2,364.3639920046553,43.5958169400692,,
predictor,1,47,4f59fbf51a0a5bfb4dc5af02cf294693:993dac5396a0:0:2,f3e746a5a573b9140378e527f40ef9a01e1da198199bb2597c74356d9befd366,True,776.5833180164918,26,15618.58154296875,15810.0,2,363.88967896346,43.56438701506704,,
predictor,1,48,4f59fbf51a0a5bfb4dc5af02cf294693:993dac5396a0:0:3,f77a4c18118683cabf2ce423b4a1474e9a020c00dc184984ee227d2432eaaeca,True,777.5819469243288,26,15618.58154296875,15810.0,2,364.50490599963814,43.70309005025774,,
predictor,1,49,4f59fbf51a0a5bfb4dc5af02cf294693:993dac5396a0:0:4,082a3f27a64a793001365f40fd7d76058660d5148036e68127b7775445e5f79a,True,501.86784693505615,10,15618.58154296875,15810.0,2,363.91669791191816,43.37587591726333,,
monitor,0,0,1a938d25604410ccd63b60285919eaec:c627e50da685:0:0,ad7432ad3647d5979a4c8f07ea59db904408a5ca59b44fc807019ff723c8fe9d,True,534.5876889768988,12,15618.58154296875,15810.0,2,362.2521589277312,41.66086297482252,,
monitor,0,1,1a938d25604410ccd63b60285919eaec:c627e50da685:0:1,ad7432ad3647d5979a4c8f07ea59db904408a5ca59b44fc807019ff723c8fe9d,True,534.7128079738468,12,15618.58154296875,15810.0,2,362.31443705037236,41.91927704960108,,
monitor,0,2,1a938d25604410ccd63b60285919eaec:c627e50da685:0:2,45b29a4f9a357408272a3d9ee292dd9f825df58412a294bc76edad70933ff8f3,True,536.4534099353477,12,15618.58154296875,15810.0,2,362.6406060066074,41.895232046954334,,
monitor,0,3,1a938d25604410ccd63b60285919eaec:c627e50da685:0:3,8f13312bc57593ae709f0e55a18489d480c2a86c8038ac06144174a3f51b5600,True,534.584324923344,12,15618.58154296875,15810.0,2,361.9161589303985,41.67477192822844,,
monitor,0,4,1a938d25604410ccd63b60285919eaec:c627e50da685:0:4,8f13312bc57593ae709f0e55a18489d480c2a86c8038ac06144174a3f51b5600,True,533.869332051836,12,15618.58154296875,15810.0,2,361.8036570260301,41.729897959157825,,
monitor,0,5,49cd6149f02ec01ee03a6eb8287ab2df:f982e9dfaf25:0:0,dfa96710626dd8454b20bab58edadf81faa7374948fab10c0910e55037cea818,True,673.919206019491,20,15618.32470703125,15810.0,2,362.9558429820463,42.52468200866133,,
monitor,0,6,49cd6149f02ec01ee03a6eb8287ab2df:f982e9dfaf25:0:1,86024a4fa91c4b919c6bf7d14d030232d1b278e47a39c03efbe698cebb092a16,True,653.7563129095361,19,15618.32470703125,15810.0,2,361.95570894051343,41.62841395009309,,
monitor,0,7,49cd6149f02ec01ee03a6eb8287ab2df:f982e9dfaf25:0:2,cf7957792cc42aad7f2f87beb1240027c78a84aebb3babafec5afeab6040dc38,True,638.4271180722862,18,15618.32470703125,15810.0,2,362.34615510329604,42.15336707420647,,
monitor,0,8,49cd6149f02ec01ee03a6eb8287ab2df:f982e9dfaf25:0:3,e62c1d2a0e028a848bf11c6aee602c7b04b7c5d57080024b56092666b47f8121,True,706.6002510255203,22,15618.32470703125,15810.0,2,362.3148800106719,41.709415963850915,,
monitor,0,9,49cd6149f02ec01ee03a6eb8287ab2df:f982e9dfaf25:0:4,f9472589f3263b5d01f4798bd4b1db08a9f8d5bfd4a7de1f6a20d7afa4d2fc9d,True,621.7231020564213,17,15618.32470703125,15810.0,2,362.5683900900185,41.96572303771973,,
monitor,0,10,49cd6149f02ec01ee03a6eb8287ab2df:81739d7eb99c:0:0,dfa96710626dd8454b20bab58edadf81faa7374948fab10c0910e55037cea818,True,673.1736980145797,20,15618.32470703125,15810.0,2,363.9132500393316,41.98630608152598,,
monitor,0,11,49cd6149f02ec01ee03a6eb8287ab2df:81739d7eb99c:0:1,86024a4fa91c4b919c6bf7d14d030232d1b278e47a39c03efbe698cebb092a16,True,652.7730260277167,19,15618.32470703125,15810.0,2,361.91280896309763,41.530332993716,,
monitor,0,12,49cd6149f02ec01ee03a6eb8287ab2df:81739d7eb99c:0:2,cf7957792cc42aad7f2f87beb1240027c78a84aebb3babafec5afeab6040dc38,True,636.0713780159131,18,15618.32470703125,15810.0,2,361.4147159969434,41.59825702663511,,
monitor,0,13,49cd6149f02ec01ee03a6eb8287ab2df:81739d7eb99c:0:3,e62c1d2a0e028a848bf11c6aee602c7b04b7c5d57080024b56092666b47f8121,True,706.2082759803161,22,15618.32470703125,15810.0,2,362.197452923283,41.74644500017166,,
monitor,0,14,49cd6149f02ec01ee03a6eb8287ab2df:81739d7eb99c:0:4,f9472589f3263b5d01f4798bd4b1db08a9f8d5bfd4a7de1f6a20d7afa4d2fc9d,True,618.6290399637073,17,15618.32470703125,15810.0,2,361.580119933933,41.58498498145491,,
monitor,0,15,c6050fe51d3408b1eaef27e08e7f1956:1458b54ae2f6:0:0,0c2763434c50e20730f49847263ef9024806cb1a0560c523ed77737027dc7584,True,621.8382370425388,17,15618.72802734375,15810.0,2,363.46483195666224,42.116996948607266,,
monitor,0,16,c6050fe51d3408b1eaef27e08e7f1956:1458b54ae2f6:0:1,664067171cd1bbc5ce837d235ed3ea23011690faf92d70710e11636621c1b115,True,841.7705580359325,30,15618.72802734375,15810.0,2,362.3060730751604,41.631966014392674,,
monitor,0,17,c6050fe51d3408b1eaef27e08e7f1956:1458b54ae2f6:0:2,c6b78a53ab1e086ea1b1d04c24bdf6d361a4c414a514fa6f179a43df6e2fb518,True,894.2759040510282,33,15618.72802734375,15810.0,2,361.79278104100376,41.57742508687079,,
monitor,0,18,c6050fe51d3408b1eaef27e08e7f1956:1458b54ae2f6:0:3,76081f5fd3a7d2fecc5219b9f1a003927ab2f0a03cbcea2809aa13575b12704d,True,535.8920180005953,12,15618.72802734375,15810.0,2,362.70499997772276,41.880644974298775,,
monitor,0,19,c6050fe51d3408b1eaef27e08e7f1956:1458b54ae2f6:0:4,ad3a25be620e9e8363cf8b064f96e3948b2c3e9ae99d2778aa19fe9e3c58386a,True,946.1738890968263,36,15618.72802734375,15810.0,2,362.3015570919961,41.9404290150851,,
monitor,0,20,c6050fe51d3408b1eaef27e08e7f1956:e4e99a4d6532:0:0,0c2763434c50e20730f49847263ef9024806cb1a0560c523ed77737027dc7584,True,622.0529050333425,17,15618.72802734375,15810.0,2,363.5615899693221,42.838380904868245,,
monitor,0,21,c6050fe51d3408b1eaef27e08e7f1956:e4e99a4d6532:0:1,664067171cd1bbc5ce837d235ed3ea23011690faf92d70710e11636621c1b115,True,840.5795500148088,30,15618.72802734375,15810.0,2,362.20746801700443,41.63540306035429,,
monitor,0,22,c6050fe51d3408b1eaef27e08e7f1956:e4e99a4d6532:0:2,c6b78a53ab1e086ea1b1d04c24bdf6d361a4c414a514fa6f179a43df6e2fb518,True,895.4778159968555,33,15618.72802734375,15810.0,2,362.9302979679778,41.98920005001128,,
monitor,0,23,c6050fe51d3408b1eaef27e08e7f1956:e4e99a4d6532:0:3,76081f5fd3a7d2fecc5219b9f1a003927ab2f0a03cbcea2809aa13575b12704d,True,535.1574399974197,12,15618.72802734375,15810.0,2,362.0634729741141,41.653253021650016,,
monitor,0,24,c6050fe51d3408b1eaef27e08e7f1956:e4e99a4d6532:0:4,ad3a25be620e9e8363cf8b064f96e3948b2c3e9ae99d2778aa19fe9e3c58386a,True,945.9813330322504,36,15618.72802734375,15810.0,2,361.91811808384955,41.81904799770564,,
monitor,0,25,bb98dd0bceac09d24db1ecb2af549a92:377f7f0dd150:0:0,c7fdec5fa5d5e1adf291637b9bb1fe8f118cbb3eb57af7ef76921e247600c9c6,True,654.3009330052882,19,15618.32470703125,15810.0,2,362.30510694440454,41.74384695943445,,
monitor,0,26,bb98dd0bceac09d24db1ecb2af549a92:377f7f0dd150:0:1,4af9997807defa232e553246d42901a0d746fdbefff91462d7ee0c1a91ca74e4,True,773.9110379479825,26,15618.32470703125,15810.0,2,361.88806302379817,41.661464027129114,,
monitor,0,27,bb98dd0bceac09d24db1ecb2af549a92:377f7f0dd150:0:2,75d13c8ce97c12289f2430a015d1d7989bcb997955ebfd456b23a70f3283334e,True,739.1424219822511,24,15618.32470703125,15810.0,2,361.76630202680826,41.785186040215194,,
monitor,0,28,bb98dd0bceac09d24db1ecb2af549a92:377f7f0dd150:0:3,07076b19c18093e788139445acd32421179c80fb131abb5020ab511b244dfaf3,True,551.4734229072928,13,15618.32470703125,15810.0,2,361.78119492251426,41.60020896233618,,
monitor,0,29,bb98dd0bceac09d24db1ecb2af549a92:377f7f0dd150:0:4,07076b19c18093e788139445acd32421179c80fb131abb5020ab511b244dfaf3,True,551.6665680333972,13,15618.32470703125,15810.0,2,362.79234604444355,41.86195298098028,,
monitor,0,30,bb98dd0bceac09d24db1ecb2af549a92:2cf3a7a3a65c:0:0,c7fdec5fa5d5e1adf291637b9bb1fe8f118cbb3eb57af7ef76921e247600c9c6,True,653.548012021929,19,15618.32470703125,15810.0,2,361.7921400582418,41.651317034848034,,
monitor,0,31,bb98dd0bceac09d24db1ecb2af549a92:2cf3a7a3a65c:0:1,4af9997807defa232e553246d42901a0d746fdbefff91462d7ee0c1a91ca74e4,True,815.4502359684557,26,15618.32470703125,15810.0,2,403.41727097984403,42.57072298787534,,
monitor,0,32,bb98dd0bceac09d24db1ecb2af549a92:2cf3a7a3a65c:0:2,75d13c8ce97c12289f2430a015d1d7989bcb997955ebfd456b23a70f3283334e,True,741.1593669094145,24,15618.32470703125,15810.0,2,362.43322293739766,41.79368901532143,,
monitor,0,33,bb98dd0bceac09d24db1ecb2af549a92:2cf3a7a3a65c:0:3,07076b19c18093e788139445acd32421179c80fb131abb5020ab511b244dfaf3,True,551.877117017284,13,15618.32470703125,15810.0,2,362.3015369521454,41.90507298335433,,
monitor,0,34,bb98dd0bceac09d24db1ecb2af549a92:2cf3a7a3a65c:0:4,07076b19c18093e788139445acd32421179c80fb131abb5020ab511b244dfaf3,True,550.9318960830569,13,15618.32470703125,15810.0,2,361.846209038049,41.6776470374316,,
monitor,0,35,b877dd782edba758ab429e3ee3de3329:97e16cc551e4:0:0,62517bae74e7259c57a7da56e4f54b797cf2a664727fb53fe05de2f3598ea92d,True,703.4108579391614,22,15618.39794921875,15810.0,2,361.8896659463644,41.59444093238562,,
monitor,0,36,b877dd782edba758ab429e3ee3de3329:97e16cc551e4:0:1,d84210bceb3038c1ed37c6ee7bc057db462ddedaa6823742af8a6d297cb431da,True,773.0922111077234,26,15618.39794921875,15810.0,2,362.404857063666,42.096617980860174,,
monitor,0,37,b877dd782edba758ab429e3ee3de3329:97e16cc551e4:0:2,e2d8c9e2e95c4938f7be5f7610f5dd612f23c22b2461cafe849ff52d619824cd,True,773.023171001114,26,15618.39794921875,15810.0,2,361.93532997276634,41.573802940547466,,
monitor,0,38,b877dd782edba758ab429e3ee3de3329:97e16cc551e4:0:3,94d4ffe585b52d02528404f4f0629286595977610fc216797666ffe14a17ed0c,True,636.5460299421102,18,15618.39794921875,15810.0,2,361.8813609937206,41.77060700021684,,
monitor,0,39,b877dd782edba758ab429e3ee3de3329:97e16cc551e4:0:4,aba8c2cf6367e2e8a95bb52794ddcb426d595fad022cf2d457da88045f881ed0,True,604.2725369334221,16,15618.39794921875,15810.0,2,363.0678500048816,41.802210034802556,,
monitor,0,40,b877dd782edba758ab429e3ee3de3329:dd7f6c9e007d:0:0,62517bae74e7259c57a7da56e4f54b797cf2a664727fb53fe05de2f3598ea92d,True,705.9063470223919,22,15618.39794921875,15810.0,2,361.94539605639875,41.88556002918631,,
monitor,0,41,b877dd782edba758ab429e3ee3de3329:dd7f6c9e007d:0:1,d84210bceb3038c1ed37c6ee7bc057db462ddedaa6823742af8a6d297cb431da,True,774.3930979631841,26,15618.39794921875,15810.0,2,361.73837597016245,41.433172998949885,,
monitor,0,42,b877dd782edba758ab429e3ee3de3329:dd7f6c9e007d:0:2,e2d8c9e2e95c4938f7be5f7610f5dd612f23c22b2461cafe849ff52d619824cd,True,797.4727879045531,26,15618.39794921875,15810.0,2,385.67602389957756,42.33459592796862,,
monitor,0,43,b877dd782edba758ab429e3ee3de3329:dd7f6c9e007d:0:3,94d4ffe585b52d02528404f4f0629286595977610fc216797666ffe14a17ed0c,True,638.3934890618548,18,15618.39794921875,15810.0,2,362.4229700071737,41.56000097282231,,
monitor,0,44,b877dd782edba758ab429e3ee3de3329:dd7f6c9e007d:0:4,aba8c2cf6367e2e8a95bb52794ddcb426d595fad022cf2d457da88045f881ed0,True,602.2635460831225,16,15618.39794921875,15810.0,2,362.3795190360397,41.68999404646456,,
monitor,0,45,4f59fbf51a0a5bfb4dc5af02cf294693:993dac5396a0:0:0,aa1f1fd8a9efcb963811de5e984dc16d83696aa7e913ba6980ace9aa76b7f7a3,True,637.3121190117672,18,15618.58154296875,15810.0,2,361.79912206716835,41.69440106488764,,
monitor,0,46,4f59fbf51a0a5bfb4dc5af02cf294693:993dac5396a0:0:1,bdcb900eea2a0e63a259e4fe2376f8cc3aec08e4611682d3f4ee038edca9d017,True,501.62737898062915,10,15618.58154296875,15810.0,2,362.412796006538,41.75313701853156,,
monitor,0,47,4f59fbf51a0a5bfb4dc5af02cf294693:993dac5396a0:0:2,f3e746a5a573b9140378e527f40ef9a01e1da198199bb2597c74356d9befd366,True,775.7492589298636,26,15618.58154296875,15810.0,2,362.6952429767698,41.95291199721396,,
monitor,0,48,4f59fbf51a0a5bfb4dc5af02cf294693:993dac5396a0:0:3,f77a4c18118683cabf2ce423b4a1474e9a020c00dc184984ee227d2432eaaeca,True,774.8597210738808,26,15618.58154296875,15810.0,2,362.2857230948284,41.93161998409778,,
monitor,0,49,4f59fbf51a0a5bfb4dc5af02cf294693:993dac5396a0:0:4,082a3f27a64a793001365f40fd7d76058660d5148036e68127b7775445e5f79a,True,501.33366498630494,10,15618.58154296875,15810.0,2,363.61212003976107,42.064069071784616,,
monitor,1,0,1a938d25604410ccd63b60285919eaec:c627e50da685:0:0,ad7432ad3647d5979a4c8f07ea59db904408a5ca59b44fc807019ff723c8fe9d,True,533.845073892735,12,15618.58154296875,15810.0,2,361.98683199472725,41.87220707535744,,
monitor,1,1,1a938d25604410ccd63b60285919eaec:c627e50da685:0:1,ad7432ad3647d5979a4c8f07ea59db904408a5ca59b44fc807019ff723c8fe9d,True,534.0742060216144,12,15618.58154296875,15810.0,2,362.3436620691791,41.931261075660586,,
monitor,1,2,1a938d25604410ccd63b60285919eaec:c627e50da685:0:2,45b29a4f9a357408272a3d9ee292dd9f825df58412a294bc76edad70933ff8f3,True,534.8341299686581,12,15618.58154296875,15810.0,2,362.5277989776805,42.208850965835154,,
monitor,1,3,1a938d25604410ccd63b60285919eaec:c627e50da685:0:3,8f13312bc57593ae709f0e55a18489d480c2a86c8038ac06144174a3f51b5600,True,534.0142559725791,12,15618.58154296875,15810.0,2,361.715747974813,41.828467044979334,,
monitor,1,4,1a938d25604410ccd63b60285919eaec:c627e50da685:0:4,8f13312bc57593ae709f0e55a18489d480c2a86c8038ac06144174a3f51b5600,True,536.4655199227855,12,15618.58154296875,15810.0,2,363.1393469404429,42.562937014736235,,
monitor,1,5,49cd6149f02ec01ee03a6eb8287ab2df:f982e9dfaf25:0:0,dfa96710626dd8454b20bab58edadf81faa7374948fab10c0910e55037cea818,True,673.459243029356,20,15618.32470703125,15810.0,2,363.4820270817727,41.918073082342744,,
monitor,1,6,49cd6149f02ec01ee03a6eb8287ab2df:f982e9dfaf25:0:1,86024a4fa91c4b919c6bf7d14d030232d1b278e47a39c03efbe698cebb092a16,True,654.7736179782078,19,15618.32470703125,15810.0,2,362.3329650145024,41.8174370424822,,
monitor,1,7,49cd6149f02ec01ee03a6eb8287ab2df:f982e9dfaf25:0:2,cf7957792cc42aad7f2f87beb1240027c78a84aebb3babafec5afeab6040dc38,True,637.1080559911206,18,15618.32470703125,15810.0,2,362.0225080521777,41.732733021490276,,
monitor,1,8,49cd6149f02ec01ee03a6eb8287ab2df:f982e9dfaf25:0:3,e62c1d2a0e028a848bf11c6aee602c7b04b7c5d57080024b56092666b47f8121,True,705.6710550095886,22,15618.32470703125,15810.0,2,362.2320640133694,41.858790908008814,,
monitor,1,9,49cd6149f02ec01ee03a6eb8287ab2df:f982e9dfaf25:0:4,f9472589f3263b5d01f4798bd4b1db08a9f8d5bfd4a7de1f6a20d7afa4d2fc9d,True,619.9982190737501,17,15618.32470703125,15810.0,2,362.2355980332941,41.910375002771616,,
monitor,1,10,49cd6149f02ec01ee03a6eb8287ab2df:81739d7eb99c:0:0,dfa96710626dd8454b20bab58edadf81faa7374948fab10c0910e55037cea818,True,671.7955810017884,20,15618.32470703125,15810.0,2,363.2180109852925,42.5499560078606,,
monitor,1,11,49cd6149f02ec01ee03a6eb8287ab2df:81739d7eb99c:0:1,86024a4fa91c4b919c6bf7d14d030232d1b278e47a39c03efbe698cebb092a16,True,656.1134989606217,19,15618.32470703125,15810.0,2,363.5809150291607,41.62908811122179,,
monitor,1,12,49cd6149f02ec01ee03a6eb8287ab2df:81739d7eb99c:0:2,cf7957792cc42aad7f2f87beb1240027c78a84aebb3babafec5afeab6040dc38,True,637.8777050413191,18,15618.32470703125,15810.0,2,362.12261801119894,41.722385911270976,,
monitor,1,13,49cd6149f02ec01ee03a6eb8287ab2df:81739d7eb99c:0:3,e62c1d2a0e028a848bf11c6aee602c7b04b7c5d57080024b56092666b47f8121,True,706.5343770664185,22,15618.32470703125,15810.0,2,362.0547950267792,41.78354504983872,,
monitor,1,14,49cd6149f02ec01ee03a6eb8287ab2df:81739d7eb99c:0:4,f9472589f3263b5d01f4798bd4b1db08a9f8d5bfd4a7de1f6a20d7afa4d2fc9d,True,620.513029047288,17,15618.32470703125,15810.0,2,362.7787510631606,41.90208006184548,,
monitor,1,15,c6050fe51d3408b1eaef27e08e7f1956:1458b54ae2f6:0:0,0c2763434c50e20730f49847263ef9024806cb1a0560c523ed77737027dc7584,True,619.4061150308698,17,15618.72802734375,15810.0,2,362.79882001690567,41.74458503257483,,
monitor,1,16,c6050fe51d3408b1eaef27e08e7f1956:1458b54ae2f6:0:1,664067171cd1bbc5ce837d235ed3ea23011690faf92d70710e11636621c1b115,True,843.9237909624353,30,15618.72802734375,15810.0,2,362.8755940590054,42.42681304458529,,
monitor,1,17,c6050fe51d3408b1eaef27e08e7f1956:1458b54ae2f6:0:2,c6b78a53ab1e086ea1b1d04c24bdf6d361a4c414a514fa6f179a43df6e2fb518,True,895.7583910087124,33,15618.72802734375,15810.0,2,362.54026100505143,41.85615899041295,,
monitor,1,18,c6050fe51d3408b1eaef27e08e7f1956:1458b54ae2f6:0:3,76081f5fd3a7d2fecc5219b9f1a003927ab2f0a03cbcea2809aa13575b12704d,True,535.3592659812421,12,15618.72802734375,15810.0,2,362.50855203252286,41.65966098662466,,
monitor,1,19,c6050fe51d3408b1eaef27e08e7f1956:1458b54ae2f6:0:4,ad3a25be620e9e8363cf8b064f96e3948b2c3e9ae99d2778aa19fe9e3c58386a,True,946.7517349403352,36,15618.72802734375,15810.0,2,362.0342549402267,41.60153993871063,,
monitor,1,20,c6050fe51d3408b1eaef27e08e7f1956:e4e99a4d6532:0:0,0c2763434c50e20730f49847263ef9024806cb1a0560c523ed77737027dc7584,True,620.1727839652449,17,15618.72802734375,15810.0,2,362.4222460202873,41.743854992091656,,
monitor,1,21,c6050fe51d3408b1eaef27e08e7f1956:e4e99a4d6532:0:1,664067171cd1bbc5ce837d235ed3ea23011690faf92d70710e11636621c1b115,True,844.7385691106319,30,15618.72802734375,15810.0,2,363.28738601878285,41.89147392753512,,
monitor,1,22,c6050fe51d3408b1eaef27e08e7f1956:e4e99a4d6532:0:2,c6b78a53ab1e086ea1b1d04c24bdf6d361a4c414a514fa6f179a43df6e2fb518,True,895.0052399886772,33,15618.72802734375,15810.0,2,362.84807801712304,41.60190303809941,,
monitor,1,23,c6050fe51d3408b1eaef27e08e7f1956:e4e99a4d6532:0:3,76081f5fd3a7d2fecc5219b9f1a003927ab2f0a03cbcea2809aa13575b12704d,True,535.0822280161083,12,15618.72802734375,15810.0,2,362.4642480863258,41.67792701628059,,
monitor,1,24,c6050fe51d3408b1eaef27e08e7f1956:e4e99a4d6532:0:4,ad3a25be620e9e8363cf8b064f96e3948b2c3e9ae99d2778aa19fe9e3c58386a,True,943.4575350023806,36,15618.72802734375,15810.0,2,361.986500909552,41.83809494134039,,
monitor,1,25,bb98dd0bceac09d24db1ecb2af549a92:377f7f0dd150:0:0,c7fdec5fa5d5e1adf291637b9bb1fe8f118cbb3eb57af7ef76921e247600c9c6,True,653.9794350974262,19,15618.32470703125,15810.0,2,362.48626303859055,41.668938007205725,,
monitor,1,26,bb98dd0bceac09d24db1ecb2af549a92:377f7f0dd150:0:1,4af9997807defa232e553246d42901a0d746fdbefff91462d7ee0c1a91ca74e4,True,776.1459649773315,26,15618.32470703125,15810.0,2,363.2804729277268,42.33183397445828,,
monitor,1,27,bb98dd0bceac09d24db1ecb2af549a92:377f7f0dd150:0:2,75d13c8ce97c12289f2430a015d1d7989bcb997955ebfd456b23a70f3283334e,True,740.727371070534,24,15618.32470703125,15810.0,2,362.62097209692,42.01535100582987,,
monitor,1,28,bb98dd0bceac09d24db1ecb2af549a92:377f7f0dd150:0:3,07076b19c18093e788139445acd32421179c80fb131abb5020ab511b244dfaf3,True,552.55959299393,13,15618.32470703125,15810.0,2,362.902446067892,41.74990998581052,,
monitor,1,29,bb98dd0bceac09d24db1ecb2af549a92:377f7f0dd150:0:4,07076b19c18093e788139445acd32421179c80fb131abb5020ab511b244dfaf3,True,552.8913619928062,13,15618.32470703125,15810.0,2,363.37689496576786,41.69828398153186,,
monitor,1,30,bb98dd0bceac09d24db1ecb2af549a92:2cf3a7a3a65c:0:0,c7fdec5fa5d5e1adf291637b9bb1fe8f118cbb3eb57af7ef76921e247600c9c6,True,654.4374980730936,19,15618.32470703125,15810.0,2,362.17091302387416,41.655009030364454,,
monitor,1,31,bb98dd0bceac09d24db1ecb2af549a92:2cf3a7a3a65c:0:1,4af9997807defa232e553246d42901a0d746fdbefff91462d7ee0c1a91ca74e4,True,774.2483899928629,26,15618.32470703125,15810.0,2,362.7819400280714,41.614499990828335,,
monitor,1,32,bb98dd0bceac09d24db1ecb2af549a92:2cf3a7a3a65c:0:2,75d13c8ce97c12289f2430a015d1d7989bcb997955ebfd456b23a70f3283334e,True,739.2842560075223,24,15618.32470703125,15810.0,2,362.80931101646274,41.742650908418,,
monitor,1,33,bb98dd0bceac09d24db1ecb2af549a92:2cf3a7a3a65c:0:3,07076b19c18093e788139445acd32421179c80fb131abb5020ab511b244dfaf3,True,552.411403041333,13,15618.32470703125,15810.0,2,362.6195240067318,41.61926300730556,,
monitor,1,34,bb98dd0bceac09d24db1ecb2af549a92:2cf3a7a3a65c:0:4,07076b19c18093e788139445acd32421179c80fb131abb5020ab511b244dfaf3,True,552.5228190235794,13,15618.32470703125,15810.0,2,362.0506610022858,41.74848098773509,,
monitor,1,35,b877dd782edba758ab429e3ee3de3329:97e16cc551e4:0:0,62517bae74e7259c57a7da56e4f54b797cf2a664727fb53fe05de2f3598ea92d,True,707.8731020446867,22,15618.39794921875,15810.0,2,362.84548498224467,42.0518999453634,,
monitor,1,36,b877dd782edba758ab429e3ee3de3329:97e16cc551e4:0:1,d84210bceb3038c1ed37c6ee7bc057db462ddedaa6823742af8a6d297cb431da,True,776.3561669271439,26,15618.39794921875,15810.0,2,362.466053920798,41.72704298980534,,
monitor,1,37,b877dd782edba758ab429e3ee3de3329:97e16cc551e4:0:2,e2d8c9e2e95c4938f7be5f7610f5dd612f23c22b2461cafe849ff52d619824cd,True,777.1090139867738,26,15618.39794921875,15810.0,2,362.21111100167036,41.692450060509145,,
monitor,1,38,b877dd782edba758ab429e3ee3de3329:97e16cc551e4:0:3,94d4ffe585b52d02528404f4f0629286595977610fc216797666ffe14a17ed0c,True,656.0278279939666,18,15618.39794921875,15810.0,2,379.8949249321595,42.23350598476827,,
monitor,1,39,b877dd782edba758ab429e3ee3de3329:97e16cc551e4:0:4,aba8c2cf6367e2e8a95bb52794ddcb426d595fad022cf2d457da88045f881ed0,True,603.1078769592568,16,15618.39794921875,15810.0,2,362.11824999190867,41.80353204719722,,
monitor,1,40,b877dd782edba758ab429e3ee3de3329:dd7f6c9e007d:0:0,62517bae74e7259c57a7da56e4f54b797cf2a664727fb53fe05de2f3598ea92d,True,706.5712689654902,22,15618.39794921875,15810.0,2,362.5766299664974,41.377760004252195,,
monitor,1,41,b877dd782edba758ab429e3ee3de3329:dd7f6c9e007d:0:1,d84210bceb3038c1ed37c6ee7bc057db462ddedaa6823742af8a6d297cb431da,True,775.6693969713524,26,15618.39794921875,15810.0,2,362.02305799815804,41.756315040402114,,
monitor,1,42,b877dd782edba758ab429e3ee3de3329:dd7f6c9e007d:0:2,e2d8c9e2e95c4938f7be5f7610f5dd612f23c22b2461cafe849ff52d619824cd,True,775.3888629376888,26,15618.39794921875,15810.0,2,362.5793409300968,41.679399902932346,,
monitor,1,43,b877dd782edba758ab429e3ee3de3329:dd7f6c9e007d:0:3,94d4ffe585b52d02528404f4f0629286595977610fc216797666ffe14a17ed0c,True,637.8614340210333,18,15618.39794921875,15810.0,2,362.77437792159617,42.05803095828742,,
monitor,1,44,b877dd782edba758ab429e3ee3de3329:dd7f6c9e007d:0:4,aba8c2cf6367e2e8a95bb52794ddcb426d595fad022cf2d457da88045f881ed0,True,603.7918619113043,16,15618.39794921875,15810.0,2,362.5592269236222,41.66019894182682,,
monitor,1,45,4f59fbf51a0a5bfb4dc5af02cf294693:993dac5396a0:0:0,aa1f1fd8a9efcb963811de5e984dc16d83696aa7e913ba6980ace9aa76b7f7a3,True,651.4257759554312,18,15618.58154296875,15810.0,2,375.73210697155446,41.96308902464807,,
monitor,1,46,4f59fbf51a0a5bfb4dc5af02cf294693:993dac5396a0:0:1,bdcb900eea2a0e63a259e4fe2376f8cc3aec08e4611682d3f4ee038edca9d017,True,500.52119605243206,10,15618.58154296875,15810.0,2,362.3064410639927,41.822217986918986,,
monitor,1,47,4f59fbf51a0a5bfb4dc5af02cf294693:993dac5396a0:0:2,f3e746a5a573b9140378e527f40ef9a01e1da198199bb2597c74356d9befd366,True,774.5307290460914,26,15618.58154296875,15810.0,2,362.0757911121473,41.71141004189849,,
monitor,1,48,4f59fbf51a0a5bfb4dc5af02cf294693:993dac5396a0:0:3,f77a4c18118683cabf2ce423b4a1474e9a020c00dc184984ee227d2432eaaeca,True,775.3319250186905,26,15618.58154296875,15810.0,2,362.28291294537485,41.857037926092744,,
monitor,1,49,4f59fbf51a0a5bfb4dc5af02cf294693:993dac5396a0:0:4,082a3f27a64a793001365f40fd7d76058660d5148036e68127b7775445e5f79a,True,503.3134720288217,10,15618.58154296875,15810.0,2,364.80610503349453,42.795074987225235,,
step_hook,0,0,1a938d25604410ccd63b60285919eaec:c627e50da685:0:0,ad7432ad3647d5979a4c8f07ea59db904408a5ca59b44fc807019ff723c8fe9d,True,563.2108069257811,12,15617.70556640625,15810.0,0,,,,
step_hook,0,1,1a938d25604410ccd63b60285919eaec:c627e50da685:0:1,ad7432ad3647d5979a4c8f07ea59db904408a5ca59b44fc807019ff723c8fe9d,True,532.270970987156,12,15617.70556640625,15810.0,0,,,,
step_hook,0,2,1a938d25604410ccd63b60285919eaec:c627e50da685:0:2,45b29a4f9a357408272a3d9ee292dd9f825df58412a294bc76edad70933ff8f3,True,532.574187964201,12,15617.70556640625,15810.0,0,,,,
step_hook,0,3,1a938d25604410ccd63b60285919eaec:c627e50da685:0:3,8f13312bc57593ae709f0e55a18489d480c2a86c8038ac06144174a3f51b5600,True,532.5585709651932,12,15617.70556640625,15810.0,0,,,,
step_hook,0,4,1a938d25604410ccd63b60285919eaec:c627e50da685:0:4,8f13312bc57593ae709f0e55a18489d480c2a86c8038ac06144174a3f51b5600,True,560.5393489822745,12,15617.70556640625,15810.0,0,,,,
step_hook,0,5,49cd6149f02ec01ee03a6eb8287ab2df:f982e9dfaf25:0:0,dfa96710626dd8454b20bab58edadf81faa7374948fab10c0910e55037cea818,True,671.1381049826741,20,15617.44873046875,15810.0,0,,,,
step_hook,0,6,49cd6149f02ec01ee03a6eb8287ab2df:f982e9dfaf25:0:1,86024a4fa91c4b919c6bf7d14d030232d1b278e47a39c03efbe698cebb092a16,True,654.5129669830203,19,15617.44873046875,15810.0,0,,,,
step_hook,0,7,49cd6149f02ec01ee03a6eb8287ab2df:f982e9dfaf25:0:2,cf7957792cc42aad7f2f87beb1240027c78a84aebb3babafec5afeab6040dc38,True,634.1755749890581,18,15617.44873046875,15810.0,0,,,,
step_hook,0,8,49cd6149f02ec01ee03a6eb8287ab2df:f982e9dfaf25:0:3,e62c1d2a0e028a848bf11c6aee602c7b04b7c5d57080024b56092666b47f8121,True,705.0838940776885,22,15617.44873046875,15810.0,0,,,,
step_hook,0,9,49cd6149f02ec01ee03a6eb8287ab2df:f982e9dfaf25:0:4,f9472589f3263b5d01f4798bd4b1db08a9f8d5bfd4a7de1f6a20d7afa4d2fc9d,True,618.5745949624106,17,15617.44873046875,15810.0,0,,,,
step_hook,0,10,49cd6149f02ec01ee03a6eb8287ab2df:81739d7eb99c:0:0,dfa96710626dd8454b20bab58edadf81faa7374948fab10c0910e55037cea818,True,669.0006860299036,20,15617.44873046875,15810.0,0,,,,
step_hook,0,11,49cd6149f02ec01ee03a6eb8287ab2df:81739d7eb99c:0:1,86024a4fa91c4b919c6bf7d14d030232d1b278e47a39c03efbe698cebb092a16,True,650.0330709386617,19,15617.44873046875,15810.0,0,,,,
step_hook,0,12,49cd6149f02ec01ee03a6eb8287ab2df:81739d7eb99c:0:2,cf7957792cc42aad7f2f87beb1240027c78a84aebb3babafec5afeab6040dc38,True,636.633898015134,18,15617.44873046875,15810.0,0,,,,
step_hook,0,13,49cd6149f02ec01ee03a6eb8287ab2df:81739d7eb99c:0:3,e62c1d2a0e028a848bf11c6aee602c7b04b7c5d57080024b56092666b47f8121,True,704.3952969834208,22,15617.44873046875,15810.0,0,,,,
step_hook,0,14,49cd6149f02ec01ee03a6eb8287ab2df:81739d7eb99c:0:4,f9472589f3263b5d01f4798bd4b1db08a9f8d5bfd4a7de1f6a20d7afa4d2fc9d,True,617.6900550490245,17,15617.44873046875,15810.0,0,,,,
step_hook,0,15,c6050fe51d3408b1eaef27e08e7f1956:1458b54ae2f6:0:0,0c2763434c50e20730f49847263ef9024806cb1a0560c523ed77737027dc7584,True,618.7744740163907,17,15617.85205078125,15810.0,0,,,,
step_hook,0,16,c6050fe51d3408b1eaef27e08e7f1956:1458b54ae2f6:0:1,664067171cd1bbc5ce837d235ed3ea23011690faf92d70710e11636621c1b115,True,840.270112035796,30,15617.85205078125,15810.0,0,,,,
step_hook,0,17,c6050fe51d3408b1eaef27e08e7f1956:1458b54ae2f6:0:2,c6b78a53ab1e086ea1b1d04c24bdf6d361a4c414a514fa6f179a43df6e2fb518,True,892.9028180427849,33,15617.85205078125,15810.0,0,,,,
step_hook,0,18,c6050fe51d3408b1eaef27e08e7f1956:1458b54ae2f6:0:3,76081f5fd3a7d2fecc5219b9f1a003927ab2f0a03cbcea2809aa13575b12704d,True,532.5202610110864,12,15617.85205078125,15810.0,0,,,,
step_hook,0,19,c6050fe51d3408b1eaef27e08e7f1956:1458b54ae2f6:0:4,ad3a25be620e9e8363cf8b064f96e3948b2c3e9ae99d2778aa19fe9e3c58386a,True,941.0588110331446,36,15617.85205078125,15810.0,0,,,,
step_hook,0,20,c6050fe51d3408b1eaef27e08e7f1956:e4e99a4d6532:0:0,0c2763434c50e20730f49847263ef9024806cb1a0560c523ed77737027dc7584,True,618.1123970309272,17,15617.85205078125,15810.0,0,,,,
step_hook,0,21,c6050fe51d3408b1eaef27e08e7f1956:e4e99a4d6532:0:1,664067171cd1bbc5ce837d235ed3ea23011690faf92d70710e11636621c1b115,True,840.1232159230858,30,15617.85205078125,15810.0,0,,,,
step_hook,0,22,c6050fe51d3408b1eaef27e08e7f1956:e4e99a4d6532:0:2,c6b78a53ab1e086ea1b1d04c24bdf6d361a4c414a514fa6f179a43df6e2fb518,True,890.9562269691378,33,15617.85205078125,15810.0,0,,,,
step_hook,0,23,c6050fe51d3408b1eaef27e08e7f1956:e4e99a4d6532:0:3,76081f5fd3a7d2fecc5219b9f1a003927ab2f0a03cbcea2809aa13575b12704d,True,532.9387868987396,12,15617.85205078125,15810.0,0,,,,
step_hook,0,24,c6050fe51d3408b1eaef27e08e7f1956:e4e99a4d6532:0:4,ad3a25be620e9e8363cf8b064f96e3948b2c3e9ae99d2778aa19fe9e3c58386a,True,942.0740180648863,36,15617.85205078125,15810.0,0,,,,
step_hook,0,25,bb98dd0bceac09d24db1ecb2af549a92:377f7f0dd150:0:0,c7fdec5fa5d5e1adf291637b9bb1fe8f118cbb3eb57af7ef76921e247600c9c6,True,654.331405996345,19,15617.44873046875,15810.0,0,,,,
step_hook,0,26,bb98dd0bceac09d24db1ecb2af549a92:377f7f0dd150:0:1,4af9997807defa232e553246d42901a0d746fdbefff91462d7ee0c1a91ca74e4,True,772.696919972077,26,15617.44873046875,15810.0,0,,,,
step_hook,0,27,bb98dd0bceac09d24db1ecb2af549a92:377f7f0dd150:0:2,75d13c8ce97c12289f2430a015d1d7989bcb997955ebfd456b23a70f3283334e,True,736.6120150545612,24,15617.44873046875,15810.0,0,,,,
step_hook,0,28,bb98dd0bceac09d24db1ecb2af549a92:377f7f0dd150:0:3,07076b19c18093e788139445acd32421179c80fb131abb5020ab511b244dfaf3,True,549.0092079853639,13,15617.44873046875,15810.0,0,,,,
step_hook,0,29,bb98dd0bceac09d24db1ecb2af549a92:377f7f0dd150:0:4,07076b19c18093e788139445acd32421179c80fb131abb5020ab511b244dfaf3,True,549.2103899596259,13,15617.44873046875,15810.0,0,,,,
step_hook,0,30,bb98dd0bceac09d24db1ecb2af549a92:2cf3a7a3a65c:0:0,c7fdec5fa5d5e1adf291637b9bb1fe8f118cbb3eb57af7ef76921e247600c9c6,True,653.865542029962,19,15617.44873046875,15810.0,0,,,,
step_hook,0,31,bb98dd0bceac09d24db1ecb2af549a92:2cf3a7a3a65c:0:1,4af9997807defa232e553246d42901a0d746fdbefff91462d7ee0c1a91ca74e4,True,771.4264710666612,26,15617.44873046875,15810.0,0,,,,
step_hook,0,32,bb98dd0bceac09d24db1ecb2af549a92:2cf3a7a3a65c:0:2,75d13c8ce97c12289f2430a015d1d7989bcb997955ebfd456b23a70f3283334e,True,738.393921055831,24,15617.44873046875,15810.0,0,,,,
step_hook,0,33,bb98dd0bceac09d24db1ecb2af549a92:2cf3a7a3a65c:0:3,07076b19c18093e788139445acd32421179c80fb131abb5020ab511b244dfaf3,True,550.1138410763815,13,15617.44873046875,15810.0,0,,,,
step_hook,0,34,bb98dd0bceac09d24db1ecb2af549a92:2cf3a7a3a65c:0:4,07076b19c18093e788139445acd32421179c80fb131abb5020ab511b244dfaf3,True,552.7539849281311,13,15617.44873046875,15810.0,0,,,,
step_hook,0,35,b877dd782edba758ab429e3ee3de3329:97e16cc551e4:0:0,62517bae74e7259c57a7da56e4f54b797cf2a664727fb53fe05de2f3598ea92d,True,706.3497040653601,22,15617.52197265625,15810.0,0,,,,
step_hook,0,36,b877dd782edba758ab429e3ee3de3329:97e16cc551e4:0:1,d84210bceb3038c1ed37c6ee7bc057db462ddedaa6823742af8a6d297cb431da,True,771.733648958616,26,15617.52197265625,15810.0,0,,,,
step_hook,0,37,b877dd782edba758ab429e3ee3de3329:97e16cc551e4:0:2,e2d8c9e2e95c4938f7be5f7610f5dd612f23c22b2461cafe849ff52d619824cd,True,772.0588790252805,26,15617.52197265625,15810.0,0,,,,
step_hook,0,38,b877dd782edba758ab429e3ee3de3329:97e16cc551e4:0:3,94d4ffe585b52d02528404f4f0629286595977610fc216797666ffe14a17ed0c,True,634.9412000272423,18,15617.52197265625,15810.0,0,,,,
step_hook,0,39,b877dd782edba758ab429e3ee3de3329:97e16cc551e4:0:4,aba8c2cf6367e2e8a95bb52794ddcb426d595fad022cf2d457da88045f881ed0,True,600.6068639690056,16,15617.52197265625,15810.0,0,,,,
step_hook,0,40,b877dd782edba758ab429e3ee3de3329:dd7f6c9e007d:0:0,62517bae74e7259c57a7da56e4f54b797cf2a664727fb53fe05de2f3598ea92d,True,704.8480829689652,22,15617.52197265625,15810.0,0,,,,
step_hook,0,41,b877dd782edba758ab429e3ee3de3329:dd7f6c9e007d:0:1,d84210bceb3038c1ed37c6ee7bc057db462ddedaa6823742af8a6d297cb431da,True,774.0068740677088,26,15617.52197265625,15810.0,0,,,,
step_hook,0,42,b877dd782edba758ab429e3ee3de3329:dd7f6c9e007d:0:2,e2d8c9e2e95c4938f7be5f7610f5dd612f23c22b2461cafe849ff52d619824cd,True,770.5498209688812,26,15617.52197265625,15810.0,0,,,,
step_hook,0,43,b877dd782edba758ab429e3ee3de3329:dd7f6c9e007d:0:3,94d4ffe585b52d02528404f4f0629286595977610fc216797666ffe14a17ed0c,True,637.2341749956831,18,15617.52197265625,15810.0,0,,,,
step_hook,0,44,b877dd782edba758ab429e3ee3de3329:dd7f6c9e007d:0:4,aba8c2cf6367e2e8a95bb52794ddcb426d595fad022cf2d457da88045f881ed0,True,604.4545129407197,16,15617.52197265625,15810.0,0,,,,
step_hook,0,45,4f59fbf51a0a5bfb4dc5af02cf294693:993dac5396a0:0:0,aa1f1fd8a9efcb963811de5e984dc16d83696aa7e913ba6980ace9aa76b7f7a3,True,638.3701580343768,18,15617.70556640625,15810.0,0,,,,
step_hook,0,46,4f59fbf51a0a5bfb4dc5af02cf294693:993dac5396a0:0:1,bdcb900eea2a0e63a259e4fe2376f8cc3aec08e4611682d3f4ee038edca9d017,True,500.0658370554447,10,15617.70556640625,15810.0,0,,,,
step_hook,0,47,4f59fbf51a0a5bfb4dc5af02cf294693:993dac5396a0:0:2,f3e746a5a573b9140378e527f40ef9a01e1da198199bb2597c74356d9befd366,True,775.3970751073211,26,15617.70556640625,15810.0,0,,,,
step_hook,0,48,4f59fbf51a0a5bfb4dc5af02cf294693:993dac5396a0:0:3,f77a4c18118683cabf2ce423b4a1474e9a020c00dc184984ee227d2432eaaeca,True,776.3652669964358,26,15617.70556640625,15810.0,0,,,,
step_hook,0,49,4f59fbf51a0a5bfb4dc5af02cf294693:993dac5396a0:0:4,082a3f27a64a793001365f40fd7d76058660d5148036e68127b7775445e5f79a,True,501.07368000317365,10,15617.70556640625,15810.0,0,,,,
step_hook,1,0,1a938d25604410ccd63b60285919eaec:c627e50da685:0:0,ad7432ad3647d5979a4c8f07ea59db904408a5ca59b44fc807019ff723c8fe9d,True,535.2894769748673,12,15617.70556640625,15810.0,0,,,,
step_hook,1,1,1a938d25604410ccd63b60285919eaec:c627e50da685:0:1,ad7432ad3647d5979a4c8f07ea59db904408a5ca59b44fc807019ff723c8fe9d,True,536.9551240000874,12,15617.70556640625,15810.0,0,,,,
step_hook,1,2,1a938d25604410ccd63b60285919eaec:c627e50da685:0:2,45b29a4f9a357408272a3d9ee292dd9f825df58412a294bc76edad70933ff8f3,True,538.3757608942688,12,15617.70556640625,15810.0,0,,,,
step_hook,1,3,1a938d25604410ccd63b60285919eaec:c627e50da685:0:3,8f13312bc57593ae709f0e55a18489d480c2a86c8038ac06144174a3f51b5600,True,535.9749990748242,12,15617.70556640625,15810.0,0,,,,
step_hook,1,4,1a938d25604410ccd63b60285919eaec:c627e50da685:0:4,8f13312bc57593ae709f0e55a18489d480c2a86c8038ac06144174a3f51b5600,True,538.8253049459308,12,15617.70556640625,15810.0,0,,,,
step_hook,1,5,49cd6149f02ec01ee03a6eb8287ab2df:f982e9dfaf25:0:0,dfa96710626dd8454b20bab58edadf81faa7374948fab10c0910e55037cea818,True,675.4966550506651,20,15617.44873046875,15810.0,0,,,,
step_hook,1,6,49cd6149f02ec01ee03a6eb8287ab2df:f982e9dfaf25:0:1,86024a4fa91c4b919c6bf7d14d030232d1b278e47a39c03efbe698cebb092a16,True,658.6276319576427,19,15617.44873046875,15810.0,0,,,,
step_hook,1,7,49cd6149f02ec01ee03a6eb8287ab2df:f982e9dfaf25:0:2,cf7957792cc42aad7f2f87beb1240027c78a84aebb3babafec5afeab6040dc38,True,638.1574949482456,18,15617.44873046875,15810.0,0,,,,
step_hook,1,8,49cd6149f02ec01ee03a6eb8287ab2df:f982e9dfaf25:0:3,e62c1d2a0e028a848bf11c6aee602c7b04b7c5d57080024b56092666b47f8121,True,705.0121360225603,22,15617.44873046875,15810.0,0,,,,
step_hook,1,9,49cd6149f02ec01ee03a6eb8287ab2df:f982e9dfaf25:0:4,f9472589f3263b5d01f4798bd4b1db08a9f8d5bfd4a7de1f6a20d7afa4d2fc9d,True,621.0748510202393,17,15617.44873046875,15810.0,0,,,,
step_hook,1,10,49cd6149f02ec01ee03a6eb8287ab2df:81739d7eb99c:0:0,dfa96710626dd8454b20bab58edadf81faa7374948fab10c0910e55037cea818,True,673.0819829972461,20,15617.44873046875,15810.0,0,,,,
step_hook,1,11,49cd6149f02ec01ee03a6eb8287ab2df:81739d7eb99c:0:1,86024a4fa91c4b919c6bf7d14d030232d1b278e47a39c03efbe698cebb092a16,True,654.33812700212,19,15617.44873046875,15810.0,0,,,,
step_hook,1,12,49cd6149f02ec01ee03a6eb8287ab2df:81739d7eb99c:0:2,cf7957792cc42aad7f2f87beb1240027c78a84aebb3babafec5afeab6040dc38,True,636.0283319372684,18,15617.44873046875,15810.0,0,,,,
step_hook,1,13,49cd6149f02ec01ee03a6eb8287ab2df:81739d7eb99c:0:3,e62c1d2a0e028a848bf11c6aee602c7b04b7c5d57080024b56092666b47f8121,True,703.4659680211917,22,15617.44873046875,15810.0,0,,,,
step_hook,1,14,49cd6149f02ec01ee03a6eb8287ab2df:81739d7eb99c:0:4,f9472589f3263b5d01f4798bd4b1db08a9f8d5bfd4a7de1f6a20d7afa4d2fc9d,True,618.1402789661661,17,15617.44873046875,15810.0,0,,,,
step_hook,1,15,c6050fe51d3408b1eaef27e08e7f1956:1458b54ae2f6:0:0,0c2763434c50e20730f49847263ef9024806cb1a0560c523ed77737027dc7584,True,618.5929760104045,17,15617.85205078125,15810.0,0,,,,
step_hook,1,16,c6050fe51d3408b1eaef27e08e7f1956:1458b54ae2f6:0:1,664067171cd1bbc5ce837d235ed3ea23011690faf92d70710e11636621c1b115,True,842.061524046585,30,15617.85205078125,15810.0,0,,,,
step_hook,1,17,c6050fe51d3408b1eaef27e08e7f1956:1458b54ae2f6:0:2,c6b78a53ab1e086ea1b1d04c24bdf6d361a4c414a514fa6f179a43df6e2fb518,True,893.3774291072041,33,15617.85205078125,15810.0,0,,,,
step_hook,1,18,c6050fe51d3408b1eaef27e08e7f1956:1458b54ae2f6:0:3,76081f5fd3a7d2fecc5219b9f1a003927ab2f0a03cbcea2809aa13575b12704d,True,534.5629849471152,12,15617.85205078125,15810.0,0,,,,
step_hook,1,19,c6050fe51d3408b1eaef27e08e7f1956:1458b54ae2f6:0:4,ad3a25be620e9e8363cf8b064f96e3948b2c3e9ae99d2778aa19fe9e3c58386a,True,947.713352041319,36,15617.85205078125,15810.0,0,,,,
step_hook,1,20,c6050fe51d3408b1eaef27e08e7f1956:e4e99a4d6532:0:0,0c2763434c50e20730f49847263ef9024806cb1a0560c523ed77737027dc7584,True,620.0239669997245,17,15617.85205078125,15810.0,0,,,,
step_hook,1,21,c6050fe51d3408b1eaef27e08e7f1956:e4e99a4d6532:0:1,664067171cd1bbc5ce837d235ed3ea23011690faf92d70710e11636621c1b115,True,840.9961720462888,30,15617.85205078125,15810.0,0,,,,
step_hook,1,22,c6050fe51d3408b1eaef27e08e7f1956:e4e99a4d6532:0:2,c6b78a53ab1e086ea1b1d04c24bdf6d361a4c414a514fa6f179a43df6e2fb518,True,932.8025820432231,33,15617.85205078125,15810.0,0,,,,
step_hook,1,23,c6050fe51d3408b1eaef27e08e7f1956:e4e99a4d6532:0:3,76081f5fd3a7d2fecc5219b9f1a003927ab2f0a03cbcea2809aa13575b12704d,True,535.6572068994865,12,15617.85205078125,15810.0,0,,,,
step_hook,1,24,c6050fe51d3408b1eaef27e08e7f1956:e4e99a4d6532:0:4,ad3a25be620e9e8363cf8b064f96e3948b2c3e9ae99d2778aa19fe9e3c58386a,True,954.7357599949464,36,15617.85205078125,15810.0,0,,,,
step_hook,1,25,bb98dd0bceac09d24db1ecb2af549a92:377f7f0dd150:0:0,c7fdec5fa5d5e1adf291637b9bb1fe8f118cbb3eb57af7ef76921e247600c9c6,True,664.8719509830698,19,15617.44873046875,15810.0,0,,,,
step_hook,1,26,bb98dd0bceac09d24db1ecb2af549a92:377f7f0dd150:0:1,4af9997807defa232e553246d42901a0d746fdbefff91462d7ee0c1a91ca74e4,True,773.157880990766,26,15617.44873046875,15810.0,0,,,,
step_hook,1,27,bb98dd0bceac09d24db1ecb2af549a92:377f7f0dd150:0:2,75d13c8ce97c12289f2430a015d1d7989bcb997955ebfd456b23a70f3283334e,True,747.9812500532717,24,15617.44873046875,15810.0,0,,,,
step_hook,1,28,bb98dd0bceac09d24db1ecb2af549a92:377f7f0dd150:0:3,07076b19c18093e788139445acd32421179c80fb131abb5020ab511b244dfaf3,True,554.5443999581039,13,15617.44873046875,15810.0,0,,,,
step_hook,1,29,bb98dd0bceac09d24db1ecb2af549a92:377f7f0dd150:0:4,07076b19c18093e788139445acd32421179c80fb131abb5020ab511b244dfaf3,True,549.9686409020796,13,15617.44873046875,15810.0,0,,,,
step_hook,1,30,bb98dd0bceac09d24db1ecb2af549a92:2cf3a7a3a65c:0:0,c7fdec5fa5d5e1adf291637b9bb1fe8f118cbb3eb57af7ef76921e247600c9c6,True,652.0174560137093,19,15617.44873046875,15810.0,0,,,,
step_hook,1,31,bb98dd0bceac09d24db1ecb2af549a92:2cf3a7a3a65c:0:1,4af9997807defa232e553246d42901a0d746fdbefff91462d7ee0c1a91ca74e4,True,773.5433970810845,26,15617.44873046875,15810.0,0,,,,
step_hook,1,32,bb98dd0bceac09d24db1ecb2af549a92:2cf3a7a3a65c:0:2,75d13c8ce97c12289f2430a015d1d7989bcb997955ebfd456b23a70f3283334e,True,748.533763922751,24,15617.44873046875,15810.0,0,,,,
step_hook,1,33,bb98dd0bceac09d24db1ecb2af549a92:2cf3a7a3a65c:0:3,07076b19c18093e788139445acd32421179c80fb131abb5020ab511b244dfaf3,True,561.2601840402931,13,15617.44873046875,15810.0,0,,,,
step_hook,1,34,bb98dd0bceac09d24db1ecb2af549a92:2cf3a7a3a65c:0:4,07076b19c18093e788139445acd32421179c80fb131abb5020ab511b244dfaf3,True,550.636128988117,13,15617.44873046875,15810.0,0,,,,
step_hook,1,35,b877dd782edba758ab429e3ee3de3329:97e16cc551e4:0:0,62517bae74e7259c57a7da56e4f54b797cf2a664727fb53fe05de2f3598ea92d,True,704.2759219184518,22,15617.52197265625,15810.0,0,,,,
step_hook,1,36,b877dd782edba758ab429e3ee3de3329:97e16cc551e4:0:1,d84210bceb3038c1ed37c6ee7bc057db462ddedaa6823742af8a6d297cb431da,True,772.581735975109,26,15617.52197265625,15810.0,0,,,,
step_hook,1,37,b877dd782edba758ab429e3ee3de3329:97e16cc551e4:0:2,e2d8c9e2e95c4938f7be5f7610f5dd612f23c22b2461cafe849ff52d619824cd,True,770.6452399725094,26,15617.52197265625,15810.0,0,,,,
step_hook,1,38,b877dd782edba758ab429e3ee3de3329:97e16cc551e4:0:3,94d4ffe585b52d02528404f4f0629286595977610fc216797666ffe14a17ed0c,True,632.625121041201,18,15617.52197265625,15810.0,0,,,,
step_hook,1,39,b877dd782edba758ab429e3ee3de3329:97e16cc551e4:0:4,aba8c2cf6367e2e8a95bb52794ddcb426d595fad022cf2d457da88045f881ed0,True,611.5070369560272,16,15617.52197265625,15810.0,0,,,,
step_hook,1,40,b877dd782edba758ab429e3ee3de3329:dd7f6c9e007d:0:0,62517bae74e7259c57a7da56e4f54b797cf2a664727fb53fe05de2f3598ea92d,True,715.265130973421,22,15617.52197265625,15810.0,0,,,,
step_hook,1,41,b877dd782edba758ab429e3ee3de3329:dd7f6c9e007d:0:1,d84210bceb3038c1ed37c6ee7bc057db462ddedaa6823742af8a6d297cb431da,True,786.3377610919997,26,15617.52197265625,15810.0,0,,,,
step_hook,1,42,b877dd782edba758ab429e3ee3de3329:dd7f6c9e007d:0:2,e2d8c9e2e95c4938f7be5f7610f5dd612f23c22b2461cafe849ff52d619824cd,True,783.0642641056329,26,15617.52197265625,15810.0,0,,,,
step_hook,1,43,b877dd782edba758ab429e3ee3de3329:dd7f6c9e007d:0:3,94d4ffe585b52d02528404f4f0629286595977610fc216797666ffe14a17ed0c,True,639.1711350297555,18,15617.52197265625,15810.0,0,,,,
step_hook,1,44,b877dd782edba758ab429e3ee3de3329:dd7f6c9e007d:0:4,aba8c2cf6367e2e8a95bb52794ddcb426d595fad022cf2d457da88045f881ed0,True,662.0400469982997,16,15617.52197265625,15810.0,0,,,,
step_hook,1,45,4f59fbf51a0a5bfb4dc5af02cf294693:993dac5396a0:0:0,aa1f1fd8a9efcb963811de5e984dc16d83696aa7e913ba6980ace9aa76b7f7a3,True,643.017919966951,18,15617.70556640625,15810.0,0,,,,
step_hook,1,46,4f59fbf51a0a5bfb4dc5af02cf294693:993dac5396a0:0:1,bdcb900eea2a0e63a259e4fe2376f8cc3aec08e4611682d3f4ee038edca9d017,True,504.89155598916113,10,15617.70556640625,15810.0,0,,,,
step_hook,1,47,4f59fbf51a0a5bfb4dc5af02cf294693:993dac5396a0:0:2,f3e746a5a573b9140378e527f40ef9a01e1da198199bb2597c74356d9befd366,True,781.8712570006028,26,15617.70556640625,15810.0,0,,,,
step_hook,1,48,4f59fbf51a0a5bfb4dc5af02cf294693:993dac5396a0:0:3,f77a4c18118683cabf2ce423b4a1474e9a020c00dc184984ee227d2432eaaeca,True,781.4733668928966,26,15617.70556640625,15810.0,0,,,,
step_hook,1,49,4f59fbf51a0a5bfb4dc5af02cf294693:993dac5396a0:0:4,082a3f27a64a793001365f40fd7d76058660d5148036e68127b7775445e5f79a,True,503.40624898672104,10,15617.70556640625,15810.0,0,,,,
vanilla,0,0,1a938d25604410ccd63b60285919eaec:c627e50da685:0:0,ad7432ad3647d5979a4c8f07ea59db904408a5ca59b44fc807019ff723c8fe9d,True,539.7501799743623,12,15617.70556640625,15810.0,,,,,
vanilla,0,1,1a938d25604410ccd63b60285919eaec:c627e50da685:0:1,ad7432ad3647d5979a4c8f07ea59db904408a5ca59b44fc807019ff723c8fe9d,True,551.4361759414896,12,15617.70556640625,15810.0,,,,,
vanilla,0,2,1a938d25604410ccd63b60285919eaec:c627e50da685:0:2,45b29a4f9a357408272a3d9ee292dd9f825df58412a294bc76edad70933ff8f3,True,539.7951969644055,12,15617.70556640625,15810.0,,,,,
vanilla,0,3,1a938d25604410ccd63b60285919eaec:c627e50da685:0:3,8f13312bc57593ae709f0e55a18489d480c2a86c8038ac06144174a3f51b5600,True,538.3362019201741,12,15617.70556640625,15810.0,,,,,
vanilla,0,4,1a938d25604410ccd63b60285919eaec:c627e50da685:0:4,8f13312bc57593ae709f0e55a18489d480c2a86c8038ac06144174a3f51b5600,True,535.0513550220057,12,15617.70556640625,15810.0,,,,,
vanilla,0,5,49cd6149f02ec01ee03a6eb8287ab2df:f982e9dfaf25:0:0,dfa96710626dd8454b20bab58edadf81faa7374948fab10c0910e55037cea818,True,675.9842620231211,20,15617.44873046875,15810.0,,,,,
vanilla,0,6,49cd6149f02ec01ee03a6eb8287ab2df:f982e9dfaf25:0:1,86024a4fa91c4b919c6bf7d14d030232d1b278e47a39c03efbe698cebb092a16,True,659.4622429693118,19,15617.44873046875,15810.0,,,,,
vanilla,0,7,49cd6149f02ec01ee03a6eb8287ab2df:f982e9dfaf25:0:2,cf7957792cc42aad7f2f87beb1240027c78a84aebb3babafec5afeab6040dc38,True,640.4778830474243,18,15617.44873046875,15810.0,,,,,
vanilla,0,8,49cd6149f02ec01ee03a6eb8287ab2df:f982e9dfaf25:0:3,e62c1d2a0e028a848bf11c6aee602c7b04b7c5d57080024b56092666b47f8121,True,709.1846349649131,22,15617.44873046875,15810.0,,,,,
vanilla,0,9,49cd6149f02ec01ee03a6eb8287ab2df:f982e9dfaf25:0:4,f9472589f3263b5d01f4798bd4b1db08a9f8d5bfd4a7de1f6a20d7afa4d2fc9d,True,621.9095750711858,17,15617.44873046875,15810.0,,,,,
vanilla,0,10,49cd6149f02ec01ee03a6eb8287ab2df:81739d7eb99c:0:0,dfa96710626dd8454b20bab58edadf81faa7374948fab10c0910e55037cea818,True,676.0070479940623,20,15617.44873046875,15810.0,,,,,
vanilla,0,11,49cd6149f02ec01ee03a6eb8287ab2df:81739d7eb99c:0:1,86024a4fa91c4b919c6bf7d14d030232d1b278e47a39c03efbe698cebb092a16,True,661.3248069770634,19,15617.44873046875,15810.0,,,,,
vanilla,0,12,49cd6149f02ec01ee03a6eb8287ab2df:81739d7eb99c:0:2,cf7957792cc42aad7f2f87beb1240027c78a84aebb3babafec5afeab6040dc38,True,641.2025020690635,18,15617.44873046875,15810.0,,,,,
vanilla,0,13,49cd6149f02ec01ee03a6eb8287ab2df:81739d7eb99c:0:3,e62c1d2a0e028a848bf11c6aee602c7b04b7c5d57080024b56092666b47f8121,True,711.1664820695296,22,15617.44873046875,15810.0,,,,,
vanilla,0,14,49cd6149f02ec01ee03a6eb8287ab2df:81739d7eb99c:0:4,f9472589f3263b5d01f4798bd4b1db08a9f8d5bfd4a7de1f6a20d7afa4d2fc9d,True,651.3495349790901,17,15617.44873046875,15810.0,,,,,
vanilla,0,15,c6050fe51d3408b1eaef27e08e7f1956:1458b54ae2f6:0:0,0c2763434c50e20730f49847263ef9024806cb1a0560c523ed77737027dc7584,True,624.3690229021013,17,15617.85205078125,15810.0,,,,,
vanilla,0,16,c6050fe51d3408b1eaef27e08e7f1956:1458b54ae2f6:0:1,664067171cd1bbc5ce837d235ed3ea23011690faf92d70710e11636621c1b115,True,851.0356679325923,30,15617.85205078125,15810.0,,,,,
vanilla,0,17,c6050fe51d3408b1eaef27e08e7f1956:1458b54ae2f6:0:2,c6b78a53ab1e086ea1b1d04c24bdf6d361a4c414a514fa6f179a43df6e2fb518,True,903.5489960806444,33,15617.85205078125,15810.0,,,,,
vanilla,0,18,c6050fe51d3408b1eaef27e08e7f1956:1458b54ae2f6:0:3,76081f5fd3a7d2fecc5219b9f1a003927ab2f0a03cbcea2809aa13575b12704d,True,536.9522459805012,12,15617.85205078125,15810.0,,,,,
vanilla,0,19,c6050fe51d3408b1eaef27e08e7f1956:1458b54ae2f6:0:4,ad3a25be620e9e8363cf8b064f96e3948b2c3e9ae99d2778aa19fe9e3c58386a,True,956.1644069617614,36,15617.85205078125,15810.0,,,,,
vanilla,0,20,c6050fe51d3408b1eaef27e08e7f1956:e4e99a4d6532:0:0,0c2763434c50e20730f49847263ef9024806cb1a0560c523ed77737027dc7584,True,624.3138139834628,17,15617.85205078125,15810.0,,,,,
vanilla,0,21,c6050fe51d3408b1eaef27e08e7f1956:e4e99a4d6532:0:1,664067171cd1bbc5ce837d235ed3ea23011690faf92d70710e11636621c1b115,True,852.6977190049365,30,15617.85205078125,15810.0,,,,,
vanilla,0,22,c6050fe51d3408b1eaef27e08e7f1956:e4e99a4d6532:0:2,c6b78a53ab1e086ea1b1d04c24bdf6d361a4c414a514fa6f179a43df6e2fb518,True,904.7128569800407,33,15617.85205078125,15810.0,,,,,
vanilla,0,23,c6050fe51d3408b1eaef27e08e7f1956:e4e99a4d6532:0:3,76081f5fd3a7d2fecc5219b9f1a003927ab2f0a03cbcea2809aa13575b12704d,True,538.033006945625,12,15617.85205078125,15810.0,,,,,
vanilla,0,24,c6050fe51d3408b1eaef27e08e7f1956:e4e99a4d6532:0:4,ad3a25be620e9e8363cf8b064f96e3948b2c3e9ae99d2778aa19fe9e3c58386a,True,954.3316800845787,36,15617.85205078125,15810.0,,,,,
vanilla,0,25,bb98dd0bceac09d24db1ecb2af549a92:377f7f0dd150:0:0,c7fdec5fa5d5e1adf291637b9bb1fe8f118cbb3eb57af7ef76921e247600c9c6,True,659.1046380344778,19,15617.44873046875,15810.0,,,,,
vanilla,0,26,bb98dd0bceac09d24db1ecb2af549a92:377f7f0dd150:0:1,4af9997807defa232e553246d42901a0d746fdbefff91462d7ee0c1a91ca74e4,True,782.8031039098278,26,15617.44873046875,15810.0,,,,,
vanilla,0,27,bb98dd0bceac09d24db1ecb2af549a92:377f7f0dd150:0:2,75d13c8ce97c12289f2430a015d1d7989bcb997955ebfd456b23a70f3283334e,True,748.7434180220589,24,15617.44873046875,15810.0,,,,,
vanilla,0,28,bb98dd0bceac09d24db1ecb2af549a92:377f7f0dd150:0:3,07076b19c18093e788139445acd32421179c80fb131abb5020ab511b244dfaf3,True,554.7620679717511,13,15617.44873046875,15810.0,,,,,
vanilla,0,29,bb98dd0bceac09d24db1ecb2af549a92:377f7f0dd150:0:4,07076b19c18093e788139445acd32421179c80fb131abb5020ab511b244dfaf3,True,555.1815270446241,13,15617.44873046875,15810.0,,,,,
vanilla,0,30,bb98dd0bceac09d24db1ecb2af549a92:2cf3a7a3a65c:0:0,c7fdec5fa5d5e1adf291637b9bb1fe8f118cbb3eb57af7ef76921e247600c9c6,True,658.139031031169,19,15617.44873046875,15810.0,,,,,
vanilla,0,31,bb98dd0bceac09d24db1ecb2af549a92:2cf3a7a3a65c:0:1,4af9997807defa232e553246d42901a0d746fdbefff91462d7ee0c1a91ca74e4,True,777.1396419266239,26,15617.44873046875,15810.0,,,,,
vanilla,0,32,bb98dd0bceac09d24db1ecb2af549a92:2cf3a7a3a65c:0:2,75d13c8ce97c12289f2430a015d1d7989bcb997955ebfd456b23a70f3283334e,True,748.4184390632436,24,15617.44873046875,15810.0,,,,,
vanilla,0,33,bb98dd0bceac09d24db1ecb2af549a92:2cf3a7a3a65c:0:3,07076b19c18093e788139445acd32421179c80fb131abb5020ab511b244dfaf3,True,555.1338110817596,13,15617.44873046875,15810.0,,,,,
vanilla,0,34,bb98dd0bceac09d24db1ecb2af549a92:2cf3a7a3a65c:0:4,07076b19c18093e788139445acd32421179c80fb131abb5020ab511b244dfaf3,True,555.6211039656773,13,15617.44873046875,15810.0,,,,,
vanilla,0,35,b877dd782edba758ab429e3ee3de3329:97e16cc551e4:0:0,62517bae74e7259c57a7da56e4f54b797cf2a664727fb53fe05de2f3598ea92d,True,712.4345479533076,22,15617.52197265625,15810.0,,,,,
vanilla,0,36,b877dd782edba758ab429e3ee3de3329:97e16cc551e4:0:1,d84210bceb3038c1ed37c6ee7bc057db462ddedaa6823742af8a6d297cb431da,True,781.9877449655905,26,15617.52197265625,15810.0,,,,,
vanilla,0,37,b877dd782edba758ab429e3ee3de3329:97e16cc551e4:0:2,e2d8c9e2e95c4938f7be5f7610f5dd612f23c22b2461cafe849ff52d619824cd,True,778.7385049741715,26,15617.52197265625,15810.0,,,,,
vanilla,0,38,b877dd782edba758ab429e3ee3de3329:97e16cc551e4:0:3,94d4ffe585b52d02528404f4f0629286595977610fc216797666ffe14a17ed0c,True,639.8979430086911,18,15617.52197265625,15810.0,,,,,
vanilla,0,39,b877dd782edba758ab429e3ee3de3329:97e16cc551e4:0:4,aba8c2cf6367e2e8a95bb52794ddcb426d595fad022cf2d457da88045f881ed0,True,605.1165680401027,16,15617.52197265625,15810.0,,,,,
vanilla,0,40,b877dd782edba758ab429e3ee3de3329:dd7f6c9e007d:0:0,62517bae74e7259c57a7da56e4f54b797cf2a664727fb53fe05de2f3598ea92d,True,710.0451620062813,22,15617.52197265625,15810.0,,,,,
vanilla,0,41,b877dd782edba758ab429e3ee3de3329:dd7f6c9e007d:0:1,d84210bceb3038c1ed37c6ee7bc057db462ddedaa6823742af8a6d297cb431da,True,779.2729620123282,26,15617.52197265625,15810.0,,,,,
vanilla,0,42,b877dd782edba758ab429e3ee3de3329:dd7f6c9e007d:0:2,e2d8c9e2e95c4938f7be5f7610f5dd612f23c22b2461cafe849ff52d619824cd,True,782.2740660049021,26,15617.52197265625,15810.0,,,,,
vanilla,0,43,b877dd782edba758ab429e3ee3de3329:dd7f6c9e007d:0:3,94d4ffe585b52d02528404f4f0629286595977610fc216797666ffe14a17ed0c,True,641.6867079678923,18,15617.52197265625,15810.0,,,,,
vanilla,0,44,b877dd782edba758ab429e3ee3de3329:dd7f6c9e007d:0:4,aba8c2cf6367e2e8a95bb52794ddcb426d595fad022cf2d457da88045f881ed0,True,609.7456370480359,16,15617.52197265625,15810.0,,,,,
vanilla,0,45,4f59fbf51a0a5bfb4dc5af02cf294693:993dac5396a0:0:0,aa1f1fd8a9efcb963811de5e984dc16d83696aa7e913ba6980ace9aa76b7f7a3,True,644.6773950010538,18,15617.70556640625,15810.0,,,,,
vanilla,0,46,4f59fbf51a0a5bfb4dc5af02cf294693:993dac5396a0:0:1,bdcb900eea2a0e63a259e4fe2376f8cc3aec08e4611682d3f4ee038edca9d017,True,509.53786610625684,10,15617.70556640625,15810.0,,,,,
vanilla,0,47,4f59fbf51a0a5bfb4dc5af02cf294693:993dac5396a0:0:2,f3e746a5a573b9140378e527f40ef9a01e1da198199bb2597c74356d9befd366,True,776.981838978827,26,15617.70556640625,15810.0,,,,,
vanilla,0,48,4f59fbf51a0a5bfb4dc5af02cf294693:993dac5396a0:0:3,f77a4c18118683cabf2ce423b4a1474e9a020c00dc184984ee227d2432eaaeca,True,779.5341399032623,26,15617.70556640625,15810.0,,,,,
vanilla,0,49,4f59fbf51a0a5bfb4dc5af02cf294693:993dac5396a0:0:4,082a3f27a64a793001365f40fd7d76058660d5148036e68127b7775445e5f79a,True,503.86420194990933,10,15617.70556640625,15810.0,,,,,
vanilla,1,0,1a938d25604410ccd63b60285919eaec:c627e50da685:0:0,ad7432ad3647d5979a4c8f07ea59db904408a5ca59b44fc807019ff723c8fe9d,True,535.7260769233108,12,15617.70556640625,15810.0,,,,,
vanilla,1,1,1a938d25604410ccd63b60285919eaec:c627e50da685:0:1,ad7432ad3647d5979a4c8f07ea59db904408a5ca59b44fc807019ff723c8fe9d,True,536.9031679583713,12,15617.70556640625,15810.0,,,,,
vanilla,1,2,1a938d25604410ccd63b60285919eaec:c627e50da685:0:2,45b29a4f9a357408272a3d9ee292dd9f825df58412a294bc76edad70933ff8f3,True,537.2792769921944,12,15617.70556640625,15810.0,,,,,
vanilla,1,3,1a938d25604410ccd63b60285919eaec:c627e50da685:0:3,8f13312bc57593ae709f0e55a18489d480c2a86c8038ac06144174a3f51b5600,True,536.3265309715644,12,15617.70556640625,15810.0,,,,,
vanilla,1,4,1a938d25604410ccd63b60285919eaec:c627e50da685:0:4,8f13312bc57593ae709f0e55a18489d480c2a86c8038ac06144174a3f51b5600,True,535.3189529851079,12,15617.70556640625,15810.0,,,,,
vanilla,1,5,49cd6149f02ec01ee03a6eb8287ab2df:f982e9dfaf25:0:0,dfa96710626dd8454b20bab58edadf81faa7374948fab10c0910e55037cea818,True,674.6037979610264,20,15617.44873046875,15810.0,,,,,
vanilla,1,6,49cd6149f02ec01ee03a6eb8287ab2df:f982e9dfaf25:0:1,86024a4fa91c4b919c6bf7d14d030232d1b278e47a39c03efbe698cebb092a16,True,658.2324270857498,19,15617.44873046875,15810.0,,,,,
vanilla,1,7,49cd6149f02ec01ee03a6eb8287ab2df:f982e9dfaf25:0:2,cf7957792cc42aad7f2f87beb1240027c78a84aebb3babafec5afeab6040dc38,True,642.2414990374818,18,15617.44873046875,15810.0,,,,,
vanilla,1,8,49cd6149f02ec01ee03a6eb8287ab2df:f982e9dfaf25:0:3,e62c1d2a0e028a848bf11c6aee602c7b04b7c5d57080024b56092666b47f8121,True,712.8534680232406,22,15617.44873046875,15810.0,,,,,
vanilla,1,9,49cd6149f02ec01ee03a6eb8287ab2df:f982e9dfaf25:0:4,f9472589f3263b5d01f4798bd4b1db08a9f8d5bfd4a7de1f6a20d7afa4d2fc9d,True,623.390948981978,17,15617.44873046875,15810.0,,,,,
vanilla,1,10,49cd6149f02ec01ee03a6eb8287ab2df:81739d7eb99c:0:0,dfa96710626dd8454b20bab58edadf81faa7374948fab10c0910e55037cea818,True,674.3494139518589,20,15617.44873046875,15810.0,,,,,
vanilla,1,11,49cd6149f02ec01ee03a6eb8287ab2df:81739d7eb99c:0:1,86024a4fa91c4b919c6bf7d14d030232d1b278e47a39c03efbe698cebb092a16,True,656.8366260034963,19,15617.44873046875,15810.0,,,,,
vanilla,1,12,49cd6149f02ec01ee03a6eb8287ab2df:81739d7eb99c:0:2,cf7957792cc42aad7f2f87beb1240027c78a84aebb3babafec5afeab6040dc38,True,641.506542917341,18,15617.44873046875,15810.0,,,,,
vanilla,1,13,49cd6149f02ec01ee03a6eb8287ab2df:81739d7eb99c:0:3,e62c1d2a0e028a848bf11c6aee602c7b04b7c5d57080024b56092666b47f8121,True,711.9856850476936,22,15617.44873046875,15810.0,,,,,
vanilla,1,14,49cd6149f02ec01ee03a6eb8287ab2df:81739d7eb99c:0:4,f9472589f3263b5d01f4798bd4b1db08a9f8d5bfd4a7de1f6a20d7afa4d2fc9d,True,626.8035399261862,17,15617.44873046875,15810.0,,,,,
vanilla,1,15,c6050fe51d3408b1eaef27e08e7f1956:1458b54ae2f6:0:0,0c2763434c50e20730f49847263ef9024806cb1a0560c523ed77737027dc7584,True,628.3598510781303,17,15617.85205078125,15810.0,,,,,
vanilla,1,16,c6050fe51d3408b1eaef27e08e7f1956:1458b54ae2f6:0:1,664067171cd1bbc5ce837d235ed3ea23011690faf92d70710e11636621c1b115,True,853.7584689911455,30,15617.85205078125,15810.0,,,,,
vanilla,1,17,c6050fe51d3408b1eaef27e08e7f1956:1458b54ae2f6:0:2,c6b78a53ab1e086ea1b1d04c24bdf6d361a4c414a514fa6f179a43df6e2fb518,True,904.773972928524,33,15617.85205078125,15810.0,,,,,
vanilla,1,18,c6050fe51d3408b1eaef27e08e7f1956:1458b54ae2f6:0:3,76081f5fd3a7d2fecc5219b9f1a003927ab2f0a03cbcea2809aa13575b12704d,True,536.9289320660755,12,15617.85205078125,15810.0,,,,,
vanilla,1,19,c6050fe51d3408b1eaef27e08e7f1956:1458b54ae2f6:0:4,ad3a25be620e9e8363cf8b064f96e3948b2c3e9ae99d2778aa19fe9e3c58386a,True,958.5909360321239,36,15617.85205078125,15810.0,,,,,
vanilla,1,20,c6050fe51d3408b1eaef27e08e7f1956:e4e99a4d6532:0:0,0c2763434c50e20730f49847263ef9024806cb1a0560c523ed77737027dc7584,True,625.0235040206462,17,15617.85205078125,15810.0,,,,,
vanilla,1,21,c6050fe51d3408b1eaef27e08e7f1956:e4e99a4d6532:0:1,664067171cd1bbc5ce837d235ed3ea23011690faf92d70710e11636621c1b115,True,849.8731069266796,30,15617.85205078125,15810.0,,,,,
vanilla,1,22,c6050fe51d3408b1eaef27e08e7f1956:e4e99a4d6532:0:2,c6b78a53ab1e086ea1b1d04c24bdf6d361a4c414a514fa6f179a43df6e2fb518,True,913.7635679217055,33,15617.85205078125,15810.0,,,,,
vanilla,1,23,c6050fe51d3408b1eaef27e08e7f1956:e4e99a4d6532:0:3,76081f5fd3a7d2fecc5219b9f1a003927ab2f0a03cbcea2809aa13575b12704d,True,537.3143230099231,12,15617.85205078125,15810.0,,,,,
vanilla,1,24,c6050fe51d3408b1eaef27e08e7f1956:e4e99a4d6532:0:4,ad3a25be620e9e8363cf8b064f96e3948b2c3e9ae99d2778aa19fe9e3c58386a,True,1011.0385110601783,36,15617.85205078125,15810.0,,,,,
vanilla,1,25,bb98dd0bceac09d24db1ecb2af549a92:377f7f0dd150:0:0,c7fdec5fa5d5e1adf291637b9bb1fe8f118cbb3eb57af7ef76921e247600c9c6,True,659.6302470425144,19,15617.44873046875,15810.0,,,,,
vanilla,1,26,bb98dd0bceac09d24db1ecb2af549a92:377f7f0dd150:0:1,4af9997807defa232e553246d42901a0d746fdbefff91462d7ee0c1a91ca74e4,True,786.4901529392228,26,15617.44873046875,15810.0,,,,,
vanilla,1,27,bb98dd0bceac09d24db1ecb2af549a92:377f7f0dd150:0:2,75d13c8ce97c12289f2430a015d1d7989bcb997955ebfd456b23a70f3283334e,True,747.4258720176294,24,15617.44873046875,15810.0,,,,,
vanilla,1,28,bb98dd0bceac09d24db1ecb2af549a92:377f7f0dd150:0:3,07076b19c18093e788139445acd32421179c80fb131abb5020ab511b244dfaf3,True,555.1607670495287,13,15617.44873046875,15810.0,,,,,
vanilla,1,29,bb98dd0bceac09d24db1ecb2af549a92:377f7f0dd150:0:4,07076b19c18093e788139445acd32421179c80fb131abb5020ab511b244dfaf3,True,555.4243610240519,13,15617.44873046875,15810.0,,,,,
vanilla,1,30,bb98dd0bceac09d24db1ecb2af549a92:2cf3a7a3a65c:0:0,c7fdec5fa5d5e1adf291637b9bb1fe8f118cbb3eb57af7ef76921e247600c9c6,True,660.447261063382,19,15617.44873046875,15810.0,,,,,
vanilla,1,31,bb98dd0bceac09d24db1ecb2af549a92:2cf3a7a3a65c:0:1,4af9997807defa232e553246d42901a0d746fdbefff91462d7ee0c1a91ca74e4,True,779.5891250716522,26,15617.44873046875,15810.0,,,,,
vanilla,1,32,bb98dd0bceac09d24db1ecb2af549a92:2cf3a7a3a65c:0:2,75d13c8ce97c12289f2430a015d1d7989bcb997955ebfd456b23a70f3283334e,True,745.4501730389893,24,15617.44873046875,15810.0,,,,,
vanilla,1,33,bb98dd0bceac09d24db1ecb2af549a92:2cf3a7a3a65c:0:3,07076b19c18093e788139445acd32421179c80fb131abb5020ab511b244dfaf3,True,556.30824691616,13,15617.44873046875,15810.0,,,,,
vanilla,1,34,bb98dd0bceac09d24db1ecb2af549a92:2cf3a7a3a65c:0:4,07076b19c18093e788139445acd32421179c80fb131abb5020ab511b244dfaf3,True,557.2922750143334,13,15617.44873046875,15810.0,,,,,
vanilla,1,35,b877dd782edba758ab429e3ee3de3329:97e16cc551e4:0:0,62517bae74e7259c57a7da56e4f54b797cf2a664727fb53fe05de2f3598ea92d,True,714.5233500050381,22,15617.52197265625,15810.0,,,,,
vanilla,1,36,b877dd782edba758ab429e3ee3de3329:97e16cc551e4:0:1,d84210bceb3038c1ed37c6ee7bc057db462ddedaa6823742af8a6d297cb431da,True,784.1750510269776,26,15617.52197265625,15810.0,,,,,
vanilla,1,37,b877dd782edba758ab429e3ee3de3329:97e16cc551e4:0:2,e2d8c9e2e95c4938f7be5f7610f5dd612f23c22b2461cafe849ff52d619824cd,True,782.3854249436408,26,15617.52197265625,15810.0,,,,,
vanilla,1,38,b877dd782edba758ab429e3ee3de3329:97e16cc551e4:0:3,94d4ffe585b52d02528404f4f0629286595977610fc216797666ffe14a17ed0c,True,641.6682050330564,18,15617.52197265625,15810.0,,,,,
vanilla,1,39,b877dd782edba758ab429e3ee3de3329:97e16cc551e4:0:4,aba8c2cf6367e2e8a95bb52794ddcb426d595fad022cf2d457da88045f881ed0,True,607.7106629963964,16,15617.52197265625,15810.0,,,,,
vanilla,1,40,b877dd782edba758ab429e3ee3de3329:dd7f6c9e007d:0:0,62517bae74e7259c57a7da56e4f54b797cf2a664727fb53fe05de2f3598ea92d,True,711.735108983703,22,15617.52197265625,15810.0,,,,,
vanilla,1,41,b877dd782edba758ab429e3ee3de3329:dd7f6c9e007d:0:1,d84210bceb3038c1ed37c6ee7bc057db462ddedaa6823742af8a6d297cb431da,True,779.7861759318039,26,15617.52197265625,15810.0,,,,,
vanilla,1,42,b877dd782edba758ab429e3ee3de3329:dd7f6c9e007d:0:2,e2d8c9e2e95c4938f7be5f7610f5dd612f23c22b2461cafe849ff52d619824cd,True,783.4578250767663,26,15617.52197265625,15810.0,,,,,
vanilla,1,43,b877dd782edba758ab429e3ee3de3329:dd7f6c9e007d:0:3,94d4ffe585b52d02528404f4f0629286595977610fc216797666ffe14a17ed0c,True,643.0616170400754,18,15617.52197265625,15810.0,,,,,
vanilla,1,44,b877dd782edba758ab429e3ee3de3329:dd7f6c9e007d:0:4,aba8c2cf6367e2e8a95bb52794ddcb426d595fad022cf2d457da88045f881ed0,True,607.3253239737824,16,15617.52197265625,15810.0,,,,,
vanilla,1,45,4f59fbf51a0a5bfb4dc5af02cf294693:993dac5396a0:0:0,aa1f1fd8a9efcb963811de5e984dc16d83696aa7e913ba6980ace9aa76b7f7a3,True,642.8587361006066,18,15617.70556640625,15810.0,,,,,
vanilla,1,46,4f59fbf51a0a5bfb4dc5af02cf294693:993dac5396a0:0:1,bdcb900eea2a0e63a259e4fe2376f8cc3aec08e4611682d3f4ee038edca9d017,True,502.3073019692674,10,15617.70556640625,15810.0,,,,,
vanilla,1,47,4f59fbf51a0a5bfb4dc5af02cf294693:993dac5396a0:0:2,f3e746a5a573b9140378e527f40ef9a01e1da198199bb2597c74356d9befd366,True,782.377352938056,26,15617.70556640625,15810.0,,,,,
vanilla,1,48,4f59fbf51a0a5bfb4dc5af02cf294693:993dac5396a0:0:3,f77a4c18118683cabf2ce423b4a1474e9a020c00dc184984ee227d2432eaaeca,True,781.3080819323659,26,15617.70556640625,15810.0,,,,,
vanilla,1,49,4f59fbf51a0a5bfb4dc5af02cf294693:993dac5396a0:0:4,082a3f27a64a793001365f40fd7d76058660d5148036e68127b7775445e5f79a,True,502.53449799492955,10,15617.70556640625,15810.0,,,,,
