mode,repeat,sample_index,orig_id,answer_sha256,answer_matches_vanilla,latency_ms,tokens,peak_allocated_mb,peak_reserved_mb,steps_processed,detection_ready_ms,detection_after_prefill_ms,detector_probability,detector_prediction
sieve,0,0,1a938d25604410ccd63b60285919eaec:c627e50da685:0:0,e042894d371a8df6673730e94e09c16b0c54e157faa37094ac0edd0138322b43,True,495.23350200615823,12,16193.2724609375,16608.0,2,351.8689760239795,148.6601069336757,0.006687125191092491,0
sieve,0,1,1a938d25604410ccd63b60285919eaec:c627e50da685:0:1,e042894d371a8df6673730e94e09c16b0c54e157faa37094ac0edd0138322b43,True,493.59145702328533,12,16193.2724609375,16608.0,2,350.57434998452663,148.38133403100073,0.004903220571577549,0
sieve,0,2,1a938d25604410ccd63b60285919eaec:c627e50da685:0:2,f5f79da7870b43a425d911d4230cbde81339aaf8976b28d91223d1db1b9dcb91,True,493.2878230465576,12,16193.2724609375,16608.0,2,351.5070560388267,148.2485440792516,0.005713625345379114,0
sieve,0,3,1a938d25604410ccd63b60285919eaec:c627e50da685:0:3,82b4934cd2e12dd5597e5e37c746229f9ae763b2251ce7ebf18bfe7be9c79896,True,521.4005430461839,14,16193.2724609375,16608.0,2,349.9646440614015,148.0766460299492,0.005114580970257521,0
sieve,0,4,1a938d25604410ccd63b60285919eaec:c627e50da685:0:4,82b4934cd2e12dd5597e5e37c746229f9ae763b2251ce7ebf18bfe7be9c79896,True,522.1444180933759,14,16193.2724609375,16608.0,2,350.2525790827349,148.15436501521617,0.005123580805957317,0
sieve,0,5,49cd6149f02ec01ee03a6eb8287ab2df:f982e9dfaf25:0:0,435ddab74d1ce43607ae306954b3988e040a520237c7d35ed4bf195d89590fe9,True,590.9301850479096,19,16192.31201171875,16608.0,2,347.45640004985034,151.78616298362613,0.01578235998749733,0
sieve,0,6,49cd6149f02ec01ee03a6eb8287ab2df:f982e9dfaf25:0:1,435ddab74d1ce43607ae306954b3988e040a520237c7d35ed4bf195d89590fe9,True,594.9279780033976,19,16192.31201171875,16608.0,2,351.3320510974154,151.68528305366635,0.015412854962050915,0
sieve,0,7,49cd6149f02ec01ee03a6eb8287ab2df:f982e9dfaf25:0:2,73fb32b5e401b3eacb51e7e77bdf04e3b22a04455436b5dd1473893ee8251122,True,437.0293589308858,8,16192.31201171875,16608.0,2,350.77863500919193,151.18550998158753,0.00505207059904933,0
sieve,0,8,49cd6149f02ec01ee03a6eb8287ab2df:f982e9dfaf25:0:3,435ddab74d1ce43607ae306954b3988e040a520237c7d35ed4bf195d89590fe9,True,595.1596809318289,19,16192.31201171875,16608.0,2,351.5195039799437,151.21066197752953,0.017577657476067543,0
sieve,0,9,49cd6149f02ec01ee03a6eb8287ab2df:f982e9dfaf25:0:4,73fb32b5e401b3eacb51e7e77bdf04e3b22a04455436b5dd1473893ee8251122,True,438.6334450682625,8,16192.31201171875,16608.0,2,352.3813970386982,151.00534504745156,0.004846750292927027,0
sieve,0,10,49cd6149f02ec01ee03a6eb8287ab2df:81739d7eb99c:0:0,435ddab74d1ce43607ae306954b3988e040a520237c7d35ed4bf195d89590fe9,True,622.4485340062529,19,16192.31201171875,16608.0,2,350.804208079353,151.3051970396191,0.01578235998749733,0
sieve,0,11,49cd6149f02ec01ee03a6eb8287ab2df:81739d7eb99c:0:1,435ddab74d1ce43607ae306954b3988e040a520237c7d35ed4bf195d89590fe9,True,593.1593528948724,19,16192.31201171875,16608.0,2,350.3792319679633,150.5952550796792,0.015412854962050915,0
sieve,0,12,49cd6149f02ec01ee03a6eb8287ab2df:81739d7eb99c:0:2,73fb32b5e401b3eacb51e7e77bdf04e3b22a04455436b5dd1473893ee8251122,True,436.6244210395962,8,16192.31201171875,16608.0,2,350.3483090316877,148.0766599997878,0.00505207059904933,0
sieve,0,13,49cd6149f02ec01ee03a6eb8287ab2df:81739d7eb99c:0:3,95f301e4834466fadb9df4ae46e1b1c55f14a11d8b92502235741ad28dbdb107,False,535.6203640112653,15,16192.31201171875,16608.0,2,349.54553900752217,151.10947797074914,0.017577657476067543,0
sieve,0,14,49cd6149f02ec01ee03a6eb8287ab2df:81739d7eb99c:0:4,73fb32b5e401b3eacb51e7e77bdf04e3b22a04455436b5dd1473893ee8251122,True,437.4452009797096,8,16192.31201171875,16608.0,2,351.19763296097517,150.95661696977913,0.004846750292927027,0
sieve,0,15,c6050fe51d3408b1eaef27e08e7f1956:1458b54ae2f6:0:0,35990225eb4034f560541dca69e3de42af70ee7e6c5a42420c958e689cda2c02,True,465.9697749884799,10,16196.4697265625,16608.0,2,351.2051940197125,148.26463407371193,0.010603428818285465,0
sieve,0,16,c6050fe51d3408b1eaef27e08e7f1956:1458b54ae2f6:0:1,aebb1cb50cd9dcc29e137a5616bb2478102285853aed08894b7f12bdcbb1c56f,True,496.74644600600004,12,16196.4697265625,16608.0,2,352.6727870339528,152.51979196909815,0.011375278234481812,0
sieve,0,17,c6050fe51d3408b1eaef27e08e7f1956:1458b54ae2f6:0:2,111b8aacdbaf954aebfbd039849710807963f2bd7a68786f9ede013bd58cf416,True,401.77629503887147,5,16196.4697265625,16608.0,2,358.09702007099986,148.22611096315086,0.007663738448172808,0
sieve,0,18,c6050fe51d3408b1eaef27e08e7f1956:1458b54ae2f6:0:3,423b972f52fcbc22cc94be5cb64caefa796a5124160f24ec5fab21772249ca14,True,498.1979380827397,12,16196.4697265625,16608.0,2,353.7676479900256,149.6262130094692,0.004754574969410896,0
sieve,0,19,c6050fe51d3408b1eaef27e08e7f1956:1458b54ae2f6:0:4,423b972f52fcbc22cc94be5cb64caefa796a5124160f24ec5fab21772249ca14,True,497.2364070126787,12,16196.4697265625,16608.0,2,353.3013090491295,148.65913207177073,0.004341862630099058,0
sieve,0,20,c6050fe51d3408b1eaef27e08e7f1956:e4e99a4d6532:0:0,35990225eb4034f560541dca69e3de42af70ee7e6c5a42420c958e689cda2c02,True,465.39940603543073,10,16196.4697265625,16608.0,2,349.5878269895911,148.4599499963224,0.010603428818285465,0
sieve,0,21,c6050fe51d3408b1eaef27e08e7f1956:e4e99a4d6532:0:1,aebb1cb50cd9dcc29e137a5616bb2478102285853aed08894b7f12bdcbb1c56f,True,496.0049850633368,12,16196.4697265625,16608.0,2,352.7380400337279,148.56351597700268,0.011375278234481812,0
sieve,0,22,c6050fe51d3408b1eaef27e08e7f1956:e4e99a4d6532:0:2,111b8aacdbaf954aebfbd039849710807963f2bd7a68786f9ede013bd58cf416,True,393.45908095128834,5,16196.4697265625,16608.0,2,349.38516397960484,151.29781106952578,0.007701085414737463,0
sieve,0,23,c6050fe51d3408b1eaef27e08e7f1956:e4e99a4d6532:0:3,423b972f52fcbc22cc94be5cb64caefa796a5124160f24ec5fab21772249ca14,True,495.69447396788746,12,16196.4697265625,16608.0,2,351.8146419664845,148.2575349509716,0.004754574969410896,0
sieve,0,24,c6050fe51d3408b1eaef27e08e7f1956:e4e99a4d6532:0:4,423b972f52fcbc22cc94be5cb64caefa796a5124160f24ec5fab21772249ca14,True,495.5415059812367,12,16196.4697265625,16608.0,2,351.2089930009097,148.18987902253866,0.004341862630099058,0
sieve,0,25,bb98dd0bceac09d24db1ecb2af549a92:377f7f0dd150:0:0,855c108ad67905d09ec7c1b0e8aece7c700b88af2a47447b339d06f51ca5f3c1,True,527.8286149259657,14,16192.31201171875,16608.0,2,356.90061491914093,148.07631797157228,0.0061914497055113316,0
sieve,0,26,bb98dd0bceac09d24db1ecb2af549a92:377f7f0dd150:0:1,345f983c72b415369583c07355d41a5ce238a9e9fc7fe025add55b989f42753c,True,593.4031539363787,19,16192.31201171875,16608.0,2,350.53524491377175,148.29168701544404,0.011768816038966179,0
sieve,0,27,bb98dd0bceac09d24db1ecb2af549a92:377f7f0dd150:0:2,d9dc9f66742ea39569f48bea2599a075674a27a99bededdf7d11d3fbc33c74c9,True,564.4455689471215,17,16192.31201171875,16608.0,2,350.69211502559483,151.8810240086168,0.004568884614855051,0
sieve,0,28,bb98dd0bceac09d24db1ecb2af549a92:377f7f0dd150:0:3,c45891449e67fbebaa72c55f78b5e89e2ef69d3f86135e99eaae972f41ca37d3,True,596.3058579945937,19,16192.31201171875,16608.0,2,352.45324100833386,148.13614496961236,0.008304135873913765,0
sieve,0,29,bb98dd0bceac09d24db1ecb2af549a92:377f7f0dd150:0:4,a4b4d1f639310ce5a0af8666d80dea51c299717b38da5a87d48ce3bde0ecf3b5,True,501.7677320865914,12,16192.31201171875,16608.0,2,358.0453700851649,156.78808407392353,0.007733781356364489,0
sieve,0,30,bb98dd0bceac09d24db1ecb2af549a92:2cf3a7a3a65c:0:0,855c108ad67905d09ec7c1b0e8aece7c700b88af2a47447b339d06f51ca5f3c1,True,525.010367971845,14,16192.31201171875,16608.0,2,353.0746069736779,148.204282973893,0.0061914497055113316,0
sieve,0,31,bb98dd0bceac09d24db1ecb2af549a92:2cf3a7a3a65c:0:1,345f983c72b415369583c07355d41a5ce238a9e9fc7fe025add55b989f42753c,True,596.2024900363758,19,16192.31201171875,16608.0,2,353.065058006905,150.4490920342505,0.011768816038966179,0
sieve,0,32,bb98dd0bceac09d24db1ecb2af549a92:2cf3a7a3a65c:0:2,d9dc9f66742ea39569f48bea2599a075674a27a99bededdf7d11d3fbc33c74c9,True,565.7180359121412,17,16192.31201171875,16608.0,2,351.20724595617503,147.99609198234975,0.004568884614855051,0
sieve,0,33,bb98dd0bceac09d24db1ecb2af549a92:2cf3a7a3a65c:0:3,c45891449e67fbebaa72c55f78b5e89e2ef69d3f86135e99eaae972f41ca37d3,True,594.5516970241442,19,16192.31201171875,16608.0,2,351.53197892941535,151.38100693002343,0.008304135873913765,0
sieve,0,34,bb98dd0bceac09d24db1ecb2af549a92:2cf3a7a3a65c:0:4,a4b4d1f639310ce5a0af8666d80dea51c299717b38da5a87d48ce3bde0ecf3b5,True,496.938310097903,12,16192.31201171875,16608.0,2,351.6543690348044,151.2999109691009,0.007733781356364489,0
sieve,0,35,b877dd782edba758ab429e3ee3de3329:97e16cc551e4:0:0,bcf1436e8a0397586b601d3afcfbd9357f7df58201510a79a21f33dea57905ee,True,694.204005994834,26,16192.58642578125,16608.0,2,351.60426201764494,151.35138400364667,0.014796977862715721,0
sieve,0,36,b877dd782edba758ab429e3ee3de3329:97e16cc551e4:0:1,f340e6b096d48731cb6973ce6c1f384848e8a709bc3d7fefbc1375269bb16f66,True,596.0146840661764,19,16192.58642578125,16608.0,2,353.59609208535403,148.6850850051269,0.014414281584322453,0
sieve,0,37,b877dd782edba758ab429e3ee3de3329:97e16cc551e4:0:2,2b704dcf2e659e9441eb368463e822d98e8a4b4b0badfa1e02b97c395219bada,True,635.9315989539027,21,16192.58642578125,16608.0,2,359.83000800479203,156.42159199342132,0.024683352559804916,0
sieve,0,38,b877dd782edba758ab429e3ee3de3329:97e16cc551e4:0:3,2b704dcf2e659e9441eb368463e822d98e8a4b4b0badfa1e02b97c395219bada,True,622.3893170244992,21,16192.58642578125,16608.0,2,351.47639201022685,151.25572902616113,0.012798216193914413,0
sieve,0,39,b877dd782edba758ab429e3ee3de3329:97e16cc551e4:0:4,9833888f2bcf7baedb3e6d22f7a45d778a3ddb93dc3ee593faf345e015a5527d,True,599.7014000313357,19,16192.58642578125,16608.0,2,350.9684690507129,148.63564004190266,0.014551208354532719,0
sieve,0,40,b877dd782edba758ab429e3ee3de3329:dd7f6c9e007d:0:0,bcf1436e8a0397586b601d3afcfbd9357f7df58201510a79a21f33dea57905ee,True,695.6974329659715,26,16192.58642578125,16608.0,2,353.1519708922133,148.1106949504465,0.014796977862715721,0
sieve,0,41,b877dd782edba758ab429e3ee3de3329:dd7f6c9e007d:0:1,f340e6b096d48731cb6973ce6c1f384848e8a709bc3d7fefbc1375269bb16f66,True,594.5418599294499,19,16192.58642578125,16608.0,2,351.2401710031554,147.972816019319,0.014414281584322453,0
sieve,0,42,b877dd782edba758ab429e3ee3de3329:dd7f6c9e007d:0:2,2b704dcf2e659e9441eb368463e822d98e8a4b4b0badfa1e02b97c395219bada,False,622.8039360139519,21,16192.58642578125,16608.0,2,351.58169106580317,148.47460004966706,0.024683352559804916,0
sieve,0,43,b877dd782edba758ab429e3ee3de3329:dd7f6c9e007d:0:3,2b704dcf2e659e9441eb368463e822d98e8a4b4b0badfa1e02b97c395219bada,True,623.1246800161898,21,16192.58642578125,16608.0,2,351.7400809796527,148.2693620491773,0.012798216193914413,0
sieve,0,44,b877dd782edba758ab429e3ee3de3329:dd7f6c9e007d:0:4,9833888f2bcf7baedb3e6d22f7a45d778a3ddb93dc3ee593faf345e015a5527d,True,594.4273000350222,19,16192.58642578125,16608.0,2,351.4899850124493,148.4026500256732,0.014551208354532719,0
sieve,0,45,4f59fbf51a0a5bfb4dc5af02cf294693:993dac5396a0:0:0,02b2f284846856bbed690c4a4ff41de209848e5b20a5b8e52994ff6008da32c7,True,566.6631950298324,17,16193.2724609375,16608.0,2,352.46924206148833,148.42670306097716,0.005141588859260082,0
sieve,0,46,4f59fbf51a0a5bfb4dc5af02cf294693:993dac5396a0:0:1,72ce63e97c300b32403763a2e20f5768dbedc981efcd36c58458b7f10991a314,True,509.2004709877074,13,16193.2724609375,16608.0,2,351.1772269848734,148.2501078862697,0.006394107360392809,0
sieve,0,47,4f59fbf51a0a5bfb4dc5af02cf294693:993dac5396a0:0:2,692a62434ae2815dec74164a4d148a1ad395dbf6653d58fc4ae432a52e892e37,True,564.4793149549514,17,16193.2724609375,16608.0,2,351.05550894513726,148.09285302180797,0.00500106206163764,0
sieve,0,48,4f59fbf51a0a5bfb4dc5af02cf294693:993dac5396a0:0:3,692a62434ae2815dec74164a4d148a1ad395dbf6653d58fc4ae432a52e892e37,True,565.308824996464,17,16193.2724609375,16608.0,2,351.33039799984545,148.37914297822863,0.00496099516749382,0
sieve,0,49,4f59fbf51a0a5bfb4dc5af02cf294693:993dac5396a0:0:4,e4f0271d7dced0f36c97839e546b1f140f69dfa129a37b04f653f47eb9c2798f,True,493.7623830046505,12,16193.2724609375,16608.0,2,350.919215939939,147.92119001504034,0.0044060661457479,0
sieve,1,0,1a938d25604410ccd63b60285919eaec:c627e50da685:0:0,e042894d371a8df6673730e94e09c16b0c54e157faa37094ac0edd0138322b43,True,492.0957658905536,12,16193.2724609375,16608.0,2,349.17492291424423,148.2713120058179,0.006687125191092491,0
sieve,1,1,1a938d25604410ccd63b60285919eaec:c627e50da685:0:1,e042894d371a8df6673730e94e09c16b0c54e157faa37094ac0edd0138322b43,True,492.76061507407576,12,16193.2724609375,16608.0,2,350.1350850565359,147.84538897220045,0.004903220571577549,0
sieve,1,2,1a938d25604410ccd63b60285919eaec:c627e50da685:0:2,f5f79da7870b43a425d911d4230cbde81339aaf8976b28d91223d1db1b9dcb91,True,494.32515702210367,12,16193.2724609375,16608.0,2,351.5629549510777,151.57913602888584,0.005713625345379114,0
sieve,1,3,1a938d25604410ccd63b60285919eaec:c627e50da685:0:3,82b4934cd2e12dd5597e5e37c746229f9ae763b2251ce7ebf18bfe7be9c79896,True,524.1617610445246,14,16193.2724609375,16608.0,2,352.33015101403,148.43412197660655,0.005114580970257521,0
sieve,1,4,1a938d25604410ccd63b60285919eaec:c627e50da685:0:4,82b4934cd2e12dd5597e5e37c746229f9ae763b2251ce7ebf18bfe7be9c79896,True,524.6356640709564,14,16193.2724609375,16608.0,2,352.64753096271306,151.67886298149824,0.005123580805957317,0
sieve,1,5,49cd6149f02ec01ee03a6eb8287ab2df:f982e9dfaf25:0:0,435ddab74d1ce43607ae306954b3988e040a520237c7d35ed4bf195d89590fe9,True,596.5029259677976,19,16192.31201171875,16608.0,2,351.808000006713,151.33597003296018,0.01578235998749733,0
sieve,1,6,49cd6149f02ec01ee03a6eb8287ab2df:f982e9dfaf25:0:1,435ddab74d1ce43607ae306954b3988e040a520237c7d35ed4bf195d89590fe9,True,595.3835129039362,19,16192.31201171875,16608.0,2,351.0560899740085,148.05078005883843,0.015412854962050915,0
sieve,1,7,49cd6149f02ec01ee03a6eb8287ab2df:f982e9dfaf25:0:2,73fb32b5e401b3eacb51e7e77bdf04e3b22a04455436b5dd1473893ee8251122,True,437.5305619323626,8,16192.31201171875,16608.0,2,351.16147494409233,148.46518798731267,0.00505207059904933,0
sieve,1,8,49cd6149f02ec01ee03a6eb8287ab2df:f982e9dfaf25:0:3,95f301e4834466fadb9df4ae46e1b1c55f14a11d8b92502235741ad28dbdb107,False,540.2450460242108,15,16192.31201171875,16608.0,2,352.88515593856573,151.3232389697805,0.017577657476067543,0
sieve,1,9,49cd6149f02ec01ee03a6eb8287ab2df:f982e9dfaf25:0:4,73fb32b5e401b3eacb51e7e77bdf04e3b22a04455436b5dd1473893ee8251122,True,437.42553994525224,8,16192.31201171875,16608.0,2,350.87331396061927,148.0186099652201,0.004846750292927027,0
sieve,1,10,49cd6149f02ec01ee03a6eb8287ab2df:81739d7eb99c:0:0,435ddab74d1ce43607ae306954b3988e040a520237c7d35ed4bf195d89590fe9,True,594.4012639811262,19,16192.31201171875,16608.0,2,351.032183971256,148.26885901857167,0.01578235998749733,0
sieve,1,11,49cd6149f02ec01ee03a6eb8287ab2df:81739d7eb99c:0:1,435ddab74d1ce43607ae306954b3988e040a520237c7d35ed4bf195d89590fe9,True,595.3442330937833,19,16192.31201171875,16608.0,2,351.1142029892653,151.01327293086797,0.015412854962050915,0
sieve,1,12,49cd6149f02ec01ee03a6eb8287ab2df:81739d7eb99c:0:2,73fb32b5e401b3eacb51e7e77bdf04e3b22a04455436b5dd1473893ee8251122,True,440.0093690492213,8,16192.31201171875,16608.0,2,353.14793104771525,148.85144401341677,0.00505207059904933,0
sieve,1,13,49cd6149f02ec01ee03a6eb8287ab2df:81739d7eb99c:0:3,435ddab74d1ce43607ae306954b3988e040a520237c7d35ed4bf195d89590fe9,True,592.5968319643289,19,16192.31201171875,16608.0,2,350.6005350500345,151.35443198960274,0.017577657476067543,0
sieve,1,14,49cd6149f02ec01ee03a6eb8287ab2df:81739d7eb99c:0:4,73fb32b5e401b3eacb51e7e77bdf04e3b22a04455436b5dd1473893ee8251122,True,439.4910299452022,8,16192.31201171875,16608.0,2,352.47716295998544,151.1055090231821,0.004846750292927027,0
sieve,1,15,c6050fe51d3408b1eaef27e08e7f1956:1458b54ae2f6:0:0,35990225eb4034f560541dca69e3de42af70ee7e6c5a42420c958e689cda2c02,True,467.5763350678608,10,16196.4697265625,16608.0,2,351.89215606078506,148.36597302928567,0.010603428818285465,0
sieve,1,16,c6050fe51d3408b1eaef27e08e7f1956:1458b54ae2f6:0:1,aebb1cb50cd9dcc29e137a5616bb2478102285853aed08894b7f12bdcbb1c56f,True,493.9809780335054,12,16196.4697265625,16608.0,2,351.4328160090372,148.6287920270115,0.011375278234481812,0
sieve,1,17,c6050fe51d3408b1eaef27e08e7f1956:1458b54ae2f6:0:2,111b8aacdbaf954aebfbd039849710807963f2bd7a68786f9ede013bd58cf416,True,393.3770479634404,5,16196.4697265625,16608.0,2,349.82776502147317,149.82801000587642,0.007663738448172808,0
sieve,1,18,c6050fe51d3408b1eaef27e08e7f1956:1458b54ae2f6:0:3,423b972f52fcbc22cc94be5cb64caefa796a5124160f24ec5fab21772249ca14,True,492.14975198265165,12,16196.4697265625,16608.0,2,348.5216769622639,149.90951400250196,0.004754574969410896,0
sieve,1,19,c6050fe51d3408b1eaef27e08e7f1956:1458b54ae2f6:0:4,423b972f52fcbc22cc94be5cb64caefa796a5124160f24ec5fab21772249ca14,True,492.2335490118712,12,16196.4697265625,16608.0,2,349.54164701048285,147.26678107399493,0.004341862630099058,0
sieve,1,20,c6050fe51d3408b1eaef27e08e7f1956:e4e99a4d6532:0:0,35990225eb4034f560541dca69e3de42af70ee7e6c5a42420c958e689cda2c02,True,464.03565199580044,10,16196.4697265625,16608.0,2,349.5378199731931,149.79596599005163,0.010603428818285465,0
sieve,1,21,c6050fe51d3408b1eaef27e08e7f1956:e4e99a4d6532:0:1,aebb1cb50cd9dcc29e137a5616bb2478102285853aed08894b7f12bdcbb1c56f,True,491.7362240375951,12,16196.4697265625,16608.0,2,348.7470110412687,149.83234205283225,0.011375278234481812,0
sieve,1,22,c6050fe51d3408b1eaef27e08e7f1956:e4e99a4d6532:0:2,111b8aacdbaf954aebfbd039849710807963f2bd7a68786f9ede013bd58cf416,True,392.80316105578095,5,16196.4697265625,16608.0,2,348.90534600708634,147.45746098924428,0.007663738448172808,0
sieve,1,23,c6050fe51d3408b1eaef27e08e7f1956:e4e99a4d6532:0:3,423b972f52fcbc22cc94be5cb64caefa796a5124160f24ec5fab21772249ca14,True,491.77739897277206,12,16196.4697265625,16608.0,2,348.37043506558985,150.30294202733785,0.004754574969410896,0
sieve,1,24,c6050fe51d3408b1eaef27e08e7f1956:e4e99a4d6532:0:4,423b972f52fcbc22cc94be5cb64caefa796a5124160f24ec5fab21772249ca14,True,493.28187201172113,12,16196.4697265625,16608.0,2,350.0082129612565,150.05637996364385,0.004341862630099058,0
sieve,1,25,bb98dd0bceac09d24db1ecb2af549a92:377f7f0dd150:0:0,855c108ad67905d09ec7c1b0e8aece7c700b88af2a47447b339d06f51ca5f3c1,True,520.9333699895069,14,16192.31201171875,16608.0,2,349.38664291985333,149.9303919263184,0.0061914497055113316,0
sieve,1,26,bb98dd0bceac09d24db1ecb2af549a92:377f7f0dd150:0:1,345f983c72b415369583c07355d41a5ce238a9e9fc7fe025add55b989f42753c,True,610.4477370390669,19,16192.31201171875,16608.0,2,349.0781399887055,150.12224798556417,0.011768816038966179,0
sieve,1,27,bb98dd0bceac09d24db1ecb2af549a92:377f7f0dd150:0:2,d9dc9f66742ea39569f48bea2599a075674a27a99bededdf7d11d3fbc33c74c9,True,563.9716329751536,17,16192.31201171875,16608.0,2,349.6824490139261,149.87084502354264,0.004568884614855051,0
sieve,1,28,bb98dd0bceac09d24db1ecb2af549a92:377f7f0dd150:0:3,c45891449e67fbebaa72c55f78b5e89e2ef69d3f86135e99eaae972f41ca37d3,True,593.4731579618528,19,16192.31201171875,16608.0,2,349.1321459878236,147.37856201827526,0.008304135873913765,0
sieve,1,29,bb98dd0bceac09d24db1ecb2af549a92:377f7f0dd150:0:4,a4b4d1f639310ce5a0af8666d80dea51c299717b38da5a87d48ce3bde0ecf3b5,True,492.65901499893516,12,16192.31201171875,16608.0,2,349.26757600624114,150.0180319417268,0.007733781356364489,0
sieve,1,30,bb98dd0bceac09d24db1ecb2af549a92:2cf3a7a3a65c:0:0,855c108ad67905d09ec7c1b0e8aece7c700b88af2a47447b339d06f51ca5f3c1,True,520.6934190355241,14,16192.31201171875,16608.0,2,349.180122022517,150.35336802247912,0.0061914497055113316,0
sieve,1,31,bb98dd0bceac09d24db1ecb2af549a92:2cf3a7a3a65c:0:1,345f983c72b415369583c07355d41a5ce238a9e9fc7fe025add55b989f42753c,True,592.1968990005553,19,16192.31201171875,16608.0,2,348.7754019442946,146.99838403612375,0.011768816038966179,0
sieve,1,32,bb98dd0bceac09d24db1ecb2af549a92:2cf3a7a3a65c:0:2,d9dc9f66742ea39569f48bea2599a075674a27a99bededdf7d11d3fbc33c74c9,True,562.9372399998829,17,16192.31201171875,16608.0,2,349.6791759971529,147.29152200743556,0.004568884614855051,0
sieve,1,33,bb98dd0bceac09d24db1ecb2af549a92:2cf3a7a3a65c:0:3,c45891449e67fbebaa72c55f78b5e89e2ef69d3f86135e99eaae972f41ca37d3,True,591.2426100112498,19,16192.31201171875,16608.0,2,349.3387709604576,147.13868498802185,0.008304135873913765,0
sieve,1,34,bb98dd0bceac09d24db1ecb2af549a92:2cf3a7a3a65c:0:4,a4b4d1f639310ce5a0af8666d80dea51c299717b38da5a87d48ce3bde0ecf3b5,True,492.74207500275224,12,16192.31201171875,16608.0,2,349.54302199184895,149.79077805764973,0.007733781356364489,0
sieve,1,35,b877dd782edba758ab429e3ee3de3329:97e16cc551e4:0:0,bcf1436e8a0397586b601d3afcfbd9357f7df58201510a79a21f33dea57905ee,True,694.143008091487,26,16192.58642578125,16608.0,2,352.1308940835297,147.95529399998486,0.014796977862715721,0
sieve,1,36,b877dd782edba758ab429e3ee3de3329:97e16cc551e4:0:1,f340e6b096d48731cb6973ce6c1f384848e8a709bc3d7fefbc1375269bb16f66,True,593.4026379836723,19,16192.58642578125,16608.0,2,350.5780838895589,147.20005192793906,0.014414281584322453,0
sieve,1,37,b877dd782edba758ab429e3ee3de3329:97e16cc551e4:0:2,2b704dcf2e659e9441eb368463e822d98e8a4b4b0badfa1e02b97c395219bada,False,614.3471269169822,21,16192.58642578125,16608.0,2,344.7388199856505,150.7917840499431,0.024683352559804916,0
sieve,1,38,b877dd782edba758ab429e3ee3de3329:97e16cc551e4:0:3,2b704dcf2e659e9441eb368463e822d98e8a4b4b0badfa1e02b97c395219bada,True,620.1510269893333,21,16192.58642578125,16608.0,2,350.21927603520453,147.1555921016261,0.012798216193914413,0
sieve,1,39,b877dd782edba758ab429e3ee3de3329:97e16cc551e4:0:4,9833888f2bcf7baedb3e6d22f7a45d778a3ddb93dc3ee593faf345e015a5527d,True,590.6408459413797,19,16192.58642578125,16608.0,2,349.38269702252,147.05152809619904,0.014551208354532719,0
sieve,1,40,b877dd782edba758ab429e3ee3de3329:dd7f6c9e007d:0:0,bcf1436e8a0397586b601d3afcfbd9357f7df58201510a79a21f33dea57905ee,True,690.4916330240667,26,16192.58642578125,16608.0,2,348.7321250140667,151.15378599148244,0.014796977862715721,0
sieve,1,41,b877dd782edba758ab429e3ee3de3329:dd7f6c9e007d:0:1,f340e6b096d48731cb6973ce6c1f384848e8a709bc3d7fefbc1375269bb16f66,True,591.8213450349867,19,16192.58642578125,16608.0,2,349.8118759598583,150.23758995812386,0.014414281584322453,0
sieve,1,42,b877dd782edba758ab429e3ee3de3329:dd7f6c9e007d:0:2,2b704dcf2e659e9441eb368463e822d98e8a4b4b0badfa1e02b97c395219bada,True,619.2579719936475,21,16192.58642578125,16608.0,2,349.27637898363173,147.04058493953198,0.024683352559804916,0
sieve,1,43,b877dd782edba758ab429e3ee3de3329:dd7f6c9e007d:0:3,2b704dcf2e659e9441eb368463e822d98e8a4b4b0badfa1e02b97c395219bada,True,621.2167950579897,21,16192.58642578125,16608.0,2,349.48595706373453,150.0778200570494,0.012798216193914413,0
sieve,1,44,b877dd782edba758ab429e3ee3de3329:dd7f6c9e007d:0:4,9833888f2bcf7baedb3e6d22f7a45d778a3ddb93dc3ee593faf345e015a5527d,True,591.5460319956765,19,16192.58642578125,16608.0,2,349.5736529584974,150.37316898815334,0.014551208354532719,0
sieve,1,45,4f59fbf51a0a5bfb4dc5af02cf294693:993dac5396a0:0:0,02b2f284846856bbed690c4a4ff41de209848e5b20a5b8e52994ff6008da32c7,True,562.9414280410856,17,16193.2724609375,16608.0,2,350.0237470725551,150.69035103078932,0.004944209940731525,0
sieve,1,46,4f59fbf51a0a5bfb4dc5af02cf294693:993dac5396a0:0:1,72ce63e97c300b32403763a2e20f5768dbedc981efcd36c58458b7f10991a314,True,507.1963240625337,13,16193.2724609375,16608.0,2,349.78124604094774,150.29099897947162,0.006394107360392809,0
sieve,1,47,4f59fbf51a0a5bfb4dc5af02cf294693:993dac5396a0:0:2,692a62434ae2815dec74164a4d148a1ad395dbf6653d58fc4ae432a52e892e37,True,563.0372379673645,17,16193.2724609375,16608.0,2,349.8678549658507,147.42399496026337,0.00500106206163764,0
sieve,1,48,4f59fbf51a0a5bfb4dc5af02cf294693:993dac5396a0:0:3,692a62434ae2815dec74164a4d148a1ad395dbf6653d58fc4ae432a52e892e37,True,564.9737500352785,17,16193.2724609375,16608.0,2,350.9983599651605,150.20428993739188,0.00496099516749382,0
sieve,1,49,4f59fbf51a0a5bfb4dc5af02cf294693:993dac5396a0:0:4,0cc9fb380cb2bb70003747e1d1b5eddb6239e470e3464f2a6cf9c2ca668b89c3,True,507.454356062226,13,16193.2724609375,16608.0,2,350.3825489897281,150.59665392618626,0.0044060661457479,0
predictor,0,0,1a938d25604410ccd63b60285919eaec:c627e50da685:0:0,e042894d371a8df6673730e94e09c16b0c54e157faa37094ac0edd0138322b43,True,493.4755889698863,12,16193.2724609375,16608.0,2,350.54958204273134,146.41186106018722,,
predictor,0,1,1a938d25604410ccd63b60285919eaec:c627e50da685:0:1,e042894d371a8df6673730e94e09c16b0c54e157faa37094ac0edd0138322b43,True,491.3702489575371,12,16193.2724609375,16608.0,2,345.8667569793761,146.61915600299835,,
predictor,0,2,1a938d25604410ccd63b60285919eaec:c627e50da685:0:2,f5f79da7870b43a425d911d4230cbde81339aaf8976b28d91223d1db1b9dcb91,True,491.10283597838134,12,16193.2724609375,16608.0,2,345.7637840183452,146.510676946491,,
predictor,0,3,1a938d25604410ccd63b60285919eaec:c627e50da685:0:3,82b4934cd2e12dd5597e5e37c746229f9ae763b2251ce7ebf18bfe7be9c79896,True,522.8667040355504,14,16193.2724609375,16608.0,2,347.86306403111666,146.60946396179497,,
predictor,0,4,1a938d25604410ccd63b60285919eaec:c627e50da685:0:4,82b4934cd2e12dd5597e5e37c746229f9ae763b2251ce7ebf18bfe7be9c79896,True,522.4249219754711,14,16193.2724609375,16608.0,2,347.62132598552853,146.7565440107137,,
predictor,0,5,49cd6149f02ec01ee03a6eb8287ab2df:f982e9dfaf25:0:0,435ddab74d1ce43607ae306954b3988e040a520237c7d35ed4bf195d89590fe9,True,590.5319650191814,19,16192.31201171875,16608.0,2,345.9651320008561,146.19959006085992,,
predictor,0,6,49cd6149f02ec01ee03a6eb8287ab2df:f982e9dfaf25:0:1,435ddab74d1ce43607ae306954b3988e040a520237c7d35ed4bf195d89590fe9,True,587.3452699743211,19,16192.31201171875,16608.0,2,344.5599760161713,146.25954697839916,,
predictor,0,7,49cd6149f02ec01ee03a6eb8287ab2df:f982e9dfaf25:0:2,73fb32b5e401b3eacb51e7e77bdf04e3b22a04455436b5dd1473893ee8251122,True,436.188847059384,8,16192.31201171875,16608.0,2,346.1902120616287,146.69342001434416,,
predictor,0,8,49cd6149f02ec01ee03a6eb8287ab2df:f982e9dfaf25:0:3,435ddab74d1ce43607ae306954b3988e040a520237c7d35ed4bf195d89590fe9,True,591.8065930018201,19,16192.31201171875,16608.0,2,347.7614769944921,146.2482470087707,,
predictor,0,9,49cd6149f02ec01ee03a6eb8287ab2df:f982e9dfaf25:0:4,73fb32b5e401b3eacb51e7e77bdf04e3b22a04455436b5dd1473893ee8251122,True,445.8531360141933,8,16192.31201171875,16608.0,2,349.0001300815493,146.54420304577798,,
predictor,0,10,49cd6149f02ec01ee03a6eb8287ab2df:81739d7eb99c:0:0,435ddab74d1ce43607ae306954b3988e040a520237c7d35ed4bf195d89590fe9,True,586.3578459247947,19,16192.31201171875,16608.0,2,340.59672395233065,146.1973199620843,,
predictor,0,11,49cd6149f02ec01ee03a6eb8287ab2df:81739d7eb99c:0:1,435ddab74d1ce43607ae306954b3988e040a520237c7d35ed4bf195d89590fe9,True,592.9059060290456,19,16192.31201171875,16608.0,2,346.9714460661635,146.23317797668278,,
predictor,0,12,49cd6149f02ec01ee03a6eb8287ab2df:81739d7eb99c:0:2,73fb32b5e401b3eacb51e7e77bdf04e3b22a04455436b5dd1473893ee8251122,True,436.1519980011508,8,16192.31201171875,16608.0,2,346.5242419624701,146.11137297470123,,
predictor,0,13,49cd6149f02ec01ee03a6eb8287ab2df:81739d7eb99c:0:3,95f301e4834466fadb9df4ae46e1b1c55f14a11d8b92502235741ad28dbdb107,False,536.6065399721265,15,16192.31201171875,16608.0,2,347.87570603657514,146.6410340508446,,
predictor,0,14,49cd6149f02ec01ee03a6eb8287ab2df:81739d7eb99c:0:4,73fb32b5e401b3eacb51e7e77bdf04e3b22a04455436b5dd1473893ee8251122,True,434.04098809696734,8,16192.31201171875,16608.0,2,348.3305911067873,146.2846170179546,,
predictor,0,15,c6050fe51d3408b1eaef27e08e7f1956:1458b54ae2f6:0:0,35990225eb4034f560541dca69e3de42af70ee7e6c5a42420c958e689cda2c02,True,467.1562530566007,10,16196.4697265625,16608.0,2,352.90188901126385,147.11149397771806,,
predictor,0,16,c6050fe51d3408b1eaef27e08e7f1956:1458b54ae2f6:0:1,aebb1cb50cd9dcc29e137a5616bb2478102285853aed08894b7f12bdcbb1c56f,True,495.1215540058911,12,16196.4697265625,16608.0,2,348.9056939724833,146.67294500395656,,
predictor,0,17,c6050fe51d3408b1eaef27e08e7f1956:1458b54ae2f6:0:2,111b8aacdbaf954aebfbd039849710807963f2bd7a68786f9ede013bd58cf416,True,394.34045692905784,5,16196.4697265625,16608.0,2,347.1326259896159,146.95214305538684,,
predictor,0,18,c6050fe51d3408b1eaef27e08e7f1956:1458b54ae2f6:0:3,423b972f52fcbc22cc94be5cb64caefa796a5124160f24ec5fab21772249ca14,True,494.3497549975291,12,16196.4697265625,16608.0,2,348.5173840308562,146.49022510275245,,
predictor,0,19,c6050fe51d3408b1eaef27e08e7f1956:1458b54ae2f6:0:4,423b972f52fcbc22cc94be5cb64caefa796a5124160f24ec5fab21772249ca14,True,493.59984090551734,12,16196.4697265625,16608.0,2,350.41601897682995,146.53910195920616,,
predictor,0,20,c6050fe51d3408b1eaef27e08e7f1956:e4e99a4d6532:0:0,35990225eb4034f560541dca69e3de42af70ee7e6c5a42420c958e689cda2c02,True,465.15037200879306,10,16196.4697265625,16608.0,2,346.9627279555425,146.73721499275416,,
predictor,0,21,c6050fe51d3408b1eaef27e08e7f1956:e4e99a4d6532:0:1,aebb1cb50cd9dcc29e137a5616bb2478102285853aed08894b7f12bdcbb1c56f,True,494.0092909382656,12,16196.4697265625,16608.0,2,346.9124269904569,146.69895498082042,,
predictor,0,22,c6050fe51d3408b1eaef27e08e7f1956:e4e99a4d6532:0:2,111b8aacdbaf954aebfbd039849710807963f2bd7a68786f9ede013bd58cf416,True,395.2223979867995,5,16196.4697265625,16608.0,2,348.4815019182861,146.6504050185904,,
predictor,0,23,c6050fe51d3408b1eaef27e08e7f1956:e4e99a4d6532:0:3,423b972f52fcbc22cc94be5cb64caefa796a5124160f24ec5fab21772249ca14,True,494.9673149967566,12,16196.4697265625,16608.0,2,349.56122294534,146.64895797614008,,
predictor,0,24,c6050fe51d3408b1eaef27e08e7f1956:e4e99a4d6532:0:4,423b972f52fcbc22cc94be5cb64caefa796a5124160f24ec5fab21772249ca14,True,502.58579291403294,12,16196.4697265625,16608.0,2,360.0301069673151,146.71855804044753,,
predictor,0,25,bb98dd0bceac09d24db1ecb2af549a92:377f7f0dd150:0:0,855c108ad67905d09ec7c1b0e8aece7c700b88af2a47447b339d06f51ca5f3c1,True,523.1207080651075,14,16192.31201171875,16608.0,2,349.2118479916826,146.2903009960428,,
predictor,0,26,bb98dd0bceac09d24db1ecb2af549a92:377f7f0dd150:0:1,345f983c72b415369583c07355d41a5ce238a9e9fc7fe025add55b989f42753c,True,590.6638130545616,19,16192.31201171875,16608.0,2,345.13449599035084,146.22628199867904,,
predictor,0,27,bb98dd0bceac09d24db1ecb2af549a92:377f7f0dd150:0:2,d9dc9f66742ea39569f48bea2599a075674a27a99bededdf7d11d3fbc33c74c9,True,560.530410031788,17,16192.31201171875,16608.0,2,343.97223603446037,146.12730906810611,,
predictor,0,28,bb98dd0bceac09d24db1ecb2af549a92:377f7f0dd150:0:3,c45891449e67fbebaa72c55f78b5e89e2ef69d3f86135e99eaae972f41ca37d3,True,586.1079070018604,19,16192.31201171875,16608.0,2,340.4941859189421,146.2725099408999,,
predictor,0,29,bb98dd0bceac09d24db1ecb2af549a92:377f7f0dd150:0:4,a4b4d1f639310ce5a0af8666d80dea51c299717b38da5a87d48ce3bde0ecf3b5,True,493.93561703618616,12,16192.31201171875,16608.0,2,347.00127609539777,146.41279506031424,,
predictor,0,30,bb98dd0bceac09d24db1ecb2af549a92:2cf3a7a3a65c:0:0,855c108ad67905d09ec7c1b0e8aece7c700b88af2a47447b339d06f51ca5f3c1,True,519.9208699632436,14,16192.31201171875,16608.0,2,345.9554730216041,146.24530402943492,,
predictor,0,31,bb98dd0bceac09d24db1ecb2af549a92:2cf3a7a3a65c:0:1,345f983c72b415369583c07355d41a5ce238a9e9fc7fe025add55b989f42753c,True,590.3122359886765,19,16192.31201171875,16608.0,2,348.32498198375106,146.40883705578744,,
predictor,0,32,bb98dd0bceac09d24db1ecb2af549a92:2cf3a7a3a65c:0:2,d9dc9f66742ea39569f48bea2599a075674a27a99bededdf7d11d3fbc33c74c9,True,563.7259969953448,17,16192.31201171875,16608.0,2,349.59651390090585,146.31010789889842,,
predictor,0,33,bb98dd0bceac09d24db1ecb2af549a92:2cf3a7a3a65c:0:3,c45891449e67fbebaa72c55f78b5e89e2ef69d3f86135e99eaae972f41ca37d3,True,590.3606750071049,19,16192.31201171875,16608.0,2,348.8443889655173,146.46820502821356,,
predictor,0,34,bb98dd0bceac09d24db1ecb2af549a92:2cf3a7a3a65c:0:4,a4b4d1f639310ce5a0af8666d80dea51c299717b38da5a87d48ce3bde0ecf3b5,True,492.7147439448163,12,16192.31201171875,16608.0,2,349.732493981719,146.81219297926873,,
predictor,0,35,b877dd782edba758ab429e3ee3de3329:97e16cc551e4:0:0,bcf1436e8a0397586b601d3afcfbd9357f7df58201510a79a21f33dea57905ee,True,693.4588480507955,26,16192.58642578125,16608.0,2,347.64143195934594,146.5904189972207,,
predictor,0,36,b877dd782edba758ab429e3ee3de3329:97e16cc551e4:0:1,f340e6b096d48731cb6973ce6c1f384848e8a709bc3d7fefbc1375269bb16f66,True,594.038245966658,19,16192.58642578125,16608.0,2,350.9164770366624,146.58746600616723,,
predictor,0,37,b877dd782edba758ab429e3ee3de3329:97e16cc551e4:0:2,2b704dcf2e659e9441eb368463e822d98e8a4b4b0badfa1e02b97c395219bada,True,621.1197230732068,21,16192.58642578125,16608.0,2,346.88913100399077,146.43182791769505,,
predictor,0,38,b877dd782edba758ab429e3ee3de3329:97e16cc551e4:0:3,2b704dcf2e659e9441eb368463e822d98e8a4b4b0badfa1e02b97c395219bada,True,624.1645070258528,21,16192.58642578125,16608.0,2,349.20999908354133,146.50064299348742,,
predictor,0,39,b877dd782edba758ab429e3ee3de3329:97e16cc551e4:0:4,9833888f2bcf7baedb3e6d22f7a45d778a3ddb93dc3ee593faf345e015a5527d,True,594.0398969687521,19,16192.58642578125,16608.0,2,347.7742320392281,146.74154901877046,,
predictor,0,40,b877dd782edba758ab429e3ee3de3329:dd7f6c9e007d:0:0,bcf1436e8a0397586b601d3afcfbd9357f7df58201510a79a21f33dea57905ee,True,690.9539100015536,26,16192.58642578125,16608.0,2,349.3779320269823,146.50728402193636,,
predictor,0,41,b877dd782edba758ab429e3ee3de3329:dd7f6c9e007d:0:1,f340e6b096d48731cb6973ce6c1f384848e8a709bc3d7fefbc1375269bb16f66,True,597.2546909470111,19,16192.58642578125,16608.0,2,349.48532399721444,146.67463197838515,,
predictor,0,42,b877dd782edba758ab429e3ee3de3329:dd7f6c9e007d:0:2,2b704dcf2e659e9441eb368463e822d98e8a4b4b0badfa1e02b97c395219bada,False,622.9257950326428,21,16192.58642578125,16608.0,2,347.4836340174079,146.33134193718433,,
predictor,0,43,b877dd782edba758ab429e3ee3de3329:dd7f6c9e007d:0:3,2b704dcf2e659e9441eb368463e822d98e8a4b4b0badfa1e02b97c395219bada,True,619.9035489698872,21,16192.58642578125,16608.0,2,349.50680600013584,146.4948570355773,,
predictor,0,44,b877dd782edba758ab429e3ee3de3329:dd7f6c9e007d:0:4,9833888f2bcf7baedb3e6d22f7a45d778a3ddb93dc3ee593faf345e015a5527d,True,592.8642969811335,19,16192.58642578125,16608.0,2,346.4432649780065,146.7333659529686,,
predictor,0,45,4f59fbf51a0a5bfb4dc5af02cf294693:993dac5396a0:0:0,02b2f284846856bbed690c4a4ff41de209848e5b20a5b8e52994ff6008da32c7,True,559.8367999773473,17,16193.2724609375,16608.0,2,341.5377070195973,147.11834397166967,,
predictor,0,46,4f59fbf51a0a5bfb4dc5af02cf294693:993dac5396a0:0:1,72ce63e97c300b32403763a2e20f5768dbedc981efcd36c58458b7f10991a314,True,509.90759395062923,13,16193.2724609375,16608.0,2,349.0908509120345,146.69778698589653,,
predictor,0,47,4f59fbf51a0a5bfb4dc5af02cf294693:993dac5396a0:0:2,692a62434ae2815dec74164a4d148a1ad395dbf6653d58fc4ae432a52e892e37,True,564.1418360173702,17,16193.2724609375,16608.0,2,349.4901889935136,146.64356294088066,,
predictor,0,48,4f59fbf51a0a5bfb4dc5af02cf294693:993dac5396a0:0:3,692a62434ae2815dec74164a4d148a1ad395dbf6653d58fc4ae432a52e892e37,True,563.166931970045,17,16193.2724609375,16608.0,2,349.3598960340023,146.70650998596102,,
predictor,0,49,4f59fbf51a0a5bfb4dc5af02cf294693:993dac5396a0:0:4,e4f0271d7dced0f36c97839e546b1f140f69dfa129a37b04f653f47eb9c2798f,True,493.5323130339384,12,16193.2724609375,16608.0,2,346.91130509600043,146.74664405174553,,
predictor,1,0,1a938d25604410ccd63b60285919eaec:c627e50da685:0:0,e042894d371a8df6673730e94e09c16b0c54e157faa37094ac0edd0138322b43,True,495.5293629318476,12,16193.2724609375,16608.0,2,351.7212920123711,146.86867001000792,,
predictor,1,1,1a938d25604410ccd63b60285919eaec:c627e50da685:0:1,e042894d371a8df6673730e94e09c16b0c54e157faa37094ac0edd0138322b43,True,493.49488492589444,12,16193.2724609375,16608.0,2,350.69753299467266,146.84080705046654,,
predictor,1,2,1a938d25604410ccd63b60285919eaec:c627e50da685:0:2,f5f79da7870b43a425d911d4230cbde81339aaf8976b28d91223d1db1b9dcb91,True,495.14452600851655,12,16193.2724609375,16608.0,2,347.9284420609474,147.30950503144413,,
predictor,1,3,1a938d25604410ccd63b60285919eaec:c627e50da685:0:3,82b4934cd2e12dd5597e5e37c746229f9ae763b2251ce7ebf18bfe7be9c79896,True,525.9465530980378,14,16193.2724609375,16608.0,2,350.34046799410135,147.11887994781137,,
predictor,1,4,1a938d25604410ccd63b60285919eaec:c627e50da685:0:4,82b4934cd2e12dd5597e5e37c746229f9ae763b2251ce7ebf18bfe7be9c79896,True,522.256697062403,14,16193.2724609375,16608.0,2,350.68823699839413,146.96706691756845,,
predictor,1,5,49cd6149f02ec01ee03a6eb8287ab2df:f982e9dfaf25:0:0,435ddab74d1ce43607ae306954b3988e040a520237c7d35ed4bf195d89590fe9,True,592.8763980045915,19,16192.31201171875,16608.0,2,346.74747893586755,146.37978095561266,,
predictor,1,6,49cd6149f02ec01ee03a6eb8287ab2df:f982e9dfaf25:0:1,435ddab74d1ce43607ae306954b3988e040a520237c7d35ed4bf195d89590fe9,True,593.3008790016174,19,16192.31201171875,16608.0,2,348.2896810164675,146.34093292988837,,
predictor,1,7,49cd6149f02ec01ee03a6eb8287ab2df:f982e9dfaf25:0:2,73fb32b5e401b3eacb51e7e77bdf04e3b22a04455436b5dd1473893ee8251122,True,436.26799201592803,8,16192.31201171875,16608.0,2,347.12848893832415,146.55867300461978,,
predictor,1,8,49cd6149f02ec01ee03a6eb8287ab2df:f982e9dfaf25:0:3,435ddab74d1ce43607ae306954b3988e040a520237c7d35ed4bf195d89590fe9,True,591.8296029558405,19,16192.31201171875,16608.0,2,349.8358359793201,146.30850194953382,,
predictor,1,9,49cd6149f02ec01ee03a6eb8287ab2df:f982e9dfaf25:0:4,73fb32b5e401b3eacb51e7e77bdf04e3b22a04455436b5dd1473893ee8251122,True,438.7077320134267,8,16192.31201171875,16608.0,2,348.8935619825497,146.64005395025015,,
predictor,1,10,49cd6149f02ec01ee03a6eb8287ab2df:81739d7eb99c:0:0,435ddab74d1ce43607ae306954b3988e040a520237c7d35ed4bf195d89590fe9,True,592.3878990579396,19,16192.31201171875,16608.0,2,351.1003820458427,146.5791939990595,,
predictor,1,11,49cd6149f02ec01ee03a6eb8287ab2df:81739d7eb99c:0:1,435ddab74d1ce43607ae306954b3988e040a520237c7d35ed4bf195d89590fe9,True,596.8162859790027,19,16192.31201171875,16608.0,2,349.7662890003994,146.55853796284646,,
predictor,1,12,49cd6149f02ec01ee03a6eb8287ab2df:81739d7eb99c:0:2,73fb32b5e401b3eacb51e7e77bdf04e3b22a04455436b5dd1473893ee8251122,True,438.2532509043813,8,16192.31201171875,16608.0,2,348.6375790089369,146.67016605380923,,
predictor,1,13,49cd6149f02ec01ee03a6eb8287ab2df:81739d7eb99c:0:3,435ddab74d1ce43607ae306954b3988e040a520237c7d35ed4bf195d89590fe9,True,593.3675500564277,19,16192.31201171875,16608.0,2,350.7285680389032,146.6904750559479,,
predictor,1,14,49cd6149f02ec01ee03a6eb8287ab2df:81739d7eb99c:0:4,73fb32b5e401b3eacb51e7e77bdf04e3b22a04455436b5dd1473893ee8251122,True,439.96534391772,8,16192.31201171875,16608.0,2,349.9035759596154,146.68949996121228,,
predictor,1,15,c6050fe51d3408b1eaef27e08e7f1956:1458b54ae2f6:0:0,35990225eb4034f560541dca69e3de42af70ee7e6c5a42420c958e689cda2c02,True,467.1695060096681,10,16196.4697265625,16608.0,2,348.10042404569685,147.01367099769413,,
predictor,1,16,c6050fe51d3408b1eaef27e08e7f1956:1458b54ae2f6:0:1,aebb1cb50cd9dcc29e137a5616bb2478102285853aed08894b7f12bdcbb1c56f,True,493.1306990329176,12,16196.4697265625,16608.0,2,349.8911060160026,146.74748294055462,,
predictor,1,17,c6050fe51d3408b1eaef27e08e7f1956:1458b54ae2f6:0:2,111b8aacdbaf954aebfbd039849710807963f2bd7a68786f9ede013bd58cf416,True,399.8901969753206,5,16196.4697265625,16608.0,2,356.1455300077796,147.36367505975068,,
predictor,1,18,c6050fe51d3408b1eaef27e08e7f1956:1458b54ae2f6:0:3,423b972f52fcbc22cc94be5cb64caefa796a5124160f24ec5fab21772249ca14,True,491.90758902113885,12,16196.4697265625,16608.0,2,347.22715499810874,146.7426479794085,,
predictor,1,19,c6050fe51d3408b1eaef27e08e7f1956:1458b54ae2f6:0:4,423b972f52fcbc22cc94be5cb64caefa796a5124160f24ec5fab21772249ca14,True,495.0434359489009,12,16196.4697265625,16608.0,2,351.15611797664315,146.8734369846061,,
predictor,1,20,c6050fe51d3408b1eaef27e08e7f1956:e4e99a4d6532:0:0,35990225eb4034f560541dca69e3de42af70ee7e6c5a42420c958e689cda2c02,True,467.6935259485617,10,16196.4697265625,16608.0,2,349.5157950092107,147.24478300195187,,
predictor,1,21,c6050fe51d3408b1eaef27e08e7f1956:e4e99a4d6532:0:1,aebb1cb50cd9dcc29e137a5616bb2478102285853aed08894b7f12bdcbb1c56f,True,493.74987091869116,12,16196.4697265625,16608.0,2,348.21977897081524,146.9928399892524,,
predictor,1,22,c6050fe51d3408b1eaef27e08e7f1956:e4e99a4d6532:0:2,111b8aacdbaf954aebfbd039849710807963f2bd7a68786f9ede013bd58cf416,True,394.259913940914,5,16196.4697265625,16608.0,2,348.0950678931549,146.66264597326517,,
predictor,1,23,c6050fe51d3408b1eaef27e08e7f1956:e4e99a4d6532:0:3,423b972f52fcbc22cc94be5cb64caefa796a5124160f24ec5fab21772249ca14,True,491.8037820607424,12,16196.4697265625,16608.0,2,348.78957096952945,146.67359995655715,,
predictor,1,24,c6050fe51d3408b1eaef27e08e7f1956:e4e99a4d6532:0:4,423b972f52fcbc22cc94be5cb64caefa796a5124160f24ec5fab21772249ca14,True,485.1686699548736,12,16196.4697265625,16608.0,2,339.2468390520662,146.56275103334337,,
predictor,1,25,bb98dd0bceac09d24db1ecb2af549a92:377f7f0dd150:0:0,855c108ad67905d09ec7c1b0e8aece7c700b88af2a47447b339d06f51ca5f3c1,True,525.675165001303,14,16192.31201171875,16608.0,2,346.8272249447182,146.43021300435066,,
predictor,1,26,bb98dd0bceac09d24db1ecb2af549a92:377f7f0dd150:0:1,345f983c72b415369583c07355d41a5ce238a9e9fc7fe025add55b989f42753c,True,594.4953910075128,19,16192.31201171875,16608.0,2,349.3724570143968,146.97021606843919,,
predictor,1,27,bb98dd0bceac09d24db1ecb2af549a92:377f7f0dd150:0:2,d9dc9f66742ea39569f48bea2599a075674a27a99bededdf7d11d3fbc33c74c9,True,565.3329310007393,17,16192.31201171875,16608.0,2,348.17057999316603,146.37948805466294,,
predictor,1,28,bb98dd0bceac09d24db1ecb2af549a92:377f7f0dd150:0:3,c45891449e67fbebaa72c55f78b5e89e2ef69d3f86135e99eaae972f41ca37d3,True,589.7689710836858,19,16192.31201171875,16608.0,2,349.3642610264942,146.25270699616522,,
predictor,1,29,bb98dd0bceac09d24db1ecb2af549a92:377f7f0dd150:0:4,a4b4d1f639310ce5a0af8666d80dea51c299717b38da5a87d48ce3bde0ecf3b5,True,495.171842048876,12,16192.31201171875,16608.0,2,348.5044209519401,147.30617392342538,,
predictor,1,30,bb98dd0bceac09d24db1ecb2af549a92:2cf3a7a3a65c:0:0,855c108ad67905d09ec7c1b0e8aece7c700b88af2a47447b339d06f51ca5f3c1,True,519.7185999713838,14,16192.31201171875,16608.0,2,349.5695759775117,146.5543790254742,,
predictor,1,31,bb98dd0bceac09d24db1ecb2af549a92:2cf3a7a3a65c:0:1,345f983c72b415369583c07355d41a5ce238a9e9fc7fe025add55b989f42753c,True,593.0085239233449,19,16192.31201171875,16608.0,2,351.4477669959888,146.55555807985365,,
predictor,1,32,bb98dd0bceac09d24db1ecb2af549a92:2cf3a7a3a65c:0:2,d9dc9f66742ea39569f48bea2599a075674a27a99bededdf7d11d3fbc33c74c9,True,563.9757179887965,17,16192.31201171875,16608.0,2,346.69988497626036,146.64293499663472,,
predictor,1,33,bb98dd0bceac09d24db1ecb2af549a92:2cf3a7a3a65c:0:3,c45891449e67fbebaa72c55f78b5e89e2ef69d3f86135e99eaae972f41ca37d3,True,592.0206959126517,19,16192.31201171875,16608.0,2,348.0392280034721,146.77260105963796,,
predictor,1,34,bb98dd0bceac09d24db1ecb2af549a92:2cf3a7a3a65c:0:4,a4b4d1f639310ce5a0af8666d80dea51c299717b38da5a87d48ce3bde0ecf3b5,True,494.7831410681829,12,16192.31201171875,16608.0,2,348.76203001476824,146.6990599874407,,
predictor,1,35,b877dd782edba758ab429e3ee3de3329:97e16cc551e4:0:0,bcf1436e8a0397586b601d3afcfbd9357f7df58201510a79a21f33dea57905ee,True,693.6332300538197,26,16192.58642578125,16608.0,2,348.0240550125018,146.33973001036793,,
predictor,1,36,b877dd782edba758ab429e3ee3de3329:97e16cc551e4:0:1,f340e6b096d48731cb6973ce6c1f384848e8a709bc3d7fefbc1375269bb16f66,True,595.4213639488444,19,16192.58642578125,16608.0,2,351.9334150478244,147.02203206252307,,
predictor,1,37,b877dd782edba758ab429e3ee3de3329:97e16cc551e4:0:2,f340e6b096d48731cb6973ce6c1f384848e8a709bc3d7fefbc1375269bb16f66,True,590.6794489128515,19,16192.58642578125,16608.0,2,348.8411719445139,146.4070079382509,,
predictor,1,38,b877dd782edba758ab429e3ee3de3329:97e16cc551e4:0:3,2b704dcf2e659e9441eb368463e822d98e8a4b4b0badfa1e02b97c395219bada,True,641.7526530567557,21,16192.58642578125,16608.0,2,367.7575431065634,146.55581209808588,,
predictor,1,39,b877dd782edba758ab429e3ee3de3329:97e16cc551e4:0:4,9833888f2bcf7baedb3e6d22f7a45d778a3ddb93dc3ee593faf345e015a5527d,True,591.5895339567214,19,16192.58642578125,16608.0,2,346.89499298110604,146.5013469569385,,
predictor,1,40,b877dd782edba758ab429e3ee3de3329:dd7f6c9e007d:0:0,bcf1436e8a0397586b601d3afcfbd9357f7df58201510a79a21f33dea57905ee,True,690.1828099507838,26,16192.58642578125,16608.0,2,347.36940695438534,146.46950003225356,,
predictor,1,41,b877dd782edba758ab429e3ee3de3329:dd7f6c9e007d:0:1,f340e6b096d48731cb6973ce6c1f384848e8a709bc3d7fefbc1375269bb16f66,True,592.7966641029343,19,16192.58642578125,16608.0,2,347.3267840454355,147.16102194506675,,
predictor,1,42,b877dd782edba758ab429e3ee3de3329:dd7f6c9e007d:0:2,2b704dcf2e659e9441eb368463e822d98e8a4b4b0badfa1e02b97c395219bada,True,620.8981670206413,21,16192.58642578125,16608.0,2,346.0572729818523,146.3217119453475,,
predictor,1,43,b877dd782edba758ab429e3ee3de3329:dd7f6c9e007d:0:3,2b704dcf2e659e9441eb368463e822d98e8a4b4b0badfa1e02b97c395219bada,True,618.6536679742858,21,16192.58642578125,16608.0,2,347.26670500822365,146.54188405256718,,
predictor,1,44,b877dd782edba758ab429e3ee3de3329:dd7f6c9e007d:0:4,9833888f2bcf7baedb3e6d22f7a45d778a3ddb93dc3ee593faf345e015a5527d,True,600.8316789520904,19,16192.58642578125,16608.0,2,349.46189902257174,146.43140300177038,,
predictor,1,45,4f59fbf51a0a5bfb4dc5af02cf294693:993dac5396a0:0:0,02b2f284846856bbed690c4a4ff41de209848e5b20a5b8e52994ff6008da32c7,True,561.3145709503442,17,16193.2724609375,16608.0,2,346.4040559483692,147.81953894998878,,
predictor,1,46,4f59fbf51a0a5bfb4dc5af02cf294693:993dac5396a0:0:1,72ce63e97c300b32403763a2e20f5768dbedc981efcd36c58458b7f10991a314,True,514.0398240182549,13,16193.2724609375,16608.0,2,353.50789700169116,147.2816300811246,,
predictor,1,47,4f59fbf51a0a5bfb4dc5af02cf294693:993dac5396a0:0:2,692a62434ae2815dec74164a4d148a1ad395dbf6653d58fc4ae432a52e892e37,True,567.8591219475493,17,16193.2724609375,16608.0,2,349.4970169849694,146.85293298680335,,
predictor,1,48,4f59fbf51a0a5bfb4dc5af02cf294693:993dac5396a0:0:3,692a62434ae2815dec74164a4d148a1ad395dbf6653d58fc4ae432a52e892e37,True,611.0980890225619,17,16193.2724609375,16608.0,2,393.1719589745626,147.18506101053208,,
predictor,1,49,4f59fbf51a0a5bfb4dc5af02cf294693:993dac5396a0:0:4,e4f0271d7dced0f36c97839e546b1f140f69dfa129a37b04f653f47eb9c2798f,False,495.68338703829795,12,16193.2724609375,16608.0,2,349.42485694773495,147.07592991180718,,
monitor,0,0,1a938d25604410ccd63b60285919eaec:c627e50da685:0:0,e042894d371a8df6673730e94e09c16b0c54e157faa37094ac0edd0138322b43,True,491.32454104255885,12,16193.2724609375,16608.0,2,348.36141706909984,144.64359800331295,,
monitor,0,1,1a938d25604410ccd63b60285919eaec:c627e50da685:0:1,e042894d371a8df6673730e94e09c16b0c54e157faa37094ac0edd0138322b43,True,490.60926598031074,12,16193.2724609375,16608.0,2,347.44149702601135,144.99225304462016,,
monitor,0,2,1a938d25604410ccd63b60285919eaec:c627e50da685:0:2,f5f79da7870b43a425d911d4230cbde81339aaf8976b28d91223d1db1b9dcb91,True,489.8482420248911,12,16193.2724609375,16608.0,2,346.6800069436431,144.85197700560093,,
monitor,0,3,1a938d25604410ccd63b60285919eaec:c627e50da685:0:3,82b4934cd2e12dd5597e5e37c746229f9ae763b2251ce7ebf18bfe7be9c79896,True,520.5500210868195,14,16193.2724609375,16608.0,2,349.23202206846327,144.9924489716068,,
monitor,0,4,1a938d25604410ccd63b60285919eaec:c627e50da685:0:4,82b4934cd2e12dd5597e5e37c746229f9ae763b2251ce7ebf18bfe7be9c79896,True,520.0875629670918,14,16193.2724609375,16608.0,2,345.4186510061845,144.84178100246936,,
monitor,0,5,49cd6149f02ec01ee03a6eb8287ab2df:f982e9dfaf25:0:0,435ddab74d1ce43607ae306954b3988e040a520237c7d35ed4bf195d89590fe9,True,589.2604180844501,19,16192.31201171875,16608.0,2,344.22758407890797,144.58106108941138,,
monitor,0,6,49cd6149f02ec01ee03a6eb8287ab2df:f982e9dfaf25:0:1,435ddab74d1ce43607ae306954b3988e040a520237c7d35ed4bf195d89590fe9,True,599.7535160277039,19,16192.31201171875,16608.0,2,345.5229609971866,145.74771898332983,,
monitor,0,7,49cd6149f02ec01ee03a6eb8287ab2df:f982e9dfaf25:0:2,73fb32b5e401b3eacb51e7e77bdf04e3b22a04455436b5dd1473893ee8251122,True,439.81184205040336,8,16192.31201171875,16608.0,2,351.3384059770033,145.8388939499855,,
monitor,0,8,49cd6149f02ec01ee03a6eb8287ab2df:f982e9dfaf25:0:3,435ddab74d1ce43607ae306954b3988e040a520237c7d35ed4bf195d89590fe9,True,594.6822089608759,19,16192.31201171875,16608.0,2,346.66608995757997,144.63329501450062,,
monitor,0,9,49cd6149f02ec01ee03a6eb8287ab2df:f982e9dfaf25:0:4,73fb32b5e401b3eacb51e7e77bdf04e3b22a04455436b5dd1473893ee8251122,True,441.59810803830624,8,16192.31201171875,16608.0,2,350.62573407776654,146.45281503908336,,
monitor,0,10,49cd6149f02ec01ee03a6eb8287ab2df:81739d7eb99c:0:0,435ddab74d1ce43607ae306954b3988e040a520237c7d35ed4bf195d89590fe9,True,603.7716999417171,19,16192.31201171875,16608.0,2,348.2479559024796,146.02452795952559,,
monitor,0,11,49cd6149f02ec01ee03a6eb8287ab2df:81739d7eb99c:0:1,435ddab74d1ce43607ae306954b3988e040a520237c7d35ed4bf195d89590fe9,True,589.5481409970671,19,16192.31201171875,16608.0,2,345.71787889581174,145.17471299041063,,
monitor,0,12,49cd6149f02ec01ee03a6eb8287ab2df:81739d7eb99c:0:2,73fb32b5e401b3eacb51e7e77bdf04e3b22a04455436b5dd1473893ee8251122,True,438.4085270576179,8,16192.31201171875,16608.0,2,346.67286998592317,145.2434699749574,,
monitor,0,13,49cd6149f02ec01ee03a6eb8287ab2df:81739d7eb99c:0:3,435ddab74d1ce43607ae306954b3988e040a520237c7d35ed4bf195d89590fe9,True,599.9501280020922,19,16192.31201171875,16608.0,2,347.81455202028155,145.70900797843933,,
monitor,0,14,49cd6149f02ec01ee03a6eb8287ab2df:81739d7eb99c:0:4,73fb32b5e401b3eacb51e7e77bdf04e3b22a04455436b5dd1473893ee8251122,True,438.21479100733995,8,16192.31201171875,16608.0,2,350.04003101494163,145.51991398911923,,
monitor,0,15,c6050fe51d3408b1eaef27e08e7f1956:1458b54ae2f6:0:0,35990225eb4034f560541dca69e3de42af70ee7e6c5a42420c958e689cda2c02,True,467.17297099530697,10,16196.4697265625,16608.0,2,349.61960604414344,146.04850602336228,,
monitor,0,16,c6050fe51d3408b1eaef27e08e7f1956:1458b54ae2f6:0:1,aebb1cb50cd9dcc29e137a5616bb2478102285853aed08894b7f12bdcbb1c56f,True,496.9531890237704,12,16196.4697265625,16608.0,2,346.12344997003675,145.99672995973378,,
monitor,0,17,c6050fe51d3408b1eaef27e08e7f1956:1458b54ae2f6:0:2,111b8aacdbaf954aebfbd039849710807963f2bd7a68786f9ede013bd58cf416,True,423.55244199279696,5,16196.4697265625,16608.0,2,379.945254069753,145.87558608036488,,
monitor,0,18,c6050fe51d3408b1eaef27e08e7f1956:1458b54ae2f6:0:3,423b972f52fcbc22cc94be5cb64caefa796a5124160f24ec5fab21772249ca14,True,494.8873679386452,12,16196.4697265625,16608.0,2,345.0161499204114,145.8321949467063,,
monitor,0,19,c6050fe51d3408b1eaef27e08e7f1956:1458b54ae2f6:0:4,423b972f52fcbc22cc94be5cb64caefa796a5124160f24ec5fab21772249ca14,True,498.9542419789359,12,16196.4697265625,16608.0,2,348.119784030132,146.1119210580364,,
monitor,0,20,c6050fe51d3408b1eaef27e08e7f1956:e4e99a4d6532:0:0,35990225eb4034f560541dca69e3de42af70ee7e6c5a42420c958e689cda2c02,True,463.8733019819483,10,16196.4697265625,16608.0,2,346.8534220010042,144.74686700850725,,
monitor,0,21,c6050fe51d3408b1eaef27e08e7f1956:e4e99a4d6532:0:1,aebb1cb50cd9dcc29e137a5616bb2478102285853aed08894b7f12bdcbb1c56f,True,490.04785099532455,12,16196.4697265625,16608.0,2,344.3216310115531,144.839170970954,,
monitor,0,22,c6050fe51d3408b1eaef27e08e7f1956:e4e99a4d6532:0:2,111b8aacdbaf954aebfbd039849710807963f2bd7a68786f9ede013bd58cf416,True,392.85976998507977,5,16196.4697265625,16608.0,2,349.4291049428284,145.26486198883504,,
monitor,0,23,c6050fe51d3408b1eaef27e08e7f1956:e4e99a4d6532:0:3,423b972f52fcbc22cc94be5cb64caefa796a5124160f24ec5fab21772249ca14,True,497.62737506534904,12,16196.4697265625,16608.0,2,348.7815969856456,146.52485598344356,,
monitor,0,24,c6050fe51d3408b1eaef27e08e7f1956:e4e99a4d6532:0:4,423b972f52fcbc22cc94be5cb64caefa796a5124160f24ec5fab21772249ca14,True,495.38011697586626,12,16196.4697265625,16608.0,2,349.11247598938644,144.8970140190795,,
monitor,0,25,bb98dd0bceac09d24db1ecb2af549a92:377f7f0dd150:0:0,855c108ad67905d09ec7c1b0e8aece7c700b88af2a47447b339d06f51ca5f3c1,True,519.8223559418693,14,16192.31201171875,16608.0,2,348.62391802016646,144.68813105486333,,
monitor,0,26,bb98dd0bceac09d24db1ecb2af549a92:377f7f0dd150:0:1,345f983c72b415369583c07355d41a5ce238a9e9fc7fe025add55b989f42753c,True,596.3120049564168,19,16192.31201171875,16608.0,2,345.36646492779255,144.7489489801228,,
monitor,0,27,bb98dd0bceac09d24db1ecb2af549a92:377f7f0dd150:0:2,d9dc9f66742ea39569f48bea2599a075674a27a99bededdf7d11d3fbc33c74c9,True,560.7734859222546,17,16192.31201171875,16608.0,2,345.4878489719704,144.5163399912417,,
monitor,0,28,bb98dd0bceac09d24db1ecb2af549a92:377f7f0dd150:0:3,c45891449e67fbebaa72c55f78b5e89e2ef69d3f86135e99eaae972f41ca37d3,True,589.5773579832166,19,16192.31201171875,16608.0,2,344.67290597967803,144.4989809533581,,
monitor,0,29,bb98dd0bceac09d24db1ecb2af549a92:377f7f0dd150:0:4,a4b4d1f639310ce5a0af8666d80dea51c299717b38da5a87d48ce3bde0ecf3b5,True,487.29829594958574,12,16192.31201171875,16608.0,2,344.31551897432655,144.65152902994305,,
monitor,0,30,bb98dd0bceac09d24db1ecb2af549a92:2cf3a7a3a65c:0:0,855c108ad67905d09ec7c1b0e8aece7c700b88af2a47447b339d06f51ca5f3c1,True,514.3317560432479,14,16192.31201171875,16608.0,2,342.88368199486285,144.75633797701448,,
monitor,0,31,bb98dd0bceac09d24db1ecb2af549a92:2cf3a7a3a65c:0:1,345f983c72b415369583c07355d41a5ce238a9e9fc7fe025add55b989f42753c,True,591.4466449758038,19,16192.31201171875,16608.0,2,344.9591100215912,144.79580405168235,,
monitor,0,32,bb98dd0bceac09d24db1ecb2af549a92:2cf3a7a3a65c:0:2,d9dc9f66742ea39569f48bea2599a075674a27a99bededdf7d11d3fbc33c74c9,True,558.7534209480509,17,16192.31201171875,16608.0,2,345.0787819456309,144.86982102971524,,
monitor,0,33,bb98dd0bceac09d24db1ecb2af549a92:2cf3a7a3a65c:0:3,c45891449e67fbebaa72c55f78b5e89e2ef69d3f86135e99eaae972f41ca37d3,True,580.4511910537258,19,16192.31201171875,16608.0,2,337.3931220266968,144.7486039251089,,
monitor,0,34,bb98dd0bceac09d24db1ecb2af549a92:2cf3a7a3a65c:0:4,a4b4d1f639310ce5a0af8666d80dea51c299717b38da5a87d48ce3bde0ecf3b5,True,490.70470698643476,12,16192.31201171875,16608.0,2,344.8119970271364,144.78560094721615,,
monitor,0,35,b877dd782edba758ab429e3ee3de3329:97e16cc551e4:0:0,bcf1436e8a0397586b601d3afcfbd9357f7df58201510a79a21f33dea57905ee,True,735.5883119162172,26,16192.58642578125,16608.0,2,389.4655639305711,144.83334694523364,,
monitor,0,36,b877dd782edba758ab429e3ee3de3329:97e16cc551e4:0:1,f340e6b096d48731cb6973ce6c1f384848e8a709bc3d7fefbc1375269bb16f66,True,586.4970370894298,19,16192.58642578125,16608.0,2,340.36046906840056,145.2913120156154,,
monitor,0,37,b877dd782edba758ab429e3ee3de3329:97e16cc551e4:0:2,2b704dcf2e659e9441eb368463e822d98e8a4b4b0badfa1e02b97c395219bada,True,621.0101189790294,21,16192.58642578125,16608.0,2,346.34077397640795,144.6051859529689,,
monitor,0,38,b877dd782edba758ab429e3ee3de3329:97e16cc551e4:0:3,2b704dcf2e659e9441eb368463e822d98e8a4b4b0badfa1e02b97c395219bada,True,623.7975030671805,21,16192.58642578125,16608.0,2,347.19903499353677,144.82533396221697,,
monitor,0,39,b877dd782edba758ab429e3ee3de3329:97e16cc551e4:0:4,9833888f2bcf7baedb3e6d22f7a45d778a3ddb93dc3ee593faf345e015a5527d,True,592.2757330117747,19,16192.58642578125,16608.0,2,345.5047230236232,144.94125510100275,,
monitor,0,40,b877dd782edba758ab429e3ee3de3329:dd7f6c9e007d:0:0,bcf1436e8a0397586b601d3afcfbd9357f7df58201510a79a21f33dea57905ee,True,697.5507308961824,26,16192.58642578125,16608.0,2,345.28973791748285,145.20259702112526,,
monitor,0,41,b877dd782edba758ab429e3ee3de3329:dd7f6c9e007d:0:1,f340e6b096d48731cb6973ce6c1f384848e8a709bc3d7fefbc1375269bb16f66,True,594.2335029831156,19,16192.58642578125,16608.0,2,349.97024899348617,145.25261905509979,,
monitor,0,42,b877dd782edba758ab429e3ee3de3329:dd7f6c9e007d:0:2,2b704dcf2e659e9441eb368463e822d98e8a4b4b0badfa1e02b97c395219bada,False,621.8386560212821,21,16192.58642578125,16608.0,2,345.73143208399415,144.90332710556686,,
monitor,0,43,b877dd782edba758ab429e3ee3de3329:dd7f6c9e007d:0:3,2b704dcf2e659e9441eb368463e822d98e8a4b4b0badfa1e02b97c395219bada,True,614.5901069976389,21,16192.58642578125,16608.0,2,339.63727299124,144.69244494102895,,
monitor,0,44,b877dd782edba758ab429e3ee3de3329:dd7f6c9e007d:0:4,9833888f2bcf7baedb3e6d22f7a45d778a3ddb93dc3ee593faf345e015a5527d,True,586.0227409284562,19,16192.58642578125,16608.0,2,339.55752791371197,144.59519099909812,,
monitor,0,45,4f59fbf51a0a5bfb4dc5af02cf294693:993dac5396a0:0:0,02b2f284846856bbed690c4a4ff41de209848e5b20a5b8e52994ff6008da32c7,True,565.0706380838528,17,16193.2724609375,16608.0,2,346.611010027118,145.00621904153377,,
monitor,0,46,4f59fbf51a0a5bfb4dc5af02cf294693:993dac5396a0:0:1,72ce63e97c300b32403763a2e20f5768dbedc981efcd36c58458b7f10991a314,True,507.61522504035383,13,16193.2724609375,16608.0,2,346.62652702536434,145.01052908599377,,
monitor,0,47,4f59fbf51a0a5bfb4dc5af02cf294693:993dac5396a0:0:2,692a62434ae2815dec74164a4d148a1ad395dbf6653d58fc4ae432a52e892e37,True,565.8536549890414,17,16193.2724609375,16608.0,2,347.9871400631964,145.0728930067271,,
monitor,0,48,4f59fbf51a0a5bfb4dc5af02cf294693:993dac5396a0:0:3,692a62434ae2815dec74164a4d148a1ad395dbf6653d58fc4ae432a52e892e37,True,565.7967670122162,17,16193.2724609375,16608.0,2,349.6079050237313,145.134806050919,,
monitor,0,49,4f59fbf51a0a5bfb4dc5af02cf294693:993dac5396a0:0:4,e4f0271d7dced0f36c97839e546b1f140f69dfa129a37b04f653f47eb9c2798f,True,495.94108399469405,12,16193.2724609375,16608.0,2,348.95976597908884,145.06355090998113,,
monitor,1,0,1a938d25604410ccd63b60285919eaec:c627e50da685:0:0,e042894d371a8df6673730e94e09c16b0c54e157faa37094ac0edd0138322b43,True,508.83176492061466,12,16193.2724609375,16608.0,2,360.95269001089036,145.13596007600427,,
monitor,1,1,1a938d25604410ccd63b60285919eaec:c627e50da685:0:1,e042894d371a8df6673730e94e09c16b0c54e157faa37094ac0edd0138322b43,True,490.69741601124406,12,16193.2724609375,16608.0,2,347.27094299159944,145.1861480018124,,
monitor,1,2,1a938d25604410ccd63b60285919eaec:c627e50da685:0:2,f5f79da7870b43a425d911d4230cbde81339aaf8976b28d91223d1db1b9dcb91,True,488.97505598142743,12,16193.2724609375,16608.0,2,341.94968501105905,144.749172963202,,
monitor,1,3,1a938d25604410ccd63b60285919eaec:c627e50da685:0:3,82b4934cd2e12dd5597e5e37c746229f9ae763b2251ce7ebf18bfe7be9c79896,True,521.1875999812037,14,16193.2724609375,16608.0,2,346.9472039723769,145.0150739401579,,
monitor,1,4,1a938d25604410ccd63b60285919eaec:c627e50da685:0:4,82b4934cd2e12dd5597e5e37c746229f9ae763b2251ce7ebf18bfe7be9c79896,True,520.6073030130938,14,16193.2724609375,16608.0,2,344.917080947198,145.0002189958468,,
monitor,1,5,49cd6149f02ec01ee03a6eb8287ab2df:f982e9dfaf25:0:0,435ddab74d1ce43607ae306954b3988e040a520237c7d35ed4bf195d89590fe9,True,591.4920329814777,19,16192.31201171875,16608.0,2,345.87116993498057,144.51638492755592,,
monitor,1,6,49cd6149f02ec01ee03a6eb8287ab2df:f982e9dfaf25:0:1,435ddab74d1ce43607ae306954b3988e040a520237c7d35ed4bf195d89590fe9,True,588.4803329827264,19,16192.31201171875,16608.0,2,346.39883402269334,144.39095405396074,,
monitor,1,7,49cd6149f02ec01ee03a6eb8287ab2df:f982e9dfaf25:0:2,73fb32b5e401b3eacb51e7e77bdf04e3b22a04455436b5dd1473893ee8251122,True,435.3555090492591,8,16192.31201171875,16608.0,2,345.7446090178564,144.5646759821102,,
monitor,1,8,49cd6149f02ec01ee03a6eb8287ab2df:f982e9dfaf25:0:3,435ddab74d1ce43607ae306954b3988e040a520237c7d35ed4bf195d89590fe9,True,588.5528839426115,19,16192.31201171875,16608.0,2,344.5340719772503,144.93473898619413,,
monitor,1,9,49cd6149f02ec01ee03a6eb8287ab2df:f982e9dfaf25:0:4,73fb32b5e401b3eacb51e7e77bdf04e3b22a04455436b5dd1473893ee8251122,True,435.55063905660063,8,16192.31201171875,16608.0,2,346.00851801224053,144.77137301582843,,
monitor,1,10,49cd6149f02ec01ee03a6eb8287ab2df:81739d7eb99c:0:0,435ddab74d1ce43607ae306954b3988e040a520237c7d35ed4bf195d89590fe9,True,589.5076609449461,19,16192.31201171875,16608.0,2,345.0824338942766,144.5882829139009,,
monitor,1,11,49cd6149f02ec01ee03a6eb8287ab2df:81739d7eb99c:0:1,435ddab74d1ce43607ae306954b3988e040a520237c7d35ed4bf195d89590fe9,True,584.272091044113,19,16192.31201171875,16608.0,2,338.98420503828675,144.56835307646543,,
monitor,1,12,49cd6149f02ec01ee03a6eb8287ab2df:81739d7eb99c:0:2,73fb32b5e401b3eacb51e7e77bdf04e3b22a04455436b5dd1473893ee8251122,True,430.7839709799737,8,16192.31201171875,16608.0,2,345.0253789778799,144.79058200959116,,
monitor,1,13,49cd6149f02ec01ee03a6eb8287ab2df:81739d7eb99c:0:3,95f301e4834466fadb9df4ae46e1b1c55f14a11d8b92502235741ad28dbdb107,False,537.0001330738887,15,16192.31201171875,16608.0,2,347.77461807243526,144.80460609775037,,
monitor,1,14,49cd6149f02ec01ee03a6eb8287ab2df:81739d7eb99c:0:4,73fb32b5e401b3eacb51e7e77bdf04e3b22a04455436b5dd1473893ee8251122,True,435.1881080074236,8,16192.31201171875,16608.0,2,346.08507400844246,144.29649501107633,,
monitor,1,15,c6050fe51d3408b1eaef27e08e7f1956:1458b54ae2f6:0:0,35990225eb4034f560541dca69e3de42af70ee7e6c5a42420c958e689cda2c02,True,462.6302990363911,10,16196.4697265625,16608.0,2,348.5930219758302,144.7205359581858,,
monitor,1,16,c6050fe51d3408b1eaef27e08e7f1956:1458b54ae2f6:0:1,aebb1cb50cd9dcc29e137a5616bb2478102285853aed08894b7f12bdcbb1c56f,True,491.10140604898334,12,16196.4697265625,16608.0,2,348.74631906859577,144.90604400634766,,
monitor,1,17,c6050fe51d3408b1eaef27e08e7f1956:1458b54ae2f6:0:2,111b8aacdbaf954aebfbd039849710807963f2bd7a68786f9ede013bd58cf416,True,392.7733990130946,5,16196.4697265625,16608.0,2,346.1319600464776,144.96714808046818,,
monitor,1,18,c6050fe51d3408b1eaef27e08e7f1956:1458b54ae2f6:0:3,423b972f52fcbc22cc94be5cb64caefa796a5124160f24ec5fab21772249ca14,True,493.51054104045033,12,16196.4697265625,16608.0,2,346.33115702308714,144.82400298584253,,
monitor,1,19,c6050fe51d3408b1eaef27e08e7f1956:1458b54ae2f6:0:4,423b972f52fcbc22cc94be5cb64caefa796a5124160f24ec5fab21772249ca14,True,490.717520006001,12,16196.4697265625,16608.0,2,348.1128290295601,144.63662402704358,,
monitor,1,20,c6050fe51d3408b1eaef27e08e7f1956:e4e99a4d6532:0:0,35990225eb4034f560541dca69e3de42af70ee7e6c5a42420c958e689cda2c02,True,464.59449792746454,10,16196.4697265625,16608.0,2,346.1902479175478,144.92061198689044,,
monitor,1,21,c6050fe51d3408b1eaef27e08e7f1956:e4e99a4d6532:0:1,aebb1cb50cd9dcc29e137a5616bb2478102285853aed08894b7f12bdcbb1c56f,True,492.42636491544545,12,16196.4697265625,16608.0,2,346.6554549522698,144.52671096660197,,
monitor,1,22,c6050fe51d3408b1eaef27e08e7f1956:e4e99a4d6532:0:2,111b8aacdbaf954aebfbd039849710807963f2bd7a68786f9ede013bd58cf416,True,391.1060650134459,5,16196.4697265625,16608.0,2,344.3616860313341,144.7222230490297,,
monitor,1,23,c6050fe51d3408b1eaef27e08e7f1956:e4e99a4d6532:0:3,423b972f52fcbc22cc94be5cb64caefa796a5124160f24ec5fab21772249ca14,True,492.069035070017,12,16196.4697265625,16608.0,2,349.13687501102686,144.89131595473737,,
monitor,1,24,c6050fe51d3408b1eaef27e08e7f1956:e4e99a4d6532:0:4,423b972f52fcbc22cc94be5cb64caefa796a5124160f24ec5fab21772249ca14,True,488.9004089636728,12,16196.4697265625,16608.0,2,346.90927900373936,144.85557307489216,,
monitor,1,25,bb98dd0bceac09d24db1ecb2af549a92:377f7f0dd150:0:0,855c108ad67905d09ec7c1b0e8aece7c700b88af2a47447b339d06f51ca5f3c1,True,518.7369489576668,14,16192.31201171875,16608.0,2,344.7572540026158,144.7134519694373,,
monitor,1,26,bb98dd0bceac09d24db1ecb2af549a92:377f7f0dd150:0:1,345f983c72b415369583c07355d41a5ce238a9e9fc7fe025add55b989f42753c,True,593.0650760419667,19,16192.31201171875,16608.0,2,346.28798300400376,144.53842700459063,,
monitor,1,27,bb98dd0bceac09d24db1ecb2af549a92:377f7f0dd150:0:2,d9dc9f66742ea39569f48bea2599a075674a27a99bededdf7d11d3fbc33c74c9,True,562.8149010008201,17,16192.31201171875,16608.0,2,349.44862697739154,144.62800708133727,,
monitor,1,28,bb98dd0bceac09d24db1ecb2af549a92:377f7f0dd150:0:3,c45891449e67fbebaa72c55f78b5e89e2ef69d3f86135e99eaae972f41ca37d3,True,590.6933950027451,19,16192.31201171875,16608.0,2,344.19737104326487,144.62620008271188,,
monitor,1,29,bb98dd0bceac09d24db1ecb2af549a92:377f7f0dd150:0:4,a4b4d1f639310ce5a0af8666d80dea51c299717b38da5a87d48ce3bde0ecf3b5,True,489.09423605073243,12,16192.31201171875,16608.0,2,346.47059708368033,144.7090150322765,,
monitor,1,30,bb98dd0bceac09d24db1ecb2af549a92:2cf3a7a3a65c:0:0,855c108ad67905d09ec7c1b0e8aece7c700b88af2a47447b339d06f51ca5f3c1,True,647.7187130367383,14,16192.31201171875,16608.0,2,472.6703460328281,144.4451679708436,,
monitor,1,31,bb98dd0bceac09d24db1ecb2af549a92:2cf3a7a3a65c:0:1,345f983c72b415369583c07355d41a5ce238a9e9fc7fe025add55b989f42753c,True,590.9945199964568,19,16192.31201171875,16608.0,2,344.2120780237019,144.54373705666512,,
monitor,1,32,bb98dd0bceac09d24db1ecb2af549a92:2cf3a7a3a65c:0:2,d9dc9f66742ea39569f48bea2599a075674a27a99bededdf7d11d3fbc33c74c9,True,563.5768080828711,17,16192.31201171875,16608.0,2,345.36608401685953,144.41943599376827,,
monitor,1,33,bb98dd0bceac09d24db1ecb2af549a92:2cf3a7a3a65c:0:3,c45891449e67fbebaa72c55f78b5e89e2ef69d3f86135e99eaae972f41ca37d3,True,602.5356580503285,19,16192.31201171875,16608.0,2,351.82131896726787,146.13182097673416,,
monitor,1,34,bb98dd0bceac09d24db1ecb2af549a92:2cf3a7a3a65c:0:4,a4b4d1f639310ce5a0af8666d80dea51c299717b38da5a87d48ce3bde0ecf3b5,True,495.209175045602,12,16192.31201171875,16608.0,2,344.1272859927267,145.78486699610949,,
monitor,1,35,b877dd782edba758ab429e3ee3de3329:97e16cc551e4:0:0,bcf1436e8a0397586b601d3afcfbd9357f7df58201510a79a21f33dea57905ee,True,705.1010129507631,26,16192.58642578125,16608.0,2,347.76905295439065,146.15099201910198,,
monitor,1,36,b877dd782edba758ab429e3ee3de3329:97e16cc551e4:0:1,f340e6b096d48731cb6973ce6c1f384848e8a709bc3d7fefbc1375269bb16f66,True,603.0227040173486,19,16192.58642578125,16608.0,2,352.0441820146516,145.64616396091878,,
monitor,1,37,b877dd782edba758ab429e3ee3de3329:97e16cc551e4:0:2,f340e6b096d48731cb6973ce6c1f384848e8a709bc3d7fefbc1375269bb16f66,True,598.4972229925916,19,16192.58642578125,16608.0,2,344.63222103659064,145.86119493469596,,
monitor,1,38,b877dd782edba758ab429e3ee3de3329:97e16cc551e4:0:3,2b704dcf2e659e9441eb368463e822d98e8a4b4b0badfa1e02b97c395219bada,True,630.9906329261139,21,16192.58642578125,16608.0,2,347.11960796266794,145.8235849859193,,
monitor,1,39,b877dd782edba758ab429e3ee3de3329:97e16cc551e4:0:4,9833888f2bcf7baedb3e6d22f7a45d778a3ddb93dc3ee593faf345e015a5527d,True,598.3839139807969,19,16192.58642578125,16608.0,2,347.6904430426657,145.45890199951828,,
monitor,1,40,b877dd782edba758ab429e3ee3de3329:dd7f6c9e007d:0:0,bcf1436e8a0397586b601d3afcfbd9357f7df58201510a79a21f33dea57905ee,True,705.3575740428641,26,16192.58642578125,16608.0,2,346.89170704223216,146.35967405047268,,
monitor,1,41,b877dd782edba758ab429e3ee3de3329:dd7f6c9e007d:0:1,f340e6b096d48731cb6973ce6c1f384848e8a709bc3d7fefbc1375269bb16f66,True,595.4509989824146,19,16192.58642578125,16608.0,2,348.30498101655394,145.80664306413382,,
monitor,1,42,b877dd782edba758ab429e3ee3de3329:dd7f6c9e007d:0:2,2b704dcf2e659e9441eb368463e822d98e8a4b4b0badfa1e02b97c395219bada,True,619.4069710327312,21,16192.58642578125,16608.0,2,348.1621630489826,144.51526699122041,,
monitor,1,43,b877dd782edba758ab429e3ee3de3329:dd7f6c9e007d:0:3,2b704dcf2e659e9441eb368463e822d98e8a4b4b0badfa1e02b97c395219bada,True,623.9093680633232,21,16192.58642578125,16608.0,2,347.73594106081873,146.03344805072993,,
monitor,1,44,b877dd782edba758ab429e3ee3de3329:dd7f6c9e007d:0:4,9833888f2bcf7baedb3e6d22f7a45d778a3ddb93dc3ee593faf345e015a5527d,True,597.395226941444,19,16192.58642578125,16608.0,2,345.6528839888051,145.3759700525552,,
monitor,1,45,4f59fbf51a0a5bfb4dc5af02cf294693:993dac5396a0:0:0,02b2f284846856bbed690c4a4ff41de209848e5b20a5b8e52994ff6008da32c7,True,566.0711800446734,17,16193.2724609375,16608.0,2,342.4588240450248,145.6462050555274,,
monitor,1,46,4f59fbf51a0a5bfb4dc5af02cf294693:993dac5396a0:0:1,72ce63e97c300b32403763a2e20f5768dbedc981efcd36c58458b7f10991a314,True,510.1671910379082,13,16193.2724609375,16608.0,2,348.3224359806627,145.46481100842357,,
monitor,1,47,4f59fbf51a0a5bfb4dc5af02cf294693:993dac5396a0:0:2,692a62434ae2815dec74164a4d148a1ad395dbf6653d58fc4ae432a52e892e37,True,567.2713370295241,17,16193.2724609375,16608.0,2,346.01029998157173,146.36402297765017,,
monitor,1,48,4f59fbf51a0a5bfb4dc5af02cf294693:993dac5396a0:0:3,692a62434ae2815dec74164a4d148a1ad395dbf6653d58fc4ae432a52e892e37,True,573.793301009573,17,16193.2724609375,16608.0,2,354.30807806551456,146.05651202145964,,
monitor,1,49,4f59fbf51a0a5bfb4dc5af02cf294693:993dac5396a0:0:4,e4f0271d7dced0f36c97839e546b1f140f69dfa129a37b04f653f47eb9c2798f,False,492.05161398276687,12,16193.2724609375,16608.0,2,344.5923860417679,144.94470600038767,,
step_hook,0,0,1a938d25604410ccd63b60285919eaec:c627e50da685:0:0,e042894d371a8df6673730e94e09c16b0c54e157faa37094ac0edd0138322b43,True,490.0761559838429,12,16192.396484375,16608.0,0,,,,
step_hook,0,1,1a938d25604410ccd63b60285919eaec:c627e50da685:0:1,e042894d371a8df6673730e94e09c16b0c54e157faa37094ac0edd0138322b43,True,488.74922899995,12,16192.396484375,16608.0,0,,,,
step_hook,0,2,1a938d25604410ccd63b60285919eaec:c627e50da685:0:2,f5f79da7870b43a425d911d4230cbde81339aaf8976b28d91223d1db1b9dcb91,True,487.0776570169255,12,16192.396484375,16608.0,0,,,,
step_hook,0,3,1a938d25604410ccd63b60285919eaec:c627e50da685:0:3,82b4934cd2e12dd5597e5e37c746229f9ae763b2251ce7ebf18bfe7be9c79896,True,521.6638590209186,14,16192.396484375,16608.0,0,,,,
step_hook,0,4,1a938d25604410ccd63b60285919eaec:c627e50da685:0:4,82b4934cd2e12dd5597e5e37c746229f9ae763b2251ce7ebf18bfe7be9c79896,True,519.7166790021583,14,16192.396484375,16608.0,0,,,,
step_hook,0,5,49cd6149f02ec01ee03a6eb8287ab2df:f982e9dfaf25:0:0,435ddab74d1ce43607ae306954b3988e040a520237c7d35ed4bf195d89590fe9,True,589.5782079314813,19,16191.43603515625,16608.0,0,,,,
step_hook,0,6,49cd6149f02ec01ee03a6eb8287ab2df:f982e9dfaf25:0:1,435ddab74d1ce43607ae306954b3988e040a520237c7d35ed4bf195d89590fe9,True,589.9093289626762,19,16191.43603515625,16608.0,0,,,,
step_hook,0,7,49cd6149f02ec01ee03a6eb8287ab2df:f982e9dfaf25:0:2,73fb32b5e401b3eacb51e7e77bdf04e3b22a04455436b5dd1473893ee8251122,True,433.4953329525888,8,16191.43603515625,16608.0,0,,,,
step_hook,0,8,49cd6149f02ec01ee03a6eb8287ab2df:f982e9dfaf25:0:3,95f301e4834466fadb9df4ae46e1b1c55f14a11d8b92502235741ad28dbdb107,False,533.066269941628,15,16191.43603515625,16608.0,0,,,,
step_hook,0,9,49cd6149f02ec01ee03a6eb8287ab2df:f982e9dfaf25:0:4,73fb32b5e401b3eacb51e7e77bdf04e3b22a04455436b5dd1473893ee8251122,True,433.68352798279375,8,16191.43603515625,16608.0,0,,,,
step_hook,0,10,49cd6149f02ec01ee03a6eb8287ab2df:81739d7eb99c:0:0,435ddab74d1ce43607ae306954b3988e040a520237c7d35ed4bf195d89590fe9,True,589.5129330456257,19,16191.43603515625,16608.0,0,,,,
step_hook,0,11,49cd6149f02ec01ee03a6eb8287ab2df:81739d7eb99c:0:1,435ddab74d1ce43607ae306954b3988e040a520237c7d35ed4bf195d89590fe9,True,590.1190059958026,19,16191.43603515625,16608.0,0,,,,
step_hook,0,12,49cd6149f02ec01ee03a6eb8287ab2df:81739d7eb99c:0:2,73fb32b5e401b3eacb51e7e77bdf04e3b22a04455436b5dd1473893ee8251122,True,433.52169694844633,8,16191.43603515625,16608.0,0,,,,
step_hook,0,13,49cd6149f02ec01ee03a6eb8287ab2df:81739d7eb99c:0:3,435ddab74d1ce43607ae306954b3988e040a520237c7d35ed4bf195d89590fe9,True,610.4873879812658,19,16191.43603515625,16608.0,0,,,,
step_hook,0,14,49cd6149f02ec01ee03a6eb8287ab2df:81739d7eb99c:0:4,73fb32b5e401b3eacb51e7e77bdf04e3b22a04455436b5dd1473893ee8251122,True,435.1317820837721,8,16191.43603515625,16608.0,0,,,,
step_hook,0,15,c6050fe51d3408b1eaef27e08e7f1956:1458b54ae2f6:0:0,35990225eb4034f560541dca69e3de42af70ee7e6c5a42420c958e689cda2c02,True,464.56716500688344,10,16195.59375,16608.0,0,,,,
step_hook,0,16,c6050fe51d3408b1eaef27e08e7f1956:1458b54ae2f6:0:1,aebb1cb50cd9dcc29e137a5616bb2478102285853aed08894b7f12bdcbb1c56f,True,493.0096719181165,12,16195.59375,16608.0,0,,,,
step_hook,0,17,c6050fe51d3408b1eaef27e08e7f1956:1458b54ae2f6:0:2,111b8aacdbaf954aebfbd039849710807963f2bd7a68786f9ede013bd58cf416,True,392.5925479270518,5,16195.59375,16608.0,0,,,,
step_hook,0,18,c6050fe51d3408b1eaef27e08e7f1956:1458b54ae2f6:0:3,423b972f52fcbc22cc94be5cb64caefa796a5124160f24ec5fab21772249ca14,True,490.7757530454546,12,16195.59375,16608.0,0,,,,
step_hook,0,19,c6050fe51d3408b1eaef27e08e7f1956:1458b54ae2f6:0:4,423b972f52fcbc22cc94be5cb64caefa796a5124160f24ec5fab21772249ca14,True,492.1140030492097,12,16195.59375,16608.0,0,,,,
step_hook,0,20,c6050fe51d3408b1eaef27e08e7f1956:e4e99a4d6532:0:0,35990225eb4034f560541dca69e3de42af70ee7e6c5a42420c958e689cda2c02,True,464.643211918883,10,16195.59375,16608.0,0,,,,
step_hook,0,21,c6050fe51d3408b1eaef27e08e7f1956:e4e99a4d6532:0:1,aebb1cb50cd9dcc29e137a5616bb2478102285853aed08894b7f12bdcbb1c56f,True,492.16598097700626,12,16195.59375,16608.0,0,,,,
step_hook,0,22,c6050fe51d3408b1eaef27e08e7f1956:e4e99a4d6532:0:2,111b8aacdbaf954aebfbd039849710807963f2bd7a68786f9ede013bd58cf416,True,394.0912939142436,5,16195.59375,16608.0,0,,,,
step_hook,0,23,c6050fe51d3408b1eaef27e08e7f1956:e4e99a4d6532:0:3,423b972f52fcbc22cc94be5cb64caefa796a5124160f24ec5fab21772249ca14,True,494.61784993764013,12,16195.59375,16608.0,0,,,,
step_hook,0,24,c6050fe51d3408b1eaef27e08e7f1956:e4e99a4d6532:0:4,423b972f52fcbc22cc94be5cb64caefa796a5124160f24ec5fab21772249ca14,True,490.88132299948484,12,16195.59375,16608.0,0,,,,
step_hook,0,25,bb98dd0bceac09d24db1ecb2af549a92:377f7f0dd150:0:0,855c108ad67905d09ec7c1b0e8aece7c700b88af2a47447b339d06f51ca5f3c1,True,517.8780220448971,14,16191.43603515625,16608.0,0,,,,
step_hook,0,26,bb98dd0bceac09d24db1ecb2af549a92:377f7f0dd150:0:1,345f983c72b415369583c07355d41a5ce238a9e9fc7fe025add55b989f42753c,True,586.8436140008271,19,16191.43603515625,16608.0,0,,,,
step_hook,0,27,bb98dd0bceac09d24db1ecb2af549a92:377f7f0dd150:0:2,d9dc9f66742ea39569f48bea2599a075674a27a99bededdf7d11d3fbc33c74c9,True,562.3305069748312,17,16191.43603515625,16608.0,0,,,,
step_hook,0,28,bb98dd0bceac09d24db1ecb2af549a92:377f7f0dd150:0:3,c45891449e67fbebaa72c55f78b5e89e2ef69d3f86135e99eaae972f41ca37d3,True,646.4366529835388,19,16191.43603515625,16608.0,0,,,,
step_hook,0,29,bb98dd0bceac09d24db1ecb2af549a92:377f7f0dd150:0:4,a4b4d1f639310ce5a0af8666d80dea51c299717b38da5a87d48ce3bde0ecf3b5,True,546.0868099471554,12,16191.43603515625,16608.0,0,,,,
step_hook,0,30,bb98dd0bceac09d24db1ecb2af549a92:2cf3a7a3a65c:0:0,855c108ad67905d09ec7c1b0e8aece7c700b88af2a47447b339d06f51ca5f3c1,True,520.1851439196616,14,16191.43603515625,16608.0,0,,,,
step_hook,0,31,bb98dd0bceac09d24db1ecb2af549a92:2cf3a7a3a65c:0:1,345f983c72b415369583c07355d41a5ce238a9e9fc7fe025add55b989f42753c,True,595.1587340096012,19,16191.43603515625,16608.0,0,,,,
step_hook,0,32,bb98dd0bceac09d24db1ecb2af549a92:2cf3a7a3a65c:0:2,d9dc9f66742ea39569f48bea2599a075674a27a99bededdf7d11d3fbc33c74c9,True,563.9286559307948,17,16191.43603515625,16608.0,0,,,,
step_hook,0,33,bb98dd0bceac09d24db1ecb2af549a92:2cf3a7a3a65c:0:3,c45891449e67fbebaa72c55f78b5e89e2ef69d3f86135e99eaae972f41ca37d3,True,589.4400259712711,19,16191.43603515625,16608.0,0,,,,
step_hook,0,34,bb98dd0bceac09d24db1ecb2af549a92:2cf3a7a3a65c:0:4,a4b4d1f639310ce5a0af8666d80dea51c299717b38da5a87d48ce3bde0ecf3b5,True,492.28964804206043,12,16191.43603515625,16608.0,0,,,,
step_hook,0,35,b877dd782edba758ab429e3ee3de3329:97e16cc551e4:0:0,bcf1436e8a0397586b601d3afcfbd9357f7df58201510a79a21f33dea57905ee,True,688.9128859620541,26,16191.71044921875,16608.0,0,,,,
step_hook,0,36,b877dd782edba758ab429e3ee3de3329:97e16cc551e4:0:1,f340e6b096d48731cb6973ce6c1f384848e8a709bc3d7fefbc1375269bb16f66,True,590.7197860069573,19,16191.71044921875,16608.0,0,,,,
step_hook,0,37,b877dd782edba758ab429e3ee3de3329:97e16cc551e4:0:2,2b704dcf2e659e9441eb368463e822d98e8a4b4b0badfa1e02b97c395219bada,True,621.4528169948608,21,16191.71044921875,16608.0,0,,,,
step_hook,0,38,b877dd782edba758ab429e3ee3de3329:97e16cc551e4:0:3,2b704dcf2e659e9441eb368463e822d98e8a4b4b0badfa1e02b97c395219bada,True,622.8328850120306,21,16191.71044921875,16608.0,0,,,,
step_hook,0,39,b877dd782edba758ab429e3ee3de3329:97e16cc551e4:0:4,9833888f2bcf7baedb3e6d22f7a45d778a3ddb93dc3ee593faf345e015a5527d,True,593.0540499975905,19,16191.71044921875,16608.0,0,,,,
step_hook,0,40,b877dd782edba758ab429e3ee3de3329:dd7f6c9e007d:0:0,bcf1436e8a0397586b601d3afcfbd9357f7df58201510a79a21f33dea57905ee,True,690.9858749713749,26,16191.71044921875,16608.0,0,,,,
step_hook,0,41,b877dd782edba758ab429e3ee3de3329:dd7f6c9e007d:0:1,f340e6b096d48731cb6973ce6c1f384848e8a709bc3d7fefbc1375269bb16f66,True,593.3157890103757,19,16191.71044921875,16608.0,0,,,,
step_hook,0,42,b877dd782edba758ab429e3ee3de3329:dd7f6c9e007d:0:2,2b704dcf2e659e9441eb368463e822d98e8a4b4b0badfa1e02b97c395219bada,False,617.4157159402966,21,16191.71044921875,16608.0,0,,,,
step_hook,0,43,b877dd782edba758ab429e3ee3de3329:dd7f6c9e007d:0:3,2b704dcf2e659e9441eb368463e822d98e8a4b4b0badfa1e02b97c395219bada,True,622.8624020004645,21,16191.71044921875,16608.0,0,,,,
step_hook,0,44,b877dd782edba758ab429e3ee3de3329:dd7f6c9e007d:0:4,9833888f2bcf7baedb3e6d22f7a45d778a3ddb93dc3ee593faf345e015a5527d,True,591.3971270201728,19,16191.71044921875,16608.0,0,,,,
step_hook,0,45,4f59fbf51a0a5bfb4dc5af02cf294693:993dac5396a0:0:0,02b2f284846856bbed690c4a4ff41de209848e5b20a5b8e52994ff6008da32c7,True,556.9153169635683,17,16192.396484375,16608.0,0,,,,
step_hook,0,46,4f59fbf51a0a5bfb4dc5af02cf294693:993dac5396a0:0:1,72ce63e97c300b32403763a2e20f5768dbedc981efcd36c58458b7f10991a314,True,507.21794401761144,13,16192.396484375,16608.0,0,,,,
step_hook,0,47,4f59fbf51a0a5bfb4dc5af02cf294693:993dac5396a0:0:2,692a62434ae2815dec74164a4d148a1ad395dbf6653d58fc4ae432a52e892e37,True,562.572716968134,17,16192.396484375,16608.0,0,,,,
step_hook,0,48,4f59fbf51a0a5bfb4dc5af02cf294693:993dac5396a0:0:3,692a62434ae2815dec74164a4d148a1ad395dbf6653d58fc4ae432a52e892e37,True,561.774342902936,17,16192.396484375,16608.0,0,,,,
step_hook,0,49,4f59fbf51a0a5bfb4dc5af02cf294693:993dac5396a0:0:4,0cc9fb380cb2bb70003747e1d1b5eddb6239e470e3464f2a6cf9c2ca668b89c3,False,507.43160594720393,13,16192.396484375,16608.0,0,,,,
step_hook,1,0,1a938d25604410ccd63b60285919eaec:c627e50da685:0:0,e042894d371a8df6673730e94e09c16b0c54e157faa37094ac0edd0138322b43,True,491.0238239681348,12,16192.396484375,16608.0,0,,,,
step_hook,1,1,1a938d25604410ccd63b60285919eaec:c627e50da685:0:1,e042894d371a8df6673730e94e09c16b0c54e157faa37094ac0edd0138322b43,True,492.05843498930335,12,16192.396484375,16608.0,0,,,,
step_hook,1,2,1a938d25604410ccd63b60285919eaec:c627e50da685:0:2,f5f79da7870b43a425d911d4230cbde81339aaf8976b28d91223d1db1b9dcb91,True,494.3227169569582,12,16192.396484375,16608.0,0,,,,
step_hook,1,3,1a938d25604410ccd63b60285919eaec:c627e50da685:0:3,82b4934cd2e12dd5597e5e37c746229f9ae763b2251ce7ebf18bfe7be9c79896,True,522.8359289467335,14,16192.396484375,16608.0,0,,,,
step_hook,1,4,1a938d25604410ccd63b60285919eaec:c627e50da685:0:4,82b4934cd2e12dd5597e5e37c746229f9ae763b2251ce7ebf18bfe7be9c79896,True,519.8139629792422,14,16192.396484375,16608.0,0,,,,
step_hook,1,5,49cd6149f02ec01ee03a6eb8287ab2df:f982e9dfaf25:0:0,435ddab74d1ce43607ae306954b3988e040a520237c7d35ed4bf195d89590fe9,True,592.5107189686969,19,16191.43603515625,16608.0,0,,,,
step_hook,1,6,49cd6149f02ec01ee03a6eb8287ab2df:f982e9dfaf25:0:1,435ddab74d1ce43607ae306954b3988e040a520237c7d35ed4bf195d89590fe9,True,594.2520280368626,19,16191.43603515625,16608.0,0,,,,
step_hook,1,7,49cd6149f02ec01ee03a6eb8287ab2df:f982e9dfaf25:0:2,73fb32b5e401b3eacb51e7e77bdf04e3b22a04455436b5dd1473893ee8251122,True,433.24392393697053,8,16191.43603515625,16608.0,0,,,,
step_hook,1,8,49cd6149f02ec01ee03a6eb8287ab2df:f982e9dfaf25:0:3,95f301e4834466fadb9df4ae46e1b1c55f14a11d8b92502235741ad28dbdb107,False,536.1154800048098,15,16191.43603515625,16608.0,0,,,,
step_hook,1,9,49cd6149f02ec01ee03a6eb8287ab2df:f982e9dfaf25:0:4,73fb32b5e401b3eacb51e7e77bdf04e3b22a04455436b5dd1473893ee8251122,True,433.73360799159855,8,16191.43603515625,16608.0,0,,,,
step_hook,1,10,49cd6149f02ec01ee03a6eb8287ab2df:81739d7eb99c:0:0,435ddab74d1ce43607ae306954b3988e040a520237c7d35ed4bf195d89590fe9,True,590.6075409147888,19,16191.43603515625,16608.0,0,,,,
step_hook,1,11,49cd6149f02ec01ee03a6eb8287ab2df:81739d7eb99c:0:1,435ddab74d1ce43607ae306954b3988e040a520237c7d35ed4bf195d89590fe9,True,587.0077629806474,19,16191.43603515625,16608.0,0,,,,
step_hook,1,12,49cd6149f02ec01ee03a6eb8287ab2df:81739d7eb99c:0:2,73fb32b5e401b3eacb51e7e77bdf04e3b22a04455436b5dd1473893ee8251122,True,433.8401340646669,8,16191.43603515625,16608.0,0,,,,
step_hook,1,13,49cd6149f02ec01ee03a6eb8287ab2df:81739d7eb99c:0:3,435ddab74d1ce43607ae306954b3988e040a520237c7d35ed4bf195d89590fe9,True,589.5388009957969,19,16191.43603515625,16608.0,0,,,,
step_hook,1,14,49cd6149f02ec01ee03a6eb8287ab2df:81739d7eb99c:0:4,73fb32b5e401b3eacb51e7e77bdf04e3b22a04455436b5dd1473893ee8251122,True,434.4331950414926,8,16191.43603515625,16608.0,0,,,,
step_hook,1,15,c6050fe51d3408b1eaef27e08e7f1956:1458b54ae2f6:0:0,35990225eb4034f560541dca69e3de42af70ee7e6c5a42420c958e689cda2c02,True,461.9859519880265,10,16195.59375,16608.0,0,,,,
step_hook,1,16,c6050fe51d3408b1eaef27e08e7f1956:1458b54ae2f6:0:1,aebb1cb50cd9dcc29e137a5616bb2478102285853aed08894b7f12bdcbb1c56f,True,489.9312169291079,12,16195.59375,16608.0,0,,,,
step_hook,1,17,c6050fe51d3408b1eaef27e08e7f1956:1458b54ae2f6:0:2,111b8aacdbaf954aebfbd039849710807963f2bd7a68786f9ede013bd58cf416,True,392.08044193219393,5,16195.59375,16608.0,0,,,,
step_hook,1,18,c6050fe51d3408b1eaef27e08e7f1956:1458b54ae2f6:0:3,423b972f52fcbc22cc94be5cb64caefa796a5124160f24ec5fab21772249ca14,True,492.311830050312,12,16195.59375,16608.0,0,,,,
step_hook,1,19,c6050fe51d3408b1eaef27e08e7f1956:1458b54ae2f6:0:4,423b972f52fcbc22cc94be5cb64caefa796a5124160f24ec5fab21772249ca14,True,491.0119919804856,12,16195.59375,16608.0,0,,,,
step_hook,1,20,c6050fe51d3408b1eaef27e08e7f1956:e4e99a4d6532:0:0,35990225eb4034f560541dca69e3de42af70ee7e6c5a42420c958e689cda2c02,True,463.1133909570053,10,16195.59375,16608.0,0,,,,
step_hook,1,21,c6050fe51d3408b1eaef27e08e7f1956:e4e99a4d6532:0:1,aebb1cb50cd9dcc29e137a5616bb2478102285853aed08894b7f12bdcbb1c56f,True,493.6421139864251,12,16195.59375,16608.0,0,,,,
step_hook,1,22,c6050fe51d3408b1eaef27e08e7f1956:e4e99a4d6532:0:2,111b8aacdbaf954aebfbd039849710807963f2bd7a68786f9ede013bd58cf416,True,392.34854106325656,5,16195.59375,16608.0,0,,,,
step_hook,1,23,c6050fe51d3408b1eaef27e08e7f1956:e4e99a4d6532:0:3,423b972f52fcbc22cc94be5cb64caefa796a5124160f24ec5fab21772249ca14,True,494.92244701832533,12,16195.59375,16608.0,0,,,,
step_hook,1,24,c6050fe51d3408b1eaef27e08e7f1956:e4e99a4d6532:0:4,423b972f52fcbc22cc94be5cb64caefa796a5124160f24ec5fab21772249ca14,True,492.2738099703565,12,16195.59375,16608.0,0,,,,
step_hook,1,25,bb98dd0bceac09d24db1ecb2af549a92:377f7f0dd150:0:0,855c108ad67905d09ec7c1b0e8aece7c700b88af2a47447b339d06f51ca5f3c1,True,519.2370200529695,14,16191.43603515625,16608.0,0,,,,
step_hook,1,26,bb98dd0bceac09d24db1ecb2af549a92:377f7f0dd150:0:1,345f983c72b415369583c07355d41a5ce238a9e9fc7fe025add55b989f42753c,True,587.7037559403107,19,16191.43603515625,16608.0,0,,,,
step_hook,1,27,bb98dd0bceac09d24db1ecb2af549a92:377f7f0dd150:0:2,d9dc9f66742ea39569f48bea2599a075674a27a99bededdf7d11d3fbc33c74c9,True,575.954525033012,17,16191.43603515625,16608.0,0,,,,
step_hook,1,28,bb98dd0bceac09d24db1ecb2af549a92:377f7f0dd150:0:3,c45891449e67fbebaa72c55f78b5e89e2ef69d3f86135e99eaae972f41ca37d3,True,586.8898179614916,19,16191.43603515625,16608.0,0,,,,
step_hook,1,29,bb98dd0bceac09d24db1ecb2af549a92:377f7f0dd150:0:4,a4b4d1f639310ce5a0af8666d80dea51c299717b38da5a87d48ce3bde0ecf3b5,True,490.83937401883304,12,16191.43603515625,16608.0,0,,,,
step_hook,1,30,bb98dd0bceac09d24db1ecb2af549a92:2cf3a7a3a65c:0:0,855c108ad67905d09ec7c1b0e8aece7c700b88af2a47447b339d06f51ca5f3c1,True,518.2314639678225,14,16191.43603515625,16608.0,0,,,,
step_hook,1,31,bb98dd0bceac09d24db1ecb2af549a92:2cf3a7a3a65c:0:1,345f983c72b415369583c07355d41a5ce238a9e9fc7fe025add55b989f42753c,True,588.1678719306365,19,16191.43603515625,16608.0,0,,,,
step_hook,1,32,bb98dd0bceac09d24db1ecb2af549a92:2cf3a7a3a65c:0:2,d9dc9f66742ea39569f48bea2599a075674a27a99bededdf7d11d3fbc33c74c9,True,560.5917950160801,17,16191.43603515625,16608.0,0,,,,
step_hook,1,33,bb98dd0bceac09d24db1ecb2af549a92:2cf3a7a3a65c:0:3,c45891449e67fbebaa72c55f78b5e89e2ef69d3f86135e99eaae972f41ca37d3,True,591.7928509879857,19,16191.43603515625,16608.0,0,,,,
step_hook,1,34,bb98dd0bceac09d24db1ecb2af549a92:2cf3a7a3a65c:0:4,a4b4d1f639310ce5a0af8666d80dea51c299717b38da5a87d48ce3bde0ecf3b5,True,490.392142906785,12,16191.43603515625,16608.0,0,,,,
step_hook,1,35,b877dd782edba758ab429e3ee3de3329:97e16cc551e4:0:0,bcf1436e8a0397586b601d3afcfbd9357f7df58201510a79a21f33dea57905ee,True,688.5175259085372,26,16191.71044921875,16608.0,0,,,,
step_hook,1,36,b877dd782edba758ab429e3ee3de3329:97e16cc551e4:0:1,f340e6b096d48731cb6973ce6c1f384848e8a709bc3d7fefbc1375269bb16f66,True,591.2057349923998,19,16191.71044921875,16608.0,0,,,,
step_hook,1,37,b877dd782edba758ab429e3ee3de3329:97e16cc551e4:0:2,2b704dcf2e659e9441eb368463e822d98e8a4b4b0badfa1e02b97c395219bada,False,618.9993559382856,21,16191.71044921875,16608.0,0,,,,
step_hook,1,38,b877dd782edba758ab429e3ee3de3329:97e16cc551e4:0:3,2b704dcf2e659e9441eb368463e822d98e8a4b4b0badfa1e02b97c395219bada,True,617.8583690198138,21,16191.71044921875,16608.0,0,,,,
step_hook,1,39,b877dd782edba758ab429e3ee3de3329:97e16cc551e4:0:4,9833888f2bcf7baedb3e6d22f7a45d778a3ddb93dc3ee593faf345e015a5527d,True,589.0925530111417,19,16191.71044921875,16608.0,0,,,,
step_hook,1,40,b877dd782edba758ab429e3ee3de3329:dd7f6c9e007d:0:0,bcf1436e8a0397586b601d3afcfbd9357f7df58201510a79a21f33dea57905ee,True,687.3251019278541,26,16191.71044921875,16608.0,0,,,,
step_hook,1,41,b877dd782edba758ab429e3ee3de3329:dd7f6c9e007d:0:1,f340e6b096d48731cb6973ce6c1f384848e8a709bc3d7fefbc1375269bb16f66,True,590.896678972058,19,16191.71044921875,16608.0,0,,,,
step_hook,1,42,b877dd782edba758ab429e3ee3de3329:dd7f6c9e007d:0:2,f340e6b096d48731cb6973ce6c1f384848e8a709bc3d7fefbc1375269bb16f66,False,589.6901100641116,19,16191.71044921875,16608.0,0,,,,
step_hook,1,43,b877dd782edba758ab429e3ee3de3329:dd7f6c9e007d:0:3,2b704dcf2e659e9441eb368463e822d98e8a4b4b0badfa1e02b97c395219bada,True,620.425462955609,21,16191.71044921875,16608.0,0,,,,
step_hook,1,44,b877dd782edba758ab429e3ee3de3329:dd7f6c9e007d:0:4,9833888f2bcf7baedb3e6d22f7a45d778a3ddb93dc3ee593faf345e015a5527d,True,588.4017400676385,19,16191.71044921875,16608.0,0,,,,
step_hook,1,45,4f59fbf51a0a5bfb4dc5af02cf294693:993dac5396a0:0:0,02b2f284846856bbed690c4a4ff41de209848e5b20a5b8e52994ff6008da32c7,True,559.8032729467377,17,16192.396484375,16608.0,0,,,,
step_hook,1,46,4f59fbf51a0a5bfb4dc5af02cf294693:993dac5396a0:0:1,72ce63e97c300b32403763a2e20f5768dbedc981efcd36c58458b7f10991a314,True,503.62708198372275,13,16192.396484375,16608.0,0,,,,
step_hook,1,47,4f59fbf51a0a5bfb4dc5af02cf294693:993dac5396a0:0:2,692a62434ae2815dec74164a4d148a1ad395dbf6653d58fc4ae432a52e892e37,True,561.40468607191,17,16192.396484375,16608.0,0,,,,
step_hook,1,48,4f59fbf51a0a5bfb4dc5af02cf294693:993dac5396a0:0:3,692a62434ae2815dec74164a4d148a1ad395dbf6653d58fc4ae432a52e892e37,True,557.6663580723107,17,16192.396484375,16608.0,0,,,,
step_hook,1,49,4f59fbf51a0a5bfb4dc5af02cf294693:993dac5396a0:0:4,0cc9fb380cb2bb70003747e1d1b5eddb6239e470e3464f2a6cf9c2ca668b89c3,True,503.87819402385503,13,16192.396484375,16608.0,0,,,,
vanilla,0,0,1a938d25604410ccd63b60285919eaec:c627e50da685:0:0,e042894d371a8df6673730e94e09c16b0c54e157faa37094ac0edd0138322b43,True,488.27332200016826,12,16192.396484375,16608.0,,,,,
vanilla,0,1,1a938d25604410ccd63b60285919eaec:c627e50da685:0:1,e042894d371a8df6673730e94e09c16b0c54e157faa37094ac0edd0138322b43,True,487.85112996120006,12,16192.396484375,16608.0,,,,,
vanilla,0,2,1a938d25604410ccd63b60285919eaec:c627e50da685:0:2,f5f79da7870b43a425d911d4230cbde81339aaf8976b28d91223d1db1b9dcb91,True,488.40439203195274,12,16192.396484375,16608.0,,,,,
vanilla,0,3,1a938d25604410ccd63b60285919eaec:c627e50da685:0:3,82b4934cd2e12dd5597e5e37c746229f9ae763b2251ce7ebf18bfe7be9c79896,True,517.2781280707568,14,16192.396484375,16608.0,,,,,
vanilla,0,4,1a938d25604410ccd63b60285919eaec:c627e50da685:0:4,82b4934cd2e12dd5597e5e37c746229f9ae763b2251ce7ebf18bfe7be9c79896,True,515.8390040742233,14,16192.396484375,16608.0,,,,,
vanilla,0,5,49cd6149f02ec01ee03a6eb8287ab2df:f982e9dfaf25:0:0,435ddab74d1ce43607ae306954b3988e040a520237c7d35ed4bf195d89590fe9,True,585.6949629960582,19,16191.43603515625,16608.0,,,,,
vanilla,0,6,49cd6149f02ec01ee03a6eb8287ab2df:f982e9dfaf25:0:1,435ddab74d1ce43607ae306954b3988e040a520237c7d35ed4bf195d89590fe9,True,584.9316070089117,19,16191.43603515625,16608.0,,,,,
vanilla,0,7,49cd6149f02ec01ee03a6eb8287ab2df:f982e9dfaf25:0:2,73fb32b5e401b3eacb51e7e77bdf04e3b22a04455436b5dd1473893ee8251122,True,433.8604729855433,8,16191.43603515625,16608.0,,,,,
vanilla,0,8,49cd6149f02ec01ee03a6eb8287ab2df:f982e9dfaf25:0:3,435ddab74d1ce43607ae306954b3988e040a520237c7d35ed4bf195d89590fe9,True,587.7181940013543,19,16191.43603515625,16608.0,,,,,
vanilla,0,9,49cd6149f02ec01ee03a6eb8287ab2df:f982e9dfaf25:0:4,73fb32b5e401b3eacb51e7e77bdf04e3b22a04455436b5dd1473893ee8251122,True,432.67073994502425,8,16191.43603515625,16608.0,,,,,
vanilla,0,10,49cd6149f02ec01ee03a6eb8287ab2df:81739d7eb99c:0:0,435ddab74d1ce43607ae306954b3988e040a520237c7d35ed4bf195d89590fe9,True,586.2571670440957,19,16191.43603515625,16608.0,,,,,
vanilla,0,11,49cd6149f02ec01ee03a6eb8287ab2df:81739d7eb99c:0:1,435ddab74d1ce43607ae306954b3988e040a520237c7d35ed4bf195d89590fe9,True,585.0364560028538,19,16191.43603515625,16608.0,,,,,
vanilla,0,12,49cd6149f02ec01ee03a6eb8287ab2df:81739d7eb99c:0:2,73fb32b5e401b3eacb51e7e77bdf04e3b22a04455436b5dd1473893ee8251122,True,434.2528131091967,8,16191.43603515625,16608.0,,,,,
vanilla,0,13,49cd6149f02ec01ee03a6eb8287ab2df:81739d7eb99c:0:3,435ddab74d1ce43607ae306954b3988e040a520237c7d35ed4bf195d89590fe9,True,584.9956310121343,19,16191.43603515625,16608.0,,,,,
vanilla,0,14,49cd6149f02ec01ee03a6eb8287ab2df:81739d7eb99c:0:4,73fb32b5e401b3eacb51e7e77bdf04e3b22a04455436b5dd1473893ee8251122,True,433.6007419042289,8,16191.43603515625,16608.0,,,,,
vanilla,0,15,c6050fe51d3408b1eaef27e08e7f1956:1458b54ae2f6:0:0,35990225eb4034f560541dca69e3de42af70ee7e6c5a42420c958e689cda2c02,True,460.6263469904661,10,16195.59375,16608.0,,,,,
vanilla,0,16,c6050fe51d3408b1eaef27e08e7f1956:1458b54ae2f6:0:1,aebb1cb50cd9dcc29e137a5616bb2478102285853aed08894b7f12bdcbb1c56f,True,486.6567939752713,12,16195.59375,16608.0,,,,,
vanilla,0,17,c6050fe51d3408b1eaef27e08e7f1956:1458b54ae2f6:0:2,111b8aacdbaf954aebfbd039849710807963f2bd7a68786f9ede013bd58cf416,True,390.19192394334823,5,16195.59375,16608.0,,,,,
vanilla,0,18,c6050fe51d3408b1eaef27e08e7f1956:1458b54ae2f6:0:3,423b972f52fcbc22cc94be5cb64caefa796a5124160f24ec5fab21772249ca14,True,487.3147439211607,12,16195.59375,16608.0,,,,,
vanilla,0,19,c6050fe51d3408b1eaef27e08e7f1956:1458b54ae2f6:0:4,423b972f52fcbc22cc94be5cb64caefa796a5124160f24ec5fab21772249ca14,True,487.821927992627,12,16195.59375,16608.0,,,,,
vanilla,0,20,c6050fe51d3408b1eaef27e08e7f1956:e4e99a4d6532:0:0,35990225eb4034f560541dca69e3de42af70ee7e6c5a42420c958e689cda2c02,True,461.0532259102911,10,16195.59375,16608.0,,,,,
vanilla,0,21,c6050fe51d3408b1eaef27e08e7f1956:e4e99a4d6532:0:1,aebb1cb50cd9dcc29e137a5616bb2478102285853aed08894b7f12bdcbb1c56f,True,487.655965029262,12,16195.59375,16608.0,,,,,
vanilla,0,22,c6050fe51d3408b1eaef27e08e7f1956:e4e99a4d6532:0:2,111b8aacdbaf954aebfbd039849710807963f2bd7a68786f9ede013bd58cf416,True,390.1027779793367,5,16195.59375,16608.0,,,,,
vanilla,0,23,c6050fe51d3408b1eaef27e08e7f1956:e4e99a4d6532:0:3,423b972f52fcbc22cc94be5cb64caefa796a5124160f24ec5fab21772249ca14,True,490.4038009699434,12,16195.59375,16608.0,,,,,
vanilla,0,24,c6050fe51d3408b1eaef27e08e7f1956:e4e99a4d6532:0:4,423b972f52fcbc22cc94be5cb64caefa796a5124160f24ec5fab21772249ca14,True,491.63212499115616,12,16195.59375,16608.0,,,,,
vanilla,0,25,bb98dd0bceac09d24db1ecb2af549a92:377f7f0dd150:0:0,855c108ad67905d09ec7c1b0e8aece7c700b88af2a47447b339d06f51ca5f3c1,True,518.1617659982294,14,16191.43603515625,16608.0,,,,,
vanilla,0,26,bb98dd0bceac09d24db1ecb2af549a92:377f7f0dd150:0:1,345f983c72b415369583c07355d41a5ce238a9e9fc7fe025add55b989f42753c,True,587.2410609154031,19,16191.43603515625,16608.0,,,,,
vanilla,0,27,bb98dd0bceac09d24db1ecb2af549a92:377f7f0dd150:0:2,d9dc9f66742ea39569f48bea2599a075674a27a99bededdf7d11d3fbc33c74c9,True,560.4450890095904,17,16191.43603515625,16608.0,,,,,
vanilla,0,28,bb98dd0bceac09d24db1ecb2af549a92:377f7f0dd150:0:3,c45891449e67fbebaa72c55f78b5e89e2ef69d3f86135e99eaae972f41ca37d3,True,587.736680987291,19,16191.43603515625,16608.0,,,,,
vanilla,0,29,bb98dd0bceac09d24db1ecb2af549a92:377f7f0dd150:0:4,a4b4d1f639310ce5a0af8666d80dea51c299717b38da5a87d48ce3bde0ecf3b5,True,485.9759040409699,12,16191.43603515625,16608.0,,,,,
vanilla,0,30,bb98dd0bceac09d24db1ecb2af549a92:2cf3a7a3a65c:0:0,855c108ad67905d09ec7c1b0e8aece7c700b88af2a47447b339d06f51ca5f3c1,True,514.7275049239397,14,16191.43603515625,16608.0,,,,,
vanilla,0,31,bb98dd0bceac09d24db1ecb2af549a92:2cf3a7a3a65c:0:1,345f983c72b415369583c07355d41a5ce238a9e9fc7fe025add55b989f42753c,True,586.2924390239641,19,16191.43603515625,16608.0,,,,,
vanilla,0,32,bb98dd0bceac09d24db1ecb2af549a92:2cf3a7a3a65c:0:2,d9dc9f66742ea39569f48bea2599a075674a27a99bededdf7d11d3fbc33c74c9,True,558.099802932702,17,16191.43603515625,16608.0,,,,,
vanilla,0,33,bb98dd0bceac09d24db1ecb2af549a92:2cf3a7a3a65c:0:3,c45891449e67fbebaa72c55f78b5e89e2ef69d3f86135e99eaae972f41ca37d3,True,586.9364510290325,19,16191.43603515625,16608.0,,,,,
vanilla,0,34,bb98dd0bceac09d24db1ecb2af549a92:2cf3a7a3a65c:0:4,a4b4d1f639310ce5a0af8666d80dea51c299717b38da5a87d48ce3bde0ecf3b5,True,488.4533330332488,12,16191.43603515625,16608.0,,,,,
vanilla,0,35,b877dd782edba758ab429e3ee3de3329:97e16cc551e4:0:0,bcf1436e8a0397586b601d3afcfbd9357f7df58201510a79a21f33dea57905ee,True,685.4161520022899,26,16191.71044921875,16608.0,,,,,
vanilla,0,36,b877dd782edba758ab429e3ee3de3329:97e16cc551e4:0:1,f340e6b096d48731cb6973ce6c1f384848e8a709bc3d7fefbc1375269bb16f66,True,588.2576029980555,19,16191.71044921875,16608.0,,,,,
vanilla,0,37,b877dd782edba758ab429e3ee3de3329:97e16cc551e4:0:2,2b704dcf2e659e9441eb368463e822d98e8a4b4b0badfa1e02b97c395219bada,True,616.9255969580263,21,16191.71044921875,16608.0,,,,,
vanilla,0,38,b877dd782edba758ab429e3ee3de3329:97e16cc551e4:0:3,2b704dcf2e659e9441eb368463e822d98e8a4b4b0badfa1e02b97c395219bada,True,671.9327960163355,21,16191.71044921875,16608.0,,,,,
vanilla,0,39,b877dd782edba758ab429e3ee3de3329:97e16cc551e4:0:4,9833888f2bcf7baedb3e6d22f7a45d778a3ddb93dc3ee593faf345e015a5527d,True,599.1633089724928,19,16191.71044921875,16608.0,,,,,
vanilla,0,40,b877dd782edba758ab429e3ee3de3329:dd7f6c9e007d:0:0,bcf1436e8a0397586b601d3afcfbd9357f7df58201510a79a21f33dea57905ee,True,685.8082449762151,26,16191.71044921875,16608.0,,,,,
vanilla,0,41,b877dd782edba758ab429e3ee3de3329:dd7f6c9e007d:0:1,f340e6b096d48731cb6973ce6c1f384848e8a709bc3d7fefbc1375269bb16f66,True,587.9886690527201,19,16191.71044921875,16608.0,,,,,
vanilla,0,42,b877dd782edba758ab429e3ee3de3329:dd7f6c9e007d:0:2,f340e6b096d48731cb6973ce6c1f384848e8a709bc3d7fefbc1375269bb16f66,True,589.4365069689229,19,16191.71044921875,16608.0,,,,,
vanilla,0,43,b877dd782edba758ab429e3ee3de3329:dd7f6c9e007d:0:3,2b704dcf2e659e9441eb368463e822d98e8a4b4b0badfa1e02b97c395219bada,True,617.5303369527683,21,16191.71044921875,16608.0,,,,,
vanilla,0,44,b877dd782edba758ab429e3ee3de3329:dd7f6c9e007d:0:4,9833888f2bcf7baedb3e6d22f7a45d778a3ddb93dc3ee593faf345e015a5527d,True,586.5462980000302,19,16191.71044921875,16608.0,,,,,
vanilla,0,45,4f59fbf51a0a5bfb4dc5af02cf294693:993dac5396a0:0:0,02b2f284846856bbed690c4a4ff41de209848e5b20a5b8e52994ff6008da32c7,True,556.0545730404556,17,16192.396484375,16608.0,,,,,
vanilla,0,46,4f59fbf51a0a5bfb4dc5af02cf294693:993dac5396a0:0:1,72ce63e97c300b32403763a2e20f5768dbedc981efcd36c58458b7f10991a314,True,502.6074929628521,13,16192.396484375,16608.0,,,,,
vanilla,0,47,4f59fbf51a0a5bfb4dc5af02cf294693:993dac5396a0:0:2,692a62434ae2815dec74164a4d148a1ad395dbf6653d58fc4ae432a52e892e37,True,557.8114989912137,17,16192.396484375,16608.0,,,,,
vanilla,0,48,4f59fbf51a0a5bfb4dc5af02cf294693:993dac5396a0:0:3,692a62434ae2815dec74164a4d148a1ad395dbf6653d58fc4ae432a52e892e37,True,561.5178800653666,17,16192.396484375,16608.0,,,,,
vanilla,0,49,4f59fbf51a0a5bfb4dc5af02cf294693:993dac5396a0:0:4,e4f0271d7dced0f36c97839e546b1f140f69dfa129a37b04f653f47eb9c2798f,True,492.96837602742016,12,16192.396484375,16608.0,,,,,
vanilla,1,0,1a938d25604410ccd63b60285919eaec:c627e50da685:0:0,e042894d371a8df6673730e94e09c16b0c54e157faa37094ac0edd0138322b43,True,489.4693689420819,12,16192.396484375,16608.0,,,,,
vanilla,1,1,1a938d25604410ccd63b60285919eaec:c627e50da685:0:1,e042894d371a8df6673730e94e09c16b0c54e157faa37094ac0edd0138322b43,True,487.4568870291114,12,16192.396484375,16608.0,,,,,
vanilla,1,2,1a938d25604410ccd63b60285919eaec:c627e50da685:0:2,f5f79da7870b43a425d911d4230cbde81339aaf8976b28d91223d1db1b9dcb91,True,489.68224809505045,12,16192.396484375,16608.0,,,,,
vanilla,1,3,1a938d25604410ccd63b60285919eaec:c627e50da685:0:3,82b4934cd2e12dd5597e5e37c746229f9ae763b2251ce7ebf18bfe7be9c79896,True,516.3473499706015,14,16192.396484375,16608.0,,,,,
vanilla,1,4,1a938d25604410ccd63b60285919eaec:c627e50da685:0:4,82b4934cd2e12dd5597e5e37c746229f9ae763b2251ce7ebf18bfe7be9c79896,True,519.8158929124475,14,16192.396484375,16608.0,,,,,
vanilla,1,5,49cd6149f02ec01ee03a6eb8287ab2df:f982e9dfaf25:0:0,435ddab74d1ce43607ae306954b3988e040a520237c7d35ed4bf195d89590fe9,True,587.3532149707898,19,16191.43603515625,16608.0,,,,,
vanilla,1,6,49cd6149f02ec01ee03a6eb8287ab2df:f982e9dfaf25:0:1,435ddab74d1ce43607ae306954b3988e040a520237c7d35ed4bf195d89590fe9,True,589.4286429975182,19,16191.43603515625,16608.0,,,,,
vanilla,1,7,49cd6149f02ec01ee03a6eb8287ab2df:f982e9dfaf25:0:2,73fb32b5e401b3eacb51e7e77bdf04e3b22a04455436b5dd1473893ee8251122,True,432.2711779968813,8,16191.43603515625,16608.0,,,,,
vanilla,1,8,49cd6149f02ec01ee03a6eb8287ab2df:f982e9dfaf25:0:3,435ddab74d1ce43607ae306954b3988e040a520237c7d35ed4bf195d89590fe9,True,587.7810609526932,19,16191.43603515625,16608.0,,,,,
vanilla,1,9,49cd6149f02ec01ee03a6eb8287ab2df:f982e9dfaf25:0:4,73fb32b5e401b3eacb51e7e77bdf04e3b22a04455436b5dd1473893ee8251122,True,441.350486013107,8,16191.43603515625,16608.0,,,,,
vanilla,1,10,49cd6149f02ec01ee03a6eb8287ab2df:81739d7eb99c:0:0,435ddab74d1ce43607ae306954b3988e040a520237c7d35ed4bf195d89590fe9,True,586.4016299601644,19,16191.43603515625,16608.0,,,,,
vanilla,1,11,49cd6149f02ec01ee03a6eb8287ab2df:81739d7eb99c:0:1,435ddab74d1ce43607ae306954b3988e040a520237c7d35ed4bf195d89590fe9,True,588.3174859918654,19,16191.43603515625,16608.0,,,,,
vanilla,1,12,49cd6149f02ec01ee03a6eb8287ab2df:81739d7eb99c:0:2,73fb32b5e401b3eacb51e7e77bdf04e3b22a04455436b5dd1473893ee8251122,True,432.05580906942487,8,16191.43603515625,16608.0,,,,,
vanilla,1,13,49cd6149f02ec01ee03a6eb8287ab2df:81739d7eb99c:0:3,435ddab74d1ce43607ae306954b3988e040a520237c7d35ed4bf195d89590fe9,True,586.2077750498429,19,16191.43603515625,16608.0,,,,,
vanilla,1,14,49cd6149f02ec01ee03a6eb8287ab2df:81739d7eb99c:0:4,73fb32b5e401b3eacb51e7e77bdf04e3b22a04455436b5dd1473893ee8251122,True,435.2053169859573,8,16191.43603515625,16608.0,,,,,
vanilla,1,15,c6050fe51d3408b1eaef27e08e7f1956:1458b54ae2f6:0:0,35990225eb4034f560541dca69e3de42af70ee7e6c5a42420c958e689cda2c02,True,460.7217520242557,10,16195.59375,16608.0,,,,,
vanilla,1,16,c6050fe51d3408b1eaef27e08e7f1956:1458b54ae2f6:0:1,aebb1cb50cd9dcc29e137a5616bb2478102285853aed08894b7f12bdcbb1c56f,True,489.94606197811663,12,16195.59375,16608.0,,,,,
vanilla,1,17,c6050fe51d3408b1eaef27e08e7f1956:1458b54ae2f6:0:2,111b8aacdbaf954aebfbd039849710807963f2bd7a68786f9ede013bd58cf416,True,389.48382902890444,5,16195.59375,16608.0,,,,,
vanilla,1,18,c6050fe51d3408b1eaef27e08e7f1956:1458b54ae2f6:0:3,423b972f52fcbc22cc94be5cb64caefa796a5124160f24ec5fab21772249ca14,True,492.8291350370273,12,16195.59375,16608.0,,,,,
vanilla,1,19,c6050fe51d3408b1eaef27e08e7f1956:1458b54ae2f6:0:4,423b972f52fcbc22cc94be5cb64caefa796a5124160f24ec5fab21772249ca14,True,488.1323769222945,12,16195.59375,16608.0,,,,,
vanilla,1,20,c6050fe51d3408b1eaef27e08e7f1956:e4e99a4d6532:0:0,35990225eb4034f560541dca69e3de42af70ee7e6c5a42420c958e689cda2c02,True,460.223249043338,10,16195.59375,16608.0,,,,,
vanilla,1,21,c6050fe51d3408b1eaef27e08e7f1956:e4e99a4d6532:0:1,aebb1cb50cd9dcc29e137a5616bb2478102285853aed08894b7f12bdcbb1c56f,True,485.8905030414462,12,16195.59375,16608.0,,,,,
vanilla,1,22,c6050fe51d3408b1eaef27e08e7f1956:e4e99a4d6532:0:2,111b8aacdbaf954aebfbd039849710807963f2bd7a68786f9ede013bd58cf416,True,387.1325459331274,5,16195.59375,16608.0,,,,,
vanilla,1,23,c6050fe51d3408b1eaef27e08e7f1956:e4e99a4d6532:0:3,423b972f52fcbc22cc94be5cb64caefa796a5124160f24ec5fab21772249ca14,True,490.6466939719394,12,16195.59375,16608.0,,,,,
vanilla,1,24,c6050fe51d3408b1eaef27e08e7f1956:e4e99a4d6532:0:4,423b972f52fcbc22cc94be5cb64caefa796a5124160f24ec5fab21772249ca14,True,488.4250790346414,12,16195.59375,16608.0,,,,,
vanilla,1,25,bb98dd0bceac09d24db1ecb2af549a92:377f7f0dd150:0:0,855c108ad67905d09ec7c1b0e8aece7c700b88af2a47447b339d06f51ca5f3c1,True,516.427394002676,14,16191.43603515625,16608.0,,,,,
vanilla,1,26,bb98dd0bceac09d24db1ecb2af549a92:377f7f0dd150:0:1,345f983c72b415369583c07355d41a5ce238a9e9fc7fe025add55b989f42753c,True,587.4491650611162,19,16191.43603515625,16608.0,,,,,
vanilla,1,27,bb98dd0bceac09d24db1ecb2af549a92:377f7f0dd150:0:2,d9dc9f66742ea39569f48bea2599a075674a27a99bededdf7d11d3fbc33c74c9,True,559.7847630269825,17,16191.43603515625,16608.0,,,,,
vanilla,1,28,bb98dd0bceac09d24db1ecb2af549a92:377f7f0dd150:0:3,c45891449e67fbebaa72c55f78b5e89e2ef69d3f86135e99eaae972f41ca37d3,True,586.8113689357415,19,16191.43603515625,16608.0,,,,,
vanilla,1,29,bb98dd0bceac09d24db1ecb2af549a92:377f7f0dd150:0:4,a4b4d1f639310ce5a0af8666d80dea51c299717b38da5a87d48ce3bde0ecf3b5,True,490.52207299973816,12,16191.43603515625,16608.0,,,,,
vanilla,1,30,bb98dd0bceac09d24db1ecb2af549a92:2cf3a7a3a65c:0:0,855c108ad67905d09ec7c1b0e8aece7c700b88af2a47447b339d06f51ca5f3c1,True,515.2555400272831,14,16191.43603515625,16608.0,,,,,
vanilla,1,31,bb98dd0bceac09d24db1ecb2af549a92:2cf3a7a3a65c:0:1,345f983c72b415369583c07355d41a5ce238a9e9fc7fe025add55b989f42753c,True,588.0027629900724,19,16191.43603515625,16608.0,,,,,
vanilla,1,32,bb98dd0bceac09d24db1ecb2af549a92:2cf3a7a3a65c:0:2,d9dc9f66742ea39569f48bea2599a075674a27a99bededdf7d11d3fbc33c74c9,True,560.2043840335682,17,16191.43603515625,16608.0,,,,,
vanilla,1,33,bb98dd0bceac09d24db1ecb2af549a92:2cf3a7a3a65c:0:3,c45891449e67fbebaa72c55f78b5e89e2ef69d3f86135e99eaae972f41ca37d3,True,588.0629729945213,19,16191.43603515625,16608.0,,,,,
vanilla,1,34,bb98dd0bceac09d24db1ecb2af549a92:2cf3a7a3a65c:0:4,a4b4d1f639310ce5a0af8666d80dea51c299717b38da5a87d48ce3bde0ecf3b5,True,490.6040009809658,12,16191.43603515625,16608.0,,,,,
vanilla,1,35,b877dd782edba758ab429e3ee3de3329:97e16cc551e4:0:0,bcf1436e8a0397586b601d3afcfbd9357f7df58201510a79a21f33dea57905ee,True,687.8897249698639,26,16191.71044921875,16608.0,,,,,
vanilla,1,36,b877dd782edba758ab429e3ee3de3329:97e16cc551e4:0:1,f340e6b096d48731cb6973ce6c1f384848e8a709bc3d7fefbc1375269bb16f66,True,589.1902040457353,19,16191.71044921875,16608.0,,,,,
vanilla,1,37,b877dd782edba758ab429e3ee3de3329:97e16cc551e4:0:2,f340e6b096d48731cb6973ce6c1f384848e8a709bc3d7fefbc1375269bb16f66,True,588.2487529888749,19,16191.71044921875,16608.0,,,,,
vanilla,1,38,b877dd782edba758ab429e3ee3de3329:97e16cc551e4:0:3,2b704dcf2e659e9441eb368463e822d98e8a4b4b0badfa1e02b97c395219bada,True,616.0085020819679,21,16191.71044921875,16608.0,,,,,
vanilla,1,39,b877dd782edba758ab429e3ee3de3329:97e16cc551e4:0:4,9833888f2bcf7baedb3e6d22f7a45d778a3ddb93dc3ee593faf345e015a5527d,True,587.2451199684292,19,16191.71044921875,16608.0,,,,,
vanilla,1,40,b877dd782edba758ab429e3ee3de3329:dd7f6c9e007d:0:0,bcf1436e8a0397586b601d3afcfbd9357f7df58201510a79a21f33dea57905ee,True,686.6722740232944,26,16191.71044921875,16608.0,,,,,
vanilla,1,41,b877dd782edba758ab429e3ee3de3329:dd7f6c9e007d:0:1,f340e6b096d48731cb6973ce6c1f384848e8a709bc3d7fefbc1375269bb16f66,True,586.8757730349898,19,16191.71044921875,16608.0,,,,,
vanilla,1,42,b877dd782edba758ab429e3ee3de3329:dd7f6c9e007d:0:2,2b704dcf2e659e9441eb368463e822d98e8a4b4b0badfa1e02b97c395219bada,True,614.5305839600042,21,16191.71044921875,16608.0,,,,,
vanilla,1,43,b877dd782edba758ab429e3ee3de3329:dd7f6c9e007d:0:3,2b704dcf2e659e9441eb368463e822d98e8a4b4b0badfa1e02b97c395219bada,True,616.0668120719492,21,16191.71044921875,16608.0,,,,,
vanilla,1,44,b877dd782edba758ab429e3ee3de3329:dd7f6c9e007d:0:4,9833888f2bcf7baedb3e6d22f7a45d778a3ddb93dc3ee593faf345e015a5527d,True,588.7640690198168,19,16191.71044921875,16608.0,,,,,
vanilla,1,45,4f59fbf51a0a5bfb4dc5af02cf294693:993dac5396a0:0:0,02b2f284846856bbed690c4a4ff41de209848e5b20a5b8e52994ff6008da32c7,True,559.6424450632185,17,16192.396484375,16608.0,,,,,
vanilla,1,46,4f59fbf51a0a5bfb4dc5af02cf294693:993dac5396a0:0:1,72ce63e97c300b32403763a2e20f5768dbedc981efcd36c58458b7f10991a314,True,502.8765460010618,13,16192.396484375,16608.0,,,,,
vanilla,1,47,4f59fbf51a0a5bfb4dc5af02cf294693:993dac5396a0:0:2,692a62434ae2815dec74164a4d148a1ad395dbf6653d58fc4ae432a52e892e37,True,561.4141590194777,17,16192.396484375,16608.0,,,,,
vanilla,1,48,4f59fbf51a0a5bfb4dc5af02cf294693:993dac5396a0:0:3,692a62434ae2815dec74164a4d148a1ad395dbf6653d58fc4ae432a52e892e37,True,562.0061421068385,17,16192.396484375,16608.0,,,,,
vanilla,1,49,4f59fbf51a0a5bfb4dc5af02cf294693:993dac5396a0:0:4,0cc9fb380cb2bb70003747e1d1b5eddb6239e470e3464f2a6cf9c2ca668b89c3,True,505.9109419817105,13,16192.396484375,16608.0,,,,,
