mode,repeat,sample_index,orig_id,answer_sha256,answer_matches_vanilla,latency_ms,tokens,peak_allocated_mb,peak_reserved_mb,steps_processed,detection_ready_ms,detection_after_prefill_ms,detector_probability,detector_prediction
vanilla,0,0,1a938d25604410ccd63b60285919eaec:c627e50da685:0:0,70f89282fb4200d4c7cb83660e5e90d9cf2d989cdecf70c1f868239e5f542294,True,287.1981200296432,7,14875.333984375,15132.0,,,,,
vanilla,0,1,1a938d25604410ccd63b60285919eaec:c627e50da685:0:1,c709293d644a54f3b0d6270fc879317ff277c06c090c03c30f721b08140bbe7b,True,398.75332301016897,15,14875.333984375,15132.0,,,,,
vanilla,0,2,1a938d25604410ccd63b60285919eaec:c627e50da685:0:2,c709293d644a54f3b0d6270fc879317ff277c06c090c03c30f721b08140bbe7b,True,399.7730700066313,15,14875.333984375,15132.0,,,,,
vanilla,0,3,1a938d25604410ccd63b60285919eaec:c627e50da685:0:3,c709293d644a54f3b0d6270fc879317ff277c06c090c03c30f721b08140bbe7b,True,398.5272260615602,15,14875.333984375,15132.0,,,,,
vanilla,0,4,1a938d25604410ccd63b60285919eaec:c627e50da685:0:4,15905afe25f3666163b46d6b6948b985a7debd874743ae398a264536e830ec1f,True,288.33945095539093,7,14875.333984375,15132.0,,,,,
vanilla,0,5,49cd6149f02ec01ee03a6eb8287ab2df:f982e9dfaf25:0:0,5feceb66ffc86f38d952786c6d696c79c2dbc239dd4e91b46729d73a27fb57e9,True,203.7121249595657,2,14870.81396484375,15132.0,,,,,
vanilla,0,6,49cd6149f02ec01ee03a6eb8287ab2df:f982e9dfaf25:0:1,5feceb66ffc86f38d952786c6d696c79c2dbc239dd4e91b46729d73a27fb57e9,True,201.17183402180672,2,14870.81396484375,15132.0,,,,,
vanilla,0,7,49cd6149f02ec01ee03a6eb8287ab2df:f982e9dfaf25:0:2,5feceb66ffc86f38d952786c6d696c79c2dbc239dd4e91b46729d73a27fb57e9,True,204.14016698487103,2,14870.81396484375,15132.0,,,,,
vanilla,0,8,49cd6149f02ec01ee03a6eb8287ab2df:f982e9dfaf25:0:3,5feceb66ffc86f38d952786c6d696c79c2dbc239dd4e91b46729d73a27fb57e9,True,203.36303196381778,2,14870.81396484375,15132.0,,,,,
vanilla,0,9,49cd6149f02ec01ee03a6eb8287ab2df:f982e9dfaf25:0:4,5feceb66ffc86f38d952786c6d696c79c2dbc239dd4e91b46729d73a27fb57e9,True,202.2068810183555,2,14870.81396484375,15132.0,,,,,
vanilla,0,10,49cd6149f02ec01ee03a6eb8287ab2df:81739d7eb99c:0:0,5feceb66ffc86f38d952786c6d696c79c2dbc239dd4e91b46729d73a27fb57e9,True,203.67926894687116,2,14870.81396484375,15132.0,,,,,
vanilla,0,11,49cd6149f02ec01ee03a6eb8287ab2df:81739d7eb99c:0:1,5feceb66ffc86f38d952786c6d696c79c2dbc239dd4e91b46729d73a27fb57e9,True,201.51731406804174,2,14870.81396484375,15132.0,,,,,
vanilla,0,12,49cd6149f02ec01ee03a6eb8287ab2df:81739d7eb99c:0:2,5feceb66ffc86f38d952786c6d696c79c2dbc239dd4e91b46729d73a27fb57e9,True,201.77908695768565,2,14870.81396484375,15132.0,,,,,
vanilla,0,13,49cd6149f02ec01ee03a6eb8287ab2df:81739d7eb99c:0:3,5feceb66ffc86f38d952786c6d696c79c2dbc239dd4e91b46729d73a27fb57e9,True,203.73649906832725,2,14870.81396484375,15132.0,,,,,
vanilla,0,14,49cd6149f02ec01ee03a6eb8287ab2df:81739d7eb99c:0:4,5feceb66ffc86f38d952786c6d696c79c2dbc239dd4e91b46729d73a27fb57e9,True,201.58357196487486,2,14870.81396484375,15132.0,,,,,
vanilla,0,15,c6050fe51d3408b1eaef27e08e7f1956:1458b54ae2f6:0:0,d656de69c0da6209d397a8d5f7affee137ddc3be7811a9522dee62d3b10d52c8,True,299.61785406339914,8,14882.767578125,15132.0,,,,,
vanilla,0,16,c6050fe51d3408b1eaef27e08e7f1956:1458b54ae2f6:0:1,cdb81c63cda0b6ef0b2a1260fb987458ab47d5bebf8b78c6355a3a6dc164506d,True,331.18664601352066,10,14882.767578125,15132.0,,,,,
vanilla,0,17,c6050fe51d3408b1eaef27e08e7f1956:1458b54ae2f6:0:2,fe50179dd819d03ae1216ed234b97e224965b782031f3c44efdb45fd96b23cd1,True,316.1864000139758,9,14882.767578125,15132.0,,,,,
vanilla,0,18,c6050fe51d3408b1eaef27e08e7f1956:1458b54ae2f6:0:3,193405ed8b35f3ee7bb64910e10c564fde35fef8c1a936749daf66c5d021ba99,True,259.9474770249799,5,14882.767578125,15132.0,,,,,
vanilla,0,19,c6050fe51d3408b1eaef27e08e7f1956:1458b54ae2f6:0:4,b95e2705d5a356fbf1413fffbb51166a15189a8408c65518ca1e169bb0b681ec,True,344.4395649712533,11,14882.767578125,15132.0,,,,,
vanilla,0,20,c6050fe51d3408b1eaef27e08e7f1956:e4e99a4d6532:0:0,d656de69c0da6209d397a8d5f7affee137ddc3be7811a9522dee62d3b10d52c8,True,303.3103559864685,8,14882.767578125,15132.0,,,,,
vanilla,0,21,c6050fe51d3408b1eaef27e08e7f1956:e4e99a4d6532:0:1,cdb81c63cda0b6ef0b2a1260fb987458ab47d5bebf8b78c6355a3a6dc164506d,True,328.54303310159594,10,14882.767578125,15132.0,,,,,
vanilla,0,22,c6050fe51d3408b1eaef27e08e7f1956:e4e99a4d6532:0:2,fe50179dd819d03ae1216ed234b97e224965b782031f3c44efdb45fd96b23cd1,True,316.862914012745,9,14882.767578125,15132.0,,,,,
vanilla,0,23,c6050fe51d3408b1eaef27e08e7f1956:e4e99a4d6532:0:3,193405ed8b35f3ee7bb64910e10c564fde35fef8c1a936749daf66c5d021ba99,True,261.2681139726192,5,14882.767578125,15132.0,,,,,
vanilla,0,24,c6050fe51d3408b1eaef27e08e7f1956:e4e99a4d6532:0:4,b95e2705d5a356fbf1413fffbb51166a15189a8408c65518ca1e169bb0b681ec,True,341.6981390910223,11,14882.767578125,15132.0,,,,,
vanilla,0,25,bb98dd0bceac09d24db1ecb2af549a92:377f7f0dd150:0:0,1ea442a134b2a184bd5d40104401f2a37fbc09ccf3f4bc9da161c6099be3691d,True,189.29270992521197,1,14869.7763671875,15132.0,,,,,
vanilla,0,26,bb98dd0bceac09d24db1ecb2af549a92:377f7f0dd150:0:1,1ea442a134b2a184bd5d40104401f2a37fbc09ccf3f4bc9da161c6099be3691d,True,188.91699402593076,1,14869.7763671875,15132.0,,,,,
vanilla,0,27,bb98dd0bceac09d24db1ecb2af549a92:377f7f0dd150:0:2,1ea442a134b2a184bd5d40104401f2a37fbc09ccf3f4bc9da161c6099be3691d,True,190.315201994963,1,14869.7763671875,15132.0,,,,,
vanilla,0,28,bb98dd0bceac09d24db1ecb2af549a92:377f7f0dd150:0:3,85a39ab345d672ff8ca9b9c6876f3adcacf45ee7c1e2dbd2408fd338bd55e07e,True,190.20659395027906,1,14869.7763671875,15132.0,,,,,
vanilla,0,29,bb98dd0bceac09d24db1ecb2af549a92:377f7f0dd150:0:4,85a39ab345d672ff8ca9b9c6876f3adcacf45ee7c1e2dbd2408fd338bd55e07e,True,189.89381799474359,1,14869.7763671875,15132.0,,,,,
vanilla,0,30,bb98dd0bceac09d24db1ecb2af549a92:2cf3a7a3a65c:0:0,1ea442a134b2a184bd5d40104401f2a37fbc09ccf3f4bc9da161c6099be3691d,True,187.77077400591224,1,14869.7763671875,15132.0,,,,,
vanilla,0,31,bb98dd0bceac09d24db1ecb2af549a92:2cf3a7a3a65c:0:1,1ea442a134b2a184bd5d40104401f2a37fbc09ccf3f4bc9da161c6099be3691d,True,189.70337393693626,1,14869.7763671875,15132.0,,,,,
vanilla,0,32,bb98dd0bceac09d24db1ecb2af549a92:2cf3a7a3a65c:0:2,1ea442a134b2a184bd5d40104401f2a37fbc09ccf3f4bc9da161c6099be3691d,True,187.06039199605584,1,14869.7763671875,15132.0,,,,,
vanilla,0,33,bb98dd0bceac09d24db1ecb2af549a92:2cf3a7a3a65c:0:3,85a39ab345d672ff8ca9b9c6876f3adcacf45ee7c1e2dbd2408fd338bd55e07e,True,189.8478810908273,1,14869.7763671875,15132.0,,,,,
vanilla,0,34,bb98dd0bceac09d24db1ecb2af549a92:2cf3a7a3a65c:0:4,85a39ab345d672ff8ca9b9c6876f3adcacf45ee7c1e2dbd2408fd338bd55e07e,True,190.66050497349352,1,14869.7763671875,15132.0,,,,,
vanilla,0,35,b877dd782edba758ab429e3ee3de3329:97e16cc551e4:0:0,5feceb66ffc86f38d952786c6d696c79c2dbc239dd4e91b46729d73a27fb57e9,True,201.84845593757927,2,14870.81396484375,15132.0,,,,,
vanilla,0,36,b877dd782edba758ab429e3ee3de3329:97e16cc551e4:0:1,5feceb66ffc86f38d952786c6d696c79c2dbc239dd4e91b46729d73a27fb57e9,True,203.84084607940167,2,14870.81396484375,15132.0,,,,,
vanilla,0,37,b877dd782edba758ab429e3ee3de3329:97e16cc551e4:0:2,5feceb66ffc86f38d952786c6d696c79c2dbc239dd4e91b46729d73a27fb57e9,True,201.28769695293158,2,14870.81396484375,15132.0,,,,,
vanilla,0,38,b877dd782edba758ab429e3ee3de3329:97e16cc551e4:0:3,5feceb66ffc86f38d952786c6d696c79c2dbc239dd4e91b46729d73a27fb57e9,True,205.4953989572823,2,14870.81396484375,15132.0,,,,,
vanilla,0,39,b877dd782edba758ab429e3ee3de3329:97e16cc551e4:0:4,6b86b273ff34fce19d6b804eff5a3f5747ada4eaa22f1d49c01e52ddb7875b4b,True,201.1724120238796,2,14870.81396484375,15132.0,,,,,
vanilla,0,40,b877dd782edba758ab429e3ee3de3329:dd7f6c9e007d:0:0,5feceb66ffc86f38d952786c6d696c79c2dbc239dd4e91b46729d73a27fb57e9,True,201.94069400895387,2,14870.81396484375,15132.0,,,,,
vanilla,0,41,b877dd782edba758ab429e3ee3de3329:dd7f6c9e007d:0:1,5feceb66ffc86f38d952786c6d696c79c2dbc239dd4e91b46729d73a27fb57e9,True,203.74292798805982,2,14870.81396484375,15132.0,,,,,
vanilla,0,42,b877dd782edba758ab429e3ee3de3329:dd7f6c9e007d:0:2,5feceb66ffc86f38d952786c6d696c79c2dbc239dd4e91b46729d73a27fb57e9,True,201.2664640787989,2,14870.81396484375,15132.0,,,,,
vanilla,0,43,b877dd782edba758ab429e3ee3de3329:dd7f6c9e007d:0:3,5feceb66ffc86f38d952786c6d696c79c2dbc239dd4e91b46729d73a27fb57e9,True,203.575731953606,2,14870.81396484375,15132.0,,,,,
vanilla,0,44,b877dd782edba758ab429e3ee3de3329:dd7f6c9e007d:0:4,6b86b273ff34fce19d6b804eff5a3f5747ada4eaa22f1d49c01e52ddb7875b4b,True,202.49381300527602,2,14870.81396484375,15132.0,,,,,
vanilla,0,45,4f59fbf51a0a5bfb4dc5af02cf294693:993dac5396a0:0:0,082a3f27a64a793001365f40fd7d76058660d5148036e68127b7775445e5f79a,True,372.60298093315214,13,14878.7236328125,15132.0,,,,,
vanilla,0,46,4f59fbf51a0a5bfb4dc5af02cf294693:993dac5396a0:0:1,082a3f27a64a793001365f40fd7d76058660d5148036e68127b7775445e5f79a,True,370.7121389452368,13,14878.7236328125,15132.0,,,,,
vanilla,0,47,4f59fbf51a0a5bfb4dc5af02cf294693:993dac5396a0:0:2,082a3f27a64a793001365f40fd7d76058660d5148036e68127b7775445e5f79a,True,372.646186966449,13,14878.7236328125,15132.0,,,,,
vanilla,0,48,4f59fbf51a0a5bfb4dc5af02cf294693:993dac5396a0:0:3,082a3f27a64a793001365f40fd7d76058660d5148036e68127b7775445e5f79a,True,372.58383200969547,13,14878.7236328125,15132.0,,,,,
vanilla,0,49,4f59fbf51a0a5bfb4dc5af02cf294693:993dac5396a0:0:4,cb1d05299ff18cc4eb1eafa80966fcf02838d32be4a86d290ced7caf197919ad,True,329.87939997110516,10,14878.7236328125,15132.0,,,,,
vanilla,1,0,1a938d25604410ccd63b60285919eaec:c627e50da685:0:0,70f89282fb4200d4c7cb83660e5e90d9cf2d989cdecf70c1f868239e5f542294,True,287.8795840078965,7,14875.333984375,15132.0,,,,,
vanilla,1,1,1a938d25604410ccd63b60285919eaec:c627e50da685:0:1,c709293d644a54f3b0d6270fc879317ff277c06c090c03c30f721b08140bbe7b,True,399.67863995116204,15,14875.333984375,15132.0,,,,,
vanilla,1,2,1a938d25604410ccd63b60285919eaec:c627e50da685:0:2,c709293d644a54f3b0d6270fc879317ff277c06c090c03c30f721b08140bbe7b,True,401.1156890774146,15,14875.333984375,15132.0,,,,,
vanilla,1,3,1a938d25604410ccd63b60285919eaec:c627e50da685:0:3,c709293d644a54f3b0d6270fc879317ff277c06c090c03c30f721b08140bbe7b,True,401.10694302711636,15,14875.333984375,15132.0,,,,,
vanilla,1,4,1a938d25604410ccd63b60285919eaec:c627e50da685:0:4,15905afe25f3666163b46d6b6948b985a7debd874743ae398a264536e830ec1f,True,288.5785949183628,7,14875.333984375,15132.0,,,,,
vanilla,1,5,49cd6149f02ec01ee03a6eb8287ab2df:f982e9dfaf25:0:0,5feceb66ffc86f38d952786c6d696c79c2dbc239dd4e91b46729d73a27fb57e9,True,202.5541360490024,2,14870.81396484375,15132.0,,,,,
vanilla,1,6,49cd6149f02ec01ee03a6eb8287ab2df:f982e9dfaf25:0:1,5feceb66ffc86f38d952786c6d696c79c2dbc239dd4e91b46729d73a27fb57e9,True,205.83848003298044,2,14870.81396484375,15132.0,,,,,
vanilla,1,7,49cd6149f02ec01ee03a6eb8287ab2df:f982e9dfaf25:0:2,5feceb66ffc86f38d952786c6d696c79c2dbc239dd4e91b46729d73a27fb57e9,True,202.73716701194644,2,14870.81396484375,15132.0,,,,,
vanilla,1,8,49cd6149f02ec01ee03a6eb8287ab2df:f982e9dfaf25:0:3,5feceb66ffc86f38d952786c6d696c79c2dbc239dd4e91b46729d73a27fb57e9,True,202.7810449944809,2,14870.81396484375,15132.0,,,,,
vanilla,1,9,49cd6149f02ec01ee03a6eb8287ab2df:f982e9dfaf25:0:4,5feceb66ffc86f38d952786c6d696c79c2dbc239dd4e91b46729d73a27fb57e9,True,204.1536249453202,2,14870.81396484375,15132.0,,,,,
vanilla,1,10,49cd6149f02ec01ee03a6eb8287ab2df:81739d7eb99c:0:0,5feceb66ffc86f38d952786c6d696c79c2dbc239dd4e91b46729d73a27fb57e9,True,203.2675740774721,2,14870.81396484375,15132.0,,,,,
vanilla,1,11,49cd6149f02ec01ee03a6eb8287ab2df:81739d7eb99c:0:1,5feceb66ffc86f38d952786c6d696c79c2dbc239dd4e91b46729d73a27fb57e9,True,204.68199998140335,2,14870.81396484375,15132.0,,,,,
vanilla,1,12,49cd6149f02ec01ee03a6eb8287ab2df:81739d7eb99c:0:2,5feceb66ffc86f38d952786c6d696c79c2dbc239dd4e91b46729d73a27fb57e9,True,204.77192290127277,2,14870.81396484375,15132.0,,,,,
vanilla,1,13,49cd6149f02ec01ee03a6eb8287ab2df:81739d7eb99c:0:3,5feceb66ffc86f38d952786c6d696c79c2dbc239dd4e91b46729d73a27fb57e9,True,202.84701697528362,2,14870.81396484375,15132.0,,,,,
vanilla,1,14,49cd6149f02ec01ee03a6eb8287ab2df:81739d7eb99c:0:4,5feceb66ffc86f38d952786c6d696c79c2dbc239dd4e91b46729d73a27fb57e9,True,201.94930490106344,2,14870.81396484375,15132.0,,,,,
vanilla,1,15,c6050fe51d3408b1eaef27e08e7f1956:1458b54ae2f6:0:0,d656de69c0da6209d397a8d5f7affee137ddc3be7811a9522dee62d3b10d52c8,True,302.7882120804861,8,14882.767578125,15132.0,,,,,
vanilla,1,16,c6050fe51d3408b1eaef27e08e7f1956:1458b54ae2f6:0:1,cdb81c63cda0b6ef0b2a1260fb987458ab47d5bebf8b78c6355a3a6dc164506d,True,331.2430760124698,10,14882.767578125,15132.0,,,,,
vanilla,1,17,c6050fe51d3408b1eaef27e08e7f1956:1458b54ae2f6:0:2,fe50179dd819d03ae1216ed234b97e224965b782031f3c44efdb45fd96b23cd1,True,335.9399400651455,9,14882.767578125,15132.0,,,,,
vanilla,1,18,c6050fe51d3408b1eaef27e08e7f1956:1458b54ae2f6:0:3,193405ed8b35f3ee7bb64910e10c564fde35fef8c1a936749daf66c5d021ba99,True,263.0054379114881,5,14882.767578125,15132.0,,,,,
vanilla,1,19,c6050fe51d3408b1eaef27e08e7f1956:1458b54ae2f6:0:4,b95e2705d5a356fbf1413fffbb51166a15189a8408c65518ca1e169bb0b681ec,True,343.4237940236926,11,14882.767578125,15132.0,,,,,
vanilla,1,20,c6050fe51d3408b1eaef27e08e7f1956:e4e99a4d6532:0:0,d656de69c0da6209d397a8d5f7affee137ddc3be7811a9522dee62d3b10d52c8,True,302.06991801969707,8,14882.767578125,15132.0,,,,,
vanilla,1,21,c6050fe51d3408b1eaef27e08e7f1956:e4e99a4d6532:0:1,cdb81c63cda0b6ef0b2a1260fb987458ab47d5bebf8b78c6355a3a6dc164506d,True,328.9296090370044,10,14882.767578125,15132.0,,,,,
vanilla,1,22,c6050fe51d3408b1eaef27e08e7f1956:e4e99a4d6532:0:2,fe50179dd819d03ae1216ed234b97e224965b782031f3c44efdb45fd96b23cd1,True,315.4229939682409,9,14882.767578125,15132.0,,,,,
vanilla,1,23,c6050fe51d3408b1eaef27e08e7f1956:e4e99a4d6532:0:3,193405ed8b35f3ee7bb64910e10c564fde35fef8c1a936749daf66c5d021ba99,True,260.04931807983667,5,14882.767578125,15132.0,,,,,
vanilla,1,24,c6050fe51d3408b1eaef27e08e7f1956:e4e99a4d6532:0:4,b95e2705d5a356fbf1413fffbb51166a15189a8408c65518ca1e169bb0b681ec,True,342.4921319819987,11,14882.767578125,15132.0,,,,,
vanilla,1,25,bb98dd0bceac09d24db1ecb2af549a92:377f7f0dd150:0:0,1ea442a134b2a184bd5d40104401f2a37fbc09ccf3f4bc9da161c6099be3691d,True,189.6710549481213,1,14869.7763671875,15132.0,,,,,
vanilla,1,26,bb98dd0bceac09d24db1ecb2af549a92:377f7f0dd150:0:1,1ea442a134b2a184bd5d40104401f2a37fbc09ccf3f4bc9da161c6099be3691d,True,189.26488608121872,1,14869.7763671875,15132.0,,,,,
vanilla,1,27,bb98dd0bceac09d24db1ecb2af549a92:377f7f0dd150:0:2,1ea442a134b2a184bd5d40104401f2a37fbc09ccf3f4bc9da161c6099be3691d,True,190.75741502456367,1,14869.7763671875,15132.0,,,,,
vanilla,1,28,bb98dd0bceac09d24db1ecb2af549a92:377f7f0dd150:0:3,85a39ab345d672ff8ca9b9c6876f3adcacf45ee7c1e2dbd2408fd338bd55e07e,True,187.41125508677214,1,14869.7763671875,15132.0,,,,,
vanilla,1,29,bb98dd0bceac09d24db1ecb2af549a92:377f7f0dd150:0:4,85a39ab345d672ff8ca9b9c6876f3adcacf45ee7c1e2dbd2408fd338bd55e07e,True,188.06959292851388,1,14869.7763671875,15132.0,,,,,
vanilla,1,30,bb98dd0bceac09d24db1ecb2af549a92:2cf3a7a3a65c:0:0,1ea442a134b2a184bd5d40104401f2a37fbc09ccf3f4bc9da161c6099be3691d,True,191.00695091765374,1,14869.7763671875,15132.0,,,,,
vanilla,1,31,bb98dd0bceac09d24db1ecb2af549a92:2cf3a7a3a65c:0:1,1ea442a134b2a184bd5d40104401f2a37fbc09ccf3f4bc9da161c6099be3691d,True,188.00341291353106,1,14869.7763671875,15132.0,,,,,
vanilla,1,32,bb98dd0bceac09d24db1ecb2af549a92:2cf3a7a3a65c:0:2,1ea442a134b2a184bd5d40104401f2a37fbc09ccf3f4bc9da161c6099be3691d,True,187.37137597054243,1,14869.7763671875,15132.0,,,,,
vanilla,1,33,bb98dd0bceac09d24db1ecb2af549a92:2cf3a7a3a65c:0:3,85a39ab345d672ff8ca9b9c6876f3adcacf45ee7c1e2dbd2408fd338bd55e07e,True,189.09455207176507,1,14869.7763671875,15132.0,,,,,
vanilla,1,34,bb98dd0bceac09d24db1ecb2af549a92:2cf3a7a3a65c:0:4,85a39ab345d672ff8ca9b9c6876f3adcacf45ee7c1e2dbd2408fd338bd55e07e,True,190.50797692034394,1,14869.7763671875,15132.0,,,,,
vanilla,1,35,b877dd782edba758ab429e3ee3de3329:97e16cc551e4:0:0,5feceb66ffc86f38d952786c6d696c79c2dbc239dd4e91b46729d73a27fb57e9,True,203.36401904933155,2,14870.81396484375,15132.0,,,,,
vanilla,1,36,b877dd782edba758ab429e3ee3de3329:97e16cc551e4:0:1,5feceb66ffc86f38d952786c6d696c79c2dbc239dd4e91b46729d73a27fb57e9,True,203.03003210574389,2,14870.81396484375,15132.0,,,,,
vanilla,1,37,b877dd782edba758ab429e3ee3de3329:97e16cc551e4:0:2,5feceb66ffc86f38d952786c6d696c79c2dbc239dd4e91b46729d73a27fb57e9,True,204.49846505653113,2,14870.81396484375,15132.0,,,,,
vanilla,1,38,b877dd782edba758ab429e3ee3de3329:97e16cc551e4:0:3,5feceb66ffc86f38d952786c6d696c79c2dbc239dd4e91b46729d73a27fb57e9,True,201.68869302142411,2,14870.81396484375,15132.0,,,,,
vanilla,1,39,b877dd782edba758ab429e3ee3de3329:97e16cc551e4:0:4,6b86b273ff34fce19d6b804eff5a3f5747ada4eaa22f1d49c01e52ddb7875b4b,True,201.86052098870277,2,14870.81396484375,15132.0,,,,,
vanilla,1,40,b877dd782edba758ab429e3ee3de3329:dd7f6c9e007d:0:0,5feceb66ffc86f38d952786c6d696c79c2dbc239dd4e91b46729d73a27fb57e9,True,204.92142194416374,2,14870.81396484375,15132.0,,,,,
vanilla,1,41,b877dd782edba758ab429e3ee3de3329:dd7f6c9e007d:0:1,5feceb66ffc86f38d952786c6d696c79c2dbc239dd4e91b46729d73a27fb57e9,True,202.3134840419516,2,14870.81396484375,15132.0,,,,,
vanilla,1,42,b877dd782edba758ab429e3ee3de3329:dd7f6c9e007d:0:2,5feceb66ffc86f38d952786c6d696c79c2dbc239dd4e91b46729d73a27fb57e9,True,202.27202191017568,2,14870.81396484375,15132.0,,,,,
vanilla,1,43,b877dd782edba758ab429e3ee3de3329:dd7f6c9e007d:0:3,5feceb66ffc86f38d952786c6d696c79c2dbc239dd4e91b46729d73a27fb57e9,True,204.3937420239672,2,14870.81396484375,15132.0,,,,,
vanilla,1,44,b877dd782edba758ab429e3ee3de3329:dd7f6c9e007d:0:4,6b86b273ff34fce19d6b804eff5a3f5747ada4eaa22f1d49c01e52ddb7875b4b,True,201.118111028336,2,14870.81396484375,15132.0,,,,,
vanilla,1,45,4f59fbf51a0a5bfb4dc5af02cf294693:993dac5396a0:0:0,082a3f27a64a793001365f40fd7d76058660d5148036e68127b7775445e5f79a,True,370.45114301145077,13,14878.7236328125,15132.0,,,,,
vanilla,1,46,4f59fbf51a0a5bfb4dc5af02cf294693:993dac5396a0:0:1,082a3f27a64a793001365f40fd7d76058660d5148036e68127b7775445e5f79a,True,371.45154003519565,13,14878.7236328125,15132.0,,,,,
vanilla,1,47,4f59fbf51a0a5bfb4dc5af02cf294693:993dac5396a0:0:2,082a3f27a64a793001365f40fd7d76058660d5148036e68127b7775445e5f79a,True,381.2115950277075,13,14878.7236328125,15132.0,,,,,
vanilla,1,48,4f59fbf51a0a5bfb4dc5af02cf294693:993dac5396a0:0:3,082a3f27a64a793001365f40fd7d76058660d5148036e68127b7775445e5f79a,True,372.1908980514854,13,14878.7236328125,15132.0,,,,,
vanilla,1,49,4f59fbf51a0a5bfb4dc5af02cf294693:993dac5396a0:0:4,cb1d05299ff18cc4eb1eafa80966fcf02838d32be4a86d290ced7caf197919ad,True,332.0720719639212,10,14878.7236328125,15132.0,,,,,
step_hook,0,0,1a938d25604410ccd63b60285919eaec:c627e50da685:0:0,70f89282fb4200d4c7cb83660e5e90d9cf2d989cdecf70c1f868239e5f542294,True,289.7583219455555,7,14875.333984375,15132.0,0,,,,
step_hook,0,1,1a938d25604410ccd63b60285919eaec:c627e50da685:0:1,c709293d644a54f3b0d6270fc879317ff277c06c090c03c30f721b08140bbe7b,True,399.71865399274975,15,14875.333984375,15132.0,0,,,,
step_hook,0,2,1a938d25604410ccd63b60285919eaec:c627e50da685:0:2,c709293d644a54f3b0d6270fc879317ff277c06c090c03c30f721b08140bbe7b,True,399.5622709626332,15,14875.333984375,15132.0,0,,,,
step_hook,0,3,1a938d25604410ccd63b60285919eaec:c627e50da685:0:3,c709293d644a54f3b0d6270fc879317ff277c06c090c03c30f721b08140bbe7b,True,401.50006697513163,15,14875.333984375,15132.0,0,,,,
step_hook,0,4,1a938d25604410ccd63b60285919eaec:c627e50da685:0:4,15905afe25f3666163b46d6b6948b985a7debd874743ae398a264536e830ec1f,True,288.55012205895036,7,14875.333984375,15132.0,0,,,,
step_hook,0,5,49cd6149f02ec01ee03a6eb8287ab2df:f982e9dfaf25:0:0,5feceb66ffc86f38d952786c6d696c79c2dbc239dd4e91b46729d73a27fb57e9,True,204.24692402593791,2,14870.81396484375,15132.0,0,,,,
step_hook,0,6,49cd6149f02ec01ee03a6eb8287ab2df:f982e9dfaf25:0:1,5feceb66ffc86f38d952786c6d696c79c2dbc239dd4e91b46729d73a27fb57e9,True,202.9214600333944,2,14870.81396484375,15132.0,0,,,,
step_hook,0,7,49cd6149f02ec01ee03a6eb8287ab2df:f982e9dfaf25:0:2,5feceb66ffc86f38d952786c6d696c79c2dbc239dd4e91b46729d73a27fb57e9,True,205.89383598417044,2,14870.81396484375,15132.0,0,,,,
step_hook,0,8,49cd6149f02ec01ee03a6eb8287ab2df:f982e9dfaf25:0:3,5feceb66ffc86f38d952786c6d696c79c2dbc239dd4e91b46729d73a27fb57e9,True,201.65654690936208,2,14870.81396484375,15132.0,0,,,,
step_hook,0,9,49cd6149f02ec01ee03a6eb8287ab2df:f982e9dfaf25:0:4,5feceb66ffc86f38d952786c6d696c79c2dbc239dd4e91b46729d73a27fb57e9,True,202.24734395742416,2,14870.81396484375,15132.0,0,,,,
step_hook,0,10,49cd6149f02ec01ee03a6eb8287ab2df:81739d7eb99c:0:0,5feceb66ffc86f38d952786c6d696c79c2dbc239dd4e91b46729d73a27fb57e9,True,205.68587305024266,2,14870.81396484375,15132.0,0,,,,
step_hook,0,11,49cd6149f02ec01ee03a6eb8287ab2df:81739d7eb99c:0:1,5feceb66ffc86f38d952786c6d696c79c2dbc239dd4e91b46729d73a27fb57e9,True,202.00291101355106,2,14870.81396484375,15132.0,0,,,,
step_hook,0,12,49cd6149f02ec01ee03a6eb8287ab2df:81739d7eb99c:0:2,5feceb66ffc86f38d952786c6d696c79c2dbc239dd4e91b46729d73a27fb57e9,True,204.09856596961617,2,14870.81396484375,15132.0,0,,,,
step_hook,0,13,49cd6149f02ec01ee03a6eb8287ab2df:81739d7eb99c:0:3,5feceb66ffc86f38d952786c6d696c79c2dbc239dd4e91b46729d73a27fb57e9,True,200.84394596051425,2,14870.81396484375,15132.0,0,,,,
step_hook,0,14,49cd6149f02ec01ee03a6eb8287ab2df:81739d7eb99c:0:4,5feceb66ffc86f38d952786c6d696c79c2dbc239dd4e91b46729d73a27fb57e9,True,202.1825050469488,2,14870.81396484375,15132.0,0,,,,
step_hook,0,15,c6050fe51d3408b1eaef27e08e7f1956:1458b54ae2f6:0:0,d656de69c0da6209d397a8d5f7affee137ddc3be7811a9522dee62d3b10d52c8,True,302.4464639602229,8,14882.767578125,15132.0,0,,,,
step_hook,0,16,c6050fe51d3408b1eaef27e08e7f1956:1458b54ae2f6:0:1,cdb81c63cda0b6ef0b2a1260fb987458ab47d5bebf8b78c6355a3a6dc164506d,True,328.95702810492367,10,14882.767578125,15132.0,0,,,,
step_hook,0,17,c6050fe51d3408b1eaef27e08e7f1956:1458b54ae2f6:0:2,fe50179dd819d03ae1216ed234b97e224965b782031f3c44efdb45fd96b23cd1,True,316.42656796611845,9,14882.767578125,15132.0,0,,,,
step_hook,0,18,c6050fe51d3408b1eaef27e08e7f1956:1458b54ae2f6:0:3,193405ed8b35f3ee7bb64910e10c564fde35fef8c1a936749daf66c5d021ba99,True,260.2724330499768,5,14882.767578125,15132.0,0,,,,
step_hook,0,19,c6050fe51d3408b1eaef27e08e7f1956:1458b54ae2f6:0:4,b95e2705d5a356fbf1413fffbb51166a15189a8408c65518ca1e169bb0b681ec,True,341.8579880381003,11,14882.767578125,15132.0,0,,,,
step_hook,0,20,c6050fe51d3408b1eaef27e08e7f1956:e4e99a4d6532:0:0,d656de69c0da6209d397a8d5f7affee137ddc3be7811a9522dee62d3b10d52c8,True,302.50669305678457,8,14882.767578125,15132.0,0,,,,
step_hook,0,21,c6050fe51d3408b1eaef27e08e7f1956:e4e99a4d6532:0:1,cdb81c63cda0b6ef0b2a1260fb987458ab47d5bebf8b78c6355a3a6dc164506d,True,329.5390020357445,10,14882.767578125,15132.0,0,,,,
step_hook,0,22,c6050fe51d3408b1eaef27e08e7f1956:e4e99a4d6532:0:2,fe50179dd819d03ae1216ed234b97e224965b782031f3c44efdb45fd96b23cd1,True,317.20529799349606,9,14882.767578125,15132.0,0,,,,
step_hook,0,23,c6050fe51d3408b1eaef27e08e7f1956:e4e99a4d6532:0:3,193405ed8b35f3ee7bb64910e10c564fde35fef8c1a936749daf66c5d021ba99,True,260.86481602396816,5,14882.767578125,15132.0,0,,,,
step_hook,0,24,c6050fe51d3408b1eaef27e08e7f1956:e4e99a4d6532:0:4,b95e2705d5a356fbf1413fffbb51166a15189a8408c65518ca1e169bb0b681ec,True,340.45109001453966,11,14882.767578125,15132.0,0,,,,
step_hook,0,25,bb98dd0bceac09d24db1ecb2af549a92:377f7f0dd150:0:0,1ea442a134b2a184bd5d40104401f2a37fbc09ccf3f4bc9da161c6099be3691d,True,190.6176720513031,1,14869.7763671875,15132.0,0,,,,
step_hook,0,26,bb98dd0bceac09d24db1ecb2af549a92:377f7f0dd150:0:1,1ea442a134b2a184bd5d40104401f2a37fbc09ccf3f4bc9da161c6099be3691d,True,187.7089609624818,1,14869.7763671875,15132.0,0,,,,
step_hook,0,27,bb98dd0bceac09d24db1ecb2af549a92:377f7f0dd150:0:2,1ea442a134b2a184bd5d40104401f2a37fbc09ccf3f4bc9da161c6099be3691d,True,187.39810003899038,1,14869.7763671875,15132.0,0,,,,
step_hook,0,28,bb98dd0bceac09d24db1ecb2af549a92:377f7f0dd150:0:3,85a39ab345d672ff8ca9b9c6876f3adcacf45ee7c1e2dbd2408fd338bd55e07e,True,190.0982609950006,1,14869.7763671875,15132.0,0,,,,
step_hook,0,29,bb98dd0bceac09d24db1ecb2af549a92:377f7f0dd150:0:4,85a39ab345d672ff8ca9b9c6876f3adcacf45ee7c1e2dbd2408fd338bd55e07e,True,187.83684098161757,1,14869.7763671875,15132.0,0,,,,
step_hook,0,30,bb98dd0bceac09d24db1ecb2af549a92:2cf3a7a3a65c:0:0,1ea442a134b2a184bd5d40104401f2a37fbc09ccf3f4bc9da161c6099be3691d,True,189.9284579558298,1,14869.7763671875,15132.0,0,,,,
step_hook,0,31,bb98dd0bceac09d24db1ecb2af549a92:2cf3a7a3a65c:0:1,1ea442a134b2a184bd5d40104401f2a37fbc09ccf3f4bc9da161c6099be3691d,True,189.33331000152975,1,14869.7763671875,15132.0,0,,,,
step_hook,0,32,bb98dd0bceac09d24db1ecb2af549a92:2cf3a7a3a65c:0:2,1ea442a134b2a184bd5d40104401f2a37fbc09ccf3f4bc9da161c6099be3691d,True,186.97510100901127,1,14869.7763671875,15132.0,0,,,,
step_hook,0,33,bb98dd0bceac09d24db1ecb2af549a92:2cf3a7a3a65c:0:3,85a39ab345d672ff8ca9b9c6876f3adcacf45ee7c1e2dbd2408fd338bd55e07e,True,212.66575308982283,1,14869.7763671875,15132.0,0,,,,
step_hook,0,34,bb98dd0bceac09d24db1ecb2af549a92:2cf3a7a3a65c:0:4,85a39ab345d672ff8ca9b9c6876f3adcacf45ee7c1e2dbd2408fd338bd55e07e,True,191.9534159824252,1,14869.7763671875,15132.0,0,,,,
step_hook,0,35,b877dd782edba758ab429e3ee3de3329:97e16cc551e4:0:0,5feceb66ffc86f38d952786c6d696c79c2dbc239dd4e91b46729d73a27fb57e9,True,202.5877529522404,2,14870.81396484375,15132.0,0,,,,
step_hook,0,36,b877dd782edba758ab429e3ee3de3329:97e16cc551e4:0:1,5feceb66ffc86f38d952786c6d696c79c2dbc239dd4e91b46729d73a27fb57e9,True,203.45203904435039,2,14870.81396484375,15132.0,0,,,,
step_hook,0,37,b877dd782edba758ab429e3ee3de3329:97e16cc551e4:0:2,5feceb66ffc86f38d952786c6d696c79c2dbc239dd4e91b46729d73a27fb57e9,True,201.30040997173637,2,14870.81396484375,15132.0,0,,,,
step_hook,0,38,b877dd782edba758ab429e3ee3de3329:97e16cc551e4:0:3,5feceb66ffc86f38d952786c6d696c79c2dbc239dd4e91b46729d73a27fb57e9,True,204.85513599123806,2,14870.81396484375,15132.0,0,,,,
step_hook,0,39,b877dd782edba758ab429e3ee3de3329:97e16cc551e4:0:4,6b86b273ff34fce19d6b804eff5a3f5747ada4eaa22f1d49c01e52ddb7875b4b,True,203.11818597838283,2,14870.81396484375,15132.0,0,,,,
step_hook,0,40,b877dd782edba758ab429e3ee3de3329:dd7f6c9e007d:0:0,5feceb66ffc86f38d952786c6d696c79c2dbc239dd4e91b46729d73a27fb57e9,True,203.72759900055826,2,14870.81396484375,15132.0,0,,,,
step_hook,0,41,b877dd782edba758ab429e3ee3de3329:dd7f6c9e007d:0:1,5feceb66ffc86f38d952786c6d696c79c2dbc239dd4e91b46729d73a27fb57e9,True,206.49369491729885,2,14870.81396484375,15132.0,0,,,,
step_hook,0,42,b877dd782edba758ab429e3ee3de3329:dd7f6c9e007d:0:2,5feceb66ffc86f38d952786c6d696c79c2dbc239dd4e91b46729d73a27fb57e9,True,202.79462705366313,2,14870.81396484375,15132.0,0,,,,
step_hook,0,43,b877dd782edba758ab429e3ee3de3329:dd7f6c9e007d:0:3,5feceb66ffc86f38d952786c6d696c79c2dbc239dd4e91b46729d73a27fb57e9,True,202.91899098083377,2,14870.81396484375,15132.0,0,,,,
step_hook,0,44,b877dd782edba758ab429e3ee3de3329:dd7f6c9e007d:0:4,6b86b273ff34fce19d6b804eff5a3f5747ada4eaa22f1d49c01e52ddb7875b4b,True,204.3691200669855,2,14870.81396484375,15132.0,0,,,,
step_hook,0,45,4f59fbf51a0a5bfb4dc5af02cf294693:993dac5396a0:0:0,082a3f27a64a793001365f40fd7d76058660d5148036e68127b7775445e5f79a,True,369.22682099975646,13,14878.7236328125,15132.0,0,,,,
step_hook,0,46,4f59fbf51a0a5bfb4dc5af02cf294693:993dac5396a0:0:1,082a3f27a64a793001365f40fd7d76058660d5148036e68127b7775445e5f79a,True,371.2903610430658,13,14878.7236328125,15132.0,0,,,,
step_hook,0,47,4f59fbf51a0a5bfb4dc5af02cf294693:993dac5396a0:0:2,082a3f27a64a793001365f40fd7d76058660d5148036e68127b7775445e5f79a,True,372.14933207724243,13,14878.7236328125,15132.0,0,,,,
step_hook,0,48,4f59fbf51a0a5bfb4dc5af02cf294693:993dac5396a0:0:3,082a3f27a64a793001365f40fd7d76058660d5148036e68127b7775445e5f79a,True,371.5844600228593,13,14878.7236328125,15132.0,0,,,,
step_hook,0,49,4f59fbf51a0a5bfb4dc5af02cf294693:993dac5396a0:0:4,cb1d05299ff18cc4eb1eafa80966fcf02838d32be4a86d290ced7caf197919ad,True,330.5267950054258,10,14878.7236328125,15132.0,0,,,,
step_hook,1,0,1a938d25604410ccd63b60285919eaec:c627e50da685:0:0,70f89282fb4200d4c7cb83660e5e90d9cf2d989cdecf70c1f868239e5f542294,True,288.4711369406432,7,14875.333984375,15132.0,0,,,,
step_hook,1,1,1a938d25604410ccd63b60285919eaec:c627e50da685:0:1,c709293d644a54f3b0d6270fc879317ff277c06c090c03c30f721b08140bbe7b,True,399.5647419942543,15,14875.333984375,15132.0,0,,,,
step_hook,1,2,1a938d25604410ccd63b60285919eaec:c627e50da685:0:2,c709293d644a54f3b0d6270fc879317ff277c06c090c03c30f721b08140bbe7b,True,400.20139201078564,15,14875.333984375,15132.0,0,,,,
step_hook,1,3,1a938d25604410ccd63b60285919eaec:c627e50da685:0:3,c709293d644a54f3b0d6270fc879317ff277c06c090c03c30f721b08140bbe7b,True,400.41162306442857,15,14875.333984375,15132.0,0,,,,
step_hook,1,4,1a938d25604410ccd63b60285919eaec:c627e50da685:0:4,15905afe25f3666163b46d6b6948b985a7debd874743ae398a264536e830ec1f,True,288.96989091299474,7,14875.333984375,15132.0,0,,,,
step_hook,1,5,49cd6149f02ec01ee03a6eb8287ab2df:f982e9dfaf25:0:0,5feceb66ffc86f38d952786c6d696c79c2dbc239dd4e91b46729d73a27fb57e9,True,204.15821601636708,2,14870.81396484375,15132.0,0,,,,
step_hook,1,6,49cd6149f02ec01ee03a6eb8287ab2df:f982e9dfaf25:0:1,5feceb66ffc86f38d952786c6d696c79c2dbc239dd4e91b46729d73a27fb57e9,True,201.8674350110814,2,14870.81396484375,15132.0,0,,,,
step_hook,1,7,49cd6149f02ec01ee03a6eb8287ab2df:f982e9dfaf25:0:2,5feceb66ffc86f38d952786c6d696c79c2dbc239dd4e91b46729d73a27fb57e9,True,202.35160901211202,2,14870.81396484375,15132.0,0,,,,
step_hook,1,8,49cd6149f02ec01ee03a6eb8287ab2df:f982e9dfaf25:0:3,5feceb66ffc86f38d952786c6d696c79c2dbc239dd4e91b46729d73a27fb57e9,True,203.7597909802571,2,14870.81396484375,15132.0,0,,,,
step_hook,1,9,49cd6149f02ec01ee03a6eb8287ab2df:f982e9dfaf25:0:4,5feceb66ffc86f38d952786c6d696c79c2dbc239dd4e91b46729d73a27fb57e9,True,203.34057207219303,2,14870.81396484375,15132.0,0,,,,
step_hook,1,10,49cd6149f02ec01ee03a6eb8287ab2df:81739d7eb99c:0:0,5feceb66ffc86f38d952786c6d696c79c2dbc239dd4e91b46729d73a27fb57e9,True,203.52428196929395,2,14870.81396484375,15132.0,0,,,,
step_hook,1,11,49cd6149f02ec01ee03a6eb8287ab2df:81739d7eb99c:0:1,5feceb66ffc86f38d952786c6d696c79c2dbc239dd4e91b46729d73a27fb57e9,True,201.71282906085253,2,14870.81396484375,15132.0,0,,,,
step_hook,1,12,49cd6149f02ec01ee03a6eb8287ab2df:81739d7eb99c:0:2,5feceb66ffc86f38d952786c6d696c79c2dbc239dd4e91b46729d73a27fb57e9,True,204.1492429561913,2,14870.81396484375,15132.0,0,,,,
step_hook,1,13,49cd6149f02ec01ee03a6eb8287ab2df:81739d7eb99c:0:3,5feceb66ffc86f38d952786c6d696c79c2dbc239dd4e91b46729d73a27fb57e9,True,201.0323490248993,2,14870.81396484375,15132.0,0,,,,
step_hook,1,14,49cd6149f02ec01ee03a6eb8287ab2df:81739d7eb99c:0:4,5feceb66ffc86f38d952786c6d696c79c2dbc239dd4e91b46729d73a27fb57e9,True,205.67678892984986,2,14870.81396484375,15132.0,0,,,,
step_hook,1,15,c6050fe51d3408b1eaef27e08e7f1956:1458b54ae2f6:0:0,d656de69c0da6209d397a8d5f7affee137ddc3be7811a9522dee62d3b10d52c8,True,299.9545920174569,8,14882.767578125,15132.0,0,,,,
step_hook,1,16,c6050fe51d3408b1eaef27e08e7f1956:1458b54ae2f6:0:1,cdb81c63cda0b6ef0b2a1260fb987458ab47d5bebf8b78c6355a3a6dc164506d,True,329.2596499668434,10,14882.767578125,15132.0,0,,,,
step_hook,1,17,c6050fe51d3408b1eaef27e08e7f1956:1458b54ae2f6:0:2,fe50179dd819d03ae1216ed234b97e224965b782031f3c44efdb45fd96b23cd1,True,315.41510997340083,9,14882.767578125,15132.0,0,,,,
step_hook,1,18,c6050fe51d3408b1eaef27e08e7f1956:1458b54ae2f6:0:3,193405ed8b35f3ee7bb64910e10c564fde35fef8c1a936749daf66c5d021ba99,True,261.39968703500926,5,14882.767578125,15132.0,0,,,,
step_hook,1,19,c6050fe51d3408b1eaef27e08e7f1956:1458b54ae2f6:0:4,b95e2705d5a356fbf1413fffbb51166a15189a8408c65518ca1e169bb0b681ec,True,341.0151860443875,11,14882.767578125,15132.0,0,,,,
step_hook,1,20,c6050fe51d3408b1eaef27e08e7f1956:e4e99a4d6532:0:0,d656de69c0da6209d397a8d5f7affee137ddc3be7811a9522dee62d3b10d52c8,True,302.208338980563,8,14882.767578125,15132.0,0,,,,
step_hook,1,21,c6050fe51d3408b1eaef27e08e7f1956:e4e99a4d6532:0:1,cdb81c63cda0b6ef0b2a1260fb987458ab47d5bebf8b78c6355a3a6dc164506d,True,326.9509030506015,10,14882.767578125,15132.0,0,,,,
step_hook,1,22,c6050fe51d3408b1eaef27e08e7f1956:e4e99a4d6532:0:2,fe50179dd819d03ae1216ed234b97e224965b782031f3c44efdb45fd96b23cd1,True,316.08155206777155,9,14882.767578125,15132.0,0,,,,
step_hook,1,23,c6050fe51d3408b1eaef27e08e7f1956:e4e99a4d6532:0:3,193405ed8b35f3ee7bb64910e10c564fde35fef8c1a936749daf66c5d021ba99,True,257.5998989632353,5,14882.767578125,15132.0,0,,,,
step_hook,1,24,c6050fe51d3408b1eaef27e08e7f1956:e4e99a4d6532:0:4,b95e2705d5a356fbf1413fffbb51166a15189a8408c65518ca1e169bb0b681ec,True,343.8548019621521,11,14882.767578125,15132.0,0,,,,
step_hook,1,25,bb98dd0bceac09d24db1ecb2af549a92:377f7f0dd150:0:0,1ea442a134b2a184bd5d40104401f2a37fbc09ccf3f4bc9da161c6099be3691d,True,191.69112108647823,1,14869.7763671875,15132.0,0,,,,
step_hook,1,26,bb98dd0bceac09d24db1ecb2af549a92:377f7f0dd150:0:1,1ea442a134b2a184bd5d40104401f2a37fbc09ccf3f4bc9da161c6099be3691d,True,189.09090699162334,1,14869.7763671875,15132.0,0,,,,
step_hook,1,27,bb98dd0bceac09d24db1ecb2af549a92:377f7f0dd150:0:2,1ea442a134b2a184bd5d40104401f2a37fbc09ccf3f4bc9da161c6099be3691d,True,188.24196397326887,1,14869.7763671875,15132.0,0,,,,
step_hook,1,28,bb98dd0bceac09d24db1ecb2af549a92:377f7f0dd150:0:3,85a39ab345d672ff8ca9b9c6876f3adcacf45ee7c1e2dbd2408fd338bd55e07e,True,189.60697599686682,1,14869.7763671875,15132.0,0,,,,
step_hook,1,29,bb98dd0bceac09d24db1ecb2af549a92:377f7f0dd150:0:4,85a39ab345d672ff8ca9b9c6876f3adcacf45ee7c1e2dbd2408fd338bd55e07e,True,189.87305602058768,1,14869.7763671875,15132.0,0,,,,
step_hook,1,30,bb98dd0bceac09d24db1ecb2af549a92:2cf3a7a3a65c:0:0,1ea442a134b2a184bd5d40104401f2a37fbc09ccf3f4bc9da161c6099be3691d,True,187.93803197331727,1,14869.7763671875,15132.0,0,,,,
step_hook,1,31,bb98dd0bceac09d24db1ecb2af549a92:2cf3a7a3a65c:0:1,1ea442a134b2a184bd5d40104401f2a37fbc09ccf3f4bc9da161c6099be3691d,True,190.18022797536105,1,14869.7763671875,15132.0,0,,,,
step_hook,1,32,bb98dd0bceac09d24db1ecb2af549a92:2cf3a7a3a65c:0:2,1ea442a134b2a184bd5d40104401f2a37fbc09ccf3f4bc9da161c6099be3691d,True,189.8588469484821,1,14869.7763671875,15132.0,0,,,,
step_hook,1,33,bb98dd0bceac09d24db1ecb2af549a92:2cf3a7a3a65c:0:3,85a39ab345d672ff8ca9b9c6876f3adcacf45ee7c1e2dbd2408fd338bd55e07e,True,188.85823001619428,1,14869.7763671875,15132.0,0,,,,
step_hook,1,34,bb98dd0bceac09d24db1ecb2af549a92:2cf3a7a3a65c:0:4,85a39ab345d672ff8ca9b9c6876f3adcacf45ee7c1e2dbd2408fd338bd55e07e,True,187.6616090303287,1,14869.7763671875,15132.0,0,,,,
step_hook,1,35,b877dd782edba758ab429e3ee3de3329:97e16cc551e4:0:0,5feceb66ffc86f38d952786c6d696c79c2dbc239dd4e91b46729d73a27fb57e9,True,203.89012701343745,2,14870.81396484375,15132.0,0,,,,
step_hook,1,36,b877dd782edba758ab429e3ee3de3329:97e16cc551e4:0:1,5feceb66ffc86f38d952786c6d696c79c2dbc239dd4e91b46729d73a27fb57e9,True,202.01984408777207,2,14870.81396484375,15132.0,0,,,,
step_hook,1,37,b877dd782edba758ab429e3ee3de3329:97e16cc551e4:0:2,5feceb66ffc86f38d952786c6d696c79c2dbc239dd4e91b46729d73a27fb57e9,True,204.04232596047223,2,14870.81396484375,15132.0,0,,,,
step_hook,1,38,b877dd782edba758ab429e3ee3de3329:97e16cc551e4:0:3,5feceb66ffc86f38d952786c6d696c79c2dbc239dd4e91b46729d73a27fb57e9,True,201.02961803786457,2,14870.81396484375,15132.0,0,,,,
step_hook,1,39,b877dd782edba758ab429e3ee3de3329:97e16cc551e4:0:4,6b86b273ff34fce19d6b804eff5a3f5747ada4eaa22f1d49c01e52ddb7875b4b,True,201.13940502051264,2,14870.81396484375,15132.0,0,,,,
step_hook,1,40,b877dd782edba758ab429e3ee3de3329:dd7f6c9e007d:0:0,5feceb66ffc86f38d952786c6d696c79c2dbc239dd4e91b46729d73a27fb57e9,True,202.3051120340824,2,14870.81396484375,15132.0,0,,,,
step_hook,1,41,b877dd782edba758ab429e3ee3de3329:dd7f6c9e007d:0:1,5feceb66ffc86f38d952786c6d696c79c2dbc239dd4e91b46729d73a27fb57e9,True,203.8473749998957,2,14870.81396484375,15132.0,0,,,,
step_hook,1,42,b877dd782edba758ab429e3ee3de3329:dd7f6c9e007d:0:2,5feceb66ffc86f38d952786c6d696c79c2dbc239dd4e91b46729d73a27fb57e9,True,200.84576797671616,2,14870.81396484375,15132.0,0,,,,
step_hook,1,43,b877dd782edba758ab429e3ee3de3329:dd7f6c9e007d:0:3,5feceb66ffc86f38d952786c6d696c79c2dbc239dd4e91b46729d73a27fb57e9,True,201.36323396582156,2,14870.81396484375,15132.0,0,,,,
step_hook,1,44,b877dd782edba758ab429e3ee3de3329:dd7f6c9e007d:0:4,6b86b273ff34fce19d6b804eff5a3f5747ada4eaa22f1d49c01e52ddb7875b4b,True,204.01411701459438,2,14870.81396484375,15132.0,0,,,,
step_hook,1,45,4f59fbf51a0a5bfb4dc5af02cf294693:993dac5396a0:0:0,082a3f27a64a793001365f40fd7d76058660d5148036e68127b7775445e5f79a,True,368.42722294386476,13,14878.7236328125,15132.0,0,,,,
step_hook,1,46,4f59fbf51a0a5bfb4dc5af02cf294693:993dac5396a0:0:1,082a3f27a64a793001365f40fd7d76058660d5148036e68127b7775445e5f79a,True,371.4648809982464,13,14878.7236328125,15132.0,0,,,,
step_hook,1,47,4f59fbf51a0a5bfb4dc5af02cf294693:993dac5396a0:0:2,082a3f27a64a793001365f40fd7d76058660d5148036e68127b7775445e5f79a,True,369.8329220060259,13,14878.7236328125,15132.0,0,,,,
step_hook,1,48,4f59fbf51a0a5bfb4dc5af02cf294693:993dac5396a0:0:3,082a3f27a64a793001365f40fd7d76058660d5148036e68127b7775445e5f79a,True,371.68038997333497,13,14878.7236328125,15132.0,0,,,,
step_hook,1,49,4f59fbf51a0a5bfb4dc5af02cf294693:993dac5396a0:0:4,cb1d05299ff18cc4eb1eafa80966fcf02838d32be4a86d290ced7caf197919ad,True,332.32217002660036,10,14878.7236328125,15132.0,0,,,,
monitor,0,0,1a938d25604410ccd63b60285919eaec:c627e50da685:0:0,70f89282fb4200d4c7cb83660e5e90d9cf2d989cdecf70c1f868239e5f542294,True,291.48673405870795,7,14876.46484375,15134.0,2,220.8029500907287,100.3134089987725,,
monitor,0,1,1a938d25604410ccd63b60285919eaec:c627e50da685:0:1,c709293d644a54f3b0d6270fc879317ff277c06c090c03c30f721b08140bbe7b,True,401.02758700959384,15,14876.46484375,15134.0,2,218.59286399558187,101.01279395166785,,
monitor,0,2,1a938d25604410ccd63b60285919eaec:c627e50da685:0:2,c709293d644a54f3b0d6270fc879317ff277c06c090c03c30f721b08140bbe7b,True,403.17317098379135,15,14876.46484375,15134.0,2,220.90095502790064,100.49459105357528,,
monitor,0,3,1a938d25604410ccd63b60285919eaec:c627e50da685:0:3,c709293d644a54f3b0d6270fc879317ff277c06c090c03c30f721b08140bbe7b,True,402.4701570160687,15,14876.46484375,15134.0,2,220.49156809225678,100.32885905820876,,
monitor,0,4,1a938d25604410ccd63b60285919eaec:c627e50da685:0:4,15905afe25f3666163b46d6b6948b985a7debd874743ae398a264536e830ec1f,True,289.49876001570374,7,14876.46484375,15134.0,2,219.06063007190824,100.73369508609176,,
monitor,0,5,49cd6149f02ec01ee03a6eb8287ab2df:f982e9dfaf25:0:0,5feceb66ffc86f38d952786c6d696c79c2dbc239dd4e91b46729d73a27fb57e9,True,207.1543619967997,2,14871.94482421875,15134.0,2,206.5042849862948,89.51336098834872,,
monitor,0,6,49cd6149f02ec01ee03a6eb8287ab2df:f982e9dfaf25:0:1,5feceb66ffc86f38d952786c6d696c79c2dbc239dd4e91b46729d73a27fb57e9,True,204.45885905064642,2,14871.94482421875,15134.0,2,203.77923303749412,89.77402199525386,,
monitor,0,7,49cd6149f02ec01ee03a6eb8287ab2df:f982e9dfaf25:0:2,5feceb66ffc86f38d952786c6d696c79c2dbc239dd4e91b46729d73a27fb57e9,True,207.0214250124991,2,14871.94482421875,15134.0,2,206.38046192470938,89.50033690780401,,
monitor,0,8,49cd6149f02ec01ee03a6eb8287ab2df:f982e9dfaf25:0:3,5feceb66ffc86f38d952786c6d696c79c2dbc239dd4e91b46729d73a27fb57e9,True,204.41451703663915,2,14871.94482421875,15134.0,2,203.7840459961444,90.0065719615668,,
monitor,0,9,49cd6149f02ec01ee03a6eb8287ab2df:f982e9dfaf25:0:4,5feceb66ffc86f38d952786c6d696c79c2dbc239dd4e91b46729d73a27fb57e9,True,210.07130900397897,2,14871.94482421875,15134.0,2,209.41590296570212,93.66966097149998,,
monitor,0,10,49cd6149f02ec01ee03a6eb8287ab2df:81739d7eb99c:0:0,5feceb66ffc86f38d952786c6d696c79c2dbc239dd4e91b46729d73a27fb57e9,True,207.66068308148533,2,14871.94482421875,15134.0,2,207.00776006560773,91.00874199066311,,
monitor,0,11,49cd6149f02ec01ee03a6eb8287ab2df:81739d7eb99c:0:1,5feceb66ffc86f38d952786c6d696c79c2dbc239dd4e91b46729d73a27fb57e9,True,207.47976505663246,2,14871.94482421875,15134.0,2,206.75390702672303,90.0788779836148,,
monitor,0,12,49cd6149f02ec01ee03a6eb8287ab2df:81739d7eb99c:0:2,5feceb66ffc86f38d952786c6d696c79c2dbc239dd4e91b46729d73a27fb57e9,True,207.72011997178197,2,14871.94482421875,15134.0,2,207.08225201815367,90.13873897492886,,
monitor,0,13,49cd6149f02ec01ee03a6eb8287ab2df:81739d7eb99c:0:3,5feceb66ffc86f38d952786c6d696c79c2dbc239dd4e91b46729d73a27fb57e9,True,204.1638350347057,2,14871.94482421875,15134.0,2,203.53775704279542,89.50957702472806,,
monitor,0,14,49cd6149f02ec01ee03a6eb8287ab2df:81739d7eb99c:0:4,5feceb66ffc86f38d952786c6d696c79c2dbc239dd4e91b46729d73a27fb57e9,True,205.19193401560187,2,14871.94482421875,15134.0,2,204.52691602986306,89.58012505900115,,
monitor,0,15,c6050fe51d3408b1eaef27e08e7f1956:1458b54ae2f6:0:0,d656de69c0da6209d397a8d5f7affee137ddc3be7811a9522dee62d3b10d52c8,True,304.97812398243695,8,14883.8984375,15134.0,2,220.5089629860595,100.45776795595884,,
monitor,0,16,c6050fe51d3408b1eaef27e08e7f1956:1458b54ae2f6:0:1,cdb81c63cda0b6ef0b2a1260fb987458ab47d5bebf8b78c6355a3a6dc164506d,True,332.4611240532249,10,14883.8984375,15134.0,2,219.60180602036417,100.62338993884623,,
monitor,0,17,c6050fe51d3408b1eaef27e08e7f1956:1458b54ae2f6:0:2,fe50179dd819d03ae1216ed234b97e224965b782031f3c44efdb45fd96b23cd1,True,320.3707819338888,9,14883.8984375,15134.0,2,221.34557797107846,100.81164201255888,,
monitor,0,18,c6050fe51d3408b1eaef27e08e7f1956:1458b54ae2f6:0:3,193405ed8b35f3ee7bb64910e10c564fde35fef8c1a936749daf66c5d021ba99,True,263.46044102683663,5,14883.8984375,15134.0,2,220.80042702145875,100.26662808377296,,
monitor,0,19,c6050fe51d3408b1eaef27e08e7f1956:1458b54ae2f6:0:4,b95e2705d5a356fbf1413fffbb51166a15189a8408c65518ca1e169bb0b681ec,True,345.6124489894137,11,14883.8984375,15134.0,2,219.22278695274144,101.80276201572269,,
monitor,0,20,c6050fe51d3408b1eaef27e08e7f1956:e4e99a4d6532:0:0,d656de69c0da6209d397a8d5f7affee137ddc3be7811a9522dee62d3b10d52c8,True,305.3373779403046,8,14883.8984375,15134.0,2,220.70855798665434,100.35802097991109,,
monitor,0,21,c6050fe51d3408b1eaef27e08e7f1956:e4e99a4d6532:0:1,cdb81c63cda0b6ef0b2a1260fb987458ab47d5bebf8b78c6355a3a6dc164506d,True,343.0638089776039,10,14883.8984375,15134.0,2,230.14097101986408,104.86525506712496,,
monitor,0,22,c6050fe51d3408b1eaef27e08e7f1956:e4e99a4d6532:0:2,fe50179dd819d03ae1216ed234b97e224965b782031f3c44efdb45fd96b23cd1,True,317.80142802745104,9,14883.8984375,15134.0,2,219.21007498167455,100.86609597783536,,
monitor,0,23,c6050fe51d3408b1eaef27e08e7f1956:e4e99a4d6532:0:3,193405ed8b35f3ee7bb64910e10c564fde35fef8c1a936749daf66c5d021ba99,True,263.4708679979667,5,14883.8984375,15134.0,2,220.98454099614173,100.48416594509035,,
monitor,0,24,c6050fe51d3408b1eaef27e08e7f1956:e4e99a4d6532:0:4,b95e2705d5a356fbf1413fffbb51166a15189a8408c65518ca1e169bb0b681ec,True,345.1245139585808,11,14883.8984375,15134.0,2,218.94787100609392,100.7461380213499,,
monitor,0,25,bb98dd0bceac09d24db1ecb2af549a92:377f7f0dd150:0:0,1ea442a134b2a184bd5d40104401f2a37fbc09ccf3f4bc9da161c6099be3691d,True,193.08858504518867,1,14870.9072265625,15134.0,1,193.03603994194418,75.93531697057188,,
monitor,0,26,bb98dd0bceac09d24db1ecb2af549a92:377f7f0dd150:0:1,1ea442a134b2a184bd5d40104401f2a37fbc09ccf3f4bc9da161c6099be3691d,True,189.9001490091905,1,14870.9072265625,15134.0,1,189.8525960277766,76.29559992346913,,
monitor,0,27,bb98dd0bceac09d24db1ecb2af549a92:377f7f0dd150:0:2,1ea442a134b2a184bd5d40104401f2a37fbc09ccf3f4bc9da161c6099be3691d,True,190.40619197767228,1,14870.9072265625,15134.0,1,190.3521129861474,75.9994750842452,,
monitor,0,28,bb98dd0bceac09d24db1ecb2af549a92:377f7f0dd150:0:3,85a39ab345d672ff8ca9b9c6876f3adcacf45ee7c1e2dbd2408fd338bd55e07e,True,193.24984797276556,1,14870.9072265625,15134.0,1,193.20009893272072,75.93255094252527,,
monitor,0,29,bb98dd0bceac09d24db1ecb2af549a92:377f7f0dd150:0:4,85a39ab345d672ff8ca9b9c6876f3adcacf45ee7c1e2dbd2408fd338bd55e07e,True,190.89935498777777,1,14870.9072265625,15134.0,1,190.84169995039701,76.37629297096282,,
monitor,0,30,bb98dd0bceac09d24db1ecb2af549a92:2cf3a7a3a65c:0:0,1ea442a134b2a184bd5d40104401f2a37fbc09ccf3f4bc9da161c6099be3691d,True,192.96894897706807,1,14870.9072265625,15134.0,1,192.9171880474314,75.99521207157522,,
monitor,0,31,bb98dd0bceac09d24db1ecb2af549a92:2cf3a7a3a65c:0:1,1ea442a134b2a184bd5d40104401f2a37fbc09ccf3f4bc9da161c6099be3691d,True,189.9393720086664,1,14870.9072265625,15134.0,1,189.89095091819763,76.05302997399122,,
monitor,0,32,bb98dd0bceac09d24db1ecb2af549a92:2cf3a7a3a65c:0:2,1ea442a134b2a184bd5d40104401f2a37fbc09ccf3f4bc9da161c6099be3691d,True,189.61929099168628,1,14870.9072265625,15134.0,1,189.56398498266935,75.94330597203225,,
monitor,0,33,bb98dd0bceac09d24db1ecb2af549a92:2cf3a7a3a65c:0:3,85a39ab345d672ff8ca9b9c6876f3adcacf45ee7c1e2dbd2408fd338bd55e07e,True,193.5086230514571,1,14870.9072265625,15134.0,1,193.4566660784185,76.05699310079217,,
monitor,0,34,bb98dd0bceac09d24db1ecb2af549a92:2cf3a7a3a65c:0:4,85a39ab345d672ff8ca9b9c6876f3adcacf45ee7c1e2dbd2408fd338bd55e07e,True,191.18853099644184,1,14870.9072265625,15134.0,1,191.13145698793232,77.04592193476856,,
monitor,0,35,b877dd782edba758ab429e3ee3de3329:97e16cc551e4:0:0,5feceb66ffc86f38d952786c6d696c79c2dbc239dd4e91b46729d73a27fb57e9,True,206.94629393983632,2,14871.94482421875,15134.0,2,206.3136149663478,89.48832901660353,,
monitor,0,36,b877dd782edba758ab429e3ee3de3329:97e16cc551e4:0:1,5feceb66ffc86f38d952786c6d696c79c2dbc239dd4e91b46729d73a27fb57e9,True,203.8507459219545,2,14871.94482421875,15134.0,2,203.22055299766362,89.34691804461181,,
monitor,0,37,b877dd782edba758ab429e3ee3de3329:97e16cc551e4:0:2,5feceb66ffc86f38d952786c6d696c79c2dbc239dd4e91b46729d73a27fb57e9,True,204.44438001140952,2,14871.94482421875,15134.0,2,203.72520107775927,90.10251401923597,,
monitor,0,38,b877dd782edba758ab429e3ee3de3329:97e16cc551e4:0:3,5feceb66ffc86f38d952786c6d696c79c2dbc239dd4e91b46729d73a27fb57e9,True,206.69317699503154,2,14871.94482421875,15134.0,2,206.04830794036388,89.26319994498044,,
monitor,0,39,b877dd782edba758ab429e3ee3de3329:97e16cc551e4:0:4,6b86b273ff34fce19d6b804eff5a3f5747ada4eaa22f1d49c01e52ddb7875b4b,True,204.11728392355144,2,14871.94482421875,15134.0,2,203.48056789953262,89.5255469949916,,
monitor,0,40,b877dd782edba758ab429e3ee3de3329:dd7f6c9e007d:0:0,5feceb66ffc86f38d952786c6d696c79c2dbc239dd4e91b46729d73a27fb57e9,True,205.0993370357901,2,14871.94482421875,15134.0,2,204.38650297001004,89.54850700683892,,
monitor,0,41,b877dd782edba758ab429e3ee3de3329:dd7f6c9e007d:0:1,5feceb66ffc86f38d952786c6d696c79c2dbc239dd4e91b46729d73a27fb57e9,True,206.96375600527972,2,14871.94482421875,15134.0,2,206.32405602373183,89.4628280075267,,
monitor,0,42,b877dd782edba758ab429e3ee3de3329:dd7f6c9e007d:0:2,5feceb66ffc86f38d952786c6d696c79c2dbc239dd4e91b46729d73a27fb57e9,True,205.03900200128555,2,14871.94482421875,15134.0,2,204.33360105380416,90.59076895937324,,
monitor,0,43,b877dd782edba758ab429e3ee3de3329:dd7f6c9e007d:0:3,5feceb66ffc86f38d952786c6d696c79c2dbc239dd4e91b46729d73a27fb57e9,True,207.42070907726884,2,14871.94482421875,15134.0,2,206.78465499076992,89.56922497600317,,
monitor,0,44,b877dd782edba758ab429e3ee3de3329:dd7f6c9e007d:0:4,6b86b273ff34fce19d6b804eff5a3f5747ada4eaa22f1d49c01e52ddb7875b4b,True,204.259714926593,2,14871.94482421875,15134.0,2,203.62544897943735,89.51975696254522,,
monitor,0,45,4f59fbf51a0a5bfb4dc5af02cf294693:993dac5396a0:0:0,082a3f27a64a793001365f40fd7d76058660d5148036e68127b7775445e5f79a,True,373.88836208265275,13,14879.8544921875,15134.0,2,219.72817601636052,100.58985697105527,,
monitor,0,46,4f59fbf51a0a5bfb4dc5af02cf294693:993dac5396a0:0:1,082a3f27a64a793001365f40fd7d76058660d5148036e68127b7775445e5f79a,True,375.29187102336437,13,14879.8544921875,15134.0,2,220.86542600300163,100.94589099753648,,
monitor,0,47,4f59fbf51a0a5bfb4dc5af02cf294693:993dac5396a0:0:2,082a3f27a64a793001365f40fd7d76058660d5148036e68127b7775445e5f79a,True,376.25246308743954,13,14879.8544921875,15134.0,2,221.58281807787716,100.77187197748572,,
monitor,0,48,4f59fbf51a0a5bfb4dc5af02cf294693:993dac5396a0:0:3,082a3f27a64a793001365f40fd7d76058660d5148036e68127b7775445e5f79a,True,375.41404902003706,13,14879.8544921875,15134.0,2,220.94519704114646,100.36839405074716,,
monitor,0,49,4f59fbf51a0a5bfb4dc5af02cf294693:993dac5396a0:0:4,cb1d05299ff18cc4eb1eafa80966fcf02838d32be4a86d290ced7caf197919ad,True,334.0624700067565,10,14879.8544921875,15134.0,2,221.43186896573752,100.58430605567992,,
monitor,1,0,1a938d25604410ccd63b60285919eaec:c627e50da685:0:0,70f89282fb4200d4c7cb83660e5e90d9cf2d989cdecf70c1f868239e5f542294,True,293.0530799785629,7,14876.46484375,15134.0,2,222.50598995015025,100.47700302675366,,
monitor,1,1,1a938d25604410ccd63b60285919eaec:c627e50da685:0:1,c709293d644a54f3b0d6270fc879317ff277c06c090c03c30f721b08140bbe7b,True,401.020004064776,15,14876.46484375,15134.0,2,218.34819007199258,100.51190305966884,,
monitor,1,2,1a938d25604410ccd63b60285919eaec:c627e50da685:0:2,c709293d644a54f3b0d6270fc879317ff277c06c090c03c30f721b08140bbe7b,True,403.7973019294441,15,14876.46484375,15134.0,2,222.0822919625789,100.47335200943053,,
monitor,1,3,1a938d25604410ccd63b60285919eaec:c627e50da685:0:3,c709293d644a54f3b0d6270fc879317ff277c06c090c03c30f721b08140bbe7b,True,404.53065605834126,15,14876.46484375,15134.0,2,222.79344405978918,101.94213897921145,,
monitor,1,4,1a938d25604410ccd63b60285919eaec:c627e50da685:0:4,15905afe25f3666163b46d6b6948b985a7debd874743ae398a264536e830ec1f,True,291.45779297687113,7,14876.46484375,15134.0,2,221.06048092246056,100.20507697481662,,
monitor,1,5,49cd6149f02ec01ee03a6eb8287ab2df:f982e9dfaf25:0:0,5feceb66ffc86f38d952786c6d696c79c2dbc239dd4e91b46729d73a27fb57e9,True,205.23468602914363,2,14871.94482421875,15134.0,2,204.51495901215822,90.4327150201425,,
monitor,1,6,49cd6149f02ec01ee03a6eb8287ab2df:f982e9dfaf25:0:1,5feceb66ffc86f38d952786c6d696c79c2dbc239dd4e91b46729d73a27fb57e9,True,207.25673693232238,2,14871.94482421875,15134.0,2,206.60499297082424,89.48245202191174,,
monitor,1,7,49cd6149f02ec01ee03a6eb8287ab2df:f982e9dfaf25:0:2,5feceb66ffc86f38d952786c6d696c79c2dbc239dd4e91b46729d73a27fb57e9,True,204.71506007015705,2,14871.94482421875,15134.0,2,204.00084799621254,89.99414090067148,,
monitor,1,8,49cd6149f02ec01ee03a6eb8287ab2df:f982e9dfaf25:0:3,5feceb66ffc86f38d952786c6d696c79c2dbc239dd4e91b46729d73a27fb57e9,True,206.91171393264085,2,14871.94482421875,15134.0,2,206.2746329465881,89.53708701301366,,
monitor,1,9,49cd6149f02ec01ee03a6eb8287ab2df:f982e9dfaf25:0:4,5feceb66ffc86f38d952786c6d696c79c2dbc239dd4e91b46729d73a27fb57e9,True,205.86257695686072,2,14871.94482421875,15134.0,2,205.226558027789,89.63261602912098,,
monitor,1,10,49cd6149f02ec01ee03a6eb8287ab2df:81739d7eb99c:0:0,5feceb66ffc86f38d952786c6d696c79c2dbc239dd4e91b46729d73a27fb57e9,True,207.53539504949003,2,14871.94482421875,15134.0,2,206.89270901493728,89.40866694319993,,
monitor,1,11,49cd6149f02ec01ee03a6eb8287ab2df:81739d7eb99c:0:1,5feceb66ffc86f38d952786c6d696c79c2dbc239dd4e91b46729d73a27fb57e9,True,205.38049703463912,2,14871.94482421875,15134.0,2,204.7491790726781,89.27717001643032,,
monitor,1,12,49cd6149f02ec01ee03a6eb8287ab2df:81739d7eb99c:0:2,5feceb66ffc86f38d952786c6d696c79c2dbc239dd4e91b46729d73a27fb57e9,True,205.25368291419,2,14871.94482421875,15134.0,2,204.54296399839222,89.86722002737224,,
monitor,1,13,49cd6149f02ec01ee03a6eb8287ab2df:81739d7eb99c:0:3,5feceb66ffc86f38d952786c6d696c79c2dbc239dd4e91b46729d73a27fb57e9,True,207.47851708438247,2,14871.94482421875,15134.0,2,206.83117699809372,89.9109389865771,,
monitor,1,14,49cd6149f02ec01ee03a6eb8287ab2df:81739d7eb99c:0:4,5feceb66ffc86f38d952786c6d696c79c2dbc239dd4e91b46729d73a27fb57e9,True,203.65043706260622,2,14871.94482421875,15134.0,2,203.00788502208889,88.96630199160427,,
monitor,1,15,c6050fe51d3408b1eaef27e08e7f1956:1458b54ae2f6:0:0,d656de69c0da6209d397a8d5f7affee137ddc3be7811a9522dee62d3b10d52c8,True,307.12207802571356,8,14883.8984375,15134.0,2,222.5208739982918,100.03031289670616,,
monitor,1,16,c6050fe51d3408b1eaef27e08e7f1956:1458b54ae2f6:0:1,cdb81c63cda0b6ef0b2a1260fb987458ab47d5bebf8b78c6355a3a6dc164506d,True,331.51018898934126,10,14883.8984375,15134.0,2,218.74224103521556,100.20434600301087,,
monitor,1,17,c6050fe51d3408b1eaef27e08e7f1956:1458b54ae2f6:0:2,fe50179dd819d03ae1216ed234b97e224965b782031f3c44efdb45fd96b23cd1,True,318.88235302176327,9,14883.8984375,15134.0,2,220.02327407244593,99.731162074022,,
monitor,1,18,c6050fe51d3408b1eaef27e08e7f1956:1458b54ae2f6:0:3,193405ed8b35f3ee7bb64910e10c564fde35fef8c1a936749daf66c5d021ba99,True,260.34453709144145,5,14883.8984375,15134.0,2,217.55969105288386,99.99025496654212,,
monitor,1,19,c6050fe51d3408b1eaef27e08e7f1956:1458b54ae2f6:0:4,b95e2705d5a356fbf1413fffbb51166a15189a8408c65518ca1e169bb0b681ec,True,347.4271980812773,11,14883.8984375,15134.0,2,220.67511605564505,99.84301298391074,,
monitor,1,20,c6050fe51d3408b1eaef27e08e7f1956:e4e99a4d6532:0:0,d656de69c0da6209d397a8d5f7affee137ddc3be7811a9522dee62d3b10d52c8,True,303.7768800277263,8,14883.8984375,15134.0,2,219.2022050730884,100.90875101741403,,
monitor,1,21,c6050fe51d3408b1eaef27e08e7f1956:e4e99a4d6532:0:1,cdb81c63cda0b6ef0b2a1260fb987458ab47d5bebf8b78c6355a3a6dc164506d,True,332.9457399668172,10,14883.8984375,15134.0,2,220.6786220194772,99.97713495977223,,
monitor,1,22,c6050fe51d3408b1eaef27e08e7f1956:e4e99a4d6532:0:2,fe50179dd819d03ae1216ed234b97e224965b782031f3c44efdb45fd96b23cd1,True,317.51930399332196,9,14883.8984375,15134.0,2,218.68738706689328,99.92405108641833,,
monitor,1,23,c6050fe51d3408b1eaef27e08e7f1956:e4e99a4d6532:0:3,193405ed8b35f3ee7bb64910e10c564fde35fef8c1a936749daf66c5d021ba99,True,262.58221094030887,5,14883.8984375,15134.0,2,219.91099300794303,99.69045396428555,,
monitor,1,24,c6050fe51d3408b1eaef27e08e7f1956:e4e99a4d6532:0:4,b95e2705d5a356fbf1413fffbb51166a15189a8408c65518ca1e169bb0b681ec,True,348.0537050636485,11,14883.8984375,15134.0,2,221.50963405147195,100.09323002304882,,
monitor,1,25,bb98dd0bceac09d24db1ecb2af549a92:377f7f0dd150:0:0,1ea442a134b2a184bd5d40104401f2a37fbc09ccf3f4bc9da161c6099be3691d,True,189.95111098047346,1,14870.9072265625,15134.0,1,189.90265589673072,75.4254509229213,,
monitor,1,26,bb98dd0bceac09d24db1ecb2af549a92:377f7f0dd150:0:1,1ea442a134b2a184bd5d40104401f2a37fbc09ccf3f4bc9da161c6099be3691d,True,190.404593013227,1,14870.9072265625,15134.0,1,190.35098794847727,75.92253293842077,,
monitor,1,27,bb98dd0bceac09d24db1ecb2af549a92:377f7f0dd150:0:2,1ea442a134b2a184bd5d40104401f2a37fbc09ccf3f4bc9da161c6099be3691d,True,192.08943890407681,1,14870.9072265625,15134.0,1,192.036043968983,75.80444903578609,,
monitor,1,28,bb98dd0bceac09d24db1ecb2af549a92:377f7f0dd150:0:3,85a39ab345d672ff8ca9b9c6876f3adcacf45ee7c1e2dbd2408fd338bd55e07e,True,189.29737096186727,1,14870.9072265625,15134.0,1,189.2440930241719,75.43736405204982,,
monitor,1,29,bb98dd0bceac09d24db1ecb2af549a92:377f7f0dd150:0:4,85a39ab345d672ff8ca9b9c6876f3adcacf45ee7c1e2dbd2408fd338bd55e07e,True,193.1092869490385,1,14870.9072265625,15134.0,1,193.0567119270563,75.55460499133915,,
monitor,1,30,bb98dd0bceac09d24db1ecb2af549a92:2cf3a7a3a65c:0:0,1ea442a134b2a184bd5d40104401f2a37fbc09ccf3f4bc9da161c6099be3691d,True,192.442384082824,1,14870.9072265625,15134.0,1,192.39167007617652,75.63016004860401,,
monitor,1,31,bb98dd0bceac09d24db1ecb2af549a92:2cf3a7a3a65c:0:1,1ea442a134b2a184bd5d40104401f2a37fbc09ccf3f4bc9da161c6099be3691d,True,189.05321194324642,1,14870.9072265625,15134.0,1,189.003613893874,75.48986095935106,,
monitor,1,32,bb98dd0bceac09d24db1ecb2af549a92:2cf3a7a3a65c:0:2,1ea442a134b2a184bd5d40104401f2a37fbc09ccf3f4bc9da161c6099be3691d,True,189.23722300678492,1,14870.9072265625,15134.0,1,189.1818210715428,75.69850003346801,,
monitor,1,33,bb98dd0bceac09d24db1ecb2af549a92:2cf3a7a3a65c:0:3,85a39ab345d672ff8ca9b9c6876f3adcacf45ee7c1e2dbd2408fd338bd55e07e,True,192.38307198975235,1,14870.9072265625,15134.0,1,192.33162398450077,75.68026601802558,,
monitor,1,34,bb98dd0bceac09d24db1ecb2af549a92:2cf3a7a3a65c:0:4,85a39ab345d672ff8ca9b9c6876f3adcacf45ee7c1e2dbd2408fd338bd55e07e,True,189.9057839764282,1,14870.9072265625,15134.0,1,189.85414190683514,75.46340289991349,,
monitor,1,35,b877dd782edba758ab429e3ee3de3329:97e16cc551e4:0:0,5feceb66ffc86f38d952786c6d696c79c2dbc239dd4e91b46729d73a27fb57e9,True,208.2708920352161,2,14871.94482421875,15134.0,2,207.59424101561308,89.68214492779225,,
monitor,1,36,b877dd782edba758ab429e3ee3de3329:97e16cc551e4:0:1,5feceb66ffc86f38d952786c6d696c79c2dbc239dd4e91b46729d73a27fb57e9,True,205.91720601078123,2,14871.94482421875,15134.0,2,205.27698495425284,89.07645498402417,,
monitor,1,37,b877dd782edba758ab429e3ee3de3329:97e16cc551e4:0:2,5feceb66ffc86f38d952786c6d696c79c2dbc239dd4e91b46729d73a27fb57e9,True,202.80478801578283,2,14871.94482421875,15134.0,2,202.1786969853565,88.8521809829399,,
monitor,1,38,b877dd782edba758ab429e3ee3de3329:97e16cc551e4:0:3,5feceb66ffc86f38d952786c6d696c79c2dbc239dd4e91b46729d73a27fb57e9,True,203.1176920281723,2,14871.94482421875,15134.0,2,202.42693601176143,88.99868396110833,,
monitor,1,39,b877dd782edba758ab429e3ee3de3329:97e16cc551e4:0:4,6b86b273ff34fce19d6b804eff5a3f5747ada4eaa22f1d49c01e52ddb7875b4b,True,206.5409969072789,2,14871.94482421875,15134.0,2,205.9043179033324,89.08525190781802,,
monitor,1,40,b877dd782edba758ab429e3ee3de3329:dd7f6c9e007d:0:0,5feceb66ffc86f38d952786c6d696c79c2dbc239dd4e91b46729d73a27fb57e9,True,203.21768103167415,2,14871.94482421875,15134.0,2,202.58781604934484,88.78889598418027,,
monitor,1,41,b877dd782edba758ab429e3ee3de3329:dd7f6c9e007d:0:1,5feceb66ffc86f38d952786c6d696c79c2dbc239dd4e91b46729d73a27fb57e9,True,203.91728403046727,2,14871.94482421875,15134.0,2,203.23790004476905,89.31958302855492,,
monitor,1,42,b877dd782edba758ab429e3ee3de3329:dd7f6c9e007d:0:2,5feceb66ffc86f38d952786c6d696c79c2dbc239dd4e91b46729d73a27fb57e9,True,206.06891193892807,2,14871.94482421875,15134.0,2,205.41145897004753,88.81704101804644,,
monitor,1,43,b877dd782edba758ab429e3ee3de3329:dd7f6c9e007d:0:3,5feceb66ffc86f38d952786c6d696c79c2dbc239dd4e91b46729d73a27fb57e9,True,207.25127402693033,2,14871.94482421875,15134.0,2,206.60177199169993,89.64333101175725,,
monitor,1,44,b877dd782edba758ab429e3ee3de3329:dd7f6c9e007d:0:4,6b86b273ff34fce19d6b804eff5a3f5747ada4eaa22f1d49c01e52ddb7875b4b,True,206.4045979641378,2,14871.94482421875,15134.0,2,205.71546093560755,89.00211693253368,,
monitor,1,45,4f59fbf51a0a5bfb4dc5af02cf294693:993dac5396a0:0:0,082a3f27a64a793001365f40fd7d76058660d5148036e68127b7775445e5f79a,True,374.09364501945674,13,14879.8544921875,15134.0,2,219.69547402113676,99.66408496256918,,
monitor,1,46,4f59fbf51a0a5bfb4dc5af02cf294693:993dac5396a0:0:1,082a3f27a64a793001365f40fd7d76058660d5148036e68127b7775445e5f79a,True,373.05910896975547,13,14879.8544921875,15134.0,2,218.56203791685402,100.46729492023587,,
monitor,1,47,4f59fbf51a0a5bfb4dc5af02cf294693:993dac5396a0:0:2,082a3f27a64a793001365f40fd7d76058660d5148036e68127b7775445e5f79a,True,374.4551579002291,13,14879.8544921875,15134.0,2,220.04253091290593,99.64771592058241,,
monitor,1,48,4f59fbf51a0a5bfb4dc5af02cf294693:993dac5396a0:0:3,082a3f27a64a793001365f40fd7d76058660d5148036e68127b7775445e5f79a,True,374.968599062413,13,14879.8544921875,15134.0,2,220.7746240310371,99.89102894905955,,
monitor,1,49,4f59fbf51a0a5bfb4dc5af02cf294693:993dac5396a0:0:4,cb1d05299ff18cc4eb1eafa80966fcf02838d32be4a86d290ced7caf197919ad,True,330.92545298859477,10,14879.8544921875,15134.0,2,218.25286792591214,99.83379999175668,,
predictor,0,0,1a938d25604410ccd63b60285919eaec:c627e50da685:0:0,70f89282fb4200d4c7cb83660e5e90d9cf2d989cdecf70c1f868239e5f542294,True,290.074190008454,7,15021.759765625,15234.0,2,219.8320800671354,102.03953296877444,,
predictor,0,1,1a938d25604410ccd63b60285919eaec:c627e50da685:0:1,c709293d644a54f3b0d6270fc879317ff277c06c090c03c30f721b08140bbe7b,True,402.02402498107404,15,15021.759765625,15234.0,2,219.0672600409016,103.44760806765407,,
predictor,0,2,1a938d25604410ccd63b60285919eaec:c627e50da685:0:2,c709293d644a54f3b0d6270fc879317ff277c06c090c03c30f721b08140bbe7b,True,403.50697992835194,15,15021.759765625,15234.0,2,220.28256696648896,102.2115129744634,,
predictor,0,3,1a938d25604410ccd63b60285919eaec:c627e50da685:0:3,c709293d644a54f3b0d6270fc879317ff277c06c090c03c30f721b08140bbe7b,True,402.09658502135426,15,15021.759765625,15234.0,2,219.84308992978185,102.46626497246325,,
predictor,0,4,1a938d25604410ccd63b60285919eaec:c627e50da685:0:4,15905afe25f3666163b46d6b6948b985a7debd874743ae398a264536e830ec1f,True,291.84668010566384,7,15021.759765625,15234.0,2,220.9659960353747,102.30436001438648,,
predictor,0,5,49cd6149f02ec01ee03a6eb8287ab2df:f982e9dfaf25:0:0,5feceb66ffc86f38d952786c6d696c79c2dbc239dd4e91b46729d73a27fb57e9,True,204.70862498041242,2,15017.73974609375,15234.0,2,204.09050898160785,91.59452805761248,,
predictor,0,6,49cd6149f02ec01ee03a6eb8287ab2df:f982e9dfaf25:0:1,5feceb66ffc86f38d952786c6d696c79c2dbc239dd4e91b46729d73a27fb57e9,True,204.43921396508813,2,15017.73974609375,15234.0,2,203.77873291727155,91.49068093392998,,
predictor,0,7,49cd6149f02ec01ee03a6eb8287ab2df:f982e9dfaf25:0:2,5feceb66ffc86f38d952786c6d696c79c2dbc239dd4e91b46729d73a27fb57e9,True,206.22748392634094,2,15017.73974609375,15234.0,2,205.61185688711703,91.34708694182336,,
predictor,0,8,49cd6149f02ec01ee03a6eb8287ab2df:f982e9dfaf25:0:3,5feceb66ffc86f38d952786c6d696c79c2dbc239dd4e91b46729d73a27fb57e9,True,203.47819197922945,2,15017.73974609375,15234.0,2,202.87037594243884,91.12427895888686,,
predictor,0,9,49cd6149f02ec01ee03a6eb8287ab2df:f982e9dfaf25:0:4,5feceb66ffc86f38d952786c6d696c79c2dbc239dd4e91b46729d73a27fb57e9,True,206.85932191554457,2,15017.73974609375,15234.0,2,206.2422449234873,91.34907799307257,,
predictor,0,10,49cd6149f02ec01ee03a6eb8287ab2df:81739d7eb99c:0:0,5feceb66ffc86f38d952786c6d696c79c2dbc239dd4e91b46729d73a27fb57e9,True,204.24768794327974,2,15017.73974609375,15234.0,2,203.62467295490205,91.33848093915731,,
predictor,0,11,49cd6149f02ec01ee03a6eb8287ab2df:81739d7eb99c:0:1,5feceb66ffc86f38d952786c6d696c79c2dbc239dd4e91b46729d73a27fb57e9,True,206.60044206306338,2,15017.73974609375,15234.0,2,205.92845499049872,92.10558200720698,,
predictor,0,12,49cd6149f02ec01ee03a6eb8287ab2df:81739d7eb99c:0:2,5feceb66ffc86f38d952786c6d696c79c2dbc239dd4e91b46729d73a27fb57e9,True,206.224002991803,2,15017.73974609375,15234.0,2,205.60445892624557,91.71719895675778,,
predictor,0,13,49cd6149f02ec01ee03a6eb8287ab2df:81739d7eb99c:0:3,5feceb66ffc86f38d952786c6d696c79c2dbc239dd4e91b46729d73a27fb57e9,True,204.0788079611957,2,15017.73974609375,15234.0,2,203.39658798184246,91.77440602798015,,
predictor,0,14,49cd6149f02ec01ee03a6eb8287ab2df:81739d7eb99c:0:4,5feceb66ffc86f38d952786c6d696c79c2dbc239dd4e91b46729d73a27fb57e9,True,206.02550508920103,2,15017.73974609375,15234.0,2,205.4053620668128,91.2392099853605,,
predictor,0,15,c6050fe51d3408b1eaef27e08e7f1956:1458b54ae2f6:0:0,d656de69c0da6209d397a8d5f7affee137ddc3be7811a9522dee62d3b10d52c8,True,302.14023403823376,8,15028.443359375,15234.0,2,217.52304898109287,102.40354598499835,,
predictor,0,16,c6050fe51d3408b1eaef27e08e7f1956:1458b54ae2f6:0:1,cdb81c63cda0b6ef0b2a1260fb987458ab47d5bebf8b78c6355a3a6dc164506d,True,332.21181004773825,10,15028.443359375,15234.0,2,219.57856405060738,102.03954600729048,,
predictor,0,17,c6050fe51d3408b1eaef27e08e7f1956:1458b54ae2f6:0:2,fe50179dd819d03ae1216ed234b97e224965b782031f3c44efdb45fd96b23cd1,True,318.2062909472734,9,15028.443359375,15234.0,2,219.3324799882248,103.0782840680331,,
predictor,0,18,c6050fe51d3408b1eaef27e08e7f1956:1458b54ae2f6:0:3,193405ed8b35f3ee7bb64910e10c564fde35fef8c1a936749daf66c5d021ba99,True,263.43292905949056,5,15028.443359375,15234.0,2,220.3658469952643,102.56494698114693,,
predictor,0,19,c6050fe51d3408b1eaef27e08e7f1956:1458b54ae2f6:0:4,b95e2705d5a356fbf1413fffbb51166a15189a8408c65518ca1e169bb0b681ec,True,359.6296199830249,11,15028.443359375,15234.0,2,220.7269410137087,104.49636995326728,,
predictor,0,20,c6050fe51d3408b1eaef27e08e7f1956:e4e99a4d6532:0:0,d656de69c0da6209d397a8d5f7affee137ddc3be7811a9522dee62d3b10d52c8,True,306.073185056448,8,15028.443359375,15234.0,2,220.77140305191278,102.10005403496325,,
predictor,0,21,c6050fe51d3408b1eaef27e08e7f1956:e4e99a4d6532:0:1,cdb81c63cda0b6ef0b2a1260fb987458ab47d5bebf8b78c6355a3a6dc164506d,True,332.5350229861215,10,15028.443359375,15234.0,2,219.8064069962129,102.34660003334284,,
predictor,0,22,c6050fe51d3408b1eaef27e08e7f1956:e4e99a4d6532:0:2,fe50179dd819d03ae1216ed234b97e224965b782031f3c44efdb45fd96b23cd1,True,317.7138790488243,9,15028.443359375,15234.0,2,218.97406305652112,102.50767297111452,,
predictor,0,23,c6050fe51d3408b1eaef27e08e7f1956:e4e99a4d6532:0:3,193405ed8b35f3ee7bb64910e10c564fde35fef8c1a936749daf66c5d021ba99,True,262.67096400260925,5,15028.443359375,15234.0,2,219.90850800648332,102.38247900269926,,
predictor,0,24,c6050fe51d3408b1eaef27e08e7f1956:e4e99a4d6532:0:4,b95e2705d5a356fbf1413fffbb51166a15189a8408c65518ca1e169bb0b681ec,True,347.6468470180407,11,15028.443359375,15234.0,2,220.74552392587066,102.26790001615882,,
predictor,0,25,bb98dd0bceac09d24db1ecb2af549a92:377f7f0dd150:0:0,1ea442a134b2a184bd5d40104401f2a37fbc09ccf3f4bc9da161c6099be3691d,True,189.6424361038953,1,15000.8271484375,15234.0,1,189.57956007216126,77.57026003673673,,
predictor,0,26,bb98dd0bceac09d24db1ecb2af549a92:377f7f0dd150:0:1,1ea442a134b2a184bd5d40104401f2a37fbc09ccf3f4bc9da161c6099be3691d,True,191.5071120020002,1,15000.8271484375,15234.0,1,191.45275803748518,77.35301100183278,,
predictor,0,27,bb98dd0bceac09d24db1ecb2af549a92:377f7f0dd150:0:2,1ea442a134b2a184bd5d40104401f2a37fbc09ccf3f4bc9da161c6099be3691d,True,188.68759798351675,1,15000.8271484375,15234.0,1,188.63637605682015,76.98638399597257,,
predictor,0,28,bb98dd0bceac09d24db1ecb2af549a92:377f7f0dd150:0:3,85a39ab345d672ff8ca9b9c6876f3adcacf45ee7c1e2dbd2408fd338bd55e07e,True,189.48792503215373,1,15000.8271484375,15234.0,1,189.4258769461885,77.17337599024177,,
predictor,0,29,bb98dd0bceac09d24db1ecb2af549a92:377f7f0dd150:0:4,85a39ab345d672ff8ca9b9c6876f3adcacf45ee7c1e2dbd2408fd338bd55e07e,True,190.7484559342265,1,15000.8271484375,15234.0,1,190.69188996218145,76.78607699926943,,
predictor,0,30,bb98dd0bceac09d24db1ecb2af549a92:2cf3a7a3a65c:0:0,1ea442a134b2a184bd5d40104401f2a37fbc09ccf3f4bc9da161c6099be3691d,True,188.2223900174722,1,15000.8271484375,15234.0,1,188.16884304396808,76.55182003509253,,
predictor,0,31,bb98dd0bceac09d24db1ecb2af549a92:2cf3a7a3a65c:0:1,1ea442a134b2a184bd5d40104401f2a37fbc09ccf3f4bc9da161c6099be3691d,True,189.01338404975832,1,15000.8271484375,15234.0,1,188.95660003181547,76.97194500360638,,
predictor,0,32,bb98dd0bceac09d24db1ecb2af549a92:2cf3a7a3a65c:0:2,1ea442a134b2a184bd5d40104401f2a37fbc09ccf3f4bc9da161c6099be3691d,True,193.14933090936393,1,15000.8271484375,15234.0,1,193.09476693160832,77.04944699071348,,
predictor,0,33,bb98dd0bceac09d24db1ecb2af549a92:2cf3a7a3a65c:0:3,85a39ab345d672ff8ca9b9c6876f3adcacf45ee7c1e2dbd2408fd338bd55e07e,True,188.17575799766928,1,15000.8271484375,15234.0,1,188.1250070873648,76.78306009620428,,
predictor,0,34,bb98dd0bceac09d24db1ecb2af549a92:2cf3a7a3a65c:0:4,85a39ab345d672ff8ca9b9c6876f3adcacf45ee7c1e2dbd2408fd338bd55e07e,True,189.4724250305444,1,15000.8271484375,15234.0,1,189.41225204616785,77.88739097304642,,
predictor,0,35,b877dd782edba758ab429e3ee3de3329:97e16cc551e4:0:0,5feceb66ffc86f38d952786c6d696c79c2dbc239dd4e91b46729d73a27fb57e9,True,205.60899295378476,2,15017.73974609375,15234.0,2,204.984686919488,91.20333997998387,,
predictor,0,36,b877dd782edba758ab429e3ee3de3329:97e16cc551e4:0:1,5feceb66ffc86f38d952786c6d696c79c2dbc239dd4e91b46729d73a27fb57e9,True,204.78361297864467,2,15017.73974609375,15234.0,2,204.16674995794892,92.44415594730526,,
predictor,0,37,b877dd782edba758ab429e3ee3de3329:97e16cc551e4:0:2,5feceb66ffc86f38d952786c6d696c79c2dbc239dd4e91b46729d73a27fb57e9,True,204.76548396982253,2,15017.73974609375,15234.0,2,204.10944800823927,91.83697507251054,,
predictor,0,38,b877dd782edba758ab429e3ee3de3329:97e16cc551e4:0:3,5feceb66ffc86f38d952786c6d696c79c2dbc239dd4e91b46729d73a27fb57e9,True,206.0126509750262,2,15017.73974609375,15234.0,2,205.39813896175474,91.28142695408314,,
predictor,0,39,b877dd782edba758ab429e3ee3de3329:97e16cc551e4:0:4,6b86b273ff34fce19d6b804eff5a3f5747ada4eaa22f1d49c01e52ddb7875b4b,True,204.13809409365058,2,15017.73974609375,15234.0,2,203.46951705869287,91.87637397553772,,
predictor,0,40,b877dd782edba758ab429e3ee3de3329:dd7f6c9e007d:0:0,5feceb66ffc86f38d952786c6d696c79c2dbc239dd4e91b46729d73a27fb57e9,True,206.64834510535002,2,15017.73974609375,15234.0,2,206.02859905920923,91.18443005718291,,
predictor,0,41,b877dd782edba758ab429e3ee3de3329:dd7f6c9e007d:0:1,5feceb66ffc86f38d952786c6d696c79c2dbc239dd4e91b46729d73a27fb57e9,True,204.12456803023815,2,15017.73974609375,15234.0,2,203.51205195765942,91.51817497331649,,
predictor,0,42,b877dd782edba758ab429e3ee3de3329:dd7f6c9e007d:0:2,5feceb66ffc86f38d952786c6d696c79c2dbc239dd4e91b46729d73a27fb57e9,True,204.5464349212125,2,15017.73974609375,15234.0,2,203.8801700109616,92.57039404474199,,
predictor,0,43,b877dd782edba758ab429e3ee3de3329:dd7f6c9e007d:0:3,5feceb66ffc86f38d952786c6d696c79c2dbc239dd4e91b46729d73a27fb57e9,True,205.95862995833158,2,15017.73974609375,15234.0,2,205.34069393761456,91.44470898900181,,
predictor,0,44,b877dd782edba758ab429e3ee3de3329:dd7f6c9e007d:0:4,6b86b273ff34fce19d6b804eff5a3f5747ada4eaa22f1d49c01e52ddb7875b4b,True,204.2001149384305,2,15017.73974609375,15234.0,2,203.52709793951362,92.05746196676046,,
predictor,0,45,4f59fbf51a0a5bfb4dc5af02cf294693:993dac5396a0:0:0,082a3f27a64a793001365f40fd7d76058660d5148036e68127b7775445e5f79a,True,374.9895819928497,13,15024.7744140625,15234.0,2,220.28288198634982,102.47012006584555,,
predictor,0,46,4f59fbf51a0a5bfb4dc5af02cf294693:993dac5396a0:0:1,082a3f27a64a793001365f40fd7d76058660d5148036e68127b7775445e5f79a,True,373.06957808323205,13,15024.7744140625,15234.0,2,218.17386208567768,102.7140150545165,,
predictor,0,47,4f59fbf51a0a5bfb4dc5af02cf294693:993dac5396a0:0:2,082a3f27a64a793001365f40fd7d76058660d5148036e68127b7775445e5f79a,True,375.0795100349933,13,15024.7744140625,15234.0,2,220.40413005743176,102.07239899318665,,
predictor,0,48,4f59fbf51a0a5bfb4dc5af02cf294693:993dac5396a0:0:3,082a3f27a64a793001365f40fd7d76058660d5148036e68127b7775445e5f79a,True,375.59284700546414,13,15024.7744140625,15234.0,2,220.14229104388505,102.32344607356936,,
predictor,0,49,4f59fbf51a0a5bfb4dc5af02cf294693:993dac5396a0:0:4,cb1d05299ff18cc4eb1eafa80966fcf02838d32be4a86d290ced7caf197919ad,True,332.7561119804159,10,15024.7744140625,15234.0,2,220.35889804828912,102.79920604079962,,
predictor,1,0,1a938d25604410ccd63b60285919eaec:c627e50da685:0:0,70f89282fb4200d4c7cb83660e5e90d9cf2d989cdecf70c1f868239e5f542294,True,289.2964460188523,7,15021.759765625,15234.0,2,218.5692029306665,102.12847497314215,,
predictor,1,1,1a938d25604410ccd63b60285919eaec:c627e50da685:0:1,c709293d644a54f3b0d6270fc879317ff277c06c090c03c30f721b08140bbe7b,True,402.69769192673266,15,15021.759765625,15234.0,2,219.99519795645028,102.24757099058479,,
predictor,1,2,1a938d25604410ccd63b60285919eaec:c627e50da685:0:2,c709293d644a54f3b0d6270fc879317ff277c06c090c03c30f721b08140bbe7b,True,401.14715800154954,15,15021.759765625,15234.0,2,219.38903105910867,101.85533005278558,,
predictor,1,3,1a938d25604410ccd63b60285919eaec:c627e50da685:0:3,c709293d644a54f3b0d6270fc879317ff277c06c090c03c30f721b08140bbe7b,True,402.0209820009768,15,15021.759765625,15234.0,2,219.61975190788507,102.24184789694846,,
predictor,1,4,1a938d25604410ccd63b60285919eaec:c627e50da685:0:4,15905afe25f3666163b46d6b6948b985a7debd874743ae398a264536e830ec1f,True,291.89747595228255,7,15021.759765625,15234.0,2,220.85444198455662,102.75132593233138,,
predictor,1,5,49cd6149f02ec01ee03a6eb8287ab2df:f982e9dfaf25:0:0,5feceb66ffc86f38d952786c6d696c79c2dbc239dd4e91b46729d73a27fb57e9,True,205.8045690646395,2,15017.73974609375,15234.0,2,205.19226207397878,91.24629001598805,,
predictor,1,6,49cd6149f02ec01ee03a6eb8287ab2df:f982e9dfaf25:0:1,5feceb66ffc86f38d952786c6d696c79c2dbc239dd4e91b46729d73a27fb57e9,True,206.00336394272745,2,15017.73974609375,15234.0,2,205.37553494796157,92.41056791506708,,
predictor,1,7,49cd6149f02ec01ee03a6eb8287ab2df:f982e9dfaf25:0:2,5feceb66ffc86f38d952786c6d696c79c2dbc239dd4e91b46729d73a27fb57e9,True,205.6327179307118,2,15017.73974609375,15234.0,2,205.01548296306282,91.23210096731782,,
predictor,1,8,49cd6149f02ec01ee03a6eb8287ab2df:f982e9dfaf25:0:3,5feceb66ffc86f38d952786c6d696c79c2dbc239dd4e91b46729d73a27fb57e9,True,204.39285598695278,2,15017.73974609375,15234.0,2,203.71885900385678,91.89282800070941,,
predictor,1,9,49cd6149f02ec01ee03a6eb8287ab2df:f982e9dfaf25:0:4,5feceb66ffc86f38d952786c6d696c79c2dbc239dd4e91b46729d73a27fb57e9,True,210.35149390809238,2,15017.73974609375,15234.0,2,209.7055179765448,91.50340501219034,,
predictor,1,10,49cd6149f02ec01ee03a6eb8287ab2df:81739d7eb99c:0:0,5feceb66ffc86f38d952786c6d696c79c2dbc239dd4e91b46729d73a27fb57e9,True,206.3208279432729,2,15017.73974609375,15234.0,2,205.6447989307344,91.45916893612593,,
predictor,1,11,49cd6149f02ec01ee03a6eb8287ab2df:81739d7eb99c:0:1,5feceb66ffc86f38d952786c6d696c79c2dbc239dd4e91b46729d73a27fb57e9,True,228.85031905025244,2,15017.73974609375,15234.0,2,228.20206603500992,91.47399407811463,,
predictor,1,12,49cd6149f02ec01ee03a6eb8287ab2df:81739d7eb99c:0:2,5feceb66ffc86f38d952786c6d696c79c2dbc239dd4e91b46729d73a27fb57e9,True,227.85395791288465,2,15017.73974609375,15234.0,2,227.20191802363843,91.60788811277598,,
predictor,1,13,49cd6149f02ec01ee03a6eb8287ab2df:81739d7eb99c:0:3,5feceb66ffc86f38d952786c6d696c79c2dbc239dd4e91b46729d73a27fb57e9,True,215.43209999799728,2,15017.73974609375,15234.0,2,214.8187980055809,91.27642901148647,,
predictor,1,14,49cd6149f02ec01ee03a6eb8287ab2df:81739d7eb99c:0:4,5feceb66ffc86f38d952786c6d696c79c2dbc239dd4e91b46729d73a27fb57e9,True,205.48239292111248,2,15017.73974609375,15234.0,2,204.87160689663142,91.83135395869613,,
predictor,1,15,c6050fe51d3408b1eaef27e08e7f1956:1458b54ae2f6:0:0,d656de69c0da6209d397a8d5f7affee137ddc3be7811a9522dee62d3b10d52c8,True,302.31039493810385,8,15028.443359375,15234.0,2,217.7615389227867,102.62885899282992,,
predictor,1,16,c6050fe51d3408b1eaef27e08e7f1956:1458b54ae2f6:0:1,cdb81c63cda0b6ef0b2a1260fb987458ab47d5bebf8b78c6355a3a6dc164506d,True,333.62772199325264,10,15028.443359375,15234.0,2,220.64997407142073,102.73342102300376,,
predictor,1,17,c6050fe51d3408b1eaef27e08e7f1956:1458b54ae2f6:0:2,fe50179dd819d03ae1216ed234b97e224965b782031f3c44efdb45fd96b23cd1,True,318.6680640792474,9,15028.443359375,15234.0,2,220.19802499562502,102.08340699318796,,
predictor,1,18,c6050fe51d3408b1eaef27e08e7f1956:1458b54ae2f6:0:3,193405ed8b35f3ee7bb64910e10c564fde35fef8c1a936749daf66c5d021ba99,True,262.68274092581123,5,15028.443359375,15234.0,2,220.1094760093838,102.88417106494308,,
predictor,1,19,c6050fe51d3408b1eaef27e08e7f1956:1458b54ae2f6:0:4,b95e2705d5a356fbf1413fffbb51166a15189a8408c65518ca1e169bb0b681ec,True,348.0382019188255,11,15028.443359375,15234.0,2,221.04374296031892,102.50458505470306,,
predictor,1,20,c6050fe51d3408b1eaef27e08e7f1956:e4e99a4d6532:0:0,d656de69c0da6209d397a8d5f7affee137ddc3be7811a9522dee62d3b10d52c8,True,305.4380309768021,8,15028.443359375,15234.0,2,220.91375500895083,102.27639006916434,,
predictor,1,21,c6050fe51d3408b1eaef27e08e7f1956:e4e99a4d6532:0:1,cdb81c63cda0b6ef0b2a1260fb987458ab47d5bebf8b78c6355a3a6dc164506d,True,334.69836798030883,10,15028.443359375,15234.0,2,222.2916609607637,103.4671189263463,,
predictor,1,22,c6050fe51d3408b1eaef27e08e7f1956:e4e99a4d6532:0:2,fe50179dd819d03ae1216ed234b97e224965b782031f3c44efdb45fd96b23cd1,True,318.3664890239015,9,15028.443359375,15234.0,2,220.05406895186752,102.06468298565596,,
predictor,1,23,c6050fe51d3408b1eaef27e08e7f1956:e4e99a4d6532:0:3,193405ed8b35f3ee7bb64910e10c564fde35fef8c1a936749daf66c5d021ba99,True,260.74182300362736,5,15028.443359375,15234.0,2,218.13634398858994,102.41314896848053,,
predictor,1,24,c6050fe51d3408b1eaef27e08e7f1956:e4e99a4d6532:0:4,b95e2705d5a356fbf1413fffbb51166a15189a8408c65518ca1e169bb0b681ec,True,346.6921580256894,11,15028.443359375,15234.0,2,220.1017850311473,102.22592100035399,,
predictor,1,25,bb98dd0bceac09d24db1ecb2af549a92:377f7f0dd150:0:0,1ea442a134b2a184bd5d40104401f2a37fbc09ccf3f4bc9da161c6099be3691d,True,190.05531596485525,1,15000.8271484375,15234.0,1,189.99504193197936,77.28143699932843,,
predictor,1,26,bb98dd0bceac09d24db1ecb2af549a92:377f7f0dd150:0:1,1ea442a134b2a184bd5d40104401f2a37fbc09ccf3f4bc9da161c6099be3691d,True,191.05677609331906,1,15000.8271484375,15234.0,1,191.0001130308956,76.70192199293524,,
predictor,1,27,bb98dd0bceac09d24db1ecb2af549a92:377f7f0dd150:0:2,1ea442a134b2a184bd5d40104401f2a37fbc09ccf3f4bc9da161c6099be3691d,True,188.63131199032068,1,15000.8271484375,15234.0,1,188.57836991082877,76.71031390782446,,
predictor,1,28,bb98dd0bceac09d24db1ecb2af549a92:377f7f0dd150:0:3,85a39ab345d672ff8ca9b9c6876f3adcacf45ee7c1e2dbd2408fd338bd55e07e,True,188.97975597064942,1,15000.8271484375,15234.0,1,188.91887494828552,77.40896695759147,,
predictor,1,29,bb98dd0bceac09d24db1ecb2af549a92:377f7f0dd150:0:4,85a39ab345d672ff8ca9b9c6876f3adcacf45ee7c1e2dbd2408fd338bd55e07e,True,191.92602299153805,1,15000.8271484375,15234.0,1,191.87321094796062,77.53717596642673,,
predictor,1,30,bb98dd0bceac09d24db1ecb2af549a92:2cf3a7a3a65c:0:0,1ea442a134b2a184bd5d40104401f2a37fbc09ccf3f4bc9da161c6099be3691d,True,188.04140097927302,1,15000.8271484375,15234.0,1,187.99018394201994,76.69519993942231,,
predictor,1,31,bb98dd0bceac09d24db1ecb2af549a92:2cf3a7a3a65c:0:1,1ea442a134b2a184bd5d40104401f2a37fbc09ccf3f4bc9da161c6099be3691d,True,193.8579260604456,1,15000.8271484375,15234.0,1,193.8023540424183,77.0428649848327,,
predictor,1,32,bb98dd0bceac09d24db1ecb2af549a92:2cf3a7a3a65c:0:2,1ea442a134b2a184bd5d40104401f2a37fbc09ccf3f4bc9da161c6099be3691d,True,189.27064794115722,1,15000.8271484375,15234.0,1,189.21701691579074,76.80215290747583,,
predictor,1,33,bb98dd0bceac09d24db1ecb2af549a92:2cf3a7a3a65c:0:3,85a39ab345d672ff8ca9b9c6876f3adcacf45ee7c1e2dbd2408fd338bd55e07e,True,189.18921297881752,1,15000.8271484375,15234.0,1,189.12793695926666,77.58040202315897,,
predictor,1,34,bb98dd0bceac09d24db1ecb2af549a92:2cf3a7a3a65c:0:4,85a39ab345d672ff8ca9b9c6876f3adcacf45ee7c1e2dbd2408fd338bd55e07e,True,191.331236041151,1,15000.8271484375,15234.0,1,191.27661001402885,76.80011296179146,,
predictor,1,35,b877dd782edba758ab429e3ee3de3329:97e16cc551e4:0:0,5feceb66ffc86f38d952786c6d696c79c2dbc239dd4e91b46729d73a27fb57e9,True,203.33279599435627,2,15017.73974609375,15234.0,2,202.71672401577234,91.2176740821451,,
predictor,1,36,b877dd782edba758ab429e3ee3de3329:97e16cc551e4:0:1,5feceb66ffc86f38d952786c6d696c79c2dbc239dd4e91b46729d73a27fb57e9,True,204.95094393845648,2,15017.73974609375,15234.0,2,204.26824293099344,92.18553896062076,,
predictor,1,37,b877dd782edba758ab429e3ee3de3329:97e16cc551e4:0:2,5feceb66ffc86f38d952786c6d696c79c2dbc239dd4e91b46729d73a27fb57e9,True,206.90678001847118,2,15017.73974609375,15234.0,2,206.28671103622764,92.02032804023474,,
predictor,1,38,b877dd782edba758ab429e3ee3de3329:97e16cc551e4:0:3,5feceb66ffc86f38d952786c6d696c79c2dbc239dd4e91b46729d73a27fb57e9,True,203.97515199147165,2,15017.73974609375,15234.0,2,203.3624469768256,91.5825649863109,,
predictor,1,39,b877dd782edba758ab429e3ee3de3329:97e16cc551e4:0:4,6b86b273ff34fce19d6b804eff5a3f5747ada4eaa22f1d49c01e52ddb7875b4b,True,204.0614120196551,2,15017.73974609375,15234.0,2,203.3794679446146,91.74037794582546,,
predictor,1,40,b877dd782edba758ab429e3ee3de3329:dd7f6c9e007d:0:0,5feceb66ffc86f38d952786c6d696c79c2dbc239dd4e91b46729d73a27fb57e9,True,206.0852360446006,2,15017.73974609375,15234.0,2,205.4701360175386,91.39974799472839,,
predictor,1,41,b877dd782edba758ab429e3ee3de3329:dd7f6c9e007d:0:1,5feceb66ffc86f38d952786c6d696c79c2dbc239dd4e91b46729d73a27fb57e9,True,203.5490790149197,2,15017.73974609375,15234.0,2,202.94295996427536,91.3684859406203,,
predictor,1,42,b877dd782edba758ab429e3ee3de3329:dd7f6c9e007d:0:2,5feceb66ffc86f38d952786c6d696c79c2dbc239dd4e91b46729d73a27fb57e9,True,204.73995001520962,2,15017.73974609375,15234.0,2,204.06332204584032,91.9459629803896,,
predictor,1,43,b877dd782edba758ab429e3ee3de3329:dd7f6c9e007d:0:3,5feceb66ffc86f38d952786c6d696c79c2dbc239dd4e91b46729d73a27fb57e9,True,206.83007198385894,2,15017.73974609375,15234.0,2,206.20935899205506,91.66252403520048,,
predictor,1,44,b877dd782edba758ab429e3ee3de3329:dd7f6c9e007d:0:4,6b86b273ff34fce19d6b804eff5a3f5747ada4eaa22f1d49c01e52ddb7875b4b,True,205.48891904763877,2,15017.73974609375,15234.0,2,204.81101900804788,91.91082592587918,,
predictor,1,45,4f59fbf51a0a5bfb4dc5af02cf294693:993dac5396a0:0:0,082a3f27a64a793001365f40fd7d76058660d5148036e68127b7775445e5f79a,True,375.0863040331751,13,15024.7744140625,15234.0,2,220.70280299521983,102.83158102538437,,
predictor,1,46,4f59fbf51a0a5bfb4dc5af02cf294693:993dac5396a0:0:1,082a3f27a64a793001365f40fd7d76058660d5148036e68127b7775445e5f79a,True,373.17919405177236,13,15024.7744140625,15234.0,2,218.49448001012206,102.22178394906223,,
predictor,1,47,4f59fbf51a0a5bfb4dc5af02cf294693:993dac5396a0:0:2,082a3f27a64a793001365f40fd7d76058660d5148036e68127b7775445e5f79a,True,375.1062200171873,13,15024.7744140625,15234.0,2,220.7320969318971,102.4667079327628,,
predictor,1,48,4f59fbf51a0a5bfb4dc5af02cf294693:993dac5396a0:0:3,082a3f27a64a793001365f40fd7d76058660d5148036e68127b7775445e5f79a,True,373.322608997114,13,15024.7744140625,15234.0,2,218.5991459991783,102.8250950621441,,
predictor,1,49,4f59fbf51a0a5bfb4dc5af02cf294693:993dac5396a0:0:4,cb1d05299ff18cc4eb1eafa80966fcf02838d32be4a86d290ced7caf197919ad,True,332.4064710177481,10,15024.7744140625,15234.0,2,219.9644420761615,102.06845006905496,,
sieve,0,0,1a938d25604410ccd63b60285919eaec:c627e50da685:0:0,70f89282fb4200d4c7cb83660e5e90d9cf2d989cdecf70c1f868239e5f542294,True,289.93215202353895,7,15021.759765625,15234.0,2,218.90875103417784,103.82219101302326,0.001296577276661992,0
sieve,0,1,1a938d25604410ccd63b60285919eaec:c627e50da685:0:1,c709293d644a54f3b0d6270fc879317ff277c06c090c03c30f721b08140bbe7b,True,403.6780319875106,15,15021.759765625,15234.0,2,220.41453595738858,102.9315390624106,0.0008500770782120526,0
sieve,0,2,1a938d25604410ccd63b60285919eaec:c627e50da685:0:2,c709293d644a54f3b0d6270fc879317ff277c06c090c03c30f721b08140bbe7b,True,401.22691891156137,15,15021.759765625,15234.0,2,219.06388993375003,103.3200939418748,0.0007360265008173883,0
sieve,0,3,1a938d25604410ccd63b60285919eaec:c627e50da685:0:3,c709293d644a54f3b0d6270fc879317ff277c06c090c03c30f721b08140bbe7b,True,404.19232193380594,15,15021.759765625,15234.0,2,220.6668829312548,102.91103692725301,0.0008054252248257399,0
sieve,0,4,1a938d25604410ccd63b60285919eaec:c627e50da685:0:4,15905afe25f3666163b46d6b6948b985a7debd874743ae398a264536e830ec1f,True,291.23106598854065,7,15021.759765625,15234.0,2,220.6096239387989,102.66222502104938,0.001649687997996807,0
sieve,0,5,49cd6149f02ec01ee03a6eb8287ab2df:f982e9dfaf25:0:0,5feceb66ffc86f38d952786c6d696c79c2dbc239dd4e91b46729d73a27fb57e9,True,204.29124496877193,2,15017.73974609375,15234.0,2,203.57819099444896,91.86564094852656,0.0009303856641054153,0
sieve,0,6,49cd6149f02ec01ee03a6eb8287ab2df:f982e9dfaf25:0:1,5feceb66ffc86f38d952786c6d696c79c2dbc239dd4e91b46729d73a27fb57e9,True,207.6528340112418,2,15017.73974609375,15234.0,2,206.92766993306577,92.18339901417494,0.0008635543053969741,0
sieve,0,7,49cd6149f02ec01ee03a6eb8287ab2df:f982e9dfaf25:0:2,5feceb66ffc86f38d952786c6d696c79c2dbc239dd4e91b46729d73a27fb57e9,True,206.48037095088512,2,15017.73974609375,15234.0,2,205.7525219861418,92.77062397450209,0.0008286391966976225,0
sieve,0,8,49cd6149f02ec01ee03a6eb8287ab2df:f982e9dfaf25:0:3,5feceb66ffc86f38d952786c6d696c79c2dbc239dd4e91b46729d73a27fb57e9,True,206.11811999697238,2,15017.73974609375,15234.0,2,205.36534604616463,92.2372160712257,0.0008765733218751848,0
sieve,0,9,49cd6149f02ec01ee03a6eb8287ab2df:f982e9dfaf25:0:4,5feceb66ffc86f38d952786c6d696c79c2dbc239dd4e91b46729d73a27fb57e9,True,208.43924896325916,2,15017.73974609375,15234.0,2,207.7259620418772,92.12504106108099,0.0011846692068502307,0
sieve,0,10,49cd6149f02ec01ee03a6eb8287ab2df:81739d7eb99c:0:0,5feceb66ffc86f38d952786c6d696c79c2dbc239dd4e91b46729d73a27fb57e9,True,204.66836402192712,2,15017.73974609375,15234.0,2,203.96595308557153,92.02029905281961,0.0009303856641054153,0
sieve,0,11,49cd6149f02ec01ee03a6eb8287ab2df:81739d7eb99c:0:1,5feceb66ffc86f38d952786c6d696c79c2dbc239dd4e91b46729d73a27fb57e9,True,204.99349606689066,2,15017.73974609375,15234.0,2,204.21891298610717,92.73721091449261,0.0008635543053969741,0
sieve,0,12,49cd6149f02ec01ee03a6eb8287ab2df:81739d7eb99c:0:2,5feceb66ffc86f38d952786c6d696c79c2dbc239dd4e91b46729d73a27fb57e9,True,206.9834250723943,2,15017.73974609375,15234.0,2,206.27023500856012,92.00987697113305,0.0008286391966976225,0
sieve,0,13,49cd6149f02ec01ee03a6eb8287ab2df:81739d7eb99c:0:3,5feceb66ffc86f38d952786c6d696c79c2dbc239dd4e91b46729d73a27fb57e9,True,204.52510099858046,2,15017.73974609375,15234.0,2,203.81985802669078,92.45346707757562,0.0008765733218751848,0
sieve,0,14,49cd6149f02ec01ee03a6eb8287ab2df:81739d7eb99c:0:4,5feceb66ffc86f38d952786c6d696c79c2dbc239dd4e91b46729d73a27fb57e9,True,206.2461400637403,2,15017.73974609375,15234.0,2,205.50712605472654,92.32904599048197,0.0011846692068502307,0
sieve,0,15,c6050fe51d3408b1eaef27e08e7f1956:1458b54ae2f6:0:0,d656de69c0da6209d397a8d5f7affee137ddc3be7811a9522dee62d3b10d52c8,True,305.375944939442,8,15028.443359375,15234.0,2,220.44239100068808,102.83891507424414,0.0013521448709070683,0
sieve,0,16,c6050fe51d3408b1eaef27e08e7f1956:1458b54ae2f6:0:1,cdb81c63cda0b6ef0b2a1260fb987458ab47d5bebf8b78c6355a3a6dc164506d,True,332.5208560563624,10,15028.443359375,15234.0,2,219.25205702427775,103.52643299847841,0.0015045803738757968,0
sieve,0,17,c6050fe51d3408b1eaef27e08e7f1956:1458b54ae2f6:0:2,fe50179dd819d03ae1216ed234b97e224965b782031f3c44efdb45fd96b23cd1,True,318.7432059785351,9,15028.443359375,15234.0,2,220.51308094523847,102.94370900373906,0.0020630694925785065,0
sieve,0,18,c6050fe51d3408b1eaef27e08e7f1956:1458b54ae2f6:0:3,193405ed8b35f3ee7bb64910e10c564fde35fef8c1a936749daf66c5d021ba99,True,264.867054997012,5,15028.443359375,15234.0,2,222.17031405307353,102.6830340269953,0.0020035181660205126,0
sieve,0,19,c6050fe51d3408b1eaef27e08e7f1956:1458b54ae2f6:0:4,b95e2705d5a356fbf1413fffbb51166a15189a8408c65518ca1e169bb0b681ec,True,346.0434579756111,11,15028.443359375,15234.0,2,219.41315499134362,103.35158708039671,0.00254463660530746,0
sieve,0,20,c6050fe51d3408b1eaef27e08e7f1956:e4e99a4d6532:0:0,d656de69c0da6209d397a8d5f7affee137ddc3be7811a9522dee62d3b10d52c8,True,305.7631260016933,8,15028.443359375,15234.0,2,220.90622293762863,103.15767501015216,0.0013521448709070683,0
sieve,0,21,c6050fe51d3408b1eaef27e08e7f1956:e4e99a4d6532:0:1,cdb81c63cda0b6ef0b2a1260fb987458ab47d5bebf8b78c6355a3a6dc164506d,True,336.99050603900105,10,15028.443359375,15234.0,2,224.06330495141447,107.944440911524,0.0015045803738757968,0
sieve,0,22,c6050fe51d3408b1eaef27e08e7f1956:e4e99a4d6532:0:2,fe50179dd819d03ae1216ed234b97e224965b782031f3c44efdb45fd96b23cd1,True,320.26802795007825,9,15028.443359375,15234.0,2,221.0434169974178,102.95977699570358,0.0020630694925785065,0
sieve,0,23,c6050fe51d3408b1eaef27e08e7f1956:e4e99a4d6532:0:3,193405ed8b35f3ee7bb64910e10c564fde35fef8c1a936749daf66c5d021ba99,True,263.2599159842357,5,15028.443359375,15234.0,2,220.54408898111433,102.84185304772109,0.0020035181660205126,0
sieve,0,24,c6050fe51d3408b1eaef27e08e7f1956:e4e99a4d6532:0:4,b95e2705d5a356fbf1413fffbb51166a15189a8408c65518ca1e169bb0b681ec,True,345.69845302030444,11,15028.443359375,15234.0,2,218.68306398391724,103.45805692486465,0.00254463660530746,0
sieve,0,25,bb98dd0bceac09d24db1ecb2af549a92:377f7f0dd150:0:0,1ea442a134b2a184bd5d40104401f2a37fbc09ccf3f4bc9da161c6099be3691d,True,191.86393602285534,1,15000.8271484375,15234.0,1,191.79969106335193,77.98263803124428,0.0007730806246399879,0
sieve,0,26,bb98dd0bceac09d24db1ecb2af549a92:377f7f0dd150:0:1,1ea442a134b2a184bd5d40104401f2a37fbc09ccf3f4bc9da161c6099be3691d,True,189.98925399500877,1,15000.8271484375,15234.0,1,189.91684506181628,78.20972998160869,0.0008408288122154772,0
sieve,0,27,bb98dd0bceac09d24db1ecb2af549a92:377f7f0dd150:0:2,1ea442a134b2a184bd5d40104401f2a37fbc09ccf3f4bc9da161c6099be3691d,True,191.98835699353367,1,15000.8271484375,15234.0,1,191.92319398280233,77.60198996402323,0.000750106293708086,0
sieve,0,28,bb98dd0bceac09d24db1ecb2af549a92:377f7f0dd150:0:3,85a39ab345d672ff8ca9b9c6876f3adcacf45ee7c1e2dbd2408fd338bd55e07e,True,189.46349306497723,1,15000.8271484375,15234.0,1,189.40168397966772,77.54296995699406,0.0017266965005546808,0
sieve,0,29,bb98dd0bceac09d24db1ecb2af549a92:377f7f0dd150:0:4,85a39ab345d672ff8ca9b9c6876f3adcacf45ee7c1e2dbd2408fd338bd55e07e,True,194.1896650241688,1,15000.8271484375,15234.0,1,194.11893200594932,80.18310705665499,0.001063638017512858,0
sieve,0,30,bb98dd0bceac09d24db1ecb2af549a92:2cf3a7a3a65c:0:0,1ea442a134b2a184bd5d40104401f2a37fbc09ccf3f4bc9da161c6099be3691d,True,193.26103094499558,1,15000.8271484375,15234.0,1,193.19545093458146,77.56771298591048,0.0007730806246399879,0
sieve,0,31,bb98dd0bceac09d24db1ecb2af549a92:2cf3a7a3a65c:0:1,1ea442a134b2a184bd5d40104401f2a37fbc09ccf3f4bc9da161c6099be3691d,True,189.70022699795663,1,15000.8271484375,15234.0,1,189.63907298166305,78.07102997321635,0.0008408288122154772,0
sieve,0,32,bb98dd0bceac09d24db1ecb2af549a92:2cf3a7a3a65c:0:2,1ea442a134b2a184bd5d40104401f2a37fbc09ccf3f4bc9da161c6099be3691d,True,191.59880199003965,1,15000.8271484375,15234.0,1,191.5259009692818,78.18787102587521,0.000750106293708086,0
sieve,0,33,bb98dd0bceac09d24db1ecb2af549a92:2cf3a7a3a65c:0:3,85a39ab345d672ff8ca9b9c6876f3adcacf45ee7c1e2dbd2408fd338bd55e07e,True,192.5199649995193,1,15000.8271484375,15234.0,1,192.4536139704287,77.80737499706447,0.0017266965005546808,0
sieve,0,34,bb98dd0bceac09d24db1ecb2af549a92:2cf3a7a3a65c:0:4,85a39ab345d672ff8ca9b9c6876f3adcacf45ee7c1e2dbd2408fd338bd55e07e,True,190.81822398584336,1,15000.8271484375,15234.0,1,190.74801402166486,77.91458698920906,0.001063638017512858,0
sieve,0,35,b877dd782edba758ab429e3ee3de3329:97e16cc551e4:0:0,5feceb66ffc86f38d952786c6d696c79c2dbc239dd4e91b46729d73a27fb57e9,True,207.69639092031866,2,15017.73974609375,15234.0,2,206.92203601356596,92.65638410579413,0.0009652683511376381,0
sieve,0,36,b877dd782edba758ab429e3ee3de3329:97e16cc551e4:0:1,5feceb66ffc86f38d952786c6d696c79c2dbc239dd4e91b46729d73a27fb57e9,True,207.1420269785449,2,15017.73974609375,15234.0,2,206.41880691982806,92.09136699791998,0.0009677513735368848,0
sieve,0,37,b877dd782edba758ab429e3ee3de3329:97e16cc551e4:0:2,5feceb66ffc86f38d952786c6d696c79c2dbc239dd4e91b46729d73a27fb57e9,True,205.70156211033463,2,15017.73974609375,15234.0,2,204.92880907841027,93.46898505464196,0.0008905075956135988,0
sieve,0,38,b877dd782edba758ab429e3ee3de3329:97e16cc551e4:0:3,5feceb66ffc86f38d952786c6d696c79c2dbc239dd4e91b46729d73a27fb57e9,True,207.31557707767934,2,15017.73974609375,15234.0,2,206.59710909239948,92.32483501546085,0.0009053370449692011,0
sieve,0,39,b877dd782edba758ab429e3ee3de3329:97e16cc551e4:0:4,6b86b273ff34fce19d6b804eff5a3f5747ada4eaa22f1d49c01e52ddb7875b4b,True,205.35799593199044,2,15017.73974609375,15234.0,2,204.64205893222243,92.09949499927461,0.0034974473528563976,0
sieve,0,40,b877dd782edba758ab429e3ee3de3329:dd7f6c9e007d:0:0,5feceb66ffc86f38d952786c6d696c79c2dbc239dd4e91b46729d73a27fb57e9,True,205.10885200928897,2,15017.73974609375,15234.0,2,204.3485880130902,92.36375603359193,0.0009652683511376381,0
sieve,0,41,b877dd782edba758ab429e3ee3de3329:dd7f6c9e007d:0:1,5feceb66ffc86f38d952786c6d696c79c2dbc239dd4e91b46729d73a27fb57e9,True,209.20955704059452,2,15017.73974609375,15234.0,2,208.49711599294096,92.0179319800809,0.0009677513735368848,0
sieve,0,42,b877dd782edba758ab429e3ee3de3329:dd7f6c9e007d:0:2,5feceb66ffc86f38d952786c6d696c79c2dbc239dd4e91b46729d73a27fb57e9,True,204.63673304766417,2,15017.73974609375,15234.0,2,203.85813305620104,92.42215601261705,0.0008905075956135988,0
sieve,0,43,b877dd782edba758ab429e3ee3de3329:dd7f6c9e007d:0:3,5feceb66ffc86f38d952786c6d696c79c2dbc239dd4e91b46729d73a27fb57e9,True,207.59043795987964,2,15017.73974609375,15234.0,2,206.8647239357233,92.43727498687804,0.0009053370449692011,0
sieve,0,44,b877dd782edba758ab429e3ee3de3329:dd7f6c9e007d:0:4,6b86b273ff34fce19d6b804eff5a3f5747ada4eaa22f1d49c01e52ddb7875b4b,True,207.76907994877547,2,15017.73974609375,15234.0,2,207.06487295683473,92.1762950019911,0.0034974473528563976,0
sieve,0,45,4f59fbf51a0a5bfb4dc5af02cf294693:993dac5396a0:0:0,082a3f27a64a793001365f40fd7d76058660d5148036e68127b7775445e5f79a,True,373.8073200220242,13,15024.7744140625,15234.0,2,219.0472490619868,103.30465307924896,0.0012076320126652718,0
sieve,0,46,4f59fbf51a0a5bfb4dc5af02cf294693:993dac5396a0:0:1,082a3f27a64a793001365f40fd7d76058660d5148036e68127b7775445e5f79a,True,376.082897069864,13,15024.7744140625,15234.0,2,220.58678802568465,102.95994894113392,0.000960337754804641,0
sieve,0,47,4f59fbf51a0a5bfb4dc5af02cf294693:993dac5396a0:0:2,082a3f27a64a793001365f40fd7d76058660d5148036e68127b7775445e5f79a,True,375.2933399518952,13,15024.7744140625,15234.0,2,220.6441790331155,102.89818106684834,0.0008838935755193233,0
sieve,0,48,4f59fbf51a0a5bfb4dc5af02cf294693:993dac5396a0:0:3,082a3f27a64a793001365f40fd7d76058660d5148036e68127b7775445e5f79a,True,375.8147059706971,13,15024.7744140625,15234.0,2,220.77412891667336,102.81922190915793,0.0010109232971444726,0
sieve,0,49,4f59fbf51a0a5bfb4dc5af02cf294693:993dac5396a0:0:4,cb1d05299ff18cc4eb1eafa80966fcf02838d32be4a86d290ced7caf197919ad,True,332.80636102426797,10,15024.7744140625,15234.0,2,219.9459570692852,103.71285502333194,0.0017339661717414856,0
sieve,1,0,1a938d25604410ccd63b60285919eaec:c627e50da685:0:0,70f89282fb4200d4c7cb83660e5e90d9cf2d989cdecf70c1f868239e5f542294,True,291.9202439952642,7,15021.759765625,15234.0,2,220.86955897975713,102.9613419668749,0.001296577276661992,0
sieve,1,1,1a938d25604410ccd63b60285919eaec:c627e50da685:0:1,c709293d644a54f3b0d6270fc879317ff277c06c090c03c30f721b08140bbe7b,True,403.1660300679505,15,15021.759765625,15234.0,2,220.92691401485354,102.74327197112143,0.0008500770782120526,0
sieve,1,2,1a938d25604410ccd63b60285919eaec:c627e50da685:0:2,c709293d644a54f3b0d6270fc879317ff277c06c090c03c30f721b08140bbe7b,True,405.3986929357052,15,15021.759765625,15234.0,2,222.16775896959007,102.98228799365461,0.0007360265008173883,0
sieve,1,3,1a938d25604410ccd63b60285919eaec:c627e50da685:0:3,c709293d644a54f3b0d6270fc879317ff277c06c090c03c30f721b08140bbe7b,True,402.7515420457348,15,15021.759765625,15234.0,2,219.68327404465526,103.30025898292661,0.0008054252248257399,0
sieve,1,4,1a938d25604410ccd63b60285919eaec:c627e50da685:0:4,15905afe25f3666163b46d6b6948b985a7debd874743ae398a264536e830ec1f,True,292.57141100242734,7,15021.759765625,15234.0,2,221.67941695079207,103.80075394641608,0.001649687997996807,0
sieve,1,5,49cd6149f02ec01ee03a6eb8287ab2df:f982e9dfaf25:0:0,5feceb66ffc86f38d952786c6d696c79c2dbc239dd4e91b46729d73a27fb57e9,True,207.32205093372613,2,15017.73974609375,15234.0,2,206.602556980215,92.1738309552893,0.0009303856641054153,0
sieve,1,6,49cd6149f02ec01ee03a6eb8287ab2df:f982e9dfaf25:0:1,5feceb66ffc86f38d952786c6d696c79c2dbc239dd4e91b46729d73a27fb57e9,True,205.6157459737733,2,15017.73974609375,15234.0,2,204.84700601082295,92.68376207910478,0.0008635543053969741,0
sieve,1,7,49cd6149f02ec01ee03a6eb8287ab2df:f982e9dfaf25:0:2,5feceb66ffc86f38d952786c6d696c79c2dbc239dd4e91b46729d73a27fb57e9,True,206.6173260100186,2,15017.73974609375,15234.0,2,205.90601000003517,91.95374906994402,0.0008286391966976225,0
sieve,1,8,49cd6149f02ec01ee03a6eb8287ab2df:f982e9dfaf25:0:3,5feceb66ffc86f38d952786c6d696c79c2dbc239dd4e91b46729d73a27fb57e9,True,205.3449129452929,2,15017.73974609375,15234.0,2,204.54253896605223,92.87758602295071,0.0008765733218751848,0
sieve,1,9,49cd6149f02ec01ee03a6eb8287ab2df:f982e9dfaf25:0:4,5feceb66ffc86f38d952786c6d696c79c2dbc239dd4e91b46729d73a27fb57e9,True,208.08084297459573,2,15017.73974609375,15234.0,2,207.3701509507373,92.81033102888614,0.0011846692068502307,0
sieve,1,10,49cd6149f02ec01ee03a6eb8287ab2df:81739d7eb99c:0:0,5feceb66ffc86f38d952786c6d696c79c2dbc239dd4e91b46729d73a27fb57e9,True,204.26466804929078,2,15017.73974609375,15234.0,2,203.55860400013626,91.79051802493632,0.0009303856641054153,0
sieve,1,11,49cd6149f02ec01ee03a6eb8287ab2df:81739d7eb99c:0:1,5feceb66ffc86f38d952786c6d696c79c2dbc239dd4e91b46729d73a27fb57e9,True,207.0937140379101,2,15017.73974609375,15234.0,2,206.37904095929116,92.30295196175575,0.0008635543053969741,0
sieve,1,12,49cd6149f02ec01ee03a6eb8287ab2df:81739d7eb99c:0:2,5feceb66ffc86f38d952786c6d696c79c2dbc239dd4e91b46729d73a27fb57e9,True,205.65399096813053,2,15017.73974609375,15234.0,2,204.9493290251121,91.80211497005075,0.0008286391966976225,0
sieve,1,13,49cd6149f02ec01ee03a6eb8287ab2df:81739d7eb99c:0:3,5feceb66ffc86f38d952786c6d696c79c2dbc239dd4e91b46729d73a27fb57e9,True,205.0038519082591,2,15017.73974609375,15234.0,2,204.21585394069552,92.77234401088208,0.0008765733218751848,0
sieve,1,14,49cd6149f02ec01ee03a6eb8287ab2df:81739d7eb99c:0:4,5feceb66ffc86f38d952786c6d696c79c2dbc239dd4e91b46729d73a27fb57e9,True,206.89793897327036,2,15017.73974609375,15234.0,2,206.16132603026927,92.13237999938428,0.0011846692068502307,0
sieve,1,15,c6050fe51d3408b1eaef27e08e7f1956:1458b54ae2f6:0:0,d656de69c0da6209d397a8d5f7affee137ddc3be7811a9522dee62d3b10d52c8,True,306.07804597821087,8,15028.443359375,15234.0,2,221.3589430321008,103.94250205717981,0.0013521448709070683,0
sieve,1,16,c6050fe51d3408b1eaef27e08e7f1956:1458b54ae2f6:0:1,cdb81c63cda0b6ef0b2a1260fb987458ab47d5bebf8b78c6355a3a6dc164506d,True,333.7342080194503,10,15028.443359375,15234.0,2,220.84868303500116,103.08030003216118,0.0015045803738757968,0
sieve,1,17,c6050fe51d3408b1eaef27e08e7f1956:1458b54ae2f6:0:2,fe50179dd819d03ae1216ed234b97e224965b782031f3c44efdb45fd96b23cd1,True,319.3119150819257,9,15028.443359375,15234.0,2,221.0317919962108,102.82479599118233,0.0020630694925785065,0
sieve,1,18,c6050fe51d3408b1eaef27e08e7f1956:1458b54ae2f6:0:3,193405ed8b35f3ee7bb64910e10c564fde35fef8c1a936749daf66c5d021ba99,True,262.5386749859899,5,15028.443359375,15234.0,2,219.59524194244295,103.43385394662619,0.0020035181660205126,0
sieve,1,19,c6050fe51d3408b1eaef27e08e7f1956:1458b54ae2f6:0:4,b95e2705d5a356fbf1413fffbb51166a15189a8408c65518ca1e169bb0b681ec,True,347.7920420700684,11,15028.443359375,15234.0,2,221.0012780269608,102.72060602437705,0.00254463660530746,0
sieve,1,20,c6050fe51d3408b1eaef27e08e7f1956:e4e99a4d6532:0:0,d656de69c0da6209d397a8d5f7affee137ddc3be7811a9522dee62d3b10d52c8,True,304.7600300051272,8,15028.443359375,15234.0,2,220.05555895157158,103.05002401582897,0.0013521448709070683,0
sieve,1,21,c6050fe51d3408b1eaef27e08e7f1956:e4e99a4d6532:0:1,cdb81c63cda0b6ef0b2a1260fb987458ab47d5bebf8b78c6355a3a6dc164506d,True,334.45514691993594,10,15028.443359375,15234.0,2,221.23601997736841,103.634461062029,0.0015045803738757968,0
sieve,1,22,c6050fe51d3408b1eaef27e08e7f1956:e4e99a4d6532:0:2,fe50179dd819d03ae1216ed234b97e224965b782031f3c44efdb45fd96b23cd1,True,321.9874369679019,9,15028.443359375,15234.0,2,222.99019095953554,103.13324304297566,0.0020630694925785065,0
sieve,1,23,c6050fe51d3408b1eaef27e08e7f1956:e4e99a4d6532:0:3,193405ed8b35f3ee7bb64910e10c564fde35fef8c1a936749daf66c5d021ba99,True,264.3046110169962,5,15028.443359375,15234.0,2,221.18409094400704,103.10286597814411,0.0020035181660205126,0
sieve,1,24,c6050fe51d3408b1eaef27e08e7f1956:e4e99a4d6532:0:4,b95e2705d5a356fbf1413fffbb51166a15189a8408c65518ca1e169bb0b681ec,True,347.6024370174855,11,15028.443359375,15234.0,2,221.23758704401553,103.13475399743766,0.00254463660530746,0
sieve,1,25,bb98dd0bceac09d24db1ecb2af549a92:377f7f0dd150:0:0,1ea442a134b2a184bd5d40104401f2a37fbc09ccf3f4bc9da161c6099be3691d,True,190.03716798033565,1,15000.8271484375,15234.0,1,189.975964021869,77.39347801543772,0.0007730806246399879,0
sieve,1,26,bb98dd0bceac09d24db1ecb2af549a92:377f7f0dd150:0:1,1ea442a134b2a184bd5d40104401f2a37fbc09ccf3f4bc9da161c6099be3691d,True,191.9594700448215,1,15000.8271484375,15234.0,1,191.8945190263912,78.0375039903447,0.0008408288122154772,0
sieve,1,27,bb98dd0bceac09d24db1ecb2af549a92:377f7f0dd150:0:2,1ea442a134b2a184bd5d40104401f2a37fbc09ccf3f4bc9da161c6099be3691d,True,191.5575599996373,1,15000.8271484375,15234.0,1,191.49398896843195,78.24319100473076,0.000750106293708086,0
sieve,1,28,bb98dd0bceac09d24db1ecb2af549a92:377f7f0dd150:0:3,85a39ab345d672ff8ca9b9c6876f3adcacf45ee7c1e2dbd2408fd338bd55e07e,True,189.63907903525978,1,15000.8271484375,15234.0,1,189.56754496321082,78.33561894949526,0.0017266965005546808,0
sieve,1,29,bb98dd0bceac09d24db1ecb2af549a92:377f7f0dd150:0:4,85a39ab345d672ff8ca9b9c6876f3adcacf45ee7c1e2dbd2408fd338bd55e07e,True,192.74036306887865,1,15000.8271484375,15234.0,1,192.67602602485567,77.9805569909513,0.001063638017512858,0
sieve,1,30,bb98dd0bceac09d24db1ecb2af549a92:2cf3a7a3a65c:0:0,1ea442a134b2a184bd5d40104401f2a37fbc09ccf3f4bc9da161c6099be3691d,True,189.39827708527446,1,15000.8271484375,15234.0,1,189.3353071063757,77.42155902087688,0.0007730806246399879,0
sieve,1,31,bb98dd0bceac09d24db1ecb2af549a92:2cf3a7a3a65c:0:1,1ea442a134b2a184bd5d40104401f2a37fbc09ccf3f4bc9da161c6099be3691d,True,189.94333397131413,1,15000.8271484375,15234.0,1,189.87201701384038,77.96858309302479,0.0008408288122154772,0
sieve,1,32,bb98dd0bceac09d24db1ecb2af549a92:2cf3a7a3a65c:0:2,1ea442a134b2a184bd5d40104401f2a37fbc09ccf3f4bc9da161c6099be3691d,True,192.0792399905622,1,15000.8271484375,15234.0,1,192.0165530173108,77.4769620038569,0.000750106293708086,0
sieve,1,33,bb98dd0bceac09d24db1ecb2af549a92:2cf3a7a3a65c:0:3,85a39ab345d672ff8ca9b9c6876f3adcacf45ee7c1e2dbd2408fd338bd55e07e,True,190.15112100169063,1,15000.8271484375,15234.0,1,190.08963194210082,78.16168398130685,0.0017266965005546808,0
sieve,1,34,bb98dd0bceac09d24db1ecb2af549a92:2cf3a7a3a65c:0:4,85a39ab345d672ff8ca9b9c6876f3adcacf45ee7c1e2dbd2408fd338bd55e07e,True,190.74898504186422,1,15000.8271484375,15234.0,1,190.67724503111094,78.41266295872629,0.001063638017512858,0
sieve,1,35,b877dd782edba758ab429e3ee3de3329:97e16cc551e4:0:0,5feceb66ffc86f38d952786c6d696c79c2dbc239dd4e91b46729d73a27fb57e9,True,207.41065102629364,2,15017.73974609375,15234.0,2,206.69826795347035,92.18388400040567,0.0009652683511376381,0
sieve,1,36,b877dd782edba758ab429e3ee3de3329:97e16cc551e4:0:1,5feceb66ffc86f38d952786c6d696c79c2dbc239dd4e91b46729d73a27fb57e9,True,204.34862200636417,2,15017.73974609375,15234.0,2,203.65305605810136,91.92795411217958,0.0009677513735368848,0
sieve,1,37,b877dd782edba758ab429e3ee3de3329:97e16cc551e4:0:2,5feceb66ffc86f38d952786c6d696c79c2dbc239dd4e91b46729d73a27fb57e9,True,205.54968900978565,2,15017.73974609375,15234.0,2,204.78329597972333,92.4099360127002,0.0008905075956135988,0
sieve,1,38,b877dd782edba758ab429e3ee3de3329:97e16cc551e4:0:3,5feceb66ffc86f38d952786c6d696c79c2dbc239dd4e91b46729d73a27fb57e9,True,207.02112198341638,2,15017.73974609375,15234.0,2,206.3056279439479,92.03474596142769,0.0009053370449692011,0
sieve,1,39,b877dd782edba758ab429e3ee3de3329:97e16cc551e4:0:4,6b86b273ff34fce19d6b804eff5a3f5747ada4eaa22f1d49c01e52ddb7875b4b,True,205.5274830199778,2,15017.73974609375,15234.0,2,204.8235459951684,92.64504595194012,0.0034974473528563976,0
sieve,1,40,b877dd782edba758ab429e3ee3de3329:dd7f6c9e007d:0:0,5feceb66ffc86f38d952786c6d696c79c2dbc239dd4e91b46729d73a27fb57e9,True,205.12513699941337,2,15017.73974609375,15234.0,2,204.3781770626083,92.24620705936104,0.0009652683511376381,0
sieve,1,41,b877dd782edba758ab429e3ee3de3329:dd7f6c9e007d:0:1,5feceb66ffc86f38d952786c6d696c79c2dbc239dd4e91b46729d73a27fb57e9,True,207.95552094932646,2,15017.73974609375,15234.0,2,207.23596797324717,92.69517695065588,0.0009677513735368848,0
sieve,1,42,b877dd782edba758ab429e3ee3de3329:dd7f6c9e007d:0:2,5feceb66ffc86f38d952786c6d696c79c2dbc239dd4e91b46729d73a27fb57e9,True,205.3533490980044,2,15017.73974609375,15234.0,2,204.57585400436074,92.70931396167725,0.0008905075956135988,0
sieve,1,43,b877dd782edba758ab429e3ee3de3329:dd7f6c9e007d:0:3,5feceb66ffc86f38d952786c6d696c79c2dbc239dd4e91b46729d73a27fb57e9,True,207.48761296272278,2,15017.73974609375,15234.0,2,206.77108399104327,92.10817003622651,0.0009053370449692011,0
sieve,1,44,b877dd782edba758ab429e3ee3de3329:dd7f6c9e007d:0:4,6b86b273ff34fce19d6b804eff5a3f5747ada4eaa22f1d49c01e52ddb7875b4b,True,204.46645596530288,2,15017.73974609375,15234.0,2,203.75037100166082,91.88733901828527,0.0034974473528563976,0
sieve,1,45,4f59fbf51a0a5bfb4dc5af02cf294693:993dac5396a0:0:0,082a3f27a64a793001365f40fd7d76058660d5148036e68127b7775445e5f79a,True,374.10095299128443,13,15024.7744140625,15234.0,2,218.8730000052601,103.41269196942449,0.0012076320126652718,0
sieve,1,46,4f59fbf51a0a5bfb4dc5af02cf294693:993dac5396a0:0:1,082a3f27a64a793001365f40fd7d76058660d5148036e68127b7775445e5f79a,True,375.69449294824153,13,15024.7744140625,15234.0,2,220.97464196849614,102.85077802836895,0.000960337754804641,0
sieve,1,47,4f59fbf51a0a5bfb4dc5af02cf294693:993dac5396a0:0:2,082a3f27a64a793001365f40fd7d76058660d5148036e68127b7775445e5f79a,True,374.1338800173253,13,15024.7744140625,15234.0,2,219.64733197819442,103.36401697713882,0.0008838935755193233,0
sieve,1,48,4f59fbf51a0a5bfb4dc5af02cf294693:993dac5396a0:0:3,082a3f27a64a793001365f40fd7d76058660d5148036e68127b7775445e5f79a,True,376.02619093377143,13,15024.7744140625,15234.0,2,221.02982993237674,103.0377879505977,0.0010109232971444726,0
sieve,1,49,4f59fbf51a0a5bfb4dc5af02cf294693:993dac5396a0:0:4,cb1d05299ff18cc4eb1eafa80966fcf02838d32be4a86d290ced7caf197919ad,True,333.41428299900144,10,15024.7744140625,15234.0,2,221.00679797586054,102.77325997594744,0.0017339661717414856,0
