profile,order,repeat,sample_index,orig_id,answer_sha256,latency_ms,tokens,peak_allocated_mb,peak_reserved_mb,steps_processed,detection_ready_ms,detection_after_prefill_ms,detector_probability,detector_prediction
baseline,forward,0,0,1a938d25604410ccd63b60285919eaec:c627e50da685:0:0,ad7432ad3647d5979a4c8f07ea59db904408a5ca59b44fc807019ff723c8fe9d,537.7365411259234,12,15617.70556640625,15808.0,,,,,
baseline,forward,0,1,1a938d25604410ccd63b60285919eaec:c627e50da685:0:1,ad7432ad3647d5979a4c8f07ea59db904408a5ca59b44fc807019ff723c8fe9d,536.9293140247464,12,15617.70556640625,15808.0,,,,,
baseline,forward,0,2,1a938d25604410ccd63b60285919eaec:c627e50da685:0:2,45b29a4f9a357408272a3d9ee292dd9f825df58412a294bc76edad70933ff8f3,537.8520451486111,12,15617.70556640625,15808.0,,,,,
baseline,forward,0,3,1a938d25604410ccd63b60285919eaec:c627e50da685:0:3,8f13312bc57593ae709f0e55a18489d480c2a86c8038ac06144174a3f51b5600,539.0304608736187,12,15617.70556640625,15808.0,,,,,
baseline,forward,0,4,1a938d25604410ccd63b60285919eaec:c627e50da685:0:4,8f13312bc57593ae709f0e55a18489d480c2a86c8038ac06144174a3f51b5600,545.9774378687143,12,15617.70556640625,15808.0,,,,,
baseline,forward,0,5,49cd6149f02ec01ee03a6eb8287ab2df:f982e9dfaf25:0:0,dfa96710626dd8454b20bab58edadf81faa7374948fab10c0910e55037cea818,684.8347939085215,20,15617.44873046875,15808.0,,,,,
baseline,forward,0,6,49cd6149f02ec01ee03a6eb8287ab2df:f982e9dfaf25:0:1,86024a4fa91c4b919c6bf7d14d030232d1b278e47a39c03efbe698cebb092a16,659.1966080013663,19,15617.44873046875,15808.0,,,,,
baseline,forward,0,7,49cd6149f02ec01ee03a6eb8287ab2df:f982e9dfaf25:0:2,cf7957792cc42aad7f2f87beb1240027c78a84aebb3babafec5afeab6040dc38,641.7393500450999,18,15617.44873046875,15808.0,,,,,
baseline,forward,0,8,49cd6149f02ec01ee03a6eb8287ab2df:f982e9dfaf25:0:3,e62c1d2a0e028a848bf11c6aee602c7b04b7c5d57080024b56092666b47f8121,728.9275529328734,22,15617.44873046875,15808.0,,,,,
baseline,forward,0,9,49cd6149f02ec01ee03a6eb8287ab2df:f982e9dfaf25:0:4,f9472589f3263b5d01f4798bd4b1db08a9f8d5bfd4a7de1f6a20d7afa4d2fc9d,632.2096479125321,17,15617.44873046875,15808.0,,,,,
baseline,forward,0,10,49cd6149f02ec01ee03a6eb8287ab2df:81739d7eb99c:0:0,dfa96710626dd8454b20bab58edadf81faa7374948fab10c0910e55037cea818,687.1641499456018,20,15617.44873046875,15808.0,,,,,
baseline,forward,0,11,49cd6149f02ec01ee03a6eb8287ab2df:81739d7eb99c:0:1,86024a4fa91c4b919c6bf7d14d030232d1b278e47a39c03efbe698cebb092a16,676.9077850040048,19,15617.44873046875,15808.0,,,,,
baseline,forward,0,12,49cd6149f02ec01ee03a6eb8287ab2df:81739d7eb99c:0:2,cf7957792cc42aad7f2f87beb1240027c78a84aebb3babafec5afeab6040dc38,645.9015570580959,18,15617.44873046875,15808.0,,,,,
baseline,forward,0,13,49cd6149f02ec01ee03a6eb8287ab2df:81739d7eb99c:0:3,e62c1d2a0e028a848bf11c6aee602c7b04b7c5d57080024b56092666b47f8121,718.0656688287854,22,15617.44873046875,15808.0,,,,,
baseline,forward,0,14,49cd6149f02ec01ee03a6eb8287ab2df:81739d7eb99c:0:4,f9472589f3263b5d01f4798bd4b1db08a9f8d5bfd4a7de1f6a20d7afa4d2fc9d,628.6165418568999,17,15617.44873046875,15808.0,,,,,
baseline,forward,0,15,c6050fe51d3408b1eaef27e08e7f1956:1458b54ae2f6:0:0,0c2763434c50e20730f49847263ef9024806cb1a0560c523ed77737027dc7584,641.5014148224145,17,15617.85205078125,15808.0,,,,,
baseline,forward,0,16,c6050fe51d3408b1eaef27e08e7f1956:1458b54ae2f6:0:1,664067171cd1bbc5ce837d235ed3ea23011690faf92d70710e11636621c1b115,854.264218127355,30,15617.85205078125,15808.0,,,,,
baseline,forward,0,17,c6050fe51d3408b1eaef27e08e7f1956:1458b54ae2f6:0:2,c6b78a53ab1e086ea1b1d04c24bdf6d361a4c414a514fa6f179a43df6e2fb518,931.7536901216954,33,15617.85205078125,15808.0,,,,,
baseline,forward,0,18,c6050fe51d3408b1eaef27e08e7f1956:1458b54ae2f6:0:3,76081f5fd3a7d2fecc5219b9f1a003927ab2f0a03cbcea2809aa13575b12704d,549.3268978316337,12,15617.85205078125,15808.0,,,,,
baseline,forward,0,19,c6050fe51d3408b1eaef27e08e7f1956:1458b54ae2f6:0:4,ad3a25be620e9e8363cf8b064f96e3948b2c3e9ae99d2778aa19fe9e3c58386a,987.5480160117149,36,15617.85205078125,15808.0,,,,,
baseline,forward,0,20,c6050fe51d3408b1eaef27e08e7f1956:e4e99a4d6532:0:0,0c2763434c50e20730f49847263ef9024806cb1a0560c523ed77737027dc7584,627.634049160406,17,15617.85205078125,15808.0,,,,,
baseline,forward,0,21,c6050fe51d3408b1eaef27e08e7f1956:e4e99a4d6532:0:1,664067171cd1bbc5ce837d235ed3ea23011690faf92d70710e11636621c1b115,877.7197289746255,30,15617.85205078125,15808.0,,,,,
baseline,forward,0,22,c6050fe51d3408b1eaef27e08e7f1956:e4e99a4d6532:0:2,c6b78a53ab1e086ea1b1d04c24bdf6d361a4c414a514fa6f179a43df6e2fb518,923.692125827074,33,15617.85205078125,15808.0,,,,,
baseline,forward,0,23,c6050fe51d3408b1eaef27e08e7f1956:e4e99a4d6532:0:3,76081f5fd3a7d2fecc5219b9f1a003927ab2f0a03cbcea2809aa13575b12704d,537.6614879351109,12,15617.85205078125,15808.0,,,,,
baseline,forward,0,24,c6050fe51d3408b1eaef27e08e7f1956:e4e99a4d6532:0:4,ad3a25be620e9e8363cf8b064f96e3948b2c3e9ae99d2778aa19fe9e3c58386a,985.5077560059726,36,15617.85205078125,15808.0,,,,,
baseline,forward,0,25,bb98dd0bceac09d24db1ecb2af549a92:377f7f0dd150:0:0,c7fdec5fa5d5e1adf291637b9bb1fe8f118cbb3eb57af7ef76921e247600c9c6,659.7561910748482,19,15617.44873046875,15808.0,,,,,
baseline,forward,0,26,bb98dd0bceac09d24db1ecb2af549a92:377f7f0dd150:0:1,4af9997807defa232e553246d42901a0d746fdbefff91462d7ee0c1a91ca74e4,782.1459008846432,26,15617.44873046875,15808.0,,,,,
baseline,forward,0,27,bb98dd0bceac09d24db1ecb2af549a92:377f7f0dd150:0:2,75d13c8ce97c12289f2430a015d1d7989bcb997955ebfd456b23a70f3283334e,747.3381159361452,24,15617.44873046875,15808.0,,,,,
baseline,forward,0,28,bb98dd0bceac09d24db1ecb2af549a92:377f7f0dd150:0:3,07076b19c18093e788139445acd32421179c80fb131abb5020ab511b244dfaf3,555.6566719897091,13,15617.44873046875,15808.0,,,,,
baseline,forward,0,29,bb98dd0bceac09d24db1ecb2af549a92:377f7f0dd150:0:4,07076b19c18093e788139445acd32421179c80fb131abb5020ab511b244dfaf3,554.4151188805699,13,15617.44873046875,15808.0,,,,,
baseline,forward,0,30,bb98dd0bceac09d24db1ecb2af549a92:2cf3a7a3a65c:0:0,c7fdec5fa5d5e1adf291637b9bb1fe8f118cbb3eb57af7ef76921e247600c9c6,659.7989168949425,19,15617.44873046875,15808.0,,,,,
baseline,forward,0,31,bb98dd0bceac09d24db1ecb2af549a92:2cf3a7a3a65c:0:1,4af9997807defa232e553246d42901a0d746fdbefff91462d7ee0c1a91ca74e4,781.095736194402,26,15617.44873046875,15808.0,,,,,
baseline,forward,0,32,bb98dd0bceac09d24db1ecb2af549a92:2cf3a7a3a65c:0:2,75d13c8ce97c12289f2430a015d1d7989bcb997955ebfd456b23a70f3283334e,745.8937810733914,24,15617.44873046875,15808.0,,,,,
baseline,forward,0,33,bb98dd0bceac09d24db1ecb2af549a92:2cf3a7a3a65c:0:3,07076b19c18093e788139445acd32421179c80fb131abb5020ab511b244dfaf3,555.720629170537,13,15617.44873046875,15808.0,,,,,
baseline,forward,0,34,bb98dd0bceac09d24db1ecb2af549a92:2cf3a7a3a65c:0:4,07076b19c18093e788139445acd32421179c80fb131abb5020ab511b244dfaf3,556.0265150852501,13,15617.44873046875,15808.0,,,,,
baseline,forward,0,35,b877dd782edba758ab429e3ee3de3329:97e16cc551e4:0:0,62517bae74e7259c57a7da56e4f54b797cf2a664727fb53fe05de2f3598ea92d,712.7121109515429,22,15617.52197265625,15808.0,,,,,
baseline,forward,0,36,b877dd782edba758ab429e3ee3de3329:97e16cc551e4:0:1,d84210bceb3038c1ed37c6ee7bc057db462ddedaa6823742af8a6d297cb431da,780.9957179706544,26,15617.52197265625,15808.0,,,,,
baseline,forward,0,37,b877dd782edba758ab429e3ee3de3329:97e16cc551e4:0:2,e2d8c9e2e95c4938f7be5f7610f5dd612f23c22b2461cafe849ff52d619824cd,783.0254170112312,26,15617.52197265625,15808.0,,,,,
baseline,forward,0,38,b877dd782edba758ab429e3ee3de3329:97e16cc551e4:0:3,94d4ffe585b52d02528404f4f0629286595977610fc216797666ffe14a17ed0c,641.4108409080654,18,15617.52197265625,15808.0,,,,,
baseline,forward,0,39,b877dd782edba758ab429e3ee3de3329:97e16cc551e4:0:4,aba8c2cf6367e2e8a95bb52794ddcb426d595fad022cf2d457da88045f881ed0,609.1400608420372,16,15617.52197265625,15808.0,,,,,
baseline,forward,0,40,b877dd782edba758ab429e3ee3de3329:dd7f6c9e007d:0:0,62517bae74e7259c57a7da56e4f54b797cf2a664727fb53fe05de2f3598ea92d,712.6991180703044,22,15617.52197265625,15808.0,,,,,
baseline,forward,0,41,b877dd782edba758ab429e3ee3de3329:dd7f6c9e007d:0:1,d84210bceb3038c1ed37c6ee7bc057db462ddedaa6823742af8a6d297cb431da,812.6609639730304,26,15617.52197265625,15808.0,,,,,
baseline,forward,0,42,b877dd782edba758ab429e3ee3de3329:dd7f6c9e007d:0:2,e2d8c9e2e95c4938f7be5f7610f5dd612f23c22b2461cafe849ff52d619824cd,779.3711309786886,26,15617.52197265625,15808.0,,,,,
baseline,forward,0,43,b877dd782edba758ab429e3ee3de3329:dd7f6c9e007d:0:3,94d4ffe585b52d02528404f4f0629286595977610fc216797666ffe14a17ed0c,640.2984550222754,18,15617.52197265625,15808.0,,,,,
baseline,forward,0,44,b877dd782edba758ab429e3ee3de3329:dd7f6c9e007d:0:4,aba8c2cf6367e2e8a95bb52794ddcb426d595fad022cf2d457da88045f881ed0,605.5587830487639,16,15617.52197265625,15808.0,,,,,
baseline,forward,0,45,4f59fbf51a0a5bfb4dc5af02cf294693:993dac5396a0:0:0,aa1f1fd8a9efcb963811de5e984dc16d83696aa7e913ba6980ace9aa76b7f7a3,640.9957371652126,18,15617.70556640625,15808.0,,,,,
baseline,forward,0,46,4f59fbf51a0a5bfb4dc5af02cf294693:993dac5396a0:0:1,bdcb900eea2a0e63a259e4fe2376f8cc3aec08e4611682d3f4ee038edca9d017,502.68591195344925,10,15617.70556640625,15808.0,,,,,
baseline,forward,0,47,4f59fbf51a0a5bfb4dc5af02cf294693:993dac5396a0:0:2,f3e746a5a573b9140378e527f40ef9a01e1da198199bb2597c74356d9befd366,782.6206530444324,26,15617.70556640625,15808.0,,,,,
baseline,forward,0,48,4f59fbf51a0a5bfb4dc5af02cf294693:993dac5396a0:0:3,f77a4c18118683cabf2ce423b4a1474e9a020c00dc184984ee227d2432eaaeca,817.4802211578935,26,15617.70556640625,15808.0,,,,,
baseline,forward,0,49,4f59fbf51a0a5bfb4dc5af02cf294693:993dac5396a0:0:4,082a3f27a64a793001365f40fd7d76058660d5148036e68127b7775445e5f79a,501.8084819894284,10,15617.70556640625,15808.0,,,,,
baseline,forward,1,0,1a938d25604410ccd63b60285919eaec:c627e50da685:0:0,ad7432ad3647d5979a4c8f07ea59db904408a5ca59b44fc807019ff723c8fe9d,536.215801956132,12,15617.70556640625,15808.0,,,,,
baseline,forward,1,1,1a938d25604410ccd63b60285919eaec:c627e50da685:0:1,ad7432ad3647d5979a4c8f07ea59db904408a5ca59b44fc807019ff723c8fe9d,536.471483996138,12,15617.70556640625,15808.0,,,,,
baseline,forward,1,2,1a938d25604410ccd63b60285919eaec:c627e50da685:0:2,45b29a4f9a357408272a3d9ee292dd9f825df58412a294bc76edad70933ff8f3,536.2153581809253,12,15617.70556640625,15808.0,,,,,
baseline,forward,1,3,1a938d25604410ccd63b60285919eaec:c627e50da685:0:3,8f13312bc57593ae709f0e55a18489d480c2a86c8038ac06144174a3f51b5600,536.0143210273236,12,15617.70556640625,15808.0,,,,,
baseline,forward,1,4,1a938d25604410ccd63b60285919eaec:c627e50da685:0:4,8f13312bc57593ae709f0e55a18489d480c2a86c8038ac06144174a3f51b5600,537.0093011297286,12,15617.70556640625,15808.0,,,,,
baseline,forward,1,5,49cd6149f02ec01ee03a6eb8287ab2df:f982e9dfaf25:0:0,dfa96710626dd8454b20bab58edadf81faa7374948fab10c0910e55037cea818,675.7234008982778,20,15617.44873046875,15808.0,,,,,
baseline,forward,1,6,49cd6149f02ec01ee03a6eb8287ab2df:f982e9dfaf25:0:1,86024a4fa91c4b919c6bf7d14d030232d1b278e47a39c03efbe698cebb092a16,657.1512480732054,19,15617.44873046875,15808.0,,,,,
baseline,forward,1,7,49cd6149f02ec01ee03a6eb8287ab2df:f982e9dfaf25:0:2,cf7957792cc42aad7f2f87beb1240027c78a84aebb3babafec5afeab6040dc38,640.1334500405937,18,15617.44873046875,15808.0,,,,,
baseline,forward,1,8,49cd6149f02ec01ee03a6eb8287ab2df:f982e9dfaf25:0:3,e62c1d2a0e028a848bf11c6aee602c7b04b7c5d57080024b56092666b47f8121,709.647174924612,22,15617.44873046875,15808.0,,,,,
baseline,forward,1,9,49cd6149f02ec01ee03a6eb8287ab2df:f982e9dfaf25:0:4,f9472589f3263b5d01f4798bd4b1db08a9f8d5bfd4a7de1f6a20d7afa4d2fc9d,624.3714389856905,17,15617.44873046875,15808.0,,,,,
baseline,forward,1,10,49cd6149f02ec01ee03a6eb8287ab2df:81739d7eb99c:0:0,dfa96710626dd8454b20bab58edadf81faa7374948fab10c0910e55037cea818,674.5896490756422,20,15617.44873046875,15808.0,,,,,
baseline,forward,1,11,49cd6149f02ec01ee03a6eb8287ab2df:81739d7eb99c:0:1,86024a4fa91c4b919c6bf7d14d030232d1b278e47a39c03efbe698cebb092a16,656.9536367896944,19,15617.44873046875,15808.0,,,,,
baseline,forward,1,12,49cd6149f02ec01ee03a6eb8287ab2df:81739d7eb99c:0:2,cf7957792cc42aad7f2f87beb1240027c78a84aebb3babafec5afeab6040dc38,641.4317090529948,18,15617.44873046875,15808.0,,,,,
baseline,forward,1,13,49cd6149f02ec01ee03a6eb8287ab2df:81739d7eb99c:0:3,e62c1d2a0e028a848bf11c6aee602c7b04b7c5d57080024b56092666b47f8121,711.3292610738426,22,15617.44873046875,15808.0,,,,,
baseline,forward,1,14,49cd6149f02ec01ee03a6eb8287ab2df:81739d7eb99c:0:4,f9472589f3263b5d01f4798bd4b1db08a9f8d5bfd4a7de1f6a20d7afa4d2fc9d,624.4919949676841,17,15617.44873046875,15808.0,,,,,
baseline,forward,1,15,c6050fe51d3408b1eaef27e08e7f1956:1458b54ae2f6:0:0,0c2763434c50e20730f49847263ef9024806cb1a0560c523ed77737027dc7584,622.5114688277245,17,15617.85205078125,15808.0,,,,,
baseline,forward,1,16,c6050fe51d3408b1eaef27e08e7f1956:1458b54ae2f6:0:1,664067171cd1bbc5ce837d235ed3ea23011690faf92d70710e11636621c1b115,850.9538799989969,30,15617.85205078125,15808.0,,,,,
baseline,forward,1,17,c6050fe51d3408b1eaef27e08e7f1956:1458b54ae2f6:0:2,c6b78a53ab1e086ea1b1d04c24bdf6d361a4c414a514fa6f179a43df6e2fb518,902.7959119994193,33,15617.85205078125,15808.0,,,,,
baseline,forward,1,18,c6050fe51d3408b1eaef27e08e7f1956:1458b54ae2f6:0:3,76081f5fd3a7d2fecc5219b9f1a003927ab2f0a03cbcea2809aa13575b12704d,536.3914999179542,12,15617.85205078125,15808.0,,,,,
baseline,forward,1,19,c6050fe51d3408b1eaef27e08e7f1956:1458b54ae2f6:0:4,ad3a25be620e9e8363cf8b064f96e3948b2c3e9ae99d2778aa19fe9e3c58386a,954.5224329922348,36,15617.85205078125,15808.0,,,,,
baseline,forward,1,20,c6050fe51d3408b1eaef27e08e7f1956:e4e99a4d6532:0:0,0c2763434c50e20730f49847263ef9024806cb1a0560c523ed77737027dc7584,624.383833957836,17,15617.85205078125,15808.0,,,,,
baseline,forward,1,21,c6050fe51d3408b1eaef27e08e7f1956:e4e99a4d6532:0:1,664067171cd1bbc5ce837d235ed3ea23011690faf92d70710e11636621c1b115,851.162166101858,30,15617.85205078125,15808.0,,,,,
baseline,forward,1,22,c6050fe51d3408b1eaef27e08e7f1956:e4e99a4d6532:0:2,c6b78a53ab1e086ea1b1d04c24bdf6d361a4c414a514fa6f179a43df6e2fb518,904.5559810474515,33,15617.85205078125,15808.0,,,,,
baseline,forward,1,23,c6050fe51d3408b1eaef27e08e7f1956:e4e99a4d6532:0:3,76081f5fd3a7d2fecc5219b9f1a003927ab2f0a03cbcea2809aa13575b12704d,537.6488149631768,12,15617.85205078125,15808.0,,,,,
baseline,forward,1,24,c6050fe51d3408b1eaef27e08e7f1956:e4e99a4d6532:0:4,ad3a25be620e9e8363cf8b064f96e3948b2c3e9ae99d2778aa19fe9e3c58386a,952.289551962167,36,15617.85205078125,15808.0,,,,,
baseline,forward,1,25,bb98dd0bceac09d24db1ecb2af549a92:377f7f0dd150:0:0,c7fdec5fa5d5e1adf291637b9bb1fe8f118cbb3eb57af7ef76921e247600c9c6,658.4511590190232,19,15617.44873046875,15808.0,,,,,
baseline,forward,1,26,bb98dd0bceac09d24db1ecb2af549a92:377f7f0dd150:0:1,4af9997807defa232e553246d42901a0d746fdbefff91462d7ee0c1a91ca74e4,779.964657034725,26,15617.44873046875,15808.0,,,,,
baseline,forward,1,27,bb98dd0bceac09d24db1ecb2af549a92:377f7f0dd150:0:2,75d13c8ce97c12289f2430a015d1d7989bcb997955ebfd456b23a70f3283334e,745.95120199956,24,15617.44873046875,15808.0,,,,,
baseline,forward,1,28,bb98dd0bceac09d24db1ecb2af549a92:377f7f0dd150:0:3,07076b19c18093e788139445acd32421179c80fb131abb5020ab511b244dfaf3,554.4514281209558,13,15617.44873046875,15808.0,,,,,
baseline,forward,1,29,bb98dd0bceac09d24db1ecb2af549a92:377f7f0dd150:0:4,07076b19c18093e788139445acd32421179c80fb131abb5020ab511b244dfaf3,554.894169094041,13,15617.44873046875,15808.0,,,,,
baseline,forward,1,30,bb98dd0bceac09d24db1ecb2af549a92:2cf3a7a3a65c:0:0,c7fdec5fa5d5e1adf291637b9bb1fe8f118cbb3eb57af7ef76921e247600c9c6,659.3617140315473,19,15617.44873046875,15808.0,,,,,
baseline,forward,1,31,bb98dd0bceac09d24db1ecb2af549a92:2cf3a7a3a65c:0:1,4af9997807defa232e553246d42901a0d746fdbefff91462d7ee0c1a91ca74e4,779.6653658151627,26,15617.44873046875,15808.0,,,,,
baseline,forward,1,32,bb98dd0bceac09d24db1ecb2af549a92:2cf3a7a3a65c:0:2,75d13c8ce97c12289f2430a015d1d7989bcb997955ebfd456b23a70f3283334e,744.5419440045953,24,15617.44873046875,15808.0,,,,,
baseline,forward,1,33,bb98dd0bceac09d24db1ecb2af549a92:2cf3a7a3a65c:0:3,07076b19c18093e788139445acd32421179c80fb131abb5020ab511b244dfaf3,553.0149340629578,13,15617.44873046875,15808.0,,,,,
baseline,forward,1,34,bb98dd0bceac09d24db1ecb2af549a92:2cf3a7a3a65c:0:4,07076b19c18093e788139445acd32421179c80fb131abb5020ab511b244dfaf3,554.2228450067341,13,15617.44873046875,15808.0,,,,,
baseline,forward,1,35,b877dd782edba758ab429e3ee3de3329:97e16cc551e4:0:0,62517bae74e7259c57a7da56e4f54b797cf2a664727fb53fe05de2f3598ea92d,711.6770418360829,22,15617.52197265625,15808.0,,,,,
baseline,forward,1,36,b877dd782edba758ab429e3ee3de3329:97e16cc551e4:0:1,d84210bceb3038c1ed37c6ee7bc057db462ddedaa6823742af8a6d297cb431da,780.4402620531619,26,15617.52197265625,15808.0,,,,,
baseline,forward,1,37,b877dd782edba758ab429e3ee3de3329:97e16cc551e4:0:2,e2d8c9e2e95c4938f7be5f7610f5dd612f23c22b2461cafe849ff52d619824cd,785.4054579511285,26,15617.52197265625,15808.0,,,,,
baseline,forward,1,38,b877dd782edba758ab429e3ee3de3329:97e16cc551e4:0:3,94d4ffe585b52d02528404f4f0629286595977610fc216797666ffe14a17ed0c,641.2669608835131,18,15617.52197265625,15808.0,,,,,
baseline,forward,1,39,b877dd782edba758ab429e3ee3de3329:97e16cc551e4:0:4,aba8c2cf6367e2e8a95bb52794ddcb426d595fad022cf2d457da88045f881ed0,606.0493120457977,16,15617.52197265625,15808.0,,,,,
baseline,forward,1,40,b877dd782edba758ab429e3ee3de3329:dd7f6c9e007d:0:0,62517bae74e7259c57a7da56e4f54b797cf2a664727fb53fe05de2f3598ea92d,705.6344940792769,22,15617.52197265625,15808.0,,,,,
baseline,forward,1,41,b877dd782edba758ab429e3ee3de3329:dd7f6c9e007d:0:1,d84210bceb3038c1ed37c6ee7bc057db462ddedaa6823742af8a6d297cb431da,780.6277449708432,26,15617.52197265625,15808.0,,,,,
baseline,forward,1,42,b877dd782edba758ab429e3ee3de3329:dd7f6c9e007d:0:2,e2d8c9e2e95c4938f7be5f7610f5dd612f23c22b2461cafe849ff52d619824cd,782.6203219592571,26,15617.52197265625,15808.0,,,,,
baseline,forward,1,43,b877dd782edba758ab429e3ee3de3329:dd7f6c9e007d:0:3,94d4ffe585b52d02528404f4f0629286595977610fc216797666ffe14a17ed0c,642.786551034078,18,15617.52197265625,15808.0,,,,,
baseline,forward,1,44,b877dd782edba758ab429e3ee3de3329:dd7f6c9e007d:0:4,aba8c2cf6367e2e8a95bb52794ddcb426d595fad022cf2d457da88045f881ed0,605.3701320197433,16,15617.52197265625,15808.0,,,,,
baseline,forward,1,45,4f59fbf51a0a5bfb4dc5af02cf294693:993dac5396a0:0:0,aa1f1fd8a9efcb963811de5e984dc16d83696aa7e913ba6980ace9aa76b7f7a3,642.5450660753995,18,15617.70556640625,15808.0,,,,,
baseline,forward,1,46,4f59fbf51a0a5bfb4dc5af02cf294693:993dac5396a0:0:1,bdcb900eea2a0e63a259e4fe2376f8cc3aec08e4611682d3f4ee038edca9d017,505.1115530077368,10,15617.70556640625,15808.0,,,,,
baseline,forward,1,47,4f59fbf51a0a5bfb4dc5af02cf294693:993dac5396a0:0:2,f3e746a5a573b9140378e527f40ef9a01e1da198199bb2597c74356d9befd366,793.9977429341525,26,15617.70556640625,15808.0,,,,,
baseline,forward,1,48,4f59fbf51a0a5bfb4dc5af02cf294693:993dac5396a0:0:3,f77a4c18118683cabf2ce423b4a1474e9a020c00dc184984ee227d2432eaaeca,791.7457749135792,26,15617.70556640625,15808.0,,,,,
baseline,forward,1,49,4f59fbf51a0a5bfb4dc5af02cf294693:993dac5396a0:0:4,082a3f27a64a793001365f40fd7d76058660d5148036e68127b7775445e5f79a,509.5412260852754,10,15617.70556640625,15808.0,,,,,
full_72d,forward,0,0,1a938d25604410ccd63b60285919eaec:c627e50da685:0:0,ad7432ad3647d5979a4c8f07ea59db904408a5ca59b44fc807019ff723c8fe9d,547.7914491202682,12,15618.58154296875,15810.0,2,372.37792112864554,44.865753035992384,0.12200161069631577,0
full_72d,forward,0,1,1a938d25604410ccd63b60285919eaec:c627e50da685:0:1,ad7432ad3647d5979a4c8f07ea59db904408a5ca59b44fc807019ff723c8fe9d,553.893581032753,12,15618.58154296875,15810.0,2,378.6699341144413,45.0684130191803,0.12200161069631577,0
full_72d,forward,0,2,1a938d25604410ccd63b60285919eaec:c627e50da685:0:2,45b29a4f9a357408272a3d9ee292dd9f825df58412a294bc76edad70933ff8f3,567.4476069398224,12,15618.58154296875,15810.0,2,391.41715900041163,45.39173003286123,0.12200161069631577,0
full_72d,forward,0,3,1a938d25604410ccd63b60285919eaec:c627e50da685:0:3,8f13312bc57593ae709f0e55a18489d480c2a86c8038ac06144174a3f51b5600,560.4319828562438,12,15618.58154296875,15810.0,2,383.42215004377067,45.65434204414487,0.1243600994348526,0
full_72d,forward,0,4,1a938d25604410ccd63b60285919eaec:c627e50da685:0:4,8f13312bc57593ae709f0e55a18489d480c2a86c8038ac06144174a3f51b5600,545.5935061909258,12,15618.58154296875,15810.0,2,368.64491016604006,44.745207065716386,0.12357041239738464,0
full_72d,forward,0,5,49cd6149f02ec01ee03a6eb8287ab2df:f982e9dfaf25:0:0,dfa96710626dd8454b20bab58edadf81faa7374948fab10c0910e55037cea818,702.1703431382775,20,15618.32470703125,15810.0,2,386.393312131986,44.865424977615476,0.15359053015708923,0
full_72d,forward,0,6,49cd6149f02ec01ee03a6eb8287ab2df:f982e9dfaf25:0:1,86024a4fa91c4b919c6bf7d14d030232d1b278e47a39c03efbe698cebb092a16,688.9242539182305,19,15618.32470703125,15810.0,2,390.94551908783615,44.778282986953855,0.15219394862651825,0
full_72d,forward,0,7,49cd6149f02ec01ee03a6eb8287ab2df:f982e9dfaf25:0:2,cf7957792cc42aad7f2f87beb1240027c78a84aebb3babafec5afeab6040dc38,654.724198859185,18,15618.32470703125,15810.0,2,373.42980480752885,44.96331186965108,0.14883455634117126,0
full_72d,forward,0,8,49cd6149f02ec01ee03a6eb8287ab2df:f982e9dfaf25:0:3,e62c1d2a0e028a848bf11c6aee602c7b04b7c5d57080024b56092666b47f8121,726.2465700041503,22,15618.32470703125,15810.0,2,373.4925240278244,45.362211065366864,0.1498080939054489,0
full_72d,forward,0,9,49cd6149f02ec01ee03a6eb8287ab2df:f982e9dfaf25:0:4,f9472589f3263b5d01f4798bd4b1db08a9f8d5bfd4a7de1f6a20d7afa4d2fc9d,638.490844052285,17,15618.32470703125,15810.0,2,373.78483498468995,45.25438300333917,0.1438559740781784,0
full_72d,forward,0,10,49cd6149f02ec01ee03a6eb8287ab2df:81739d7eb99c:0:0,dfa96710626dd8454b20bab58edadf81faa7374948fab10c0910e55037cea818,699.2608851287514,20,15618.32470703125,15810.0,2,382.63709796592593,45.47713091596961,0.15359053015708923,0
full_72d,forward,0,11,49cd6149f02ec01ee03a6eb8287ab2df:81739d7eb99c:0:1,86024a4fa91c4b919c6bf7d14d030232d1b278e47a39c03efbe698cebb092a16,672.0746881328523,19,15618.32470703125,15810.0,2,374.1784191224724,44.90443202666938,0.15219394862651825,0
full_72d,forward,0,12,49cd6149f02ec01ee03a6eb8287ab2df:81739d7eb99c:0:2,cf7957792cc42aad7f2f87beb1240027c78a84aebb3babafec5afeab6040dc38,655.0919509027153,18,15618.32470703125,15810.0,2,373.32660192623734,44.820109847933054,0.14883455634117126,0
full_72d,forward,0,13,49cd6149f02ec01ee03a6eb8287ab2df:81739d7eb99c:0:3,e62c1d2a0e028a848bf11c6aee602c7b04b7c5d57080024b56092666b47f8121,737.7141530159861,22,15618.32470703125,15810.0,2,387.02319492585957,45.20457494072616,0.1498080939054489,0
full_72d,forward,0,14,49cd6149f02ec01ee03a6eb8287ab2df:81739d7eb99c:0:4,f9472589f3263b5d01f4798bd4b1db08a9f8d5bfd4a7de1f6a20d7afa4d2fc9d,656.7645650357008,17,15618.32470703125,15810.0,2,392.69844302907586,45.014329021796584,0.1438559740781784,0
full_72d,forward,0,15,c6050fe51d3408b1eaef27e08e7f1956:1458b54ae2f6:0:0,0c2763434c50e20730f49847263ef9024806cb1a0560c523ed77737027dc7584,660.3689109906554,17,15618.72802734375,15810.0,2,395.50424786284566,44.83179794624448,0.11488623917102814,0
full_72d,forward,0,16,c6050fe51d3408b1eaef27e08e7f1956:1458b54ae2f6:0:1,664067171cd1bbc5ce837d235ed3ea23011690faf92d70710e11636621c1b115,865.5098287854344,30,15618.72802734375,15810.0,2,370.54278887808323,45.24387395940721,0.1198180615901947,0
full_72d,forward,0,17,c6050fe51d3408b1eaef27e08e7f1956:1458b54ae2f6:0:2,c6b78a53ab1e086ea1b1d04c24bdf6d361a4c414a514fa6f179a43df6e2fb518,911.9021019432694,33,15618.72802734375,15810.0,2,369.67856995761395,44.99649000354111,0.11802785843610764,0
full_72d,forward,0,18,c6050fe51d3408b1eaef27e08e7f1956:1458b54ae2f6:0:3,76081f5fd3a7d2fecc5219b9f1a003927ab2f0a03cbcea2809aa13575b12704d,554.9498440232128,12,15618.72802734375,15810.0,2,379.379800055176,45.82870798185468,0.12162208557128906,0
full_72d,forward,0,19,c6050fe51d3408b1eaef27e08e7f1956:1458b54ae2f6:0:4,ad3a25be620e9e8363cf8b064f96e3948b2c3e9ae99d2778aa19fe9e3c58386a,970.4836560413241,36,15618.72802734375,15810.0,2,374.3926319293678,45.89380486868322,0.13421709835529327,0
full_72d,forward,0,20,c6050fe51d3408b1eaef27e08e7f1956:e4e99a4d6532:0:0,0c2763434c50e20730f49847263ef9024806cb1a0560c523ed77737027dc7584,653.7761320360005,17,15618.72802734375,15810.0,2,388.6360989417881,46.233541099354625,0.11488623917102814,0
full_72d,forward,0,21,c6050fe51d3408b1eaef27e08e7f1956:e4e99a4d6532:0:1,664067171cd1bbc5ce837d235ed3ea23011690faf92d70710e11636621c1b115,885.2840501349419,30,15618.72802734375,15810.0,2,391.4469419978559,45.06695689633489,0.1198180615901947,0
full_72d,forward,0,22,c6050fe51d3408b1eaef27e08e7f1956:e4e99a4d6532:0:2,c6b78a53ab1e086ea1b1d04c24bdf6d361a4c414a514fa6f179a43df6e2fb518,928.5733480937779,33,15618.72802734375,15810.0,2,382.66150606796145,45.47408502548933,0.11802785843610764,0
full_72d,forward,0,23,c6050fe51d3408b1eaef27e08e7f1956:e4e99a4d6532:0:3,76081f5fd3a7d2fecc5219b9f1a003927ab2f0a03cbcea2809aa13575b12704d,550.894679967314,12,15618.72802734375,15810.0,2,374.1671349853277,44.841530034318566,0.12162208557128906,0
full_72d,forward,0,24,c6050fe51d3408b1eaef27e08e7f1956:e4e99a4d6532:0:4,ad3a25be620e9e8363cf8b064f96e3948b2c3e9ae99d2778aa19fe9e3c58386a,987.7995178103447,36,15618.72802734375,15810.0,2,392.7123388275504,46.87878699041903,0.13421709835529327,0
full_72d,forward,0,25,bb98dd0bceac09d24db1ecb2af549a92:377f7f0dd150:0:0,c7fdec5fa5d5e1adf291637b9bb1fe8f118cbb3eb57af7ef76921e247600c9c6,681.6082480363548,19,15618.32470703125,15810.0,2,382.6356439385563,45.36352399736643,0.11448126286268234,0
full_72d,forward,0,26,bb98dd0bceac09d24db1ecb2af549a92:377f7f0dd150:0:1,4af9997807defa232e553246d42901a0d746fdbefff91462d7ee0c1a91ca74e4,800.2112358808517,26,15618.32470703125,15810.0,2,378.0803650151938,45.04447802901268,0.11448126286268234,0
full_72d,forward,0,27,bb98dd0bceac09d24db1ecb2af549a92:377f7f0dd150:0:2,75d13c8ce97c12289f2430a015d1d7989bcb997955ebfd456b23a70f3283334e,769.3332869093865,24,15618.32470703125,15810.0,2,382.61541491374373,45.1517750043422,0.11427383124828339,0
full_72d,forward,0,28,bb98dd0bceac09d24db1ecb2af549a92:377f7f0dd150:0:3,07076b19c18093e788139445acd32421179c80fb131abb5020ab511b244dfaf3,571.8647888861597,13,15618.32470703125,15810.0,2,378.0602738261223,45.09679297916591,0.11594048887491226,0
full_72d,forward,0,29,bb98dd0bceac09d24db1ecb2af549a92:377f7f0dd150:0:4,07076b19c18093e788139445acd32421179c80fb131abb5020ab511b244dfaf3,558.3936949260533,13,15618.32470703125,15810.0,2,364.54681889154017,45.19621399231255,0.11594048887491226,0
full_72d,forward,0,30,bb98dd0bceac09d24db1ecb2af549a92:2cf3a7a3a65c:0:0,c7fdec5fa5d5e1adf291637b9bb1fe8f118cbb3eb57af7ef76921e247600c9c6,672.4889250472188,19,15618.32470703125,15810.0,2,373.6774411518127,45.285308035090566,0.11448126286268234,0
full_72d,forward,0,31,bb98dd0bceac09d24db1ecb2af549a92:2cf3a7a3a65c:0:1,4af9997807defa232e553246d42901a0d746fdbefff91462d7ee0c1a91ca74e4,790.8373400568962,26,15618.32470703125,15810.0,2,369.28837397135794,44.92522403597832,0.11448126286268234,0
full_72d,forward,0,32,bb98dd0bceac09d24db1ecb2af549a92:2cf3a7a3a65c:0:2,75d13c8ce97c12289f2430a015d1d7989bcb997955ebfd456b23a70f3283334e,757.6690670102835,24,15618.32470703125,15810.0,2,369.72657195292413,45.44478887692094,0.11427383124828339,0
full_72d,forward,0,33,bb98dd0bceac09d24db1ecb2af549a92:2cf3a7a3a65c:0:3,07076b19c18093e788139445acd32421179c80fb131abb5020ab511b244dfaf3,561.5648869425058,13,15618.32470703125,15810.0,2,369.01594791561365,45.02926906570792,0.11594048887491226,0
full_72d,forward,0,34,bb98dd0bceac09d24db1ecb2af549a92:2cf3a7a3a65c:0:4,07076b19c18093e788139445acd32421179c80fb131abb5020ab511b244dfaf3,580.961155006662,13,15618.32470703125,15810.0,2,387.44517392478883,45.250246999785304,0.11594048887491226,0
full_72d,forward,0,35,b877dd782edba758ab429e3ee3de3329:97e16cc551e4:0:0,62517bae74e7259c57a7da56e4f54b797cf2a664727fb53fe05de2f3598ea92d,724.1424361709505,22,15618.39794921875,15810.0,2,373.4588250517845,44.74490601569414,0.17854845523834229,0
full_72d,forward,0,36,b877dd782edba758ab429e3ee3de3329:97e16cc551e4:0:1,d84210bceb3038c1ed37c6ee7bc057db462ddedaa6823742af8a6d297cb431da,791.0318118520081,26,15618.39794921875,15810.0,2,369.150856975466,44.73082395270467,0.1300927847623825,0
full_72d,forward,0,37,b877dd782edba758ab429e3ee3de3329:97e16cc551e4:0:2,e2d8c9e2e95c4938f7be5f7610f5dd612f23c22b2461cafe849ff52d619824cd,794.1800139378756,26,15618.39794921875,15810.0,2,373.38734697550535,45.07065191864967,0.12986119091510773,0
full_72d,forward,0,38,b877dd782edba758ab429e3ee3de3329:97e16cc551e4:0:3,94d4ffe585b52d02528404f4f0629286595977610fc216797666ffe14a17ed0c,655.7187910657376,18,15618.39794921875,15810.0,2,374.2714070249349,44.90935895591974,0.13164877891540527,0
full_72d,forward,0,39,b877dd782edba758ab429e3ee3de3329:97e16cc551e4:0:4,aba8c2cf6367e2e8a95bb52794ddcb426d595fad022cf2d457da88045f881ed0,616.3337419275194,16,15618.39794921875,15810.0,2,368.86254185810685,44.79691479355097,0.14208467304706573,0
full_72d,forward,0,40,b877dd782edba758ab429e3ee3de3329:dd7f6c9e007d:0:0,62517bae74e7259c57a7da56e4f54b797cf2a664727fb53fe05de2f3598ea92d,730.363555951044,22,15618.39794921875,15810.0,2,377.94190482236445,45.02212186343968,0.17854845523834229,0
full_72d,forward,0,41,b877dd782edba758ab429e3ee3de3329:dd7f6c9e007d:0:1,d84210bceb3038c1ed37c6ee7bc057db462ddedaa6823742af8a6d297cb431da,794.9918869417161,26,15618.39794921875,15810.0,2,373.1880160048604,44.84987398609519,0.1300927847623825,0
full_72d,forward,0,42,b877dd782edba758ab429e3ee3de3329:dd7f6c9e007d:0:2,e2d8c9e2e95c4938f7be5f7610f5dd612f23c22b2461cafe849ff52d619824cd,798.4779649414122,26,15618.39794921875,15810.0,2,379.09369892440736,45.806000009179115,0.12986119091510773,0
full_72d,forward,0,43,b877dd782edba758ab429e3ee3de3329:dd7f6c9e007d:0:3,94d4ffe585b52d02528404f4f0629286595977610fc216797666ffe14a17ed0c,655.7438890449703,18,15618.39794921875,15810.0,2,374.92222199216485,44.96545484289527,0.13164877891540527,0
full_72d,forward,0,44,b877dd782edba758ab429e3ee3de3329:dd7f6c9e007d:0:4,aba8c2cf6367e2e8a95bb52794ddcb426d595fad022cf2d457da88045f881ed0,616.8748149648309,16,15618.39794921875,15810.0,2,369.8645159602165,45.24818295612931,0.14208467304706573,0
full_72d,forward,0,45,4f59fbf51a0a5bfb4dc5af02cf294693:993dac5396a0:0:0,aa1f1fd8a9efcb963811de5e984dc16d83696aa7e913ba6980ace9aa76b7f7a3,664.0045910608023,18,15618.58154296875,15810.0,2,382.87735101766884,44.98068895190954,0.1180952787399292,0
full_72d,forward,0,46,4f59fbf51a0a5bfb4dc5af02cf294693:993dac5396a0:0:1,bdcb900eea2a0e63a259e4fe2376f8cc3aec08e4611682d3f4ee038edca9d017,514.2377219162881,10,15618.58154296875,15810.0,2,373.87680378742516,44.830827973783016,0.1210341826081276,0
full_72d,forward,0,47,4f59fbf51a0a5bfb4dc5af02cf294693:993dac5396a0:0:2,f3e746a5a573b9140378e527f40ef9a01e1da198199bb2597c74356d9befd366,792.3627819400281,26,15618.58154296875,15810.0,2,373.44979401677847,45.0522240716964,0.11376791447401047,0
full_72d,forward,0,48,4f59fbf51a0a5bfb4dc5af02cf294693:993dac5396a0:0:3,f77a4c18118683cabf2ce423b4a1474e9a020c00dc184984ee227d2432eaaeca,791.7584700044245,26,15618.58154296875,15810.0,2,372.92265705764294,44.7183339856565,0.11373119056224823,0
full_72d,forward,0,49,4f59fbf51a0a5bfb4dc5af02cf294693:993dac5396a0:0:4,082a3f27a64a793001365f40fd7d76058660d5148036e68127b7775445e5f79a,511.679352959618,10,15618.58154296875,15810.0,2,370.1211379375309,45.415802858769894,0.11373119056224823,0
full_72d,forward,1,0,1a938d25604410ccd63b60285919eaec:c627e50da685:0:0,ad7432ad3647d5979a4c8f07ea59db904408a5ca59b44fc807019ff723c8fe9d,541.5225529577583,12,15618.58154296875,15810.0,2,365.3419928159565,45.364896999672055,0.12200161069631577,0
full_72d,forward,1,1,1a938d25604410ccd63b60285919eaec:c627e50da685:0:1,ad7432ad3647d5979a4c8f07ea59db904408a5ca59b44fc807019ff723c8fe9d,555.0863649696112,12,15618.58154296875,15810.0,2,378.61644313670695,45.4809139482677,0.12200161069631577,0
full_72d,forward,1,2,1a938d25604410ccd63b60285919eaec:c627e50da685:0:2,45b29a4f9a357408272a3d9ee292dd9f825df58412a294bc76edad70933ff8f3,576.9600870553404,12,15618.58154296875,15810.0,2,400.1314991619438,45.23250414058566,0.12200161069631577,0
full_72d,forward,1,3,1a938d25604410ccd63b60285919eaec:c627e50da685:0:3,8f13312bc57593ae709f0e55a18489d480c2a86c8038ac06144174a3f51b5600,554.0773831307888,12,15618.58154296875,15810.0,2,377.83467094413936,45.048030791804194,0.1243600994348526,0
full_72d,forward,1,4,1a938d25604410ccd63b60285919eaec:c627e50da685:0:4,8f13312bc57593ae709f0e55a18489d480c2a86c8038ac06144174a3f51b5600,558.6495099123567,12,15618.58154296875,15810.0,2,382.2461280506104,45.08911399170756,0.12357041239738464,0
full_72d,forward,1,5,49cd6149f02ec01ee03a6eb8287ab2df:f982e9dfaf25:0:0,dfa96710626dd8454b20bab58edadf81faa7374948fab10c0910e55037cea818,689.977731090039,20,15618.32470703125,15810.0,2,374.3734140880406,44.663468142971396,0.15359053015708923,0
full_72d,forward,1,6,49cd6149f02ec01ee03a6eb8287ab2df:f982e9dfaf25:0:1,86024a4fa91c4b919c6bf7d14d030232d1b278e47a39c03efbe698cebb092a16,673.0649119708687,19,15618.32470703125,15810.0,2,373.4454878140241,44.94411195628345,0.15219394862651825,0
full_72d,forward,1,7,49cd6149f02ec01ee03a6eb8287ab2df:f982e9dfaf25:0:2,cf7957792cc42aad7f2f87beb1240027c78a84aebb3babafec5afeab6040dc38,666.4479030296206,18,15618.32470703125,15810.0,2,383.97262804210186,45.424256939440966,0.14883455634117126,0
full_72d,forward,1,8,49cd6149f02ec01ee03a6eb8287ab2df:f982e9dfaf25:0:3,e62c1d2a0e028a848bf11c6aee602c7b04b7c5d57080024b56092666b47f8121,736.3037851173431,22,15618.32470703125,15810.0,2,382.9025800805539,45.04604707472026,0.1498080939054489,0
full_72d,forward,1,9,49cd6149f02ec01ee03a6eb8287ab2df:f982e9dfaf25:0:4,f9472589f3263b5d01f4798bd4b1db08a9f8d5bfd4a7de1f6a20d7afa4d2fc9d,637.3770078644156,17,15618.32470703125,15810.0,2,374.0097610279918,45.553079107776284,0.1438559740781784,0
full_72d,forward,1,10,49cd6149f02ec01ee03a6eb8287ab2df:81739d7eb99c:0:0,dfa96710626dd8454b20bab58edadf81faa7374948fab10c0910e55037cea818,695.8711878396571,20,15618.32470703125,15810.0,2,379.04705898836255,45.37818511016667,0.15359053015708923,0
full_72d,forward,1,11,49cd6149f02ec01ee03a6eb8287ab2df:81739d7eb99c:0:1,86024a4fa91c4b919c6bf7d14d030232d1b278e47a39c03efbe698cebb092a16,679.7815021127462,19,15618.32470703125,15810.0,2,379.14150208234787,45.393737964332104,0.15219394862651825,0
full_72d,forward,1,12,49cd6149f02ec01ee03a6eb8287ab2df:81739d7eb99c:0:2,cf7957792cc42aad7f2f87beb1240027c78a84aebb3babafec5afeab6040dc38,660.3110509458929,18,15618.32470703125,15810.0,2,378.4248309675604,44.85795786604285,0.14883455634117126,0
full_72d,forward,1,13,49cd6149f02ec01ee03a6eb8287ab2df:81739d7eb99c:0:3,e62c1d2a0e028a848bf11c6aee602c7b04b7c5d57080024b56092666b47f8121,715.9312521107495,22,15618.32470703125,15810.0,2,364.93637203238904,45.35069991834462,0.1498080939054489,0
full_72d,forward,1,14,49cd6149f02ec01ee03a6eb8287ab2df:81739d7eb99c:0:4,f9472589f3263b5d01f4798bd4b1db08a9f8d5bfd4a7de1f6a20d7afa4d2fc9d,647.3534151446074,17,15618.32470703125,15810.0,2,382.81728210859,45.08605902083218,0.1438559740781784,0
full_72d,forward,1,15,c6050fe51d3408b1eaef27e08e7f1956:1458b54ae2f6:0:0,0c2763434c50e20730f49847263ef9024806cb1a0560c523ed77737027dc7584,638.5987931862473,17,15618.72802734375,15810.0,2,373.9184490405023,45.04276090301573,0.11488623917102814,0
full_72d,forward,1,16,c6050fe51d3408b1eaef27e08e7f1956:1458b54ae2f6:0:1,664067171cd1bbc5ce837d235ed3ea23011690faf92d70710e11636621c1b115,861.9550447911024,30,15618.72802734375,15810.0,2,369.4169200025499,44.9394581373781,0.1198180615901947,0
full_72d,forward,1,17,c6050fe51d3408b1eaef27e08e7f1956:1458b54ae2f6:0:2,c6b78a53ab1e086ea1b1d04c24bdf6d361a4c414a514fa6f179a43df6e2fb518,916.5867329575121,33,15618.72802734375,15810.0,2,379.78187296539545,45.48130906186998,0.11802785843610764,0
full_72d,forward,1,18,c6050fe51d3408b1eaef27e08e7f1956:1458b54ae2f6:0:3,76081f5fd3a7d2fecc5219b9f1a003927ab2f0a03cbcea2809aa13575b12704d,544.8582000099123,12,15618.72802734375,15810.0,2,369.91413310170174,44.93430908769369,0.12162208557128906,0
full_72d,forward,1,19,c6050fe51d3408b1eaef27e08e7f1956:1458b54ae2f6:0:4,ad3a25be620e9e8363cf8b064f96e3948b2c3e9ae99d2778aa19fe9e3c58386a,962.5773769803345,36,15618.72802734375,15810.0,2,369.41762710921466,44.53099612146616,0.13421709835529327,0
full_72d,forward,1,20,c6050fe51d3408b1eaef27e08e7f1956:e4e99a4d6532:0:0,0c2763434c50e20730f49847263ef9024806cb1a0560c523ed77737027dc7584,640.8319619949907,17,15618.72802734375,15810.0,2,377.8830571100116,44.75654219277203,0.11488623917102814,0
full_72d,forward,1,21,c6050fe51d3408b1eaef27e08e7f1956:e4e99a4d6532:0:1,664067171cd1bbc5ce837d235ed3ea23011690faf92d70710e11636621c1b115,858.7279380299151,30,15618.72802734375,15810.0,2,367.73134605027735,45.33103993162513,0.1198180615901947,0
full_72d,forward,1,22,c6050fe51d3408b1eaef27e08e7f1956:e4e99a4d6532:0:2,c6b78a53ab1e086ea1b1d04c24bdf6d361a4c414a514fa6f179a43df6e2fb518,916.6321929078549,33,15618.72802734375,15810.0,2,373.9611799828708,45.35878589376807,0.11802785843610764,0
full_72d,forward,1,23,c6050fe51d3408b1eaef27e08e7f1956:e4e99a4d6532:0:3,76081f5fd3a7d2fecc5219b9f1a003927ab2f0a03cbcea2809aa13575b12704d,548.9298361353576,12,15618.72802734375,15810.0,2,374.113115016371,45.36830494180322,0.12162208557128906,0
full_72d,forward,1,24,c6050fe51d3408b1eaef27e08e7f1956:e4e99a4d6532:0:4,ad3a25be620e9e8363cf8b064f96e3948b2c3e9ae99d2778aa19fe9e3c58386a,981.1500739306211,36,15618.72802734375,15810.0,2,387.40617292933166,45.612969901412725,0.13421709835529327,0
full_72d,forward,1,25,bb98dd0bceac09d24db1ecb2af549a92:377f7f0dd150:0:0,c7fdec5fa5d5e1adf291637b9bb1fe8f118cbb3eb57af7ef76921e247600c9c6,671.2559051811695,19,15618.32470703125,15810.0,2,372.86892416886985,44.79581117630005,0.11448126286268234,0
full_72d,forward,1,26,bb98dd0bceac09d24db1ecb2af549a92:377f7f0dd150:0:1,4af9997807defa232e553246d42901a0d746fdbefff91462d7ee0c1a91ca74e4,806.0150819364935,26,15618.32470703125,15810.0,2,386.590942973271,44.940293999388814,0.11448126286268234,0
full_72d,forward,1,27,bb98dd0bceac09d24db1ecb2af549a92:377f7f0dd150:0:2,75d13c8ce97c12289f2430a015d1d7989bcb997955ebfd456b23a70f3283334e,766.1895339842886,24,15618.32470703125,15810.0,2,382.2880631778389,44.9049340095371,0.11427383124828339,0
full_72d,forward,1,28,bb98dd0bceac09d24db1ecb2af549a92:377f7f0dd150:0:3,07076b19c18093e788139445acd32421179c80fb131abb5020ab511b244dfaf3,572.2538928966969,13,15618.32470703125,15810.0,2,377.5400388985872,44.77157979272306,0.11594048887491226,0
full_72d,forward,1,29,bb98dd0bceac09d24db1ecb2af549a92:377f7f0dd150:0:4,07076b19c18093e788139445acd32421179c80fb131abb5020ab511b244dfaf3,560.9218350145966,13,15618.32470703125,15810.0,2,369.62789692915976,45.44239002279937,0.11594048887491226,0
full_72d,forward,1,30,bb98dd0bceac09d24db1ecb2af549a92:2cf3a7a3a65c:0:0,c7fdec5fa5d5e1adf291637b9bb1fe8f118cbb3eb57af7ef76921e247600c9c6,664.4225241616368,19,15618.32470703125,15810.0,2,368.3962000068277,44.297887943685055,0.11448126286268234,0
full_72d,forward,1,31,bb98dd0bceac09d24db1ecb2af549a92:2cf3a7a3a65c:0:1,4af9997807defa232e553246d42901a0d746fdbefff91462d7ee0c1a91ca74e4,797.2857689019293,26,15618.32470703125,15810.0,2,378.05915786884725,45.25926988571882,0.11448126286268234,0
full_72d,forward,1,32,bb98dd0bceac09d24db1ecb2af549a92:2cf3a7a3a65c:0:2,75d13c8ce97c12289f2430a015d1d7989bcb997955ebfd456b23a70f3283334e,751.2326890137047,24,15618.32470703125,15810.0,2,368.0071549024433,45.137513894587755,0.11427383124828339,0
full_72d,forward,1,33,bb98dd0bceac09d24db1ecb2af549a92:2cf3a7a3a65c:0:3,07076b19c18093e788139445acd32421179c80fb131abb5020ab511b244dfaf3,565.7526920549572,13,15618.32470703125,15810.0,2,373.40981303714216,44.87634706310928,0.11594048887491226,0
full_72d,forward,1,34,bb98dd0bceac09d24db1ecb2af549a92:2cf3a7a3a65c:0:4,07076b19c18093e788139445acd32421179c80fb131abb5020ab511b244dfaf3,565.7218960113823,13,15618.32470703125,15810.0,2,373.21983207948506,45.10067589581013,0.11594048887491226,0
full_72d,forward,1,35,b877dd782edba758ab429e3ee3de3329:97e16cc551e4:0:0,62517bae74e7259c57a7da56e4f54b797cf2a664727fb53fe05de2f3598ea92d,732.0653810165823,22,15618.39794921875,15810.0,2,382.2708339430392,45.01170082949102,0.17854845523834229,0
full_72d,forward,1,36,b877dd782edba758ab429e3ee3de3329:97e16cc551e4:0:1,d84210bceb3038c1ed37c6ee7bc057db462ddedaa6823742af8a6d297cb431da,784.9166579544544,26,15618.39794921875,15810.0,2,364.4931640010327,44.70974113792181,0.1300927847623825,0
full_72d,forward,1,37,b877dd782edba758ab429e3ee3de3329:97e16cc551e4:0:2,e2d8c9e2e95c4938f7be5f7610f5dd612f23c22b2461cafe849ff52d619824cd,804.5708208810538,26,15618.39794921875,15810.0,2,373.8756289239973,44.82362885028124,0.12986119091510773,0
full_72d,forward,1,38,b877dd782edba758ab429e3ee3de3329:97e16cc551e4:0:3,94d4ffe585b52d02528404f4f0629286595977610fc216797666ffe14a17ed0c,668.7761298380792,18,15618.39794921875,15810.0,2,375.1206509768963,46.237064991146326,0.13164877891540527,0
full_72d,forward,1,39,b877dd782edba758ab429e3ee3de3329:97e16cc551e4:0:4,aba8c2cf6367e2e8a95bb52794ddcb426d595fad022cf2d457da88045f881ed0,624.165470013395,16,15618.39794921875,15810.0,2,373.54918918572366,44.85852108336985,0.14208467304706573,0
full_72d,forward,1,40,b877dd782edba758ab429e3ee3de3329:dd7f6c9e007d:0:0,62517bae74e7259c57a7da56e4f54b797cf2a664727fb53fe05de2f3598ea92d,729.1501651052386,22,15618.39794921875,15810.0,2,377.2763730958104,44.505386147648096,0.17854845523834229,0
full_72d,forward,1,41,b877dd782edba758ab429e3ee3de3329:dd7f6c9e007d:0:1,d84210bceb3038c1ed37c6ee7bc057db462ddedaa6823742af8a6d297cb431da,785.337754059583,26,15618.39794921875,15810.0,2,366.09121202491224,45.80193408764899,0.1300927847623825,0
full_72d,forward,1,42,b877dd782edba758ab429e3ee3de3329:dd7f6c9e007d:0:2,e2d8c9e2e95c4938f7be5f7610f5dd612f23c22b2461cafe849ff52d619824cd,801.0203191079199,26,15618.39794921875,15810.0,2,370.42076396755874,46.008857898414135,0.12986119091510773,0
full_72d,forward,1,43,b877dd782edba758ab429e3ee3de3329:dd7f6c9e007d:0:3,94d4ffe585b52d02528404f4f0629286595977610fc216797666ffe14a17ed0c,664.2450669314712,18,15618.39794921875,15810.0,2,382.77129689231515,45.38112482987344,0.13164877891540527,0
full_72d,forward,1,44,b877dd782edba758ab429e3ee3de3329:dd7f6c9e007d:0:4,aba8c2cf6367e2e8a95bb52794ddcb426d595fad022cf2d457da88045f881ed0,636.6221730131656,16,15618.39794921875,15810.0,2,378.5627670586109,45.7302238792181,0.14208467304706573,0
full_72d,forward,1,45,4f59fbf51a0a5bfb4dc5af02cf294693:993dac5396a0:0:0,aa1f1fd8a9efcb963811de5e984dc16d83696aa7e913ba6980ace9aa76b7f7a3,655.0649520941079,18,15618.58154296875,15810.0,2,374.38304512761533,44.850649079307914,0.1180952787399292,0
full_72d,forward,1,46,4f59fbf51a0a5bfb4dc5af02cf294693:993dac5396a0:0:1,bdcb900eea2a0e63a259e4fe2376f8cc3aec08e4611682d3f4ee038edca9d017,514.2664860468358,10,15618.58154296875,15810.0,2,369.34715905226767,45.2430818695575,0.1210341826081276,0
full_72d,forward,1,47,4f59fbf51a0a5bfb4dc5af02cf294693:993dac5396a0:0:2,f3e746a5a573b9140378e527f40ef9a01e1da198199bb2597c74356d9befd366,793.0492900777608,26,15618.58154296875,15810.0,2,369.45344088599086,44.94261299259961,0.11376791447401047,0
full_72d,forward,1,48,4f59fbf51a0a5bfb4dc5af02cf294693:993dac5396a0:0:3,f77a4c18118683cabf2ce423b4a1474e9a020c00dc184984ee227d2432eaaeca,802.8520331718028,26,15618.58154296875,15810.0,2,378.9474871009588,45.270486967638135,0.11373119056224823,0
full_72d,forward,1,49,4f59fbf51a0a5bfb4dc5af02cf294693:993dac5396a0:0:4,082a3f27a64a793001365f40fd7d76058660d5148036e68127b7775445e5f79a,521.1581548210233,10,15618.58154296875,15810.0,2,378.7045378703624,45.07334693334997,0.11373119056224823,0
cos_sim_mean_6d,forward,0,0,1a938d25604410ccd63b60285919eaec:c627e50da685:0:0,ad7432ad3647d5979a4c8f07ea59db904408a5ca59b44fc807019ff723c8fe9d,551.5632410533726,12,15618.58154296875,15810.0,2,373.82424785755575,44.66873500496149,0.011923828162252903,0
cos_sim_mean_6d,forward,0,1,1a938d25604410ccd63b60285919eaec:c627e50da685:0:1,ad7432ad3647d5979a4c8f07ea59db904408a5ca59b44fc807019ff723c8fe9d,566.8112759012729,12,15618.58154296875,15810.0,2,390.0491329841316,45.01414089463651,0.013695897534489632,0
cos_sim_mean_6d,forward,0,2,1a938d25604410ccd63b60285919eaec:c627e50da685:0:2,45b29a4f9a357408272a3d9ee292dd9f825df58412a294bc76edad70933ff8f3,564.7664701100439,12,15618.58154296875,15810.0,2,387.6704531721771,45.11935915797949,0.013688511215150356,0
cos_sim_mean_6d,forward,0,3,1a938d25604410ccd63b60285919eaec:c627e50da685:0:3,8f13312bc57593ae709f0e55a18489d480c2a86c8038ac06144174a3f51b5600,551.090125925839,12,15618.58154296875,15810.0,2,374.2867410182953,44.84682995826006,0.012492770329117775,0
cos_sim_mean_6d,forward,0,4,1a938d25604410ccd63b60285919eaec:c627e50da685:0:4,8f13312bc57593ae709f0e55a18489d480c2a86c8038ac06144174a3f51b5600,551.234977087006,12,15618.58154296875,15810.0,2,374.40953799523413,44.6367128752172,0.01208481751382351,0
cos_sim_mean_6d,forward,0,5,49cd6149f02ec01ee03a6eb8287ab2df:f982e9dfaf25:0:0,dfa96710626dd8454b20bab58edadf81faa7374948fab10c0910e55037cea818,684.927643975243,20,15618.32470703125,15810.0,2,368.76592808403075,44.12589408457279,0.04598546028137207,0
cos_sim_mean_6d,forward,0,6,49cd6149f02ec01ee03a6eb8287ab2df:f982e9dfaf25:0:1,86024a4fa91c4b919c6bf7d14d030232d1b278e47a39c03efbe698cebb092a16,689.8257718421519,19,15618.32470703125,15810.0,2,391.3295338861644,44.591516023501754,0.047764893621206284,0
cos_sim_mean_6d,forward,0,7,49cd6149f02ec01ee03a6eb8287ab2df:f982e9dfaf25:0:2,cf7957792cc42aad7f2f87beb1240027c78a84aebb3babafec5afeab6040dc38,657.3951500467956,18,15618.32470703125,15810.0,2,377.7802449185401,44.234236935153604,0.047251708805561066,0
cos_sim_mean_6d,forward,0,8,49cd6149f02ec01ee03a6eb8287ab2df:f982e9dfaf25:0:3,e62c1d2a0e028a848bf11c6aee602c7b04b7c5d57080024b56092666b47f8121,736.8349269963801,22,15618.32470703125,15810.0,2,380.2742171101272,46.41466308385134,0.09023633599281311,0
cos_sim_mean_6d,forward,0,9,49cd6149f02ec01ee03a6eb8287ab2df:f982e9dfaf25:0:4,f9472589f3263b5d01f4798bd4b1db08a9f8d5bfd4a7de1f6a20d7afa4d2fc9d,642.668595071882,17,15618.32470703125,15810.0,2,373.17749694921076,44.282048009335995,0.050221387296915054,0
cos_sim_mean_6d,forward,0,10,49cd6149f02ec01ee03a6eb8287ab2df:81739d7eb99c:0:0,dfa96710626dd8454b20bab58edadf81faa7374948fab10c0910e55037cea818,698.4229960944504,20,15618.32470703125,15810.0,2,370.7645011600107,45.70982209406793,0.04598546028137207,0
cos_sim_mean_6d,forward,0,11,49cd6149f02ec01ee03a6eb8287ab2df:81739d7eb99c:0:1,86024a4fa91c4b919c6bf7d14d030232d1b278e47a39c03efbe698cebb092a16,667.3598540946841,19,15618.32470703125,15810.0,2,370.08381611667573,44.83403009362519,0.047764893621206284,0
cos_sim_mean_6d,forward,0,12,49cd6149f02ec01ee03a6eb8287ab2df:81739d7eb99c:0:2,cf7957792cc42aad7f2f87beb1240027c78a84aebb3babafec5afeab6040dc38,653.5856660921127,18,15618.32470703125,15810.0,2,373.2976240571588,44.649238931015134,0.047251708805561066,0
cos_sim_mean_6d,forward,0,13,49cd6149f02ec01ee03a6eb8287ab2df:81739d7eb99c:0:3,e62c1d2a0e028a848bf11c6aee602c7b04b7c5d57080024b56092666b47f8121,746.7795589473099,22,15618.32470703125,15810.0,2,383.3261840045452,44.59868208505213,0.09023633599281311,0
cos_sim_mean_6d,forward,0,14,49cd6149f02ec01ee03a6eb8287ab2df:81739d7eb99c:0:4,f9472589f3263b5d01f4798bd4b1db08a9f8d5bfd4a7de1f6a20d7afa4d2fc9d,648.4474039170891,17,15618.32470703125,15810.0,2,378.2425120007247,44.828142039477825,0.050221387296915054,0
cos_sim_mean_6d,forward,0,15,c6050fe51d3408b1eaef27e08e7f1956:1458b54ae2f6:0:0,0c2763434c50e20730f49847263ef9024806cb1a0560c523ed77737027dc7584,647.0523041207343,17,15618.72802734375,15810.0,2,373.8514210563153,46.36488202959299,0.026362335309386253,0
cos_sim_mean_6d,forward,0,16,c6050fe51d3408b1eaef27e08e7f1956:1458b54ae2f6:0:1,664067171cd1bbc5ce837d235ed3ea23011690faf92d70710e11636621c1b115,882.2472710162401,30,15618.72802734375,15810.0,2,384.01465816423297,45.52532616071403,0.025893716141581535,0
cos_sim_mean_6d,forward,0,17,c6050fe51d3408b1eaef27e08e7f1956:1458b54ae2f6:0:2,c6b78a53ab1e086ea1b1d04c24bdf6d361a4c414a514fa6f179a43df6e2fb518,918.062792159617,33,15618.72802734375,15810.0,2,374.21310506761074,44.38137891702354,0.026893166825175285,0
cos_sim_mean_6d,forward,0,18,c6050fe51d3408b1eaef27e08e7f1956:1458b54ae2f6:0:3,76081f5fd3a7d2fecc5219b9f1a003927ab2f0a03cbcea2809aa13575b12704d,540.905011119321,12,15618.72802734375,15810.0,2,365.38696591742337,45.45138287357986,0.03979818522930145,0
cos_sim_mean_6d,forward,0,19,c6050fe51d3408b1eaef27e08e7f1956:1458b54ae2f6:0:4,ad3a25be620e9e8363cf8b064f96e3948b2c3e9ae99d2778aa19fe9e3c58386a,968.1286090053618,36,15618.72802734375,15810.0,2,373.24663694016635,44.661378022283316,0.038352321833372116,0
cos_sim_mean_6d,forward,0,20,c6050fe51d3408b1eaef27e08e7f1956:e4e99a4d6532:0:0,0c2763434c50e20730f49847263ef9024806cb1a0560c523ed77737027dc7584,636.4471861161292,17,15618.72802734375,15810.0,2,373.5458170995116,44.22173812054098,0.026362335309386253,0
cos_sim_mean_6d,forward,0,21,c6050fe51d3408b1eaef27e08e7f1956:e4e99a4d6532:0:1,664067171cd1bbc5ce837d235ed3ea23011690faf92d70710e11636621c1b115,863.8395769521594,30,15618.72802734375,15810.0,2,373.35700797848403,44.51159597374499,0.025893716141581535,0
cos_sim_mean_6d,forward,0,22,c6050fe51d3408b1eaef27e08e7f1956:e4e99a4d6532:0:2,c6b78a53ab1e086ea1b1d04c24bdf6d361a4c414a514fa6f179a43df6e2fb518,907.3732430115342,33,15618.72802734375,15810.0,2,365.0778441224247,44.79237995110452,0.026893166825175285,0
cos_sim_mean_6d,forward,0,23,c6050fe51d3408b1eaef27e08e7f1956:e4e99a4d6532:0:3,76081f5fd3a7d2fecc5219b9f1a003927ab2f0a03cbcea2809aa13575b12704d,571.1954950820655,12,15618.72802734375,15810.0,2,395.46370203606784,44.0597478300333,0.03979818522930145,0
cos_sim_mean_6d,forward,0,24,c6050fe51d3408b1eaef27e08e7f1956:e4e99a4d6532:0:4,ad3a25be620e9e8363cf8b064f96e3948b2c3e9ae99d2778aa19fe9e3c58386a,980.9728928375989,36,15618.72802734375,15810.0,2,386.72561780549586,44.82459486462176,0.038352321833372116,0
cos_sim_mean_6d,forward,0,25,bb98dd0bceac09d24db1ecb2af549a92:377f7f0dd150:0:0,c7fdec5fa5d5e1adf291637b9bb1fe8f118cbb3eb57af7ef76921e247600c9c6,664.2091330140829,19,15618.32470703125,15810.0,2,364.95942808687687,44.62336888536811,0.07945575565099716,0
cos_sim_mean_6d,forward,0,26,bb98dd0bceac09d24db1ecb2af549a92:377f7f0dd150:0:1,4af9997807defa232e553246d42901a0d746fdbefff91462d7ee0c1a91ca74e4,794.9297819286585,26,15618.32470703125,15810.0,2,373.6643479205668,44.745860854163766,0.06443959474563599,0
cos_sim_mean_6d,forward,0,27,bb98dd0bceac09d24db1ecb2af549a92:377f7f0dd150:0:2,75d13c8ce97c12289f2430a015d1d7989bcb997955ebfd456b23a70f3283334e,753.8964680861682,24,15618.32470703125,15810.0,2,368.8549338839948,44.16358680464327,0.027460724115371704,0
cos_sim_mean_6d,forward,0,28,bb98dd0bceac09d24db1ecb2af549a92:377f7f0dd150:0:3,07076b19c18093e788139445acd32421179c80fb131abb5020ab511b244dfaf3,571.1782679427415,13,15618.32470703125,15810.0,2,378.0093339737505,44.65951398015022,0.07362283021211624,0
cos_sim_mean_6d,forward,0,29,bb98dd0bceac09d24db1ecb2af549a92:377f7f0dd150:0:4,07076b19c18093e788139445acd32421179c80fb131abb5020ab511b244dfaf3,571.104072034359,13,15618.32470703125,15810.0,2,377.2745670285076,44.587854063138366,0.060885488986968994,0
cos_sim_mean_6d,forward,0,30,bb98dd0bceac09d24db1ecb2af549a92:2cf3a7a3a65c:0:0,c7fdec5fa5d5e1adf291637b9bb1fe8f118cbb3eb57af7ef76921e247600c9c6,668.355830013752,19,15618.32470703125,15810.0,2,369.1110899671912,44.648027047514915,0.07945575565099716,0
cos_sim_mean_6d,forward,0,31,bb98dd0bceac09d24db1ecb2af549a92:2cf3a7a3a65c:0:1,4af9997807defa232e553246d42901a0d746fdbefff91462d7ee0c1a91ca74e4,784.0974030550569,26,15618.32470703125,15810.0,2,363.61960391514003,44.0769218839705,0.06443959474563599,0
cos_sim_mean_6d,forward,0,32,bb98dd0bceac09d24db1ecb2af549a92:2cf3a7a3a65c:0:2,75d13c8ce97c12289f2430a015d1d7989bcb997955ebfd456b23a70f3283334e,755.9797300491482,24,15618.32470703125,15810.0,2,369.88452612422407,44.657840160652995,0.027460724115371704,0
cos_sim_mean_6d,forward,0,33,bb98dd0bceac09d24db1ecb2af549a92:2cf3a7a3a65c:0:3,07076b19c18093e788139445acd32421179c80fb131abb5020ab511b244dfaf3,576.8180389422923,13,15618.32470703125,15810.0,2,382.03079905360937,44.49806408956647,0.07362283021211624,0
cos_sim_mean_6d,forward,0,34,bb98dd0bceac09d24db1ecb2af549a92:2cf3a7a3a65c:0:4,07076b19c18093e788139445acd32421179c80fb131abb5020ab511b244dfaf3,568.6616038437933,13,15618.32470703125,15810.0,2,374.2800469044596,45.042739948257804,0.060885488986968994,0
cos_sim_mean_6d,forward,0,35,b877dd782edba758ab429e3ee3de3329:97e16cc551e4:0:0,62517bae74e7259c57a7da56e4f54b797cf2a664727fb53fe05de2f3598ea92d,746.8189389910549,22,15618.39794921875,15810.0,2,395.1044650748372,44.83253299258649,0.08612550050020218,0
cos_sim_mean_6d,forward,0,36,b877dd782edba758ab429e3ee3de3329:97e16cc551e4:0:1,d84210bceb3038c1ed37c6ee7bc057db462ddedaa6823742af8a6d297cb431da,811.8768711574376,26,15618.39794921875,15810.0,2,390.53904195316136,44.54491683281958,0.07399764657020569,0
cos_sim_mean_6d,forward,0,37,b877dd782edba758ab429e3ee3de3329:97e16cc551e4:0:2,e2d8c9e2e95c4938f7be5f7610f5dd612f23c22b2461cafe849ff52d619824cd,803.7072732113302,26,15618.39794921875,15810.0,2,379.05211304314435,45.21494288928807,0.09093106538057327,0
cos_sim_mean_6d,forward,0,38,b877dd782edba758ab429e3ee3de3329:97e16cc551e4:0:3,94d4ffe585b52d02528404f4f0629286595977610fc216797666ffe14a17ed0c,660.6247569434345,18,15618.39794921875,15810.0,2,378.2276439014822,44.74500403739512,0.06772638857364655,0
cos_sim_mean_6d,forward,0,39,b877dd782edba758ab429e3ee3de3329:97e16cc551e4:0:4,aba8c2cf6367e2e8a95bb52794ddcb426d595fad022cf2d457da88045f881ed0,620.6536528188735,16,15618.39794921875,15810.0,2,373.54448693804443,44.5483741350472,0.13132111728191376,0
cos_sim_mean_6d,forward,0,40,b877dd782edba758ab429e3ee3de3329:dd7f6c9e007d:0:0,62517bae74e7259c57a7da56e4f54b797cf2a664727fb53fe05de2f3598ea92d,727.0980079192668,22,15618.39794921875,15810.0,2,374.0651349071413,44.95585383847356,0.08612550050020218,0
cos_sim_mean_6d,forward,0,41,b877dd782edba758ab429e3ee3de3329:dd7f6c9e007d:0:1,d84210bceb3038c1ed37c6ee7bc057db462ddedaa6823742af8a6d297cb431da,798.3877840451896,26,15618.39794921875,15810.0,2,374.0110609214753,45.007926877588034,0.07399764657020569,0
cos_sim_mean_6d,forward,0,42,b877dd782edba758ab429e3ee3de3329:dd7f6c9e007d:0:2,e2d8c9e2e95c4938f7be5f7610f5dd612f23c22b2461cafe849ff52d619824cd,788.8968251645565,26,15618.39794921875,15810.0,2,366.36288510635495,45.64692499116063,0.09093106538057327,0
cos_sim_mean_6d,forward,0,43,b877dd782edba758ab429e3ee3de3329:dd7f6c9e007d:0:3,94d4ffe585b52d02528404f4f0629286595977610fc216797666ffe14a17ed0c,647.1795479301363,18,15618.39794921875,15810.0,2,365.23484997451305,44.83727994374931,0.06772638857364655,0
cos_sim_mean_6d,forward,0,44,b877dd782edba758ab429e3ee3de3329:dd7f6c9e007d:0:4,aba8c2cf6367e2e8a95bb52794ddcb426d595fad022cf2d457da88045f881ed0,617.9489959031343,16,15618.39794921875,15810.0,2,370.1594779267907,44.76151312701404,0.13132111728191376,0
cos_sim_mean_6d,forward,0,45,4f59fbf51a0a5bfb4dc5af02cf294693:993dac5396a0:0:0,aa1f1fd8a9efcb963811de5e984dc16d83696aa7e913ba6980ace9aa76b7f7a3,657.4737140908837,18,15618.58154296875,15810.0,2,373.89211915433407,45.00960698351264,0.0412035807967186,0
cos_sim_mean_6d,forward,0,46,4f59fbf51a0a5bfb4dc5af02cf294693:993dac5396a0:0:1,bdcb900eea2a0e63a259e4fe2376f8cc3aec08e4611682d3f4ee038edca9d017,515.5906269792467,10,15618.58154296875,15810.0,2,373.68187098763883,44.65018096379936,0.044068578630685806,0
cos_sim_mean_6d,forward,0,47,4f59fbf51a0a5bfb4dc5af02cf294693:993dac5396a0:0:2,f3e746a5a573b9140378e527f40ef9a01e1da198199bb2597c74356d9befd366,792.334992904216,26,15618.58154296875,15810.0,2,369.14929701015353,44.355487916618586,0.012164697051048279,0
cos_sim_mean_6d,forward,0,48,4f59fbf51a0a5bfb4dc5af02cf294693:993dac5396a0:0:3,f77a4c18118683cabf2ce423b4a1474e9a020c00dc184984ee227d2432eaaeca,795.7320290151983,26,15618.58154296875,15810.0,2,374.182416126132,45.01732997596264,0.012001994997262955,0
cos_sim_mean_6d,forward,0,49,4f59fbf51a0a5bfb4dc5af02cf294693:993dac5396a0:0:4,082a3f27a64a793001365f40fd7d76058660d5148036e68127b7775445e5f79a,524.9699810519814,10,15618.58154296875,15810.0,2,383.46207910217345,45.30819715000689,0.017937535420060158,0
cos_sim_mean_6d,forward,1,0,1a938d25604410ccd63b60285919eaec:c627e50da685:0:0,ad7432ad3647d5979a4c8f07ea59db904408a5ca59b44fc807019ff723c8fe9d,585.7653620187193,12,15618.58154296875,15810.0,2,409.6271151211113,44.7195831220597,0.011923828162252903,0
cos_sim_mean_6d,forward,1,1,1a938d25604410ccd63b60285919eaec:c627e50da685:0:1,ad7432ad3647d5979a4c8f07ea59db904408a5ca59b44fc807019ff723c8fe9d,550.9068020619452,12,15618.58154296875,15810.0,2,374.17852808721364,44.69729005359113,0.013695897534489632,0
cos_sim_mean_6d,forward,1,2,1a938d25604410ccd63b60285919eaec:c627e50da685:0:2,45b29a4f9a357408272a3d9ee292dd9f825df58412a294bc76edad70933ff8f3,545.4316530376673,12,15618.58154296875,15810.0,2,369.3527940195054,44.50640804134309,0.013688511215150356,0
cos_sim_mean_6d,forward,1,3,1a938d25604410ccd63b60285919eaec:c627e50da685:0:3,8f13312bc57593ae709f0e55a18489d480c2a86c8038ac06144174a3f51b5600,546.1440850049257,12,15618.58154296875,15810.0,2,369.27286186255515,44.61368499323726,0.012492770329117775,0
cos_sim_mean_6d,forward,1,4,1a938d25604410ccd63b60285919eaec:c627e50da685:0:4,8f13312bc57593ae709f0e55a18489d480c2a86c8038ac06144174a3f51b5600,551.4486690517515,12,15618.58154296875,15810.0,2,374.40533097833395,44.9427159037441,0.01208481751382351,0
cos_sim_mean_6d,forward,1,5,49cd6149f02ec01ee03a6eb8287ab2df:f982e9dfaf25:0:0,dfa96710626dd8454b20bab58edadf81faa7374948fab10c0910e55037cea818,689.5863639656454,20,15618.32470703125,15810.0,2,374.3673099670559,44.92169595323503,0.04598546028137207,0
cos_sim_mean_6d,forward,1,6,49cd6149f02ec01ee03a6eb8287ab2df:f982e9dfaf25:0:1,86024a4fa91c4b919c6bf7d14d030232d1b278e47a39c03efbe698cebb092a16,683.4312297869474,19,15618.32470703125,15810.0,2,386.5827179979533,44.31587900035083,0.047764893621206284,0
cos_sim_mean_6d,forward,1,7,49cd6149f02ec01ee03a6eb8287ab2df:f982e9dfaf25:0:2,cf7957792cc42aad7f2f87beb1240027c78a84aebb3babafec5afeab6040dc38,655.426261946559,18,15618.32470703125,15810.0,2,377.0986800082028,44.26055098883808,0.047251708805561066,0
cos_sim_mean_6d,forward,1,8,49cd6149f02ec01ee03a6eb8287ab2df:f982e9dfaf25:0:3,e62c1d2a0e028a848bf11c6aee602c7b04b7c5d57080024b56092666b47f8121,723.521483130753,22,15618.32470703125,15810.0,2,373.88428510166705,44.798203045502305,0.09023633599281311,0
cos_sim_mean_6d,forward,1,9,49cd6149f02ec01ee03a6eb8287ab2df:f982e9dfaf25:0:4,f9472589f3263b5d01f4798bd4b1db08a9f8d5bfd4a7de1f6a20d7afa4d2fc9d,659.1729850042611,17,15618.32470703125,15810.0,2,395.6914891023189,44.86844013445079,0.050221387296915054,0
cos_sim_mean_6d,forward,1,10,49cd6149f02ec01ee03a6eb8287ab2df:81739d7eb99c:0:0,dfa96710626dd8454b20bab58edadf81faa7374948fab10c0910e55037cea818,698.7055479548872,20,15618.32470703125,15810.0,2,382.7062309719622,44.580819085240364,0.04598546028137207,0
cos_sim_mean_6d,forward,1,11,49cd6149f02ec01ee03a6eb8287ab2df:81739d7eb99c:0:1,86024a4fa91c4b919c6bf7d14d030232d1b278e47a39c03efbe698cebb092a16,680.5512169376016,19,15618.32470703125,15810.0,2,382.76443583890796,44.610266806557775,0.047764893621206284,0
cos_sim_mean_6d,forward,1,12,49cd6149f02ec01ee03a6eb8287ab2df:81739d7eb99c:0:2,cf7957792cc42aad7f2f87beb1240027c78a84aebb3babafec5afeab6040dc38,645.2684479299933,18,15618.32470703125,15810.0,2,364.2581179738045,44.3690400570631,0.047251708805561066,0
cos_sim_mean_6d,forward,1,13,49cd6149f02ec01ee03a6eb8287ab2df:81739d7eb99c:0:3,e62c1d2a0e028a848bf11c6aee602c7b04b7c5d57080024b56092666b47f8121,722.340882057324,22,15618.32470703125,15810.0,2,372.6939840707928,44.19876402243972,0.09023633599281311,0
cos_sim_mean_6d,forward,1,14,49cd6149f02ec01ee03a6eb8287ab2df:81739d7eb99c:0:4,f9472589f3263b5d01f4798bd4b1db08a9f8d5bfd4a7de1f6a20d7afa4d2fc9d,635.5015549343079,17,15618.32470703125,15810.0,2,372.5524509791285,44.24760304391384,0.050221387296915054,0
cos_sim_mean_6d,forward,1,15,c6050fe51d3408b1eaef27e08e7f1956:1458b54ae2f6:0:0,0c2763434c50e20730f49847263ef9024806cb1a0560c523ed77737027dc7584,632.7131011057645,17,15618.72802734375,15810.0,2,369.09851199015975,44.65637286193669,0.026362335309386253,0
cos_sim_mean_6d,forward,1,16,c6050fe51d3408b1eaef27e08e7f1956:1458b54ae2f6:0:1,664067171cd1bbc5ce837d235ed3ea23011690faf92d70710e11636621c1b115,860.0008580833673,30,15618.72802734375,15810.0,2,369.48990705423057,44.68176607042551,0.025893716141581535,0
cos_sim_mean_6d,forward,1,17,c6050fe51d3408b1eaef27e08e7f1956:1458b54ae2f6:0:2,c6b78a53ab1e086ea1b1d04c24bdf6d361a4c414a514fa6f179a43df6e2fb518,915.5070970300585,33,15618.72802734375,15810.0,2,374.75094315595925,45.23609415628016,0.026893166825175285,0
cos_sim_mean_6d,forward,1,18,c6050fe51d3408b1eaef27e08e7f1956:1458b54ae2f6:0:3,76081f5fd3a7d2fecc5219b9f1a003927ab2f0a03cbcea2809aa13575b12704d,542.8922649007291,12,15618.72802734375,15810.0,2,368.2560829911381,44.027372961863875,0.03979818522930145,0
cos_sim_mean_6d,forward,1,19,c6050fe51d3408b1eaef27e08e7f1956:1458b54ae2f6:0:4,ad3a25be620e9e8363cf8b064f96e3948b2c3e9ae99d2778aa19fe9e3c58386a,968.1551940739155,36,15618.72802734375,15810.0,2,373.0010730214417,44.161285972222686,0.038352321833372116,0
cos_sim_mean_6d,forward,1,20,c6050fe51d3408b1eaef27e08e7f1956:e4e99a4d6532:0:0,0c2763434c50e20730f49847263ef9024806cb1a0560c523ed77737027dc7584,645.3729621134698,17,15618.72802734375,15810.0,2,382.7828071080148,44.25284010358155,0.026362335309386253,0
cos_sim_mean_6d,forward,1,21,c6050fe51d3408b1eaef27e08e7f1956:e4e99a4d6532:0:1,664067171cd1bbc5ce837d235ed3ea23011690faf92d70710e11636621c1b115,868.4730948880315,30,15618.72802734375,15810.0,2,377.8920699842274,44.32663810439408,0.025893716141581535,0
cos_sim_mean_6d,forward,1,22,c6050fe51d3408b1eaef27e08e7f1956:e4e99a4d6532:0:2,c6b78a53ab1e086ea1b1d04c24bdf6d361a4c414a514fa6f179a43df6e2fb518,917.7805620711297,33,15618.72802734375,15810.0,2,374.5869661215693,44.78558711707592,0.026893166825175285,0
cos_sim_mean_6d,forward,1,23,c6050fe51d3408b1eaef27e08e7f1956:e4e99a4d6532:0:3,76081f5fd3a7d2fecc5219b9f1a003927ab2f0a03cbcea2809aa13575b12704d,554.9820880405605,12,15618.72802734375,15810.0,2,378.62321408465505,45.43285304680467,0.03979818522930145,0
cos_sim_mean_6d,forward,1,24,c6050fe51d3408b1eaef27e08e7f1956:e4e99a4d6532:0:4,ad3a25be620e9e8363cf8b064f96e3948b2c3e9ae99d2778aa19fe9e3c58386a,970.1355590950698,36,15618.72802734375,15810.0,2,373.34825610741973,44.644220964983106,0.038352321833372116,0
cos_sim_mean_6d,forward,1,25,bb98dd0bceac09d24db1ecb2af549a92:377f7f0dd150:0:0,c7fdec5fa5d5e1adf291637b9bb1fe8f118cbb3eb57af7ef76921e247600c9c6,662.1816500555724,19,15618.32470703125,15810.0,2,364.9591011926532,44.67935999855399,0.07945575565099716,0
cos_sim_mean_6d,forward,1,26,bb98dd0bceac09d24db1ecb2af549a92:377f7f0dd150:0:1,4af9997807defa232e553246d42901a0d746fdbefff91462d7ee0c1a91ca74e4,799.0036651026458,26,15618.32470703125,15810.0,2,378.47277405671775,44.864792143926024,0.06443959474563599,0
cos_sim_mean_6d,forward,1,27,bb98dd0bceac09d24db1ecb2af549a92:377f7f0dd150:0:2,75d13c8ce97c12289f2430a015d1d7989bcb997955ebfd456b23a70f3283334e,754.3746680021286,24,15618.32470703125,15810.0,2,368.8427829183638,44.27989898249507,0.027460724115371704,0
cos_sim_mean_6d,forward,1,28,bb98dd0bceac09d24db1ecb2af549a92:377f7f0dd150:0:3,07076b19c18093e788139445acd32421179c80fb131abb5020ab511b244dfaf3,569.3402800243348,13,15618.32470703125,15810.0,2,374.8509071301669,44.94629008695483,0.07362283021211624,0
cos_sim_mean_6d,forward,1,29,bb98dd0bceac09d24db1ecb2af549a92:377f7f0dd150:0:4,07076b19c18093e788139445acd32421179c80fb131abb5020ab511b244dfaf3,560.124671086669,13,15618.32470703125,15810.0,2,366.22723494656384,45.39656778797507,0.060885488986968994,0
cos_sim_mean_6d,forward,1,30,bb98dd0bceac09d24db1ecb2af549a92:2cf3a7a3a65c:0:0,c7fdec5fa5d5e1adf291637b9bb1fe8f118cbb3eb57af7ef76921e247600c9c6,666.4123120717704,19,15618.32470703125,15810.0,2,367.26228101179004,44.85631291754544,0.07945575565099716,0
cos_sim_mean_6d,forward,1,31,bb98dd0bceac09d24db1ecb2af549a92:2cf3a7a3a65c:0:1,4af9997807defa232e553246d42901a0d746fdbefff91462d7ee0c1a91ca74e4,796.0953740403056,26,15618.32470703125,15810.0,2,373.8415951374918,44.677890138700604,0.06443959474563599,0
cos_sim_mean_6d,forward,1,32,bb98dd0bceac09d24db1ecb2af549a92:2cf3a7a3a65c:0:2,75d13c8ce97c12289f2430a015d1d7989bcb997955ebfd456b23a70f3283334e,760.6331331189722,24,15618.32470703125,15810.0,2,373.4735001344234,44.87770306877792,0.027460724115371704,0
cos_sim_mean_6d,forward,1,33,bb98dd0bceac09d24db1ecb2af549a92:2cf3a7a3a65c:0:3,07076b19c18093e788139445acd32421179c80fb131abb5020ab511b244dfaf3,622.2908990457654,13,15618.32470703125,15810.0,2,426.4744201209396,45.30862998217344,0.07362283021211624,0
cos_sim_mean_6d,forward,1,34,bb98dd0bceac09d24db1ecb2af549a92:2cf3a7a3a65c:0:4,07076b19c18093e788139445acd32421179c80fb131abb5020ab511b244dfaf3,574.0260218735784,13,15618.32470703125,15810.0,2,378.47968586720526,45.09215382859111,0.060885488986968994,0
cos_sim_mean_6d,forward,1,35,b877dd782edba758ab429e3ee3de3329:97e16cc551e4:0:0,62517bae74e7259c57a7da56e4f54b797cf2a664727fb53fe05de2f3598ea92d,720.9643858950585,22,15618.39794921875,15810.0,2,369.83782495372,44.43914792500436,0.08612550050020218,0
cos_sim_mean_6d,forward,1,36,b877dd782edba758ab429e3ee3de3329:97e16cc551e4:0:1,d84210bceb3038c1ed37c6ee7bc057db462ddedaa6823742af8a6d297cb431da,791.3740880321711,26,15618.39794921875,15810.0,2,365.743035916239,45.18716409802437,0.07399764657020569,0
cos_sim_mean_6d,forward,1,37,b877dd782edba758ab429e3ee3de3329:97e16cc551e4:0:2,e2d8c9e2e95c4938f7be5f7610f5dd612f23c22b2461cafe849ff52d619824cd,791.7253698688,26,15618.39794921875,15810.0,2,368.9152770675719,44.45834504440427,0.09093106538057327,0
cos_sim_mean_6d,forward,1,38,b877dd782edba758ab429e3ee3de3329:97e16cc551e4:0:3,94d4ffe585b52d02528404f4f0629286595977610fc216797666ffe14a17ed0c,659.3392291106284,18,15618.39794921875,15810.0,2,374.91046893410385,45.07848690263927,0.06772638857364655,0
cos_sim_mean_6d,forward,1,39,b877dd782edba758ab429e3ee3de3329:97e16cc551e4:0:4,aba8c2cf6367e2e8a95bb52794ddcb426d595fad022cf2d457da88045f881ed0,617.6027681212872,16,15618.39794921875,15810.0,2,369.5225070696324,44.83774793334305,0.13132111728191376,0
cos_sim_mean_6d,forward,1,40,b877dd782edba758ab429e3ee3de3329:dd7f6c9e007d:0:0,62517bae74e7259c57a7da56e4f54b797cf2a664727fb53fe05de2f3598ea92d,727.3168400861323,22,15618.39794921875,15810.0,2,374.55049296841025,45.06806982681155,0.08612550050020218,0
cos_sim_mean_6d,forward,1,41,b877dd782edba758ab429e3ee3de3329:dd7f6c9e007d:0:1,d84210bceb3038c1ed37c6ee7bc057db462ddedaa6823742af8a6d297cb431da,814.7223750129342,26,15618.39794921875,15810.0,2,375.32337685115635,46.12707789056003,0.07399764657020569,0
cos_sim_mean_6d,forward,1,42,b877dd782edba758ab429e3ee3de3329:dd7f6c9e007d:0:2,e2d8c9e2e95c4938f7be5f7610f5dd612f23c22b2461cafe849ff52d619824cd,812.8863689489663,26,15618.39794921875,15810.0,2,384.15782689116895,46.10870988108218,0.09093106538057327,0
cos_sim_mean_6d,forward,1,43,b877dd782edba758ab429e3ee3de3329:dd7f6c9e007d:0:3,94d4ffe585b52d02528404f4f0629286595977610fc216797666ffe14a17ed0c,648.325655143708,18,15618.39794921875,15810.0,2,365.4717600438744,45.08694098331034,0.06772638857364655,0
cos_sim_mean_6d,forward,1,44,b877dd782edba758ab429e3ee3de3329:dd7f6c9e007d:0:4,aba8c2cf6367e2e8a95bb52794ddcb426d595fad022cf2d457da88045f881ed0,645.9430740214884,16,15618.39794921875,15810.0,2,385.75920299626887,46.81923403404653,0.13132111728191376,0
cos_sim_mean_6d,forward,1,45,4f59fbf51a0a5bfb4dc5af02cf294693:993dac5396a0:0:0,aa1f1fd8a9efcb963811de5e984dc16d83696aa7e913ba6980ace9aa76b7f7a3,658.4380900021642,18,15618.58154296875,15810.0,2,375.09712390601635,44.90360803902149,0.0412035807967186,0
cos_sim_mean_6d,forward,1,46,4f59fbf51a0a5bfb4dc5af02cf294693:993dac5396a0:0:1,bdcb900eea2a0e63a259e4fe2376f8cc3aec08e4611682d3f4ee038edca9d017,516.4720250759274,10,15618.58154296875,15810.0,2,374.0099319256842,44.66965398751199,0.044068578630685806,0
cos_sim_mean_6d,forward,1,47,4f59fbf51a0a5bfb4dc5af02cf294693:993dac5396a0:0:2,f3e746a5a573b9140378e527f40ef9a01e1da198199bb2597c74356d9befd366,793.6349888332188,26,15618.58154296875,15810.0,2,369.5340109989047,44.439949095249176,0.012164697051048279,0
cos_sim_mean_6d,forward,1,48,4f59fbf51a0a5bfb4dc5af02cf294693:993dac5396a0:0:3,f77a4c18118683cabf2ce423b4a1474e9a020c00dc184984ee227d2432eaaeca,798.5352671239525,26,15618.58154296875,15810.0,2,373.9167379681021,44.80733093805611,0.012001994997262955,0
cos_sim_mean_6d,forward,1,49,4f59fbf51a0a5bfb4dc5af02cf294693:993dac5396a0:0:4,082a3f27a64a793001365f40fd7d76058660d5148036e68127b7775445e5f79a,517.2369419597089,10,15618.58154296875,15810.0,2,374.808460008353,45.47982104122639,0.017937535420060158,0
cos_sim_mean_6d,reverse,0,0,1a938d25604410ccd63b60285919eaec:c627e50da685:0:0,ad7432ad3647d5979a4c8f07ea59db904408a5ca59b44fc807019ff723c8fe9d,547.4550919607282,12,15618.58154296875,15810.0,2,369.1024740692228,44.68031320720911,0.011923828162252903,0
cos_sim_mean_6d,reverse,0,1,1a938d25604410ccd63b60285919eaec:c627e50da685:0:1,ad7432ad3647d5979a4c8f07ea59db904408a5ca59b44fc807019ff723c8fe9d,543.1058839894831,12,15618.58154296875,15810.0,2,365.5023891478777,44.94257108308375,0.013695897534489632,0
cos_sim_mean_6d,reverse,0,2,1a938d25604410ccd63b60285919eaec:c627e50da685:0:2,45b29a4f9a357408272a3d9ee292dd9f825df58412a294bc76edad70933ff8f3,556.5610739868134,12,15618.58154296875,15810.0,2,379.1568800806999,45.19439511932433,0.013688511215150356,0
cos_sim_mean_6d,reverse,0,3,1a938d25604410ccd63b60285919eaec:c627e50da685:0:3,8f13312bc57593ae709f0e55a18489d480c2a86c8038ac06144174a3f51b5600,564.9417419917881,12,15618.58154296875,15810.0,2,387.2818141244352,45.02347018569708,0.012492770329117775,0
cos_sim_mean_6d,reverse,0,4,1a938d25604410ccd63b60285919eaec:c627e50da685:0:4,8f13312bc57593ae709f0e55a18489d480c2a86c8038ac06144174a3f51b5600,542.425402905792,12,15618.58154296875,15810.0,2,365.8367299940437,45.15258804894984,0.01208481751382351,0
cos_sim_mean_6d,reverse,0,5,49cd6149f02ec01ee03a6eb8287ab2df:f982e9dfaf25:0:0,dfa96710626dd8454b20bab58edadf81faa7374948fab10c0910e55037cea818,703.551921993494,20,15618.32470703125,15810.0,2,385.5548270512372,44.97155896387994,0.04598546028137207,0
cos_sim_mean_6d,reverse,0,6,49cd6149f02ec01ee03a6eb8287ab2df:f982e9dfaf25:0:1,86024a4fa91c4b919c6bf7d14d030232d1b278e47a39c03efbe698cebb092a16,680.7795369531959,19,15618.32470703125,15810.0,2,379.01870300993323,44.603669084608555,0.047764893621206284,0
cos_sim_mean_6d,reverse,0,7,49cd6149f02ec01ee03a6eb8287ab2df:f982e9dfaf25:0:2,cf7957792cc42aad7f2f87beb1240027c78a84aebb3babafec5afeab6040dc38,672.7571960072964,18,15618.32470703125,15810.0,2,390.8575139939785,44.53369812108576,0.047251708805561066,0
cos_sim_mean_6d,reverse,0,8,49cd6149f02ec01ee03a6eb8287ab2df:f982e9dfaf25:0:3,e62c1d2a0e028a848bf11c6aee602c7b04b7c5d57080024b56092666b47f8121,732.3267909232527,22,15618.32470703125,15810.0,2,378.76613391563296,45.20234186202288,0.09023633599281311,0
cos_sim_mean_6d,reverse,0,9,49cd6149f02ec01ee03a6eb8287ab2df:f982e9dfaf25:0:4,f9472589f3263b5d01f4798bd4b1db08a9f8d5bfd4a7de1f6a20d7afa4d2fc9d,645.305675920099,17,15618.32470703125,15810.0,2,378.4592829179019,44.70199695788324,0.050221387296915054,0
cos_sim_mean_6d,reverse,0,10,49cd6149f02ec01ee03a6eb8287ab2df:81739d7eb99c:0:0,dfa96710626dd8454b20bab58edadf81faa7374948fab10c0910e55037cea818,691.663351142779,20,15618.32470703125,15810.0,2,374.49848698452115,44.86883501522243,0.04598546028137207,0
cos_sim_mean_6d,reverse,0,11,49cd6149f02ec01ee03a6eb8287ab2df:81739d7eb99c:0:1,86024a4fa91c4b919c6bf7d14d030232d1b278e47a39c03efbe698cebb092a16,674.1247938480228,19,15618.32470703125,15810.0,2,373.60731279477477,44.91415084339678,0.047764893621206284,0
cos_sim_mean_6d,reverse,0,12,49cd6149f02ec01ee03a6eb8287ab2df:81739d7eb99c:0:2,cf7957792cc42aad7f2f87beb1240027c78a84aebb3babafec5afeab6040dc38,654.2619739193469,18,15618.32470703125,15810.0,2,369.8342819698155,44.74061098881066,0.047251708805561066,0
cos_sim_mean_6d,reverse,0,13,49cd6149f02ec01ee03a6eb8287ab2df:81739d7eb99c:0:3,e62c1d2a0e028a848bf11c6aee602c7b04b7c5d57080024b56092666b47f8121,731.6703291144222,22,15618.32470703125,15810.0,2,378.84506210684776,44.88734412007034,0.09023633599281311,0
cos_sim_mean_6d,reverse,0,14,49cd6149f02ec01ee03a6eb8287ab2df:81739d7eb99c:0:4,f9472589f3263b5d01f4798bd4b1db08a9f8d5bfd4a7de1f6a20d7afa4d2fc9d,643.9941201824695,17,15618.32470703125,15810.0,2,378.7096091546118,45.19136901944876,0.050221387296915054,0
cos_sim_mean_6d,reverse,0,15,c6050fe51d3408b1eaef27e08e7f1956:1458b54ae2f6:0:0,0c2763434c50e20730f49847263ef9024806cb1a0560c523ed77737027dc7584,652.4735349230468,17,15618.72802734375,15810.0,2,387.58382480591536,44.91053381934762,0.026362335309386253,0
cos_sim_mean_6d,reverse,0,16,c6050fe51d3408b1eaef27e08e7f1956:1458b54ae2f6:0:1,664067171cd1bbc5ce837d235ed3ea23011690faf92d70710e11636621c1b115,874.773469986394,30,15618.72802734375,15810.0,2,382.85205513238907,44.79753412306309,0.025893716141581535,0
cos_sim_mean_6d,reverse,0,17,c6050fe51d3408b1eaef27e08e7f1956:1458b54ae2f6:0:2,c6b78a53ab1e086ea1b1d04c24bdf6d361a4c414a514fa6f179a43df6e2fb518,917.4941771198064,33,15618.72802734375,15810.0,2,374.1517751477659,44.639013009145856,0.026893166825175285,0
cos_sim_mean_6d,reverse,0,18,c6050fe51d3408b1eaef27e08e7f1956:1458b54ae2f6:0:3,76081f5fd3a7d2fecc5219b9f1a003927ab2f0a03cbcea2809aa13575b12704d,551.3226520270109,12,15618.72802734375,15810.0,2,374.72009588964283,45.496740844100714,0.03979818522930145,0
cos_sim_mean_6d,reverse,0,19,c6050fe51d3408b1eaef27e08e7f1956:1458b54ae2f6:0:4,ad3a25be620e9e8363cf8b064f96e3948b2c3e9ae99d2778aa19fe9e3c58386a,975.9457330219448,36,15618.72802734375,15810.0,2,378.3750489819795,44.896709034219384,0.038352321833372116,0
cos_sim_mean_6d,reverse,0,20,c6050fe51d3408b1eaef27e08e7f1956:e4e99a4d6532:0:0,0c2763434c50e20730f49847263ef9024806cb1a0560c523ed77737027dc7584,631.1756430659443,17,15618.72802734375,15810.0,2,365.76638114638627,44.957228004932404,0.026362335309386253,0
cos_sim_mean_6d,reverse,0,21,c6050fe51d3408b1eaef27e08e7f1956:e4e99a4d6532:0:1,664067171cd1bbc5ce837d235ed3ea23011690faf92d70710e11636621c1b115,857.6305331662297,30,15618.72802734375,15810.0,2,365.87714520283043,45.631182147189975,0.025893716141581535,0
cos_sim_mean_6d,reverse,0,22,c6050fe51d3408b1eaef27e08e7f1956:e4e99a4d6532:0:2,c6b78a53ab1e086ea1b1d04c24bdf6d361a4c414a514fa6f179a43df6e2fb518,916.6471208445728,33,15618.72802734375,15810.0,2,374.21354185789824,45.05253885872662,0.026893166825175285,0
cos_sim_mean_6d,reverse,0,23,c6050fe51d3408b1eaef27e08e7f1956:e4e99a4d6532:0:3,76081f5fd3a7d2fecc5219b9f1a003927ab2f0a03cbcea2809aa13575b12704d,543.6475039459765,12,15618.72802734375,15810.0,2,365.6729671638459,45.04977818578482,0.03979818522930145,0
cos_sim_mean_6d,reverse,0,24,c6050fe51d3408b1eaef27e08e7f1956:e4e99a4d6532:0:4,ad3a25be620e9e8363cf8b064f96e3948b2c3e9ae99d2778aa19fe9e3c58386a,964.8317419923842,36,15618.72802734375,15810.0,2,369.21436013653874,45.533658005297184,0.038352321833372116,0
cos_sim_mean_6d,reverse,0,25,bb98dd0bceac09d24db1ecb2af549a92:377f7f0dd150:0:0,c7fdec5fa5d5e1adf291637b9bb1fe8f118cbb3eb57af7ef76921e247600c9c6,669.474391033873,19,15618.32470703125,15810.0,2,369.8388321790844,44.969841139391065,0.07945575565099716,0
cos_sim_mean_6d,reverse,0,26,bb98dd0bceac09d24db1ecb2af549a92:377f7f0dd150:0:1,4af9997807defa232e553246d42901a0d746fdbefff91462d7ee0c1a91ca74e4,796.7040380463004,26,15618.32470703125,15810.0,2,374.58477006293833,44.61866104975343,0.06443959474563599,0
cos_sim_mean_6d,reverse,0,27,bb98dd0bceac09d24db1ecb2af549a92:377f7f0dd150:0:2,75d13c8ce97c12289f2430a015d1d7989bcb997955ebfd456b23a70f3283334e,754.4008500408381,24,15618.32470703125,15810.0,2,365.39576505310833,44.973591109737754,0.027460724115371704,0
cos_sim_mean_6d,reverse,0,28,bb98dd0bceac09d24db1ecb2af549a92:377f7f0dd150:0:3,07076b19c18093e788139445acd32421179c80fb131abb5020ab511b244dfaf3,568.9246959518641,13,15618.32470703125,15810.0,2,374.18205197900534,45.087716076523066,0.07362283021211624,0
cos_sim_mean_6d,reverse,0,29,bb98dd0bceac09d24db1ecb2af549a92:377f7f0dd150:0:4,07076b19c18093e788139445acd32421179c80fb131abb5020ab511b244dfaf3,571.7847410123795,13,15618.32470703125,15810.0,2,377.9821249190718,44.46740495041013,0.060885488986968994,0
cos_sim_mean_6d,reverse,0,30,bb98dd0bceac09d24db1ecb2af549a92:2cf3a7a3a65c:0:0,c7fdec5fa5d5e1adf291637b9bb1fe8f118cbb3eb57af7ef76921e247600c9c6,674.1744971368462,19,15618.32470703125,15810.0,2,373.31757391802967,44.50131882913411,0.07945575565099716,0
cos_sim_mean_6d,reverse,0,31,bb98dd0bceac09d24db1ecb2af549a92:2cf3a7a3a65c:0:1,4af9997807defa232e553246d42901a0d746fdbefff91462d7ee0c1a91ca74e4,801.4646728988737,26,15618.32470703125,15810.0,2,374.551311833784,45.22897396236658,0.06443959474563599,0
cos_sim_mean_6d,reverse,0,32,bb98dd0bceac09d24db1ecb2af549a92:2cf3a7a3a65c:0:2,75d13c8ce97c12289f2430a015d1d7989bcb997955ebfd456b23a70f3283334e,766.5116868447512,24,15618.32470703125,15810.0,2,374.4754418730736,45.133335050195456,0.027460724115371704,0
cos_sim_mean_6d,reverse,0,33,bb98dd0bceac09d24db1ecb2af549a92:2cf3a7a3a65c:0:3,07076b19c18093e788139445acd32421179c80fb131abb5020ab511b244dfaf3,573.705323971808,13,15618.32470703125,15810.0,2,377.6462229434401,44.61673693731427,0.07362283021211624,0
cos_sim_mean_6d,reverse,0,34,bb98dd0bceac09d24db1ecb2af549a92:2cf3a7a3a65c:0:4,07076b19c18093e788139445acd32421179c80fb131abb5020ab511b244dfaf3,590.381657006219,13,15618.32470703125,15810.0,2,396.0075650829822,44.86472811549902,0.060885488986968994,0
cos_sim_mean_6d,reverse,0,35,b877dd782edba758ab429e3ee3de3329:97e16cc551e4:0:0,62517bae74e7259c57a7da56e4f54b797cf2a664727fb53fe05de2f3598ea92d,722.8905551601201,22,15618.39794921875,15810.0,2,369.36998507007957,44.60552288219333,0.08612550050020218,0
cos_sim_mean_6d,reverse,0,36,b877dd782edba758ab429e3ee3de3329:97e16cc551e4:0:1,d84210bceb3038c1ed37c6ee7bc057db462ddedaa6823742af8a6d297cb431da,798.8107700366527,26,15618.39794921875,15810.0,2,374.69740817323327,45.21094704978168,0.07399764657020569,0
cos_sim_mean_6d,reverse,0,37,b877dd782edba758ab429e3ee3de3329:97e16cc551e4:0:2,e2d8c9e2e95c4938f7be5f7610f5dd612f23c22b2461cafe849ff52d619824cd,796.5140019077808,26,15618.39794921875,15810.0,2,370.14243588782847,44.7715709451586,0.09093106538057327,0
cos_sim_mean_6d,reverse,0,38,b877dd782edba758ab429e3ee3de3329:97e16cc551e4:0:3,94d4ffe585b52d02528404f4f0629286595977610fc216797666ffe14a17ed0c,653.3694509416819,18,15618.39794921875,15810.0,2,369.571247138083,44.62525108829141,0.06772638857364655,0
cos_sim_mean_6d,reverse,0,39,b877dd782edba758ab429e3ee3de3329:97e16cc551e4:0:4,aba8c2cf6367e2e8a95bb52794ddcb426d595fad022cf2d457da88045f881ed0,622.092611854896,16,15618.39794921875,15810.0,2,373.2152278535068,44.381351908668876,0.13132111728191376,0
cos_sim_mean_6d,reverse,0,40,b877dd782edba758ab429e3ee3de3329:dd7f6c9e007d:0:0,62517bae74e7259c57a7da56e4f54b797cf2a664727fb53fe05de2f3598ea92d,719.8350508697331,22,15618.39794921875,15810.0,2,367.58258496411145,44.62602804414928,0.08612550050020218,0
cos_sim_mean_6d,reverse,0,41,b877dd782edba758ab429e3ee3de3329:dd7f6c9e007d:0:1,d84210bceb3038c1ed37c6ee7bc057db462ddedaa6823742af8a6d297cb431da,808.2952678669244,26,15618.39794921875,15810.0,2,377.9821079224348,44.54836901277304,0.07399764657020569,0
cos_sim_mean_6d,reverse,0,42,b877dd782edba758ab429e3ee3de3329:dd7f6c9e007d:0:2,e2d8c9e2e95c4938f7be5f7610f5dd612f23c22b2461cafe849ff52d619824cd,793.6791831161827,26,15618.39794921875,15810.0,2,367.3672070726752,46.36120400391519,0.09093106538057327,0
cos_sim_mean_6d,reverse,0,43,b877dd782edba758ab429e3ee3de3329:dd7f6c9e007d:0:3,94d4ffe585b52d02528404f4f0629286595977610fc216797666ffe14a17ed0c,657.4932129587978,18,15618.39794921875,15810.0,2,370.11407292447984,44.69455499202013,0.06772638857364655,0
cos_sim_mean_6d,reverse,0,44,b877dd782edba758ab429e3ee3de3329:dd7f6c9e007d:0:4,aba8c2cf6367e2e8a95bb52794ddcb426d595fad022cf2d457da88045f881ed0,619.7893049102277,16,15618.39794921875,15810.0,2,370.5720999278128,45.17428204417229,0.13132111728191376,0
cos_sim_mean_6d,reverse,0,45,4f59fbf51a0a5bfb4dc5af02cf294693:993dac5396a0:0:0,aa1f1fd8a9efcb963811de5e984dc16d83696aa7e913ba6980ace9aa76b7f7a3,653.7130188662559,18,15618.58154296875,15810.0,2,367.8379999473691,44.88869593478739,0.0412035807967186,0
cos_sim_mean_6d,reverse,0,46,4f59fbf51a0a5bfb4dc5af02cf294693:993dac5396a0:0:1,bdcb900eea2a0e63a259e4fe2376f8cc3aec08e4611682d3f4ee038edca9d017,526.3924479950219,10,15618.58154296875,15810.0,2,383.3440048620105,44.892753940075636,0.044068578630685806,0
cos_sim_mean_6d,reverse,0,47,4f59fbf51a0a5bfb4dc5af02cf294693:993dac5396a0:0:2,f3e746a5a573b9140378e527f40ef9a01e1da198199bb2597c74356d9befd366,807.2106020990759,26,15618.58154296875,15810.0,2,374.0423321723938,45.04869203083217,0.012164697051048279,0
cos_sim_mean_6d,reverse,0,48,4f59fbf51a0a5bfb4dc5af02cf294693:993dac5396a0:0:3,f77a4c18118683cabf2ce423b4a1474e9a020c00dc184984ee227d2432eaaeca,803.9670858997852,26,15618.58154296875,15810.0,2,376.1517929378897,46.55171907506883,0.012001994997262955,0
cos_sim_mean_6d,reverse,0,49,4f59fbf51a0a5bfb4dc5af02cf294693:993dac5396a0:0:4,082a3f27a64a793001365f40fd7d76058660d5148036e68127b7775445e5f79a,526.1317798867822,10,15618.58154296875,15810.0,2,383.2630680408329,44.95990416035056,0.017937535420060158,0
cos_sim_mean_6d,reverse,1,0,1a938d25604410ccd63b60285919eaec:c627e50da685:0:0,ad7432ad3647d5979a4c8f07ea59db904408a5ca59b44fc807019ff723c8fe9d,549.4967298582196,12,15618.58154296875,15810.0,2,370.6571359653026,44.76469708606601,0.011923828162252903,0
cos_sim_mean_6d,reverse,1,1,1a938d25604410ccd63b60285919eaec:c627e50da685:0:1,ad7432ad3647d5979a4c8f07ea59db904408a5ca59b44fc807019ff723c8fe9d,561.674009077251,12,15618.58154296875,15810.0,2,383.74366401694715,45.51626183092594,0.013695897534489632,0
cos_sim_mean_6d,reverse,1,2,1a938d25604410ccd63b60285919eaec:c627e50da685:0:2,45b29a4f9a357408272a3d9ee292dd9f825df58412a294bc76edad70933ff8f3,549.4507059920579,12,15618.58154296875,15810.0,2,370.50638906657696,45.285947155207396,0.013688511215150356,0
cos_sim_mean_6d,reverse,1,3,1a938d25604410ccd63b60285919eaec:c627e50da685:0:3,8f13312bc57593ae709f0e55a18489d480c2a86c8038ac06144174a3f51b5600,553.5969408228993,12,15618.58154296875,15810.0,2,375.7979979272932,45.768383890390396,0.012492770329117775,0
cos_sim_mean_6d,reverse,1,4,1a938d25604410ccd63b60285919eaec:c627e50da685:0:4,8f13312bc57593ae709f0e55a18489d480c2a86c8038ac06144174a3f51b5600,549.2535152006894,12,15618.58154296875,15810.0,2,370.7120190374553,45.653932029381394,0.01208481751382351,0
cos_sim_mean_6d,reverse,1,5,49cd6149f02ec01ee03a6eb8287ab2df:f982e9dfaf25:0:0,dfa96710626dd8454b20bab58edadf81faa7374948fab10c0910e55037cea818,707.102462882176,20,15618.32470703125,15810.0,2,388.43768183141947,45.5615168903023,0.04598546028137207,0
cos_sim_mean_6d,reverse,1,6,49cd6149f02ec01ee03a6eb8287ab2df:f982e9dfaf25:0:1,86024a4fa91c4b919c6bf7d14d030232d1b278e47a39c03efbe698cebb092a16,679.9953901208937,19,15618.32470703125,15810.0,2,375.5941709969193,45.472429832443595,0.047764893621206284,0
cos_sim_mean_6d,reverse,1,7,49cd6149f02ec01ee03a6eb8287ab2df:f982e9dfaf25:0:2,cf7957792cc42aad7f2f87beb1240027c78a84aebb3babafec5afeab6040dc38,668.4126700274646,18,15618.32470703125,15810.0,2,382.93410697951913,45.18092097714543,0.047251708805561066,0
cos_sim_mean_6d,reverse,1,8,49cd6149f02ec01ee03a6eb8287ab2df:f982e9dfaf25:0:3,e62c1d2a0e028a848bf11c6aee602c7b04b7c5d57080024b56092666b47f8121,737.083168933168,22,15618.32470703125,15810.0,2,382.8555569052696,44.942033011466265,0.09023633599281311,0
cos_sim_mean_6d,reverse,1,9,49cd6149f02ec01ee03a6eb8287ab2df:f982e9dfaf25:0:4,f9472589f3263b5d01f4798bd4b1db08a9f8d5bfd4a7de1f6a20d7afa4d2fc9d,650.479736039415,17,15618.32470703125,15810.0,2,384.0037330519408,45.18648190423846,0.050221387296915054,0
cos_sim_mean_6d,reverse,1,10,49cd6149f02ec01ee03a6eb8287ab2df:81739d7eb99c:0:0,dfa96710626dd8454b20bab58edadf81faa7374948fab10c0910e55037cea818,692.5649610348046,20,15618.32470703125,15810.0,2,373.44886898063123,44.48140203021467,0.04598546028137207,0
cos_sim_mean_6d,reverse,1,11,49cd6149f02ec01ee03a6eb8287ab2df:81739d7eb99c:0:1,86024a4fa91c4b919c6bf7d14d030232d1b278e47a39c03efbe698cebb092a16,682.8876289073378,19,15618.32470703125,15810.0,2,379.73869196139276,45.2839988283813,0.047764893621206284,0
cos_sim_mean_6d,reverse,1,12,49cd6149f02ec01ee03a6eb8287ab2df:81739d7eb99c:0:2,cf7957792cc42aad7f2f87beb1240027c78a84aebb3babafec5afeab6040dc38,651.8349389079958,18,15618.32470703125,15810.0,2,369.26087201572955,44.4958689622581,0.047251708805561066,0
cos_sim_mean_6d,reverse,1,13,49cd6149f02ec01ee03a6eb8287ab2df:81739d7eb99c:0:3,e62c1d2a0e028a848bf11c6aee602c7b04b7c5d57080024b56092666b47f8121,722.9996081441641,22,15618.32470703125,15810.0,2,365.9629891626537,45.48818012699485,0.09023633599281311,0
cos_sim_mean_6d,reverse,1,14,49cd6149f02ec01ee03a6eb8287ab2df:81739d7eb99c:0:4,f9472589f3263b5d01f4798bd4b1db08a9f8d5bfd4a7de1f6a20d7afa4d2fc9d,636.3651698920876,17,15618.32470703125,15810.0,2,373.56785987503827,44.281575828790665,0.050221387296915054,0
cos_sim_mean_6d,reverse,1,15,c6050fe51d3408b1eaef27e08e7f1956:1458b54ae2f6:0:0,0c2763434c50e20730f49847263ef9024806cb1a0560c523ed77737027dc7584,637.3314638622105,17,15618.72802734375,15810.0,2,371.4351018425077,45.27930496260524,0.026362335309386253,0
cos_sim_mean_6d,reverse,1,16,c6050fe51d3408b1eaef27e08e7f1956:1458b54ae2f6:0:1,664067171cd1bbc5ce837d235ed3ea23011690faf92d70710e11636621c1b115,867.8688039071858,30,15618.72802734375,15810.0,2,374.6773039456457,45.169602148234844,0.025893716141581535,0
cos_sim_mean_6d,reverse,1,17,c6050fe51d3408b1eaef27e08e7f1956:1458b54ae2f6:0:2,c6b78a53ab1e086ea1b1d04c24bdf6d361a4c414a514fa6f179a43df6e2fb518,927.8100829105824,33,15618.72802734375,15810.0,2,379.7404789365828,45.90013693086803,0.026893166825175285,0
cos_sim_mean_6d,reverse,1,18,c6050fe51d3408b1eaef27e08e7f1956:1458b54ae2f6:0:3,76081f5fd3a7d2fecc5219b9f1a003927ab2f0a03cbcea2809aa13575b12704d,566.0418078768998,12,15618.72802734375,15810.0,2,387.94723083265126,45.148089062422514,0.03979818522930145,0
cos_sim_mean_6d,reverse,1,19,c6050fe51d3408b1eaef27e08e7f1956:1458b54ae2f6:0:4,ad3a25be620e9e8363cf8b064f96e3948b2c3e9ae99d2778aa19fe9e3c58386a,964.6629588678479,36,15618.72802734375,15810.0,2,366.1425330210477,45.23878404870629,0.038352321833372116,0
cos_sim_mean_6d,reverse,1,20,c6050fe51d3408b1eaef27e08e7f1956:e4e99a4d6532:0:0,0c2763434c50e20730f49847263ef9024806cb1a0560c523ed77737027dc7584,640.0382360443473,17,15618.72802734375,15810.0,2,373.9654291421175,44.70487521030009,0.026362335309386253,0
cos_sim_mean_6d,reverse,1,21,c6050fe51d3408b1eaef27e08e7f1956:e4e99a4d6532:0:1,664067171cd1bbc5ce837d235ed3ea23011690faf92d70710e11636621c1b115,872.844560071826,30,15618.72802734375,15810.0,2,375.1094229519367,45.59798492118716,0.025893716141581535,0
cos_sim_mean_6d,reverse,1,22,c6050fe51d3408b1eaef27e08e7f1956:e4e99a4d6532:0:2,c6b78a53ab1e086ea1b1d04c24bdf6d361a4c414a514fa6f179a43df6e2fb518,922.2167450934649,33,15618.72802734375,15810.0,2,373.5960889607668,44.33564888313413,0.026893166825175285,0
cos_sim_mean_6d,reverse,1,23,c6050fe51d3408b1eaef27e08e7f1956:e4e99a4d6532:0:3,76081f5fd3a7d2fecc5219b9f1a003927ab2f0a03cbcea2809aa13575b12704d,554.3387511279434,12,15618.72802734375,15810.0,2,376.40345515683293,46.338571002706885,0.03979818522930145,0
cos_sim_mean_6d,reverse,1,24,c6050fe51d3408b1eaef27e08e7f1956:e4e99a4d6532:0:4,ad3a25be620e9e8363cf8b064f96e3948b2c3e9ae99d2778aa19fe9e3c58386a,986.4187899511307,36,15618.72802734375,15810.0,2,383.5954568348825,45.099111972376704,0.038352321833372116,0
cos_sim_mean_6d,reverse,1,25,bb98dd0bceac09d24db1ecb2af549a92:377f7f0dd150:0:0,c7fdec5fa5d5e1adf291637b9bb1fe8f118cbb3eb57af7ef76921e247600c9c6,694.1434049513191,19,15618.32470703125,15810.0,2,392.2972350846976,44.65784318745136,0.07945575565099716,0
cos_sim_mean_6d,reverse,1,26,bb98dd0bceac09d24db1ecb2af549a92:377f7f0dd150:0:1,4af9997807defa232e553246d42901a0d746fdbefff91462d7ee0c1a91ca74e4,796.7533101327717,26,15618.32470703125,15810.0,2,370.5453621223569,45.451279962435365,0.06443959474563599,0
cos_sim_mean_6d,reverse,1,27,bb98dd0bceac09d24db1ecb2af549a92:377f7f0dd150:0:2,75d13c8ce97c12289f2430a015d1d7989bcb997955ebfd456b23a70f3283334e,768.6078171245754,24,15618.32470703125,15810.0,2,372.1587681211531,46.80940811522305,0.027460724115371704,0
cos_sim_mean_6d,reverse,1,28,bb98dd0bceac09d24db1ecb2af549a92:377f7f0dd150:0:3,07076b19c18093e788139445acd32421179c80fb131abb5020ab511b244dfaf3,571.3927869219333,13,15618.32470703125,15810.0,2,375.3303608391434,44.8397328145802,0.07362283021211624,0
cos_sim_mean_6d,reverse,1,29,bb98dd0bceac09d24db1ecb2af549a92:377f7f0dd150:0:4,07076b19c18093e788139445acd32421179c80fb131abb5020ab511b244dfaf3,578.6210088990629,13,15618.32470703125,15810.0,2,383.5623459890485,45.26083008386195,0.060885488986968994,0
cos_sim_mean_6d,reverse,1,30,bb98dd0bceac09d24db1ecb2af549a92:2cf3a7a3a65c:0:0,c7fdec5fa5d5e1adf291637b9bb1fe8f118cbb3eb57af7ef76921e247600c9c6,714.1933219972998,19,15618.32470703125,15810.0,2,413.4186760056764,44.92221889086068,0.07945575565099716,0
cos_sim_mean_6d,reverse,1,31,bb98dd0bceac09d24db1ecb2af549a92:2cf3a7a3a65c:0:1,4af9997807defa232e553246d42901a0d746fdbefff91462d7ee0c1a91ca74e4,806.4603079110384,26,15618.32470703125,15810.0,2,383.03104299120605,44.762220000848174,0.06443959474563599,0
cos_sim_mean_6d,reverse,1,32,bb98dd0bceac09d24db1ecb2af549a92:2cf3a7a3a65c:0:2,75d13c8ce97c12289f2430a015d1d7989bcb997955ebfd456b23a70f3283334e,762.7132770139724,24,15618.32470703125,15810.0,2,374.0123340394348,44.588278979063034,0.027460724115371704,0
cos_sim_mean_6d,reverse,1,33,bb98dd0bceac09d24db1ecb2af549a92:2cf3a7a3a65c:0:3,07076b19c18093e788139445acd32421179c80fb131abb5020ab511b244dfaf3,577.4588971398771,13,15618.32470703125,15810.0,2,383.2494970411062,45.22624588571489,0.07362283021211624,0
cos_sim_mean_6d,reverse,1,34,bb98dd0bceac09d24db1ecb2af549a92:2cf3a7a3a65c:0:4,07076b19c18093e788139445acd32421179c80fb131abb5020ab511b244dfaf3,560.3342270478606,13,15618.32470703125,15810.0,2,366.027768002823,45.28434481471777,0.060885488986968994,0
cos_sim_mean_6d,reverse,1,35,b877dd782edba758ab429e3ee3de3329:97e16cc551e4:0:0,62517bae74e7259c57a7da56e4f54b797cf2a664727fb53fe05de2f3598ea92d,726.5316802076995,22,15618.39794921875,15810.0,2,374.16773312725127,44.94902305305004,0.08612550050020218,0
cos_sim_mean_6d,reverse,1,36,b877dd782edba758ab429e3ee3de3329:97e16cc551e4:0:1,d84210bceb3038c1ed37c6ee7bc057db462ddedaa6823742af8a6d297cb431da,799.2876770440489,26,15618.39794921875,15810.0,2,374.6474899817258,44.591937912628055,0.07399764657020569,0
cos_sim_mean_6d,reverse,1,37,b877dd782edba758ab429e3ee3de3329:97e16cc551e4:0:2,e2d8c9e2e95c4938f7be5f7610f5dd612f23c22b2461cafe849ff52d619824cd,806.4413850661367,26,15618.39794921875,15810.0,2,383.4581149276346,45.210085809230804,0.09093106538057327,0
cos_sim_mean_6d,reverse,1,38,b877dd782edba758ab429e3ee3de3329:97e16cc551e4:0:3,94d4ffe585b52d02528404f4f0629286595977610fc216797666ffe14a17ed0c,653.0147860758007,18,15618.39794921875,15810.0,2,370.2054291497916,44.36217900365591,0.06772638857364655,0
cos_sim_mean_6d,reverse,1,39,b877dd782edba758ab429e3ee3de3329:97e16cc551e4:0:4,aba8c2cf6367e2e8a95bb52794ddcb426d595fad022cf2d457da88045f881ed0,622.8389958851039,16,15618.39794921875,15810.0,2,375.0655280891806,45.55042018182576,0.13132111728191376,0
cos_sim_mean_6d,reverse,1,40,b877dd782edba758ab429e3ee3de3329:dd7f6c9e007d:0:0,62517bae74e7259c57a7da56e4f54b797cf2a664727fb53fe05de2f3598ea92d,724.6664150152355,22,15618.39794921875,15810.0,2,372.2482481971383,46.50683607906103,0.08612550050020218,0
cos_sim_mean_6d,reverse,1,41,b877dd782edba758ab429e3ee3de3329:dd7f6c9e007d:0:1,d84210bceb3038c1ed37c6ee7bc057db462ddedaa6823742af8a6d297cb431da,787.9989228677005,26,15618.39794921875,15810.0,2,365.90842180885375,44.849328929558396,0.07399764657020569,0
cos_sim_mean_6d,reverse,1,42,b877dd782edba758ab429e3ee3de3329:dd7f6c9e007d:0:2,e2d8c9e2e95c4938f7be5f7610f5dd612f23c22b2461cafe849ff52d619824cd,820.1894459780306,26,15618.39794921875,15810.0,2,395.912631880492,44.74977892823517,0.09093106538057327,0
cos_sim_mean_6d,reverse,1,43,b877dd782edba758ab429e3ee3de3329:dd7f6c9e007d:0:3,94d4ffe585b52d02528404f4f0629286595977610fc216797666ffe14a17ed0c,657.0668879430741,18,15618.39794921875,15810.0,2,374.5644139125943,45.06616294384003,0.06772638857364655,0
cos_sim_mean_6d,reverse,1,44,b877dd782edba758ab429e3ee3de3329:dd7f6c9e007d:0:4,aba8c2cf6367e2e8a95bb52794ddcb426d595fad022cf2d457da88045f881ed0,627.2800620645285,16,15618.39794921875,15810.0,2,379.31935396045446,45.50398490391672,0.13132111728191376,0
cos_sim_mean_6d,reverse,1,45,4f59fbf51a0a5bfb4dc5af02cf294693:993dac5396a0:0:0,aa1f1fd8a9efcb963811de5e984dc16d83696aa7e913ba6980ace9aa76b7f7a3,663.1116739008576,18,15618.58154296875,15810.0,2,379.8158548306674,45.335714938119054,0.0412035807967186,0
cos_sim_mean_6d,reverse,1,46,4f59fbf51a0a5bfb4dc5af02cf294693:993dac5396a0:0:1,bdcb900eea2a0e63a259e4fe2376f8cc3aec08e4611682d3f4ee038edca9d017,521.8208669684827,10,15618.58154296875,15810.0,2,378.50050698034465,44.662626925855875,0.044068578630685806,0
cos_sim_mean_6d,reverse,1,47,4f59fbf51a0a5bfb4dc5af02cf294693:993dac5396a0:0:2,f3e746a5a573b9140378e527f40ef9a01e1da198199bb2597c74356d9befd366,790.2160219382495,26,15618.58154296875,15810.0,2,365.21515203639865,44.4613799918443,0.012164697051048279,0
cos_sim_mean_6d,reverse,1,48,4f59fbf51a0a5bfb4dc5af02cf294693:993dac5396a0:0:3,f77a4c18118683cabf2ce423b4a1474e9a020c00dc184984ee227d2432eaaeca,828.5456039011478,26,15618.58154296875,15810.0,2,405.0257308408618,44.817300979048014,0.012001994997262955,0
cos_sim_mean_6d,reverse,1,49,4f59fbf51a0a5bfb4dc5af02cf294693:993dac5396a0:0:4,082a3f27a64a793001365f40fd7d76058660d5148036e68127b7775445e5f79a,513.2210289593786,10,15618.58154296875,15810.0,2,369.8148559778929,44.5950860157609,0.017937535420060158,0
full_72d,reverse,0,0,1a938d25604410ccd63b60285919eaec:c627e50da685:0:0,ad7432ad3647d5979a4c8f07ea59db904408a5ca59b44fc807019ff723c8fe9d,542.2980270814151,12,15618.58154296875,15810.0,2,365.8475219272077,44.99047598801553,0.12200161069631577,0
full_72d,reverse,0,1,1a938d25604410ccd63b60285919eaec:c627e50da685:0:1,ad7432ad3647d5979a4c8f07ea59db904408a5ca59b44fc807019ff723c8fe9d,560.5272450484335,12,15618.58154296875,15810.0,2,383.72699986211956,45.39084597490728,0.12200161069631577,0
full_72d,reverse,0,2,1a938d25604410ccd63b60285919eaec:c627e50da685:0:2,45b29a4f9a357408272a3d9ee292dd9f825df58412a294bc76edad70933ff8f3,548.5873168800026,12,15618.58154296875,15810.0,2,371.55451090075076,46.364224050194025,0.12200161069631577,0
full_72d,reverse,0,3,1a938d25604410ccd63b60285919eaec:c627e50da685:0:3,8f13312bc57593ae709f0e55a18489d480c2a86c8038ac06144174a3f51b5600,548.242140095681,12,15618.58154296875,15810.0,2,370.5444191582501,44.973039999604225,0.1243600994348526,0
full_72d,reverse,0,4,1a938d25604410ccd63b60285919eaec:c627e50da685:0:4,8f13312bc57593ae709f0e55a18489d480c2a86c8038ac06144174a3f51b5600,548.6534959636629,12,15618.58154296875,15810.0,2,371.0039830766618,44.91863306611776,0.12357041239738464,0
full_72d,reverse,0,5,49cd6149f02ec01ee03a6eb8287ab2df:f982e9dfaf25:0:0,dfa96710626dd8454b20bab58edadf81faa7374948fab10c0910e55037cea818,700.8565980941057,20,15618.32470703125,15810.0,2,382.9341761302203,44.82956207357347,0.15359053015708923,0
full_72d,reverse,0,6,49cd6149f02ec01ee03a6eb8287ab2df:f982e9dfaf25:0:1,86024a4fa91c4b919c6bf7d14d030232d1b278e47a39c03efbe698cebb092a16,666.4762159343809,19,15618.32470703125,15810.0,2,366.4784098509699,45.552297960966825,0.15219394862651825,0
full_72d,reverse,0,7,49cd6149f02ec01ee03a6eb8287ab2df:f982e9dfaf25:0:2,cf7957792cc42aad7f2f87beb1240027c78a84aebb3babafec5afeab6040dc38,701.2898540124297,18,15618.32470703125,15810.0,2,415.72818998247385,46.78074596449733,0.14883455634117126,0
full_72d,reverse,0,8,49cd6149f02ec01ee03a6eb8287ab2df:f982e9dfaf25:0:3,e62c1d2a0e028a848bf11c6aee602c7b04b7c5d57080024b56092666b47f8121,742.9863358847797,22,15618.32470703125,15810.0,2,380.67384995520115,46.89305298961699,0.1498080939054489,0
full_72d,reverse,0,9,49cd6149f02ec01ee03a6eb8287ab2df:f982e9dfaf25:0:4,f9472589f3263b5d01f4798bd4b1db08a9f8d5bfd4a7de1f6a20d7afa4d2fc9d,637.9168820567429,17,15618.32470703125,15810.0,2,371.63751502521336,46.713776187971234,0.1438559740781784,0
full_72d,reverse,0,10,49cd6149f02ec01ee03a6eb8287ab2df:81739d7eb99c:0:0,dfa96710626dd8454b20bab58edadf81faa7374948fab10c0910e55037cea818,697.7909959387034,20,15618.32470703125,15810.0,2,367.08773393183947,46.98995500802994,0.15359053015708923,0
full_72d,reverse,0,11,49cd6149f02ec01ee03a6eb8287ab2df:81739d7eb99c:0:1,86024a4fa91c4b919c6bf7d14d030232d1b278e47a39c03efbe698cebb092a16,679.6880110632628,19,15618.32470703125,15810.0,2,378.93572309985757,46.90212709829211,0.15219394862651825,0
full_72d,reverse,0,12,49cd6149f02ec01ee03a6eb8287ab2df:81739d7eb99c:0:2,cf7957792cc42aad7f2f87beb1240027c78a84aebb3babafec5afeab6040dc38,654.4871940277517,18,15618.32470703125,15810.0,2,373.5068261157721,45.018607983365655,0.14883455634117126,0
full_72d,reverse,0,13,49cd6149f02ec01ee03a6eb8287ab2df:81739d7eb99c:0:3,e62c1d2a0e028a848bf11c6aee602c7b04b7c5d57080024b56092666b47f8121,714.975822949782,22,15618.32470703125,15810.0,2,365.18527497537434,44.85791688784957,0.1498080939054489,0
full_72d,reverse,0,14,49cd6149f02ec01ee03a6eb8287ab2df:81739d7eb99c:0:4,f9472589f3263b5d01f4798bd4b1db08a9f8d5bfd4a7de1f6a20d7afa4d2fc9d,642.2266368754208,17,15618.32470703125,15810.0,2,378.52393300272524,45.105616096407175,0.1438559740781784,0
full_72d,reverse,0,15,c6050fe51d3408b1eaef27e08e7f1956:1458b54ae2f6:0:0,0c2763434c50e20730f49847263ef9024806cb1a0560c523ed77737027dc7584,648.0757801327854,17,15618.72802734375,15810.0,2,383.27826117165387,45.35428900271654,0.11488623917102814,0
full_72d,reverse,0,16,c6050fe51d3408b1eaef27e08e7f1956:1458b54ae2f6:0:1,664067171cd1bbc5ce837d235ed3ea23011690faf92d70710e11636621c1b115,917.1991080511361,30,15618.72802734375,15810.0,2,409.3748959712684,45.4218341037631,0.1198180615901947,0
full_72d,reverse,0,17,c6050fe51d3408b1eaef27e08e7f1956:1458b54ae2f6:0:2,c6b78a53ab1e086ea1b1d04c24bdf6d361a4c414a514fa6f179a43df6e2fb518,951.8428349401802,33,15618.72802734375,15810.0,2,383.75421590171754,45.67028395831585,0.11802785843610764,0
full_72d,reverse,0,18,c6050fe51d3408b1eaef27e08e7f1956:1458b54ae2f6:0:3,76081f5fd3a7d2fecc5219b9f1a003927ab2f0a03cbcea2809aa13575b12704d,569.7678332217038,12,15618.72802734375,15810.0,2,394.17764102108777,47.37644991837442,0.12162208557128906,0
full_72d,reverse,0,19,c6050fe51d3408b1eaef27e08e7f1956:1458b54ae2f6:0:4,ad3a25be620e9e8363cf8b064f96e3948b2c3e9ae99d2778aa19fe9e3c58386a,985.2262248750776,36,15618.72802734375,15810.0,2,385.1504269987345,47.13476519100368,0.13421709835529327,0
full_72d,reverse,0,20,c6050fe51d3408b1eaef27e08e7f1956:e4e99a4d6532:0:0,0c2763434c50e20730f49847263ef9024806cb1a0560c523ed77737027dc7584,656.050463905558,17,15618.72802734375,15810.0,2,391.8057580012828,44.871036894619465,0.11488623917102814,0
full_72d,reverse,0,21,c6050fe51d3408b1eaef27e08e7f1956:e4e99a4d6532:0:1,664067171cd1bbc5ce837d235ed3ea23011690faf92d70710e11636621c1b115,888.9036779291928,30,15618.72802734375,15810.0,2,375.75690797530115,46.234802110120654,0.1198180615901947,0
full_72d,reverse,0,22,c6050fe51d3408b1eaef27e08e7f1956:e4e99a4d6532:0:2,c6b78a53ab1e086ea1b1d04c24bdf6d361a4c414a514fa6f179a43df6e2fb518,946.7345571611077,33,15618.72802734375,15810.0,2,394.1886310931295,45.869583962485194,0.11802785843610764,0
full_72d,reverse,0,23,c6050fe51d3408b1eaef27e08e7f1956:e4e99a4d6532:0:3,76081f5fd3a7d2fecc5219b9f1a003927ab2f0a03cbcea2809aa13575b12704d,556.4750200137496,12,15618.72802734375,15810.0,2,380.4121920838952,45.519351959228516,0.12162208557128906,0
full_72d,reverse,0,24,c6050fe51d3408b1eaef27e08e7f1956:e4e99a4d6532:0:4,ad3a25be620e9e8363cf8b064f96e3948b2c3e9ae99d2778aa19fe9e3c58386a,979.3279268778861,36,15618.72802734375,15810.0,2,379.30971197783947,45.67599901929498,0.13421709835529327,0
full_72d,reverse,0,25,bb98dd0bceac09d24db1ecb2af549a92:377f7f0dd150:0:0,c7fdec5fa5d5e1adf291637b9bb1fe8f118cbb3eb57af7ef76921e247600c9c6,674.479593988508,19,15618.32470703125,15810.0,2,374.4708609301597,45.49457808025181,0.11448126286268234,0
full_72d,reverse,0,26,bb98dd0bceac09d24db1ecb2af549a92:377f7f0dd150:0:1,4af9997807defa232e553246d42901a0d746fdbefff91462d7ee0c1a91ca74e4,791.7858709115535,26,15618.32470703125,15810.0,2,369.1428860183805,44.641347136348486,0.11448126286268234,0
full_72d,reverse,0,27,bb98dd0bceac09d24db1ecb2af549a92:377f7f0dd150:0:2,75d13c8ce97c12289f2430a015d1d7989bcb997955ebfd456b23a70f3283334e,760.9841569792479,24,15618.32470703125,15810.0,2,374.3375961203128,45.65667710267007,0.11427383124828339,0
full_72d,reverse,0,28,bb98dd0bceac09d24db1ecb2af549a92:377f7f0dd150:0:3,07076b19c18093e788139445acd32421179c80fb131abb5020ab511b244dfaf3,572.1213689539582,13,15618.32470703125,15810.0,2,378.00104706548154,44.797881972044706,0.11594048887491226,0
full_72d,reverse,0,29,bb98dd0bceac09d24db1ecb2af549a92:377f7f0dd150:0:4,07076b19c18093e788139445acd32421179c80fb131abb5020ab511b244dfaf3,566.6429630946368,13,15618.32470703125,15810.0,2,373.4258140902966,44.826626079156995,0.11594048887491226,0
full_72d,reverse,0,30,bb98dd0bceac09d24db1ecb2af549a92:2cf3a7a3a65c:0:0,c7fdec5fa5d5e1adf291637b9bb1fe8f118cbb3eb57af7ef76921e247600c9c6,666.6139541193843,19,15618.32470703125,15810.0,2,369.18737017549574,44.72738318145275,0.11448126286268234,0
full_72d,reverse,0,31,bb98dd0bceac09d24db1ecb2af549a92:2cf3a7a3a65c:0:1,4af9997807defa232e553246d42901a0d746fdbefff91462d7ee0c1a91ca74e4,787.5442069489509,26,15618.32470703125,15810.0,2,365.273613948375,45.36003712564707,0.11448126286268234,0
full_72d,reverse,0,32,bb98dd0bceac09d24db1ecb2af549a92:2cf3a7a3a65c:0:2,75d13c8ce97c12289f2430a015d1d7989bcb997955ebfd456b23a70f3283334e,769.9598141480237,24,15618.32470703125,15810.0,2,382.9839800018817,44.966585002839565,0.11427383124828339,0
full_72d,reverse,0,33,bb98dd0bceac09d24db1ecb2af549a92:2cf3a7a3a65c:0:3,07076b19c18093e788139445acd32421179c80fb131abb5020ab511b244dfaf3,567.849125014618,13,15618.32470703125,15810.0,2,373.7135559786111,44.99349882826209,0.11594048887491226,0
full_72d,reverse,0,34,bb98dd0bceac09d24db1ecb2af549a92:2cf3a7a3a65c:0:4,07076b19c18093e788139445acd32421179c80fb131abb5020ab511b244dfaf3,567.5916408654302,13,15618.32470703125,15810.0,2,374.0022159181535,45.396794099360704,0.11594048887491226,0
full_72d,reverse,0,35,b877dd782edba758ab429e3ee3de3329:97e16cc551e4:0:0,62517bae74e7259c57a7da56e4f54b797cf2a664727fb53fe05de2f3598ea92d,722.4164751823992,22,15618.39794921875,15810.0,2,369.8670221492648,45.328253181651235,0.17854845523834229,0
full_72d,reverse,0,36,b877dd782edba758ab429e3ee3de3329:97e16cc551e4:0:1,d84210bceb3038c1ed37c6ee7bc057db462ddedaa6823742af8a6d297cb431da,791.036366019398,26,15618.39794921875,15810.0,2,373.74613992869854,44.679680839180946,0.1300927847623825,0
full_72d,reverse,0,37,b877dd782edba758ab429e3ee3de3329:97e16cc551e4:0:2,e2d8c9e2e95c4938f7be5f7610f5dd612f23c22b2461cafe849ff52d619824cd,805.5645779240876,26,15618.39794921875,15810.0,2,384.5972300041467,44.84455194324255,0.12986119091510773,0
full_72d,reverse,0,38,b877dd782edba758ab429e3ee3de3329:97e16cc551e4:0:3,94d4ffe585b52d02528404f4f0629286595977610fc216797666ffe14a17ed0c,668.9677340909839,18,15618.39794921875,15810.0,2,387.7197739202529,45.09174288250506,0.13164877891540527,0
full_72d,reverse,0,39,b877dd782edba758ab429e3ee3de3329:97e16cc551e4:0:4,aba8c2cf6367e2e8a95bb52794ddcb426d595fad022cf2d457da88045f881ed0,621.1446940433234,16,15618.39794921875,15810.0,2,374.2418719921261,45.01684312708676,0.14208467304706573,0
full_72d,reverse,0,40,b877dd782edba758ab429e3ee3de3329:dd7f6c9e007d:0:0,62517bae74e7259c57a7da56e4f54b797cf2a664727fb53fe05de2f3598ea92d,741.5824078489095,22,15618.39794921875,15810.0,2,384.3871939461678,45.965777011588216,0.17854845523834229,0
full_72d,reverse,0,41,b877dd782edba758ab429e3ee3de3329:dd7f6c9e007d:0:1,d84210bceb3038c1ed37c6ee7bc057db462ddedaa6823742af8a6d297cb431da,818.7525768298656,26,15618.39794921875,15810.0,2,384.4669908285141,45.995478983968496,0.1300927847623825,0
full_72d,reverse,0,42,b877dd782edba758ab429e3ee3de3329:dd7f6c9e007d:0:2,e2d8c9e2e95c4938f7be5f7610f5dd612f23c22b2461cafe849ff52d619824cd,812.6337151043117,26,15618.39794921875,15810.0,2,380.71196200326085,48.642328940331936,0.12986119091510773,0
full_72d,reverse,0,43,b877dd782edba758ab429e3ee3de3329:dd7f6c9e007d:0:3,94d4ffe585b52d02528404f4f0629286595977610fc216797666ffe14a17ed0c,672.8354599326849,18,15618.39794921875,15810.0,2,382.7013620175421,46.43725510686636,0.13164877891540527,0
full_72d,reverse,0,44,b877dd782edba758ab429e3ee3de3329:dd7f6c9e007d:0:4,aba8c2cf6367e2e8a95bb52794ddcb426d595fad022cf2d457da88045f881ed0,640.5186790507287,16,15618.39794921875,15810.0,2,377.71478691138327,47.01167205348611,0.14208467304706573,0
full_72d,reverse,0,45,4f59fbf51a0a5bfb4dc5af02cf294693:993dac5396a0:0:0,aa1f1fd8a9efcb963811de5e984dc16d83696aa7e913ba6980ace9aa76b7f7a3,659.3567989766598,18,15618.58154296875,15810.0,2,378.9203141350299,45.20051600411534,0.1180952787399292,0
full_72d,reverse,0,46,4f59fbf51a0a5bfb4dc5af02cf294693:993dac5396a0:0:1,bdcb900eea2a0e63a259e4fe2376f8cc3aec08e4611682d3f4ee038edca9d017,508.07720492593944,10,15618.58154296875,15810.0,2,367.55196400918067,45.0363231357187,0.1210341826081276,0
full_72d,reverse,0,47,4f59fbf51a0a5bfb4dc5af02cf294693:993dac5396a0:0:2,f3e746a5a573b9140378e527f40ef9a01e1da198199bb2597c74356d9befd366,809.7925540059805,26,15618.58154296875,15810.0,2,375.4045369569212,45.03462999127805,0.11376791447401047,0
full_72d,reverse,0,48,4f59fbf51a0a5bfb4dc5af02cf294693:993dac5396a0:0:3,f77a4c18118683cabf2ce423b4a1474e9a020c00dc184984ee227d2432eaaeca,814.7392279934138,26,15618.58154296875,15810.0,2,376.8074777908623,46.54381982982159,0.11373119056224823,0
full_72d,reverse,0,49,4f59fbf51a0a5bfb4dc5af02cf294693:993dac5396a0:0:4,082a3f27a64a793001365f40fd7d76058660d5148036e68127b7775445e5f79a,531.2811529729515,10,15618.58154296875,15810.0,2,384.8475441336632,46.690835151821375,0.11373119056224823,0
full_72d,reverse,1,0,1a938d25604410ccd63b60285919eaec:c627e50da685:0:0,ad7432ad3647d5979a4c8f07ea59db904408a5ca59b44fc807019ff723c8fe9d,566.1513388622552,12,15618.58154296875,15810.0,2,390.6986368820071,45.33025482669473,0.12200161069631577,0
full_72d,reverse,1,1,1a938d25604410ccd63b60285919eaec:c627e50da685:0:1,ad7432ad3647d5979a4c8f07ea59db904408a5ca59b44fc807019ff723c8fe9d,658.6127309128642,12,15618.58154296875,15810.0,2,483.34548296406865,45.004572020843625,0.12200161069631577,0
full_72d,reverse,1,2,1a938d25604410ccd63b60285919eaec:c627e50da685:0:2,45b29a4f9a357408272a3d9ee292dd9f825df58412a294bc76edad70933ff8f3,549.4159839581698,12,15618.58154296875,15810.0,2,373.6392690334469,44.88416598178446,0.12200161069631577,0
full_72d,reverse,1,3,1a938d25604410ccd63b60285919eaec:c627e50da685:0:3,8f13312bc57593ae709f0e55a18489d480c2a86c8038ac06144174a3f51b5600,540.8510810229927,12,15618.58154296875,15810.0,2,365.31271785497665,45.1680738478899,0.1243600994348526,0
full_72d,reverse,1,4,1a938d25604410ccd63b60285919eaec:c627e50da685:0:4,8f13312bc57593ae709f0e55a18489d480c2a86c8038ac06144174a3f51b5600,558.1133069936186,12,15618.58154296875,15810.0,2,382.30533292517066,45.018168864771724,0.12357041239738464,0
full_72d,reverse,1,5,49cd6149f02ec01ee03a6eb8287ab2df:f982e9dfaf25:0:0,dfa96710626dd8454b20bab58edadf81faa7374948fab10c0910e55037cea818,686.8068350013345,20,15618.32470703125,15810.0,2,374.08984918147326,45.62373412773013,0.15359053015708923,0
full_72d,reverse,1,6,49cd6149f02ec01ee03a6eb8287ab2df:f982e9dfaf25:0:1,86024a4fa91c4b919c6bf7d14d030232d1b278e47a39c03efbe698cebb092a16,674.4410658720881,19,15618.32470703125,15810.0,2,377.90030101314187,45.00143602490425,0.15219394862651825,0
full_72d,reverse,1,7,49cd6149f02ec01ee03a6eb8287ab2df:f982e9dfaf25:0:2,cf7957792cc42aad7f2f87beb1240027c78a84aebb3babafec5afeab6040dc38,663.8067099265754,18,15618.32470703125,15810.0,2,382.2696730494499,45.03324395045638,0.14883455634117126,0
full_72d,reverse,1,8,49cd6149f02ec01ee03a6eb8287ab2df:f982e9dfaf25:0:3,e62c1d2a0e028a848bf11c6aee602c7b04b7c5d57080024b56092666b47f8121,719.7781989816576,22,15618.32470703125,15810.0,2,369.81155700050294,45.18575710244477,0.1498080939054489,0
full_72d,reverse,1,9,49cd6149f02ec01ee03a6eb8287ab2df:f982e9dfaf25:0:4,f9472589f3263b5d01f4798bd4b1db08a9f8d5bfd4a7de1f6a20d7afa4d2fc9d,637.6556879840791,17,15618.32470703125,15810.0,2,373.7523048184812,44.75449491292238,0.1438559740781784,0
full_72d,reverse,1,10,49cd6149f02ec01ee03a6eb8287ab2df:81739d7eb99c:0:0,dfa96710626dd8454b20bab58edadf81faa7374948fab10c0910e55037cea818,690.1513680350035,20,15618.32470703125,15810.0,2,373.06255009025335,44.64613599702716,0.15359053015708923,0
full_72d,reverse,1,11,49cd6149f02ec01ee03a6eb8287ab2df:81739d7eb99c:0:1,86024a4fa91c4b919c6bf7d14d030232d1b278e47a39c03efbe698cebb092a16,671.5270860586315,19,15618.32470703125,15810.0,2,373.95069212652743,45.195498038083315,0.15219394862651825,0
full_72d,reverse,1,12,49cd6149f02ec01ee03a6eb8287ab2df:81739d7eb99c:0:2,cf7957792cc42aad7f2f87beb1240027c78a84aebb3babafec5afeab6040dc38,653.7525879684836,18,15618.32470703125,15810.0,2,373.5565240494907,45.121232978999615,0.14883455634117126,0
full_72d,reverse,1,13,49cd6149f02ec01ee03a6eb8287ab2df:81739d7eb99c:0:3,e62c1d2a0e028a848bf11c6aee602c7b04b7c5d57080024b56092666b47f8121,733.2075738813728,22,15618.32470703125,15810.0,2,382.8718080185354,44.90870307199657,0.1498080939054489,0
full_72d,reverse,1,14,49cd6149f02ec01ee03a6eb8287ab2df:81739d7eb99c:0:4,f9472589f3263b5d01f4798bd4b1db08a9f8d5bfd4a7de1f6a20d7afa4d2fc9d,642.4457649700344,17,15618.32470703125,15810.0,2,378.74563480727375,44.94276084005833,0.1438559740781784,0
full_72d,reverse,1,15,c6050fe51d3408b1eaef27e08e7f1956:1458b54ae2f6:0:0,0c2763434c50e20730f49847263ef9024806cb1a0560c523ed77737027dc7584,634.4603109173477,17,15618.72802734375,15810.0,2,371.41931196674705,45.73533614166081,0.11488623917102814,0
full_72d,reverse,1,16,c6050fe51d3408b1eaef27e08e7f1956:1458b54ae2f6:0:1,664067171cd1bbc5ce837d235ed3ea23011690faf92d70710e11636621c1b115,859.969535144046,30,15618.72802734375,15810.0,2,372.7478680666536,44.2093750461936,0.1198180615901947,0
full_72d,reverse,1,17,c6050fe51d3408b1eaef27e08e7f1956:1458b54ae2f6:0:2,c6b78a53ab1e086ea1b1d04c24bdf6d361a4c414a514fa6f179a43df6e2fb518,909.4349031802267,33,15618.72802734375,15810.0,2,372.3491420969367,44.259317917749286,0.11802785843610764,0
full_72d,reverse,1,18,c6050fe51d3408b1eaef27e08e7f1956:1458b54ae2f6:0:3,76081f5fd3a7d2fecc5219b9f1a003927ab2f0a03cbcea2809aa13575b12704d,546.4842650108039,12,15618.72802734375,15810.0,2,372.37583193928003,44.384386856108904,0.12162208557128906,0
full_72d,reverse,1,19,c6050fe51d3408b1eaef27e08e7f1956:1458b54ae2f6:0:4,ad3a25be620e9e8363cf8b064f96e3948b2c3e9ae99d2778aa19fe9e3c58386a,954.2137489188462,36,15618.72802734375,15810.0,2,364.02534507215023,44.17908005416393,0.13421709835529327,0
full_72d,reverse,1,20,c6050fe51d3408b1eaef27e08e7f1956:e4e99a4d6532:0:0,0c2763434c50e20730f49847263ef9024806cb1a0560c523ed77737027dc7584,637.6270959153771,17,15618.72802734375,15810.0,2,376.38107989914715,44.06141396611929,0.11488623917102814,0
full_72d,reverse,1,21,c6050fe51d3408b1eaef27e08e7f1956:e4e99a4d6532:0:1,664067171cd1bbc5ce837d235ed3ea23011690faf92d70710e11636621c1b115,859.6153811085969,30,15618.72802734375,15810.0,2,371.36922706849873,44.27899210713804,0.1198180615901947,0
full_72d,reverse,1,22,c6050fe51d3408b1eaef27e08e7f1956:e4e99a4d6532:0:2,c6b78a53ab1e086ea1b1d04c24bdf6d361a4c414a514fa6f179a43df6e2fb518,912.4384238384664,33,15618.72802734375,15810.0,2,372.1957809757441,44.43806200288236,0.11802785843610764,0
full_72d,reverse,1,23,c6050fe51d3408b1eaef27e08e7f1956:e4e99a4d6532:0:3,76081f5fd3a7d2fecc5219b9f1a003927ab2f0a03cbcea2809aa13575b12704d,537.2753678821027,12,15618.72802734375,15810.0,2,363.74755180440843,44.60276197642088,0.12162208557128906,0
full_72d,reverse,1,24,c6050fe51d3408b1eaef27e08e7f1956:e4e99a4d6532:0:4,ad3a25be620e9e8363cf8b064f96e3948b2c3e9ae99d2778aa19fe9e3c58386a,953.3513591159135,36,15618.72802734375,15810.0,2,362.9999100230634,44.10016001202166,0.13421709835529327,0
full_72d,reverse,1,25,bb98dd0bceac09d24db1ecb2af549a92:377f7f0dd150:0:0,c7fdec5fa5d5e1adf291637b9bb1fe8f118cbb3eb57af7ef76921e247600c9c6,657.852980075404,19,15618.32470703125,15810.0,2,362.52479813992977,43.999141082167625,0.11448126286268234,0
full_72d,reverse,1,26,bb98dd0bceac09d24db1ecb2af549a92:377f7f0dd150:0:1,4af9997807defa232e553246d42901a0d746fdbefff91462d7ee0c1a91ca74e4,789.0881849452853,26,15618.32470703125,15810.0,2,371.5832429006696,44.107565889135,0.11448126286268234,0
full_72d,reverse,1,27,bb98dd0bceac09d24db1ecb2af549a92:377f7f0dd150:0:2,75d13c8ce97c12289f2430a015d1d7989bcb997955ebfd456b23a70f3283334e,745.4677131026983,24,15618.32470703125,15810.0,2,362.5467731617391,44.00978400371969,0.11427383124828339,0
full_72d,reverse,1,28,bb98dd0bceac09d24db1ecb2af549a92:377f7f0dd150:0:3,07076b19c18093e788139445acd32421179c80fb131abb5020ab511b244dfaf3,554.0959371719509,13,15618.32470703125,15810.0,2,362.8843710757792,44.05062389560044,0.11594048887491226,0
full_72d,reverse,1,29,bb98dd0bceac09d24db1ecb2af549a92:377f7f0dd150:0:4,07076b19c18093e788139445acd32421179c80fb131abb5020ab511b244dfaf3,556.9094030652195,13,15618.32470703125,15810.0,2,366.34248308837414,44.41169905476272,0.11594048887491226,0
full_72d,reverse,1,30,bb98dd0bceac09d24db1ecb2af549a92:2cf3a7a3a65c:0:0,c7fdec5fa5d5e1adf291637b9bb1fe8f118cbb3eb57af7ef76921e247600c9c6,662.3932188376784,19,15618.32470703125,15810.0,2,366.83527287095785,44.14380504749715,0.11448126286268234,0
full_72d,reverse,1,31,bb98dd0bceac09d24db1ecb2af549a92:2cf3a7a3a65c:0:1,4af9997807defa232e553246d42901a0d746fdbefff91462d7ee0c1a91ca74e4,785.3064239025116,26,15618.32470703125,15810.0,2,367.49991797842085,44.30020391009748,0.11448126286268234,0
full_72d,reverse,1,32,bb98dd0bceac09d24db1ecb2af549a92:2cf3a7a3a65c:0:2,75d13c8ce97c12289f2430a015d1d7989bcb997955ebfd456b23a70f3283334e,767.8115360904485,24,15618.32470703125,15810.0,2,385.0422869436443,44.10317190922797,0.11427383124828339,0
full_72d,reverse,1,33,bb98dd0bceac09d24db1ecb2af549a92:2cf3a7a3a65c:0:3,07076b19c18093e788139445acd32421179c80fb131abb5020ab511b244dfaf3,585.2737210225314,13,15618.32470703125,15810.0,2,393.62677303142846,44.12858514115214,0.11594048887491226,0
full_72d,reverse,1,34,bb98dd0bceac09d24db1ecb2af549a92:2cf3a7a3a65c:0:4,07076b19c18093e788139445acd32421179c80fb131abb5020ab511b244dfaf3,558.3876210730523,13,15618.32470703125,15810.0,2,367.12721502408385,44.02750404551625,0.11594048887491226,0
full_72d,reverse,1,35,b877dd782edba758ab429e3ee3de3329:97e16cc551e4:0:0,62517bae74e7259c57a7da56e4f54b797cf2a664727fb53fe05de2f3598ea92d,716.9778689276427,22,15618.39794921875,15810.0,2,371.52731884270906,44.17364997789264,0.17854845523834229,0
full_72d,reverse,1,36,b877dd782edba758ab429e3ee3de3329:97e16cc551e4:0:1,d84210bceb3038c1ed37c6ee7bc057db462ddedaa6823742af8a6d297cb431da,798.938738880679,26,15618.39794921875,15810.0,2,377.43277684785426,44.52103399671614,0.1300927847623825,0
full_72d,reverse,1,37,b877dd782edba758ab429e3ee3de3329:97e16cc551e4:0:2,e2d8c9e2e95c4938f7be5f7610f5dd612f23c22b2461cafe849ff52d619824cd,804.3140328954905,26,15618.39794921875,15810.0,2,380.2699660882354,44.37985201366246,0.12986119091510773,0
full_72d,reverse,1,38,b877dd782edba758ab429e3ee3de3329:97e16cc551e4:0:3,94d4ffe585b52d02528404f4f0629286595977610fc216797666ffe14a17ed0c,675.2355007920414,18,15618.39794921875,15810.0,2,387.2284709941596,45.87060213088989,0.13164877891540527,0
full_72d,reverse,1,39,b877dd782edba758ab429e3ee3de3329:97e16cc551e4:0:4,aba8c2cf6367e2e8a95bb52794ddcb426d595fad022cf2d457da88045f881ed0,626.3729929924011,16,15618.39794921875,15810.0,2,380.3407729137689,44.332597870379686,0.14208467304706573,0
full_72d,reverse,1,40,b877dd782edba758ab429e3ee3de3329:dd7f6c9e007d:0:0,62517bae74e7259c57a7da56e4f54b797cf2a664727fb53fe05de2f3598ea92d,731.6687791608274,22,15618.39794921875,15810.0,2,380.5458589922637,44.5627688895911,0.17854845523834229,0
full_72d,reverse,1,41,b877dd782edba758ab429e3ee3de3329:dd7f6c9e007d:0:1,d84210bceb3038c1ed37c6ee7bc057db462ddedaa6823742af8a6d297cb431da,820.7037278916687,26,15618.39794921875,15810.0,2,399.17006785981357,45.0344099663198,0.1300927847623825,0
full_72d,reverse,1,42,b877dd782edba758ab429e3ee3de3329:dd7f6c9e007d:0:2,e2d8c9e2e95c4938f7be5f7610f5dd612f23c22b2461cafe849ff52d619824cd,788.2552989758551,26,15618.39794921875,15810.0,2,367.59648099541664,44.41494517959654,0.12986119091510773,0
full_72d,reverse,1,43,b877dd782edba758ab429e3ee3de3329:dd7f6c9e007d:0:3,94d4ffe585b52d02528404f4f0629286595977610fc216797666ffe14a17ed0c,663.5055409278721,18,15618.39794921875,15810.0,2,382.1429079398513,44.90305809304118,0.13164877891540527,0
full_72d,reverse,1,44,b877dd782edba758ab429e3ee3de3329:dd7f6c9e007d:0:4,aba8c2cf6367e2e8a95bb52794ddcb426d595fad022cf2d457da88045f881ed0,623.8105811644346,16,15618.39794921875,15810.0,2,376.83069007471204,44.58260093815625,0.14208467304706573,0
full_72d,reverse,1,45,4f59fbf51a0a5bfb4dc5af02cf294693:993dac5396a0:0:0,aa1f1fd8a9efcb963811de5e984dc16d83696aa7e913ba6980ace9aa76b7f7a3,659.1681090649217,18,15618.58154296875,15810.0,2,377.17247591353953,44.68492791056633,0.1180952787399292,0
full_72d,reverse,1,46,4f59fbf51a0a5bfb4dc5af02cf294693:993dac5396a0:0:1,bdcb900eea2a0e63a259e4fe2376f8cc3aec08e4611682d3f4ee038edca9d017,510.0184630136937,10,15618.58154296875,15810.0,2,368.3679420500994,44.67644705437124,0.1210341826081276,0
full_72d,reverse,1,47,4f59fbf51a0a5bfb4dc5af02cf294693:993dac5396a0:0:2,f3e746a5a573b9140378e527f40ef9a01e1da198199bb2597c74356d9befd366,794.4053709506989,26,15618.58154296875,15810.0,2,373.26360191218555,44.786585960537195,0.11376791447401047,0
full_72d,reverse,1,48,4f59fbf51a0a5bfb4dc5af02cf294693:993dac5396a0:0:3,f77a4c18118683cabf2ce423b4a1474e9a020c00dc184984ee227d2432eaaeca,797.7415481582284,26,15618.58154296875,15810.0,2,377.2642412222922,44.672688003629446,0.11373119056224823,0
full_72d,reverse,1,49,4f59fbf51a0a5bfb4dc5af02cf294693:993dac5396a0:0:4,082a3f27a64a793001365f40fd7d76058660d5148036e68127b7775445e5f79a,513.4900929406285,10,15618.58154296875,15810.0,2,372.2133229020983,44.544307980686426,0.11373119056224823,0
baseline,reverse,0,0,1a938d25604410ccd63b60285919eaec:c627e50da685:0:0,ad7432ad3647d5979a4c8f07ea59db904408a5ca59b44fc807019ff723c8fe9d,535.3049789555371,12,15617.70556640625,15810.0,,,,,
baseline,reverse,0,1,1a938d25604410ccd63b60285919eaec:c627e50da685:0:1,ad7432ad3647d5979a4c8f07ea59db904408a5ca59b44fc807019ff723c8fe9d,534.0358819812536,12,15617.70556640625,15810.0,,,,,
baseline,reverse,0,2,1a938d25604410ccd63b60285919eaec:c627e50da685:0:2,45b29a4f9a357408272a3d9ee292dd9f825df58412a294bc76edad70933ff8f3,534.3962779734284,12,15617.70556640625,15810.0,,,,,
baseline,reverse,0,3,1a938d25604410ccd63b60285919eaec:c627e50da685:0:3,8f13312bc57593ae709f0e55a18489d480c2a86c8038ac06144174a3f51b5600,535.3318259585649,12,15617.70556640625,15810.0,,,,,
baseline,reverse,0,4,1a938d25604410ccd63b60285919eaec:c627e50da685:0:4,8f13312bc57593ae709f0e55a18489d480c2a86c8038ac06144174a3f51b5600,536.8591449223459,12,15617.70556640625,15810.0,,,,,
baseline,reverse,0,5,49cd6149f02ec01ee03a6eb8287ab2df:f982e9dfaf25:0:0,dfa96710626dd8454b20bab58edadf81faa7374948fab10c0910e55037cea818,675.2886821050197,20,15617.44873046875,15810.0,,,,,
baseline,reverse,0,6,49cd6149f02ec01ee03a6eb8287ab2df:f982e9dfaf25:0:1,86024a4fa91c4b919c6bf7d14d030232d1b278e47a39c03efbe698cebb092a16,657.0320820901543,19,15617.44873046875,15810.0,,,,,
baseline,reverse,0,7,49cd6149f02ec01ee03a6eb8287ab2df:f982e9dfaf25:0:2,cf7957792cc42aad7f2f87beb1240027c78a84aebb3babafec5afeab6040dc38,642.0031019952148,18,15617.44873046875,15810.0,,,,,
baseline,reverse,0,8,49cd6149f02ec01ee03a6eb8287ab2df:f982e9dfaf25:0:3,e62c1d2a0e028a848bf11c6aee602c7b04b7c5d57080024b56092666b47f8121,711.3945418968797,22,15617.44873046875,15810.0,,,,,
baseline,reverse,0,9,49cd6149f02ec01ee03a6eb8287ab2df:f982e9dfaf25:0:4,f9472589f3263b5d01f4798bd4b1db08a9f8d5bfd4a7de1f6a20d7afa4d2fc9d,622.5394429638982,17,15617.44873046875,15810.0,,,,,
baseline,reverse,0,10,49cd6149f02ec01ee03a6eb8287ab2df:81739d7eb99c:0:0,dfa96710626dd8454b20bab58edadf81faa7374948fab10c0910e55037cea818,674.0342290140688,20,15617.44873046875,15810.0,,,,,
baseline,reverse,0,11,49cd6149f02ec01ee03a6eb8287ab2df:81739d7eb99c:0:1,86024a4fa91c4b919c6bf7d14d030232d1b278e47a39c03efbe698cebb092a16,654.9572949297726,19,15617.44873046875,15810.0,,,,,
baseline,reverse,0,12,49cd6149f02ec01ee03a6eb8287ab2df:81739d7eb99c:0:2,cf7957792cc42aad7f2f87beb1240027c78a84aebb3babafec5afeab6040dc38,639.8340810555965,18,15617.44873046875,15810.0,,,,,
baseline,reverse,0,13,49cd6149f02ec01ee03a6eb8287ab2df:81739d7eb99c:0:3,e62c1d2a0e028a848bf11c6aee602c7b04b7c5d57080024b56092666b47f8121,710.2883709594607,22,15617.44873046875,15810.0,,,,,
baseline,reverse,0,14,49cd6149f02ec01ee03a6eb8287ab2df:81739d7eb99c:0:4,f9472589f3263b5d01f4798bd4b1db08a9f8d5bfd4a7de1f6a20d7afa4d2fc9d,622.9545909445733,17,15617.44873046875,15810.0,,,,,
baseline,reverse,0,15,c6050fe51d3408b1eaef27e08e7f1956:1458b54ae2f6:0:0,0c2763434c50e20730f49847263ef9024806cb1a0560c523ed77737027dc7584,622.4550371989608,17,15617.85205078125,15810.0,,,,,
baseline,reverse,0,16,c6050fe51d3408b1eaef27e08e7f1956:1458b54ae2f6:0:1,664067171cd1bbc5ce837d235ed3ea23011690faf92d70710e11636621c1b115,847.9841300286353,30,15617.85205078125,15810.0,,,,,
baseline,reverse,0,17,c6050fe51d3408b1eaef27e08e7f1956:1458b54ae2f6:0:2,c6b78a53ab1e086ea1b1d04c24bdf6d361a4c414a514fa6f179a43df6e2fb518,901.9837470259517,33,15617.85205078125,15810.0,,,,,
baseline,reverse,0,18,c6050fe51d3408b1eaef27e08e7f1956:1458b54ae2f6:0:3,76081f5fd3a7d2fecc5219b9f1a003927ab2f0a03cbcea2809aa13575b12704d,534.4088699202985,12,15617.85205078125,15810.0,,,,,
baseline,reverse,0,19,c6050fe51d3408b1eaef27e08e7f1956:1458b54ae2f6:0:4,ad3a25be620e9e8363cf8b064f96e3948b2c3e9ae99d2778aa19fe9e3c58386a,954.2031569872051,36,15617.85205078125,15810.0,,,,,
baseline,reverse,0,20,c6050fe51d3408b1eaef27e08e7f1956:e4e99a4d6532:0:0,0c2763434c50e20730f49847263ef9024806cb1a0560c523ed77737027dc7584,620.9779100026935,17,15617.85205078125,15810.0,,,,,
baseline,reverse,0,21,c6050fe51d3408b1eaef27e08e7f1956:e4e99a4d6532:0:1,664067171cd1bbc5ce837d235ed3ea23011690faf92d70710e11636621c1b115,849.414151860401,30,15617.85205078125,15810.0,,,,,
baseline,reverse,0,22,c6050fe51d3408b1eaef27e08e7f1956:e4e99a4d6532:0:2,c6b78a53ab1e086ea1b1d04c24bdf6d361a4c414a514fa6f179a43df6e2fb518,903.4319340717047,33,15617.85205078125,15810.0,,,,,
baseline,reverse,0,23,c6050fe51d3408b1eaef27e08e7f1956:e4e99a4d6532:0:3,76081f5fd3a7d2fecc5219b9f1a003927ab2f0a03cbcea2809aa13575b12704d,537.6651210244745,12,15617.85205078125,15810.0,,,,,
baseline,reverse,0,24,c6050fe51d3408b1eaef27e08e7f1956:e4e99a4d6532:0:4,ad3a25be620e9e8363cf8b064f96e3948b2c3e9ae99d2778aa19fe9e3c58386a,955.4402797948569,36,15617.85205078125,15810.0,,,,,
baseline,reverse,0,25,bb98dd0bceac09d24db1ecb2af549a92:377f7f0dd150:0:0,c7fdec5fa5d5e1adf291637b9bb1fe8f118cbb3eb57af7ef76921e247600c9c6,657.12725603953,19,15617.44873046875,15810.0,,,,,
baseline,reverse,0,26,bb98dd0bceac09d24db1ecb2af549a92:377f7f0dd150:0:1,4af9997807defa232e553246d42901a0d746fdbefff91462d7ee0c1a91ca74e4,780.8938850648701,26,15617.44873046875,15810.0,,,,,
baseline,reverse,0,27,bb98dd0bceac09d24db1ecb2af549a92:377f7f0dd150:0:2,75d13c8ce97c12289f2430a015d1d7989bcb997955ebfd456b23a70f3283334e,741.1108410451561,24,15617.44873046875,15810.0,,,,,
baseline,reverse,0,28,bb98dd0bceac09d24db1ecb2af549a92:377f7f0dd150:0:3,07076b19c18093e788139445acd32421179c80fb131abb5020ab511b244dfaf3,551.8717209342867,13,15617.44873046875,15810.0,,,,,
baseline,reverse,0,29,bb98dd0bceac09d24db1ecb2af549a92:377f7f0dd150:0:4,07076b19c18093e788139445acd32421179c80fb131abb5020ab511b244dfaf3,552.6678308378905,13,15617.44873046875,15810.0,,,,,
baseline,reverse,0,30,bb98dd0bceac09d24db1ecb2af549a92:2cf3a7a3a65c:0:0,c7fdec5fa5d5e1adf291637b9bb1fe8f118cbb3eb57af7ef76921e247600c9c6,656.4122911076993,19,15617.44873046875,15810.0,,,,,
baseline,reverse,0,31,bb98dd0bceac09d24db1ecb2af549a92:2cf3a7a3a65c:0:1,4af9997807defa232e553246d42901a0d746fdbefff91462d7ee0c1a91ca74e4,776.435500010848,26,15617.44873046875,15810.0,,,,,
baseline,reverse,0,32,bb98dd0bceac09d24db1ecb2af549a92:2cf3a7a3a65c:0:2,75d13c8ce97c12289f2430a015d1d7989bcb997955ebfd456b23a70f3283334e,741.9041120447218,24,15617.44873046875,15810.0,,,,,
baseline,reverse,0,33,bb98dd0bceac09d24db1ecb2af549a92:2cf3a7a3a65c:0:3,07076b19c18093e788139445acd32421179c80fb131abb5020ab511b244dfaf3,550.3002400510013,13,15617.44873046875,15810.0,,,,,
baseline,reverse,0,34,bb98dd0bceac09d24db1ecb2af549a92:2cf3a7a3a65c:0:4,07076b19c18093e788139445acd32421179c80fb131abb5020ab511b244dfaf3,552.3754840251058,13,15617.44873046875,15810.0,,,,,
baseline,reverse,0,35,b877dd782edba758ab429e3ee3de3329:97e16cc551e4:0:0,62517bae74e7259c57a7da56e4f54b797cf2a664727fb53fe05de2f3598ea92d,709.0683889109641,22,15617.52197265625,15810.0,,,,,
baseline,reverse,0,36,b877dd782edba758ab429e3ee3de3329:97e16cc551e4:0:1,d84210bceb3038c1ed37c6ee7bc057db462ddedaa6823742af8a6d297cb431da,778.1769449356943,26,15617.52197265625,15810.0,,,,,
baseline,reverse,0,37,b877dd782edba758ab429e3ee3de3329:97e16cc551e4:0:2,e2d8c9e2e95c4938f7be5f7610f5dd612f23c22b2461cafe849ff52d619824cd,778.1564800534397,26,15617.52197265625,15810.0,,,,,
baseline,reverse,0,38,b877dd782edba758ab429e3ee3de3329:97e16cc551e4:0:3,94d4ffe585b52d02528404f4f0629286595977610fc216797666ffe14a17ed0c,638.3269538637251,18,15617.52197265625,15810.0,,,,,
baseline,reverse,0,39,b877dd782edba758ab429e3ee3de3329:97e16cc551e4:0:4,aba8c2cf6367e2e8a95bb52794ddcb426d595fad022cf2d457da88045f881ed0,604.2059708852321,16,15617.52197265625,15810.0,,,,,
baseline,reverse,0,40,b877dd782edba758ab429e3ee3de3329:dd7f6c9e007d:0:0,62517bae74e7259c57a7da56e4f54b797cf2a664727fb53fe05de2f3598ea92d,707.5936570763588,22,15617.52197265625,15810.0,,,,,
baseline,reverse,0,41,b877dd782edba758ab429e3ee3de3329:dd7f6c9e007d:0:1,d84210bceb3038c1ed37c6ee7bc057db462ddedaa6823742af8a6d297cb431da,777.3330139461905,26,15617.52197265625,15810.0,,,,,
baseline,reverse,0,42,b877dd782edba758ab429e3ee3de3329:dd7f6c9e007d:0:2,e2d8c9e2e95c4938f7be5f7610f5dd612f23c22b2461cafe849ff52d619824cd,777.6300269179046,26,15617.52197265625,15810.0,,,,,
baseline,reverse,0,43,b877dd782edba758ab429e3ee3de3329:dd7f6c9e007d:0:3,94d4ffe585b52d02528404f4f0629286595977610fc216797666ffe14a17ed0c,638.82259093225,18,15617.52197265625,15810.0,,,,,
baseline,reverse,0,44,b877dd782edba758ab429e3ee3de3329:dd7f6c9e007d:0:4,aba8c2cf6367e2e8a95bb52794ddcb426d595fad022cf2d457da88045f881ed0,605.1043409388512,16,15617.52197265625,15810.0,,,,,
baseline,reverse,0,45,4f59fbf51a0a5bfb4dc5af02cf294693:993dac5396a0:0:0,aa1f1fd8a9efcb963811de5e984dc16d83696aa7e913ba6980ace9aa76b7f7a3,639.6567500196397,18,15617.70556640625,15810.0,,,,,
baseline,reverse,0,46,4f59fbf51a0a5bfb4dc5af02cf294693:993dac5396a0:0:1,bdcb900eea2a0e63a259e4fe2376f8cc3aec08e4611682d3f4ee038edca9d017,499.87415596842766,10,15617.70556640625,15810.0,,,,,
baseline,reverse,0,47,4f59fbf51a0a5bfb4dc5af02cf294693:993dac5396a0:0:2,f3e746a5a573b9140378e527f40ef9a01e1da198199bb2597c74356d9befd366,777.0889198873192,26,15617.70556640625,15810.0,,,,,
baseline,reverse,0,48,4f59fbf51a0a5bfb4dc5af02cf294693:993dac5396a0:0:3,f77a4c18118683cabf2ce423b4a1474e9a020c00dc184984ee227d2432eaaeca,779.4181590434164,26,15617.70556640625,15810.0,,,,,
baseline,reverse,0,49,4f59fbf51a0a5bfb4dc5af02cf294693:993dac5396a0:0:4,082a3f27a64a793001365f40fd7d76058660d5148036e68127b7775445e5f79a,500.80706318840384,10,15617.70556640625,15810.0,,,,,
baseline,reverse,1,0,1a938d25604410ccd63b60285919eaec:c627e50da685:0:0,ad7432ad3647d5979a4c8f07ea59db904408a5ca59b44fc807019ff723c8fe9d,535.6343819294125,12,15617.70556640625,15810.0,,,,,
baseline,reverse,1,1,1a938d25604410ccd63b60285919eaec:c627e50da685:0:1,ad7432ad3647d5979a4c8f07ea59db904408a5ca59b44fc807019ff723c8fe9d,536.87021904625,12,15617.70556640625,15810.0,,,,,
baseline,reverse,1,2,1a938d25604410ccd63b60285919eaec:c627e50da685:0:2,45b29a4f9a357408272a3d9ee292dd9f825df58412a294bc76edad70933ff8f3,535.2272840682417,12,15617.70556640625,15810.0,,,,,
baseline,reverse,1,3,1a938d25604410ccd63b60285919eaec:c627e50da685:0:3,8f13312bc57593ae709f0e55a18489d480c2a86c8038ac06144174a3f51b5600,535.8043338637799,12,15617.70556640625,15810.0,,,,,
baseline,reverse,1,4,1a938d25604410ccd63b60285919eaec:c627e50da685:0:4,8f13312bc57593ae709f0e55a18489d480c2a86c8038ac06144174a3f51b5600,535.2754381019622,12,15617.70556640625,15810.0,,,,,
baseline,reverse,1,5,49cd6149f02ec01ee03a6eb8287ab2df:f982e9dfaf25:0:0,dfa96710626dd8454b20bab58edadf81faa7374948fab10c0910e55037cea818,673.9622701425105,20,15617.44873046875,15810.0,,,,,
baseline,reverse,1,6,49cd6149f02ec01ee03a6eb8287ab2df:f982e9dfaf25:0:1,86024a4fa91c4b919c6bf7d14d030232d1b278e47a39c03efbe698cebb092a16,657.4825330171734,19,15617.44873046875,15810.0,,,,,
baseline,reverse,1,7,49cd6149f02ec01ee03a6eb8287ab2df:f982e9dfaf25:0:2,cf7957792cc42aad7f2f87beb1240027c78a84aebb3babafec5afeab6040dc38,639.0039320103824,18,15617.44873046875,15810.0,,,,,
baseline,reverse,1,8,49cd6149f02ec01ee03a6eb8287ab2df:f982e9dfaf25:0:3,e62c1d2a0e028a848bf11c6aee602c7b04b7c5d57080024b56092666b47f8121,714.7987049538642,22,15617.44873046875,15810.0,,,,,
baseline,reverse,1,9,49cd6149f02ec01ee03a6eb8287ab2df:f982e9dfaf25:0:4,f9472589f3263b5d01f4798bd4b1db08a9f8d5bfd4a7de1f6a20d7afa4d2fc9d,621.2821728549898,17,15617.44873046875,15810.0,,,,,
baseline,reverse,1,10,49cd6149f02ec01ee03a6eb8287ab2df:81739d7eb99c:0:0,dfa96710626dd8454b20bab58edadf81faa7374948fab10c0910e55037cea818,675.3714759834111,20,15617.44873046875,15810.0,,,,,
baseline,reverse,1,11,49cd6149f02ec01ee03a6eb8287ab2df:81739d7eb99c:0:1,86024a4fa91c4b919c6bf7d14d030232d1b278e47a39c03efbe698cebb092a16,655.1147110294551,19,15617.44873046875,15810.0,,,,,
baseline,reverse,1,12,49cd6149f02ec01ee03a6eb8287ab2df:81739d7eb99c:0:2,cf7957792cc42aad7f2f87beb1240027c78a84aebb3babafec5afeab6040dc38,640.784490853548,18,15617.44873046875,15810.0,,,,,
baseline,reverse,1,13,49cd6149f02ec01ee03a6eb8287ab2df:81739d7eb99c:0:3,e62c1d2a0e028a848bf11c6aee602c7b04b7c5d57080024b56092666b47f8121,709.7280621528625,22,15617.44873046875,15810.0,,,,,
baseline,reverse,1,14,49cd6149f02ec01ee03a6eb8287ab2df:81739d7eb99c:0:4,f9472589f3263b5d01f4798bd4b1db08a9f8d5bfd4a7de1f6a20d7afa4d2fc9d,624.1633649915457,17,15617.44873046875,15810.0,,,,,
baseline,reverse,1,15,c6050fe51d3408b1eaef27e08e7f1956:1458b54ae2f6:0:0,0c2763434c50e20730f49847263ef9024806cb1a0560c523ed77737027dc7584,623.8071650732309,17,15617.85205078125,15810.0,,,,,
baseline,reverse,1,16,c6050fe51d3408b1eaef27e08e7f1956:1458b54ae2f6:0:1,664067171cd1bbc5ce837d235ed3ea23011690faf92d70710e11636621c1b115,850.5189269781113,30,15617.85205078125,15810.0,,,,,
baseline,reverse,1,17,c6050fe51d3408b1eaef27e08e7f1956:1458b54ae2f6:0:2,c6b78a53ab1e086ea1b1d04c24bdf6d361a4c414a514fa6f179a43df6e2fb518,895.5371777992696,33,15617.85205078125,15810.0,,,,,
baseline,reverse,1,18,c6050fe51d3408b1eaef27e08e7f1956:1458b54ae2f6:0:3,76081f5fd3a7d2fecc5219b9f1a003927ab2f0a03cbcea2809aa13575b12704d,535.1723991334438,12,15617.85205078125,15810.0,,,,,
baseline,reverse,1,19,c6050fe51d3408b1eaef27e08e7f1956:1458b54ae2f6:0:4,ad3a25be620e9e8363cf8b064f96e3948b2c3e9ae99d2778aa19fe9e3c58386a,951.8361438531429,36,15617.85205078125,15810.0,,,,,
baseline,reverse,1,20,c6050fe51d3408b1eaef27e08e7f1956:e4e99a4d6532:0:0,0c2763434c50e20730f49847263ef9024806cb1a0560c523ed77737027dc7584,621.4550929144025,17,15617.85205078125,15810.0,,,,,
baseline,reverse,1,21,c6050fe51d3408b1eaef27e08e7f1956:e4e99a4d6532:0:1,664067171cd1bbc5ce837d235ed3ea23011690faf92d70710e11636621c1b115,848.92418095842,30,15617.85205078125,15810.0,,,,,
baseline,reverse,1,22,c6050fe51d3408b1eaef27e08e7f1956:e4e99a4d6532:0:2,c6b78a53ab1e086ea1b1d04c24bdf6d361a4c414a514fa6f179a43df6e2fb518,899.8394219670445,33,15617.85205078125,15810.0,,,,,
baseline,reverse,1,23,c6050fe51d3408b1eaef27e08e7f1956:e4e99a4d6532:0:3,76081f5fd3a7d2fecc5219b9f1a003927ab2f0a03cbcea2809aa13575b12704d,536.3980059046298,12,15617.85205078125,15810.0,,,,,
baseline,reverse,1,24,c6050fe51d3408b1eaef27e08e7f1956:e4e99a4d6532:0:4,ad3a25be620e9e8363cf8b064f96e3948b2c3e9ae99d2778aa19fe9e3c58386a,950.7295850198716,36,15617.85205078125,15810.0,,,,,
baseline,reverse,1,25,bb98dd0bceac09d24db1ecb2af549a92:377f7f0dd150:0:0,c7fdec5fa5d5e1adf291637b9bb1fe8f118cbb3eb57af7ef76921e247600c9c6,654.9752100836486,19,15617.44873046875,15810.0,,,,,
baseline,reverse,1,26,bb98dd0bceac09d24db1ecb2af549a92:377f7f0dd150:0:1,4af9997807defa232e553246d42901a0d746fdbefff91462d7ee0c1a91ca74e4,783.5064299870282,26,15617.44873046875,15810.0,,,,,
baseline,reverse,1,27,bb98dd0bceac09d24db1ecb2af549a92:377f7f0dd150:0:2,75d13c8ce97c12289f2430a015d1d7989bcb997955ebfd456b23a70f3283334e,745.4014250542969,24,15617.44873046875,15810.0,,,,,
baseline,reverse,1,28,bb98dd0bceac09d24db1ecb2af549a92:377f7f0dd150:0:3,07076b19c18093e788139445acd32421179c80fb131abb5020ab511b244dfaf3,552.8466741088778,13,15617.44873046875,15810.0,,,,,
baseline,reverse,1,29,bb98dd0bceac09d24db1ecb2af549a92:377f7f0dd150:0:4,07076b19c18093e788139445acd32421179c80fb131abb5020ab511b244dfaf3,553.8652550894767,13,15617.44873046875,15810.0,,,,,
baseline,reverse,1,30,bb98dd0bceac09d24db1ecb2af549a92:2cf3a7a3a65c:0:0,c7fdec5fa5d5e1adf291637b9bb1fe8f118cbb3eb57af7ef76921e247600c9c6,656.6652429755777,19,15617.44873046875,15810.0,,,,,
baseline,reverse,1,31,bb98dd0bceac09d24db1ecb2af549a92:2cf3a7a3a65c:0:1,4af9997807defa232e553246d42901a0d746fdbefff91462d7ee0c1a91ca74e4,778.4872851334512,26,15617.44873046875,15810.0,,,,,
baseline,reverse,1,32,bb98dd0bceac09d24db1ecb2af549a92:2cf3a7a3a65c:0:2,75d13c8ce97c12289f2430a015d1d7989bcb997955ebfd456b23a70f3283334e,745.5350279342383,24,15617.44873046875,15810.0,,,,,
baseline,reverse,1,33,bb98dd0bceac09d24db1ecb2af549a92:2cf3a7a3a65c:0:3,07076b19c18093e788139445acd32421179c80fb131abb5020ab511b244dfaf3,552.2237119730562,13,15617.44873046875,15810.0,,,,,
baseline,reverse,1,34,bb98dd0bceac09d24db1ecb2af549a92:2cf3a7a3a65c:0:4,07076b19c18093e788139445acd32421179c80fb131abb5020ab511b244dfaf3,553.8630541414022,13,15617.44873046875,15810.0,,,,,
baseline,reverse,1,35,b877dd782edba758ab429e3ee3de3329:97e16cc551e4:0:0,62517bae74e7259c57a7da56e4f54b797cf2a664727fb53fe05de2f3598ea92d,709.7731709945947,22,15617.52197265625,15810.0,,,,,
baseline,reverse,1,36,b877dd782edba758ab429e3ee3de3329:97e16cc551e4:0:1,d84210bceb3038c1ed37c6ee7bc057db462ddedaa6823742af8a6d297cb431da,783.8538528885692,26,15617.52197265625,15810.0,,,,,
baseline,reverse,1,37,b877dd782edba758ab429e3ee3de3329:97e16cc551e4:0:2,e2d8c9e2e95c4938f7be5f7610f5dd612f23c22b2461cafe849ff52d619824cd,780.318520963192,26,15617.52197265625,15810.0,,,,,
baseline,reverse,1,38,b877dd782edba758ab429e3ee3de3329:97e16cc551e4:0:3,94d4ffe585b52d02528404f4f0629286595977610fc216797666ffe14a17ed0c,637.7797308377922,18,15617.52197265625,15810.0,,,,,
baseline,reverse,1,39,b877dd782edba758ab429e3ee3de3329:97e16cc551e4:0:4,aba8c2cf6367e2e8a95bb52794ddcb426d595fad022cf2d457da88045f881ed0,602.2765981033444,16,15617.52197265625,15810.0,,,,,
baseline,reverse,1,40,b877dd782edba758ab429e3ee3de3329:dd7f6c9e007d:0:0,62517bae74e7259c57a7da56e4f54b797cf2a664727fb53fe05de2f3598ea92d,708.8613570667803,22,15617.52197265625,15810.0,,,,,
baseline,reverse,1,41,b877dd782edba758ab429e3ee3de3329:dd7f6c9e007d:0:1,d84210bceb3038c1ed37c6ee7bc057db462ddedaa6823742af8a6d297cb431da,794.4836330134422,26,15617.52197265625,15810.0,,,,,
baseline,reverse,1,42,b877dd782edba758ab429e3ee3de3329:dd7f6c9e007d:0:2,e2d8c9e2e95c4938f7be5f7610f5dd612f23c22b2461cafe849ff52d619824cd,778.6028520204127,26,15617.52197265625,15810.0,,,,,
baseline,reverse,1,43,b877dd782edba758ab429e3ee3de3329:dd7f6c9e007d:0:3,94d4ffe585b52d02528404f4f0629286595977610fc216797666ffe14a17ed0c,640.4144368134439,18,15617.52197265625,15810.0,,,,,
baseline,reverse,1,44,b877dd782edba758ab429e3ee3de3329:dd7f6c9e007d:0:4,aba8c2cf6367e2e8a95bb52794ddcb426d595fad022cf2d457da88045f881ed0,607.1817339397967,16,15617.52197265625,15810.0,,,,,
baseline,reverse,1,45,4f59fbf51a0a5bfb4dc5af02cf294693:993dac5396a0:0:0,aa1f1fd8a9efcb963811de5e984dc16d83696aa7e913ba6980ace9aa76b7f7a3,639.8622549604625,18,15617.70556640625,15810.0,,,,,
baseline,reverse,1,46,4f59fbf51a0a5bfb4dc5af02cf294693:993dac5396a0:0:1,bdcb900eea2a0e63a259e4fe2376f8cc3aec08e4611682d3f4ee038edca9d017,499.9476729426533,10,15617.70556640625,15810.0,,,,,
baseline,reverse,1,47,4f59fbf51a0a5bfb4dc5af02cf294693:993dac5396a0:0:2,f3e746a5a573b9140378e527f40ef9a01e1da198199bb2597c74356d9befd366,777.227828046307,26,15617.70556640625,15810.0,,,,,
baseline,reverse,1,48,4f59fbf51a0a5bfb4dc5af02cf294693:993dac5396a0:0:3,f77a4c18118683cabf2ce423b4a1474e9a020c00dc184984ee227d2432eaaeca,777.7896341867745,26,15617.70556640625,15810.0,,,,,
baseline,reverse,1,49,4f59fbf51a0a5bfb4dc5af02cf294693:993dac5396a0:0:4,082a3f27a64a793001365f40fd7d76058660d5148036e68127b7775445e5f79a,501.0766671039164,10,15617.70556640625,15810.0,,,,,
