mode,repeat,sample_index,orig_id,answer_sha256,answer_matches_vanilla,latency_ms,tokens,peak_allocated_mb,peak_reserved_mb,steps_processed,detection_ready_ms,detection_after_prefill_ms,detector_probability,detector_prediction
vanilla,0,0,1a938d25604410ccd63b60285919eaec:c627e50da685:0:0,ad7432ad3647d5979a4c8f07ea59db904408a5ca59b44fc807019ff723c8fe9d,True,532.9127709846944,12,15617.40185546875,15808.0,,,,,
vanilla,0,1,1a938d25604410ccd63b60285919eaec:c627e50da685:0:1,ad7432ad3647d5979a4c8f07ea59db904408a5ca59b44fc807019ff723c8fe9d,True,532.2734001092613,12,15617.40185546875,15808.0,,,,,
vanilla,0,2,1a938d25604410ccd63b60285919eaec:c627e50da685:0:2,45b29a4f9a357408272a3d9ee292dd9f825df58412a294bc76edad70933ff8f3,True,531.2764358241111,12,15617.40185546875,15808.0,,,,,
vanilla,0,3,1a938d25604410ccd63b60285919eaec:c627e50da685:0:3,8f13312bc57593ae709f0e55a18489d480c2a86c8038ac06144174a3f51b5600,True,530.9760549571365,12,15617.40185546875,15808.0,,,,,
vanilla,0,4,1a938d25604410ccd63b60285919eaec:c627e50da685:0:4,8f13312bc57593ae709f0e55a18489d480c2a86c8038ac06144174a3f51b5600,True,532.2085560765117,12,15617.40185546875,15808.0,,,,,
vanilla,0,5,49cd6149f02ec01ee03a6eb8287ab2df:f982e9dfaf25:0:0,dfa96710626dd8454b20bab58edadf81faa7374948fab10c0910e55037cea818,True,664.6789680235088,20,15617.14501953125,15808.0,,,,,
vanilla,0,6,49cd6149f02ec01ee03a6eb8287ab2df:f982e9dfaf25:0:1,86024a4fa91c4b919c6bf7d14d030232d1b278e47a39c03efbe698cebb092a16,True,648.1869500130415,19,15617.14501953125,15808.0,,,,,
vanilla,0,7,49cd6149f02ec01ee03a6eb8287ab2df:f982e9dfaf25:0:2,cf7957792cc42aad7f2f87beb1240027c78a84aebb3babafec5afeab6040dc38,True,633.3329339977354,18,15617.14501953125,15808.0,,,,,
vanilla,0,8,49cd6149f02ec01ee03a6eb8287ab2df:f982e9dfaf25:0:3,e62c1d2a0e028a848bf11c6aee602c7b04b7c5d57080024b56092666b47f8121,True,702.9378700535744,22,15617.14501953125,15808.0,,,,,
vanilla,0,9,49cd6149f02ec01ee03a6eb8287ab2df:f982e9dfaf25:0:4,f9472589f3263b5d01f4798bd4b1db08a9f8d5bfd4a7de1f6a20d7afa4d2fc9d,True,617.412670981139,17,15617.14501953125,15808.0,,,,,
vanilla,0,10,49cd6149f02ec01ee03a6eb8287ab2df:81739d7eb99c:0:0,dfa96710626dd8454b20bab58edadf81faa7374948fab10c0910e55037cea818,True,663.8877161312848,20,15617.14501953125,15808.0,,,,,
vanilla,0,11,49cd6149f02ec01ee03a6eb8287ab2df:81739d7eb99c:0:1,86024a4fa91c4b919c6bf7d14d030232d1b278e47a39c03efbe698cebb092a16,True,649.5490099769086,19,15617.14501953125,15808.0,,,,,
vanilla,0,12,49cd6149f02ec01ee03a6eb8287ab2df:81739d7eb99c:0:2,cf7957792cc42aad7f2f87beb1240027c78a84aebb3babafec5afeab6040dc38,True,635.7236539479345,18,15617.14501953125,15808.0,,,,,
vanilla,0,13,49cd6149f02ec01ee03a6eb8287ab2df:81739d7eb99c:0:3,e62c1d2a0e028a848bf11c6aee602c7b04b7c5d57080024b56092666b47f8121,True,698.9509919658303,22,15617.14501953125,15808.0,,,,,
vanilla,0,14,49cd6149f02ec01ee03a6eb8287ab2df:81739d7eb99c:0:4,f9472589f3263b5d01f4798bd4b1db08a9f8d5bfd4a7de1f6a20d7afa4d2fc9d,True,616.6850950103253,17,15617.14501953125,15808.0,,,,,
vanilla,0,15,c6050fe51d3408b1eaef27e08e7f1956:1458b54ae2f6:0:0,0c2763434c50e20730f49847263ef9024806cb1a0560c523ed77737027dc7584,True,615.323071135208,17,15617.54833984375,15808.0,,,,,
vanilla,0,16,c6050fe51d3408b1eaef27e08e7f1956:1458b54ae2f6:0:1,664067171cd1bbc5ce837d235ed3ea23011690faf92d70710e11636621c1b115,True,842.9367549251765,30,15617.54833984375,15808.0,,,,,
vanilla,0,17,c6050fe51d3408b1eaef27e08e7f1956:1458b54ae2f6:0:2,c6b78a53ab1e086ea1b1d04c24bdf6d361a4c414a514fa6f179a43df6e2fb518,True,884.6572309266776,33,15617.54833984375,15808.0,,,,,
vanilla,0,18,c6050fe51d3408b1eaef27e08e7f1956:1458b54ae2f6:0:3,76081f5fd3a7d2fecc5219b9f1a003927ab2f0a03cbcea2809aa13575b12704d,True,531.6421440802515,12,15617.54833984375,15808.0,,,,,
vanilla,0,19,c6050fe51d3408b1eaef27e08e7f1956:1458b54ae2f6:0:4,ad3a25be620e9e8363cf8b064f96e3948b2c3e9ae99d2778aa19fe9e3c58386a,True,936.6253360640258,36,15617.54833984375,15808.0,,,,,
vanilla,0,20,c6050fe51d3408b1eaef27e08e7f1956:e4e99a4d6532:0:0,0c2763434c50e20730f49847263ef9024806cb1a0560c523ed77737027dc7584,True,616.9333420693874,17,15617.54833984375,15808.0,,,,,
vanilla,0,21,c6050fe51d3408b1eaef27e08e7f1956:e4e99a4d6532:0:1,664067171cd1bbc5ce837d235ed3ea23011690faf92d70710e11636621c1b115,True,833.7505511008203,30,15617.54833984375,15808.0,,,,,
vanilla,0,22,c6050fe51d3408b1eaef27e08e7f1956:e4e99a4d6532:0:2,c6b78a53ab1e086ea1b1d04c24bdf6d361a4c414a514fa6f179a43df6e2fb518,True,883.632831973955,33,15617.54833984375,15808.0,,,,,
vanilla,0,23,c6050fe51d3408b1eaef27e08e7f1956:e4e99a4d6532:0:3,76081f5fd3a7d2fecc5219b9f1a003927ab2f0a03cbcea2809aa13575b12704d,True,535.5583319906145,12,15617.54833984375,15808.0,,,,,
vanilla,0,24,c6050fe51d3408b1eaef27e08e7f1956:e4e99a4d6532:0:4,ad3a25be620e9e8363cf8b064f96e3948b2c3e9ae99d2778aa19fe9e3c58386a,True,932.9051661770791,36,15617.54833984375,15808.0,,,,,
vanilla,0,25,bb98dd0bceac09d24db1ecb2af549a92:377f7f0dd150:0:0,c7fdec5fa5d5e1adf291637b9bb1fe8f118cbb3eb57af7ef76921e247600c9c6,True,648.8440618850291,19,15617.14501953125,15808.0,,,,,
vanilla,0,26,bb98dd0bceac09d24db1ecb2af549a92:377f7f0dd150:0:1,4af9997807defa232e553246d42901a0d746fdbefff91462d7ee0c1a91ca74e4,True,764.5949800498784,26,15617.14501953125,15808.0,,,,,
vanilla,0,27,bb98dd0bceac09d24db1ecb2af549a92:377f7f0dd150:0:2,75d13c8ce97c12289f2430a015d1d7989bcb997955ebfd456b23a70f3283334e,True,731.3139617908746,24,15617.14501953125,15808.0,,,,,
vanilla,0,28,bb98dd0bceac09d24db1ecb2af549a92:377f7f0dd150:0:3,07076b19c18093e788139445acd32421179c80fb131abb5020ab511b244dfaf3,True,547.5347850006074,13,15617.14501953125,15808.0,,,,,
vanilla,0,29,bb98dd0bceac09d24db1ecb2af549a92:377f7f0dd150:0:4,07076b19c18093e788139445acd32421179c80fb131abb5020ab511b244dfaf3,True,547.9766631033272,13,15617.14501953125,15808.0,,,,,
vanilla,0,30,bb98dd0bceac09d24db1ecb2af549a92:2cf3a7a3a65c:0:0,c7fdec5fa5d5e1adf291637b9bb1fe8f118cbb3eb57af7ef76921e247600c9c6,True,648.4314179979265,19,15617.14501953125,15808.0,,,,,
vanilla,0,31,bb98dd0bceac09d24db1ecb2af549a92:2cf3a7a3a65c:0:1,4af9997807defa232e553246d42901a0d746fdbefff91462d7ee0c1a91ca74e4,True,765.9624109510332,26,15617.14501953125,15808.0,,,,,
vanilla,0,32,bb98dd0bceac09d24db1ecb2af549a92:2cf3a7a3a65c:0:2,75d13c8ce97c12289f2430a015d1d7989bcb997955ebfd456b23a70f3283334e,True,734.2179650440812,24,15617.14501953125,15808.0,,,,,
vanilla,0,33,bb98dd0bceac09d24db1ecb2af549a92:2cf3a7a3a65c:0:3,07076b19c18093e788139445acd32421179c80fb131abb5020ab511b244dfaf3,True,547.8439549915493,13,15617.14501953125,15808.0,,,,,
vanilla,0,34,bb98dd0bceac09d24db1ecb2af549a92:2cf3a7a3a65c:0:4,07076b19c18093e788139445acd32421179c80fb131abb5020ab511b244dfaf3,True,548.5017739702016,13,15617.14501953125,15808.0,,,,,
vanilla,0,35,b877dd782edba758ab429e3ee3de3329:97e16cc551e4:0:0,62517bae74e7259c57a7da56e4f54b797cf2a664727fb53fe05de2f3598ea92d,True,697.7809078525752,22,15617.21826171875,15808.0,,,,,
vanilla,0,36,b877dd782edba758ab429e3ee3de3329:97e16cc551e4:0:1,d84210bceb3038c1ed37c6ee7bc057db462ddedaa6823742af8a6d297cb431da,True,765.5105418525636,26,15617.21826171875,15808.0,,,,,
vanilla,0,37,b877dd782edba758ab429e3ee3de3329:97e16cc551e4:0:2,e2d8c9e2e95c4938f7be5f7610f5dd612f23c22b2461cafe849ff52d619824cd,True,767.381806159392,26,15617.21826171875,15808.0,,,,,
vanilla,0,38,b877dd782edba758ab429e3ee3de3329:97e16cc551e4:0:3,94d4ffe585b52d02528404f4f0629286595977610fc216797666ffe14a17ed0c,True,630.5598481558263,18,15617.21826171875,15808.0,,,,,
vanilla,0,39,b877dd782edba758ab429e3ee3de3329:97e16cc551e4:0:4,aba8c2cf6367e2e8a95bb52794ddcb426d595fad022cf2d457da88045f881ed0,True,596.8796529341489,16,15617.21826171875,15808.0,,,,,
vanilla,0,40,b877dd782edba758ab429e3ee3de3329:dd7f6c9e007d:0:0,62517bae74e7259c57a7da56e4f54b797cf2a664727fb53fe05de2f3598ea92d,True,696.0454760119319,22,15617.21826171875,15808.0,,,,,
vanilla,0,41,b877dd782edba758ab429e3ee3de3329:dd7f6c9e007d:0:1,d84210bceb3038c1ed37c6ee7bc057db462ddedaa6823742af8a6d297cb431da,True,764.7906199563295,26,15617.21826171875,15808.0,,,,,
vanilla,0,42,b877dd782edba758ab429e3ee3de3329:dd7f6c9e007d:0:2,e2d8c9e2e95c4938f7be5f7610f5dd612f23c22b2461cafe849ff52d619824cd,True,765.2262491174042,26,15617.21826171875,15808.0,,,,,
vanilla,0,43,b877dd782edba758ab429e3ee3de3329:dd7f6c9e007d:0:3,94d4ffe585b52d02528404f4f0629286595977610fc216797666ffe14a17ed0c,True,630.1027170848101,18,15617.21826171875,15808.0,,,,,
vanilla,0,44,b877dd782edba758ab429e3ee3de3329:dd7f6c9e007d:0:4,aba8c2cf6367e2e8a95bb52794ddcb426d595fad022cf2d457da88045f881ed0,True,595.5918040126562,16,15617.21826171875,15808.0,,,,,
vanilla,0,45,4f59fbf51a0a5bfb4dc5af02cf294693:993dac5396a0:0:0,aa1f1fd8a9efcb963811de5e984dc16d83696aa7e913ba6980ace9aa76b7f7a3,True,630.987951066345,18,15617.40185546875,15808.0,,,,,
vanilla,0,46,4f59fbf51a0a5bfb4dc5af02cf294693:993dac5396a0:0:1,bdcb900eea2a0e63a259e4fe2376f8cc3aec08e4611682d3f4ee038edca9d017,True,496.5380169451237,10,15617.40185546875,15808.0,,,,,
vanilla,0,47,4f59fbf51a0a5bfb4dc5af02cf294693:993dac5396a0:0:2,f3e746a5a573b9140378e527f40ef9a01e1da198199bb2597c74356d9befd366,True,762.3529038392007,26,15617.40185546875,15808.0,,,,,
vanilla,0,48,4f59fbf51a0a5bfb4dc5af02cf294693:993dac5396a0:0:3,f77a4c18118683cabf2ce423b4a1474e9a020c00dc184984ee227d2432eaaeca,True,762.9517938476056,26,15617.40185546875,15808.0,,,,,
vanilla,0,49,4f59fbf51a0a5bfb4dc5af02cf294693:993dac5396a0:0:4,082a3f27a64a793001365f40fd7d76058660d5148036e68127b7775445e5f79a,True,495.2529650181532,10,15617.40185546875,15808.0,,,,,
vanilla,1,0,1a938d25604410ccd63b60285919eaec:c627e50da685:0:0,ad7432ad3647d5979a4c8f07ea59db904408a5ca59b44fc807019ff723c8fe9d,True,529.7474248800427,12,15617.40185546875,15808.0,,,,,
vanilla,1,1,1a938d25604410ccd63b60285919eaec:c627e50da685:0:1,ad7432ad3647d5979a4c8f07ea59db904408a5ca59b44fc807019ff723c8fe9d,True,529.1356181260198,12,15617.40185546875,15808.0,,,,,
vanilla,1,2,1a938d25604410ccd63b60285919eaec:c627e50da685:0:2,45b29a4f9a357408272a3d9ee292dd9f825df58412a294bc76edad70933ff8f3,True,534.4566600397229,12,15617.40185546875,15808.0,,,,,
vanilla,1,3,1a938d25604410ccd63b60285919eaec:c627e50da685:0:3,8f13312bc57593ae709f0e55a18489d480c2a86c8038ac06144174a3f51b5600,True,617.1556250192225,12,15617.40185546875,15808.0,,,,,
vanilla,1,4,1a938d25604410ccd63b60285919eaec:c627e50da685:0:4,8f13312bc57593ae709f0e55a18489d480c2a86c8038ac06144174a3f51b5600,True,529.5126112177968,12,15617.40185546875,15808.0,,,,,
vanilla,1,5,49cd6149f02ec01ee03a6eb8287ab2df:f982e9dfaf25:0:0,dfa96710626dd8454b20bab58edadf81faa7374948fab10c0910e55037cea818,True,663.5828241705894,20,15617.14501953125,15808.0,,,,,
vanilla,1,6,49cd6149f02ec01ee03a6eb8287ab2df:f982e9dfaf25:0:1,86024a4fa91c4b919c6bf7d14d030232d1b278e47a39c03efbe698cebb092a16,True,647.8001559153199,19,15617.14501953125,15808.0,,,,,
vanilla,1,7,49cd6149f02ec01ee03a6eb8287ab2df:f982e9dfaf25:0:2,cf7957792cc42aad7f2f87beb1240027c78a84aebb3babafec5afeab6040dc38,True,633.7776130530983,18,15617.14501953125,15808.0,,,,,
vanilla,1,8,49cd6149f02ec01ee03a6eb8287ab2df:f982e9dfaf25:0:3,e62c1d2a0e028a848bf11c6aee602c7b04b7c5d57080024b56092666b47f8121,True,699.6915300842375,22,15617.14501953125,15808.0,,,,,
vanilla,1,9,49cd6149f02ec01ee03a6eb8287ab2df:f982e9dfaf25:0:4,f9472589f3263b5d01f4798bd4b1db08a9f8d5bfd4a7de1f6a20d7afa4d2fc9d,True,615.7290679402649,17,15617.14501953125,15808.0,,,,,
vanilla,1,10,49cd6149f02ec01ee03a6eb8287ab2df:81739d7eb99c:0:0,dfa96710626dd8454b20bab58edadf81faa7374948fab10c0910e55037cea818,True,667.3717929515988,20,15617.14501953125,15808.0,,,,,
vanilla,1,11,49cd6149f02ec01ee03a6eb8287ab2df:81739d7eb99c:0:1,86024a4fa91c4b919c6bf7d14d030232d1b278e47a39c03efbe698cebb092a16,True,649.4695178698748,19,15617.14501953125,15808.0,,,,,
vanilla,1,12,49cd6149f02ec01ee03a6eb8287ab2df:81739d7eb99c:0:2,cf7957792cc42aad7f2f87beb1240027c78a84aebb3babafec5afeab6040dc38,True,634.2991190031171,18,15617.14501953125,15808.0,,,,,
vanilla,1,13,49cd6149f02ec01ee03a6eb8287ab2df:81739d7eb99c:0:3,e62c1d2a0e028a848bf11c6aee602c7b04b7c5d57080024b56092666b47f8121,True,700.9702301584184,22,15617.14501953125,15808.0,,,,,
vanilla,1,14,49cd6149f02ec01ee03a6eb8287ab2df:81739d7eb99c:0:4,f9472589f3263b5d01f4798bd4b1db08a9f8d5bfd4a7de1f6a20d7afa4d2fc9d,True,615.0735691189766,17,15617.14501953125,15808.0,,,,,
vanilla,1,15,c6050fe51d3408b1eaef27e08e7f1956:1458b54ae2f6:0:0,0c2763434c50e20730f49847263ef9024806cb1a0560c523ed77737027dc7584,True,615.9394411370158,17,15617.54833984375,15808.0,,,,,
vanilla,1,16,c6050fe51d3408b1eaef27e08e7f1956:1458b54ae2f6:0:1,664067171cd1bbc5ce837d235ed3ea23011690faf92d70710e11636621c1b115,True,836.6847210563719,30,15617.54833984375,15808.0,,,,,
vanilla,1,17,c6050fe51d3408b1eaef27e08e7f1956:1458b54ae2f6:0:2,c6b78a53ab1e086ea1b1d04c24bdf6d361a4c414a514fa6f179a43df6e2fb518,True,888.1959959398955,33,15617.54833984375,15808.0,,,,,
vanilla,1,18,c6050fe51d3408b1eaef27e08e7f1956:1458b54ae2f6:0:3,76081f5fd3a7d2fecc5219b9f1a003927ab2f0a03cbcea2809aa13575b12704d,True,532.7519790735096,12,15617.54833984375,15808.0,,,,,
vanilla,1,19,c6050fe51d3408b1eaef27e08e7f1956:1458b54ae2f6:0:4,ad3a25be620e9e8363cf8b064f96e3948b2c3e9ae99d2778aa19fe9e3c58386a,True,948.4834210015833,36,15617.54833984375,15808.0,,,,,
vanilla,1,20,c6050fe51d3408b1eaef27e08e7f1956:e4e99a4d6532:0:0,0c2763434c50e20730f49847263ef9024806cb1a0560c523ed77737027dc7584,True,616.1618120968342,17,15617.54833984375,15808.0,,,,,
vanilla,1,21,c6050fe51d3408b1eaef27e08e7f1956:e4e99a4d6532:0:1,664067171cd1bbc5ce837d235ed3ea23011690faf92d70710e11636621c1b115,True,835.3836110327393,30,15617.54833984375,15808.0,,,,,
vanilla,1,22,c6050fe51d3408b1eaef27e08e7f1956:e4e99a4d6532:0:2,c6b78a53ab1e086ea1b1d04c24bdf6d361a4c414a514fa6f179a43df6e2fb518,True,885.3032058104873,33,15617.54833984375,15808.0,,,,,
vanilla,1,23,c6050fe51d3408b1eaef27e08e7f1956:e4e99a4d6532:0:3,76081f5fd3a7d2fecc5219b9f1a003927ab2f0a03cbcea2809aa13575b12704d,True,531.1658990103751,12,15617.54833984375,15808.0,,,,,
vanilla,1,24,c6050fe51d3408b1eaef27e08e7f1956:e4e99a4d6532:0:4,ad3a25be620e9e8363cf8b064f96e3948b2c3e9ae99d2778aa19fe9e3c58386a,True,934.6305499784648,36,15617.54833984375,15808.0,,,,,
vanilla,1,25,bb98dd0bceac09d24db1ecb2af549a92:377f7f0dd150:0:0,c7fdec5fa5d5e1adf291637b9bb1fe8f118cbb3eb57af7ef76921e247600c9c6,True,647.405716124922,19,15617.14501953125,15808.0,,,,,
vanilla,1,26,bb98dd0bceac09d24db1ecb2af549a92:377f7f0dd150:0:1,4af9997807defa232e553246d42901a0d746fdbefff91462d7ee0c1a91ca74e4,True,765.6529250089079,26,15617.14501953125,15808.0,,,,,
vanilla,1,27,bb98dd0bceac09d24db1ecb2af549a92:377f7f0dd150:0:2,75d13c8ce97c12289f2430a015d1d7989bcb997955ebfd456b23a70f3283334e,True,733.9909709990025,24,15617.14501953125,15808.0,,,,,
vanilla,1,28,bb98dd0bceac09d24db1ecb2af549a92:377f7f0dd150:0:3,07076b19c18093e788139445acd32421179c80fb131abb5020ab511b244dfaf3,True,546.3923090137541,13,15617.14501953125,15808.0,,,,,
vanilla,1,29,bb98dd0bceac09d24db1ecb2af549a92:377f7f0dd150:0:4,07076b19c18093e788139445acd32421179c80fb131abb5020ab511b244dfaf3,True,548.9932911004871,13,15617.14501953125,15808.0,,,,,
vanilla,1,30,bb98dd0bceac09d24db1ecb2af549a92:2cf3a7a3a65c:0:0,c7fdec5fa5d5e1adf291637b9bb1fe8f118cbb3eb57af7ef76921e247600c9c6,True,648.7408350221813,19,15617.14501953125,15808.0,,,,,
vanilla,1,31,bb98dd0bceac09d24db1ecb2af549a92:2cf3a7a3a65c:0:1,4af9997807defa232e553246d42901a0d746fdbefff91462d7ee0c1a91ca74e4,True,769.3324689753354,26,15617.14501953125,15808.0,,,,,
vanilla,1,32,bb98dd0bceac09d24db1ecb2af549a92:2cf3a7a3a65c:0:2,75d13c8ce97c12289f2430a015d1d7989bcb997955ebfd456b23a70f3283334e,True,734.8337040748447,24,15617.14501953125,15808.0,,,,,
vanilla,1,33,bb98dd0bceac09d24db1ecb2af549a92:2cf3a7a3a65c:0:3,07076b19c18093e788139445acd32421179c80fb131abb5020ab511b244dfaf3,True,547.8704271372408,13,15617.14501953125,15808.0,,,,,
vanilla,1,34,bb98dd0bceac09d24db1ecb2af549a92:2cf3a7a3a65c:0:4,07076b19c18093e788139445acd32421179c80fb131abb5020ab511b244dfaf3,True,545.3567181248218,13,15617.14501953125,15808.0,,,,,
vanilla,1,35,b877dd782edba758ab429e3ee3de3329:97e16cc551e4:0:0,62517bae74e7259c57a7da56e4f54b797cf2a664727fb53fe05de2f3598ea92d,True,698.0074341408908,22,15617.21826171875,15808.0,,,,,
vanilla,1,36,b877dd782edba758ab429e3ee3de3329:97e16cc551e4:0:1,d84210bceb3038c1ed37c6ee7bc057db462ddedaa6823742af8a6d297cb431da,True,761.2441158853471,26,15617.21826171875,15808.0,,,,,
vanilla,1,37,b877dd782edba758ab429e3ee3de3329:97e16cc551e4:0:2,e2d8c9e2e95c4938f7be5f7610f5dd612f23c22b2461cafe849ff52d619824cd,True,764.7810140624642,26,15617.21826171875,15808.0,,,,,
vanilla,1,38,b877dd782edba758ab429e3ee3de3329:97e16cc551e4:0:3,94d4ffe585b52d02528404f4f0629286595977610fc216797666ffe14a17ed0c,True,629.8691357951611,18,15617.21826171875,15808.0,,,,,
vanilla,1,39,b877dd782edba758ab429e3ee3de3329:97e16cc551e4:0:4,aba8c2cf6367e2e8a95bb52794ddcb426d595fad022cf2d457da88045f881ed0,True,596.9630368053913,16,15617.21826171875,15808.0,,,,,
vanilla,1,40,b877dd782edba758ab429e3ee3de3329:dd7f6c9e007d:0:0,62517bae74e7259c57a7da56e4f54b797cf2a664727fb53fe05de2f3598ea92d,True,701.5269170515239,22,15617.21826171875,15808.0,,,,,
vanilla,1,41,b877dd782edba758ab429e3ee3de3329:dd7f6c9e007d:0:1,d84210bceb3038c1ed37c6ee7bc057db462ddedaa6823742af8a6d297cb431da,True,764.3372539896518,26,15617.21826171875,15808.0,,,,,
vanilla,1,42,b877dd782edba758ab429e3ee3de3329:dd7f6c9e007d:0:2,e2d8c9e2e95c4938f7be5f7610f5dd612f23c22b2461cafe849ff52d619824cd,True,765.3584568761289,26,15617.21826171875,15808.0,,,,,
vanilla,1,43,b877dd782edba758ab429e3ee3de3329:dd7f6c9e007d:0:3,94d4ffe585b52d02528404f4f0629286595977610fc216797666ffe14a17ed0c,True,630.4336988832802,18,15617.21826171875,15808.0,,,,,
vanilla,1,44,b877dd782edba758ab429e3ee3de3329:dd7f6c9e007d:0:4,aba8c2cf6367e2e8a95bb52794ddcb426d595fad022cf2d457da88045f881ed0,True,596.2246959097683,16,15617.21826171875,15808.0,,,,,
vanilla,1,45,4f59fbf51a0a5bfb4dc5af02cf294693:993dac5396a0:0:0,aa1f1fd8a9efcb963811de5e984dc16d83696aa7e913ba6980ace9aa76b7f7a3,True,629.5914382208139,18,15617.40185546875,15808.0,,,,,
vanilla,1,46,4f59fbf51a0a5bfb4dc5af02cf294693:993dac5396a0:0:1,bdcb900eea2a0e63a259e4fe2376f8cc3aec08e4611682d3f4ee038edca9d017,True,495.91951398178935,10,15617.40185546875,15808.0,,,,,
vanilla,1,47,4f59fbf51a0a5bfb4dc5af02cf294693:993dac5396a0:0:2,f3e746a5a573b9140378e527f40ef9a01e1da198199bb2597c74356d9befd366,True,773.1955740600824,26,15617.40185546875,15808.0,,,,,
vanilla,1,48,4f59fbf51a0a5bfb4dc5af02cf294693:993dac5396a0:0:3,f77a4c18118683cabf2ce423b4a1474e9a020c00dc184984ee227d2432eaaeca,True,764.8415700532496,26,15617.40185546875,15808.0,,,,,
vanilla,1,49,4f59fbf51a0a5bfb4dc5af02cf294693:993dac5396a0:0:4,082a3f27a64a793001365f40fd7d76058660d5148036e68127b7775445e5f79a,True,496.61476095207036,10,15617.40185546875,15808.0,,,,,
step_hook,0,0,1a938d25604410ccd63b60285919eaec:c627e50da685:0:0,ad7432ad3647d5979a4c8f07ea59db904408a5ca59b44fc807019ff723c8fe9d,True,529.1682791430503,12,15617.40185546875,15808.0,0,,,,
step_hook,0,1,1a938d25604410ccd63b60285919eaec:c627e50da685:0:1,ad7432ad3647d5979a4c8f07ea59db904408a5ca59b44fc807019ff723c8fe9d,True,531.0861160978675,12,15617.40185546875,15808.0,0,,,,
step_hook,0,2,1a938d25604410ccd63b60285919eaec:c627e50da685:0:2,45b29a4f9a357408272a3d9ee292dd9f825df58412a294bc76edad70933ff8f3,True,530.3400391712785,12,15617.40185546875,15808.0,0,,,,
step_hook,0,3,1a938d25604410ccd63b60285919eaec:c627e50da685:0:3,8f13312bc57593ae709f0e55a18489d480c2a86c8038ac06144174a3f51b5600,True,529.8173180781305,12,15617.40185546875,15808.0,0,,,,
step_hook,0,4,1a938d25604410ccd63b60285919eaec:c627e50da685:0:4,8f13312bc57593ae709f0e55a18489d480c2a86c8038ac06144174a3f51b5600,True,529.4757790397853,12,15617.40185546875,15808.0,0,,,,
step_hook,0,5,49cd6149f02ec01ee03a6eb8287ab2df:f982e9dfaf25:0:0,dfa96710626dd8454b20bab58edadf81faa7374948fab10c0910e55037cea818,True,661.6884858813137,20,15617.14501953125,15808.0,0,,,,
step_hook,0,6,49cd6149f02ec01ee03a6eb8287ab2df:f982e9dfaf25:0:1,86024a4fa91c4b919c6bf7d14d030232d1b278e47a39c03efbe698cebb092a16,True,646.686633117497,19,15617.14501953125,15808.0,0,,,,
step_hook,0,7,49cd6149f02ec01ee03a6eb8287ab2df:f982e9dfaf25:0:2,cf7957792cc42aad7f2f87beb1240027c78a84aebb3babafec5afeab6040dc38,True,630.8628260158002,18,15617.14501953125,15808.0,0,,,,
step_hook,0,8,49cd6149f02ec01ee03a6eb8287ab2df:f982e9dfaf25:0:3,e62c1d2a0e028a848bf11c6aee602c7b04b7c5d57080024b56092666b47f8121,True,697.1591648180038,22,15617.14501953125,15808.0,0,,,,
step_hook,0,9,49cd6149f02ec01ee03a6eb8287ab2df:f982e9dfaf25:0:4,f9472589f3263b5d01f4798bd4b1db08a9f8d5bfd4a7de1f6a20d7afa4d2fc9d,True,613.1390139926225,17,15617.14501953125,15808.0,0,,,,
step_hook,0,10,49cd6149f02ec01ee03a6eb8287ab2df:81739d7eb99c:0:0,dfa96710626dd8454b20bab58edadf81faa7374948fab10c0910e55037cea818,True,663.1881380453706,20,15617.14501953125,15808.0,0,,,,
step_hook,0,11,49cd6149f02ec01ee03a6eb8287ab2df:81739d7eb99c:0:1,86024a4fa91c4b919c6bf7d14d030232d1b278e47a39c03efbe698cebb092a16,True,647.2738538868725,19,15617.14501953125,15808.0,0,,,,
step_hook,0,12,49cd6149f02ec01ee03a6eb8287ab2df:81739d7eb99c:0:2,cf7957792cc42aad7f2f87beb1240027c78a84aebb3babafec5afeab6040dc38,True,630.0924781244248,18,15617.14501953125,15808.0,0,,,,
step_hook,0,13,49cd6149f02ec01ee03a6eb8287ab2df:81739d7eb99c:0:3,e62c1d2a0e028a848bf11c6aee602c7b04b7c5d57080024b56092666b47f8121,True,704.7530449926853,22,15617.14501953125,15808.0,0,,,,
step_hook,0,14,49cd6149f02ec01ee03a6eb8287ab2df:81739d7eb99c:0:4,f9472589f3263b5d01f4798bd4b1db08a9f8d5bfd4a7de1f6a20d7afa4d2fc9d,True,613.0773380864412,17,15617.14501953125,15808.0,0,,,,
step_hook,0,15,c6050fe51d3408b1eaef27e08e7f1956:1458b54ae2f6:0:0,0c2763434c50e20730f49847263ef9024806cb1a0560c523ed77737027dc7584,True,613.2687178906053,17,15617.54833984375,15808.0,0,,,,
step_hook,0,16,c6050fe51d3408b1eaef27e08e7f1956:1458b54ae2f6:0:1,664067171cd1bbc5ce837d235ed3ea23011690faf92d70710e11636621c1b115,True,831.986403092742,30,15617.54833984375,15808.0,0,,,,
step_hook,0,17,c6050fe51d3408b1eaef27e08e7f1956:1458b54ae2f6:0:2,c6b78a53ab1e086ea1b1d04c24bdf6d361a4c414a514fa6f179a43df6e2fb518,True,883.147242013365,33,15617.54833984375,15808.0,0,,,,
step_hook,0,18,c6050fe51d3408b1eaef27e08e7f1956:1458b54ae2f6:0:3,76081f5fd3a7d2fecc5219b9f1a003927ab2f0a03cbcea2809aa13575b12704d,True,527.9382558073848,12,15617.54833984375,15808.0,0,,,,
step_hook,0,19,c6050fe51d3408b1eaef27e08e7f1956:1458b54ae2f6:0:4,ad3a25be620e9e8363cf8b064f96e3948b2c3e9ae99d2778aa19fe9e3c58386a,True,931.2995630316436,36,15617.54833984375,15808.0,0,,,,
step_hook,0,20,c6050fe51d3408b1eaef27e08e7f1956:e4e99a4d6532:0:0,0c2763434c50e20730f49847263ef9024806cb1a0560c523ed77737027dc7584,True,613.5160301346332,17,15617.54833984375,15808.0,0,,,,
step_hook,0,21,c6050fe51d3408b1eaef27e08e7f1956:e4e99a4d6532:0:1,664067171cd1bbc5ce837d235ed3ea23011690faf92d70710e11636621c1b115,True,830.4613409563899,30,15617.54833984375,15808.0,0,,,,
step_hook,0,22,c6050fe51d3408b1eaef27e08e7f1956:e4e99a4d6532:0:2,c6b78a53ab1e086ea1b1d04c24bdf6d361a4c414a514fa6f179a43df6e2fb518,True,884.1579221189022,33,15617.54833984375,15808.0,0,,,,
step_hook,0,23,c6050fe51d3408b1eaef27e08e7f1956:e4e99a4d6532:0:3,76081f5fd3a7d2fecc5219b9f1a003927ab2f0a03cbcea2809aa13575b12704d,True,529.4708949513733,12,15617.54833984375,15808.0,0,,,,
step_hook,0,24,c6050fe51d3408b1eaef27e08e7f1956:e4e99a4d6532:0:4,ad3a25be620e9e8363cf8b064f96e3948b2c3e9ae99d2778aa19fe9e3c58386a,True,932.4215441010892,36,15617.54833984375,15808.0,0,,,,
step_hook,0,25,bb98dd0bceac09d24db1ecb2af549a92:377f7f0dd150:0:0,c7fdec5fa5d5e1adf291637b9bb1fe8f118cbb3eb57af7ef76921e247600c9c6,True,646.6535101644695,19,15617.14501953125,15808.0,0,,,,
step_hook,0,26,bb98dd0bceac09d24db1ecb2af549a92:377f7f0dd150:0:1,4af9997807defa232e553246d42901a0d746fdbefff91462d7ee0c1a91ca74e4,True,763.2670579478145,26,15617.14501953125,15808.0,0,,,,
step_hook,0,27,bb98dd0bceac09d24db1ecb2af549a92:377f7f0dd150:0:2,75d13c8ce97c12289f2430a015d1d7989bcb997955ebfd456b23a70f3283334e,True,728.503734106198,24,15617.14501953125,15808.0,0,,,,
step_hook,0,28,bb98dd0bceac09d24db1ecb2af549a92:377f7f0dd150:0:3,07076b19c18093e788139445acd32421179c80fb131abb5020ab511b244dfaf3,True,545.2473170589656,13,15617.14501953125,15808.0,0,,,,
step_hook,0,29,bb98dd0bceac09d24db1ecb2af549a92:377f7f0dd150:0:4,07076b19c18093e788139445acd32421179c80fb131abb5020ab511b244dfaf3,True,546.0940070915967,13,15617.14501953125,15808.0,0,,,,
step_hook,0,30,bb98dd0bceac09d24db1ecb2af549a92:2cf3a7a3a65c:0:0,c7fdec5fa5d5e1adf291637b9bb1fe8f118cbb3eb57af7ef76921e247600c9c6,True,647.6119179278612,19,15617.14501953125,15808.0,0,,,,
step_hook,0,31,bb98dd0bceac09d24db1ecb2af549a92:2cf3a7a3a65c:0:1,4af9997807defa232e553246d42901a0d746fdbefff91462d7ee0c1a91ca74e4,True,765.4654539655894,26,15617.14501953125,15808.0,0,,,,
step_hook,0,32,bb98dd0bceac09d24db1ecb2af549a92:2cf3a7a3a65c:0:2,75d13c8ce97c12289f2430a015d1d7989bcb997955ebfd456b23a70f3283334e,True,729.8923409543931,24,15617.14501953125,15808.0,0,,,,
step_hook,0,33,bb98dd0bceac09d24db1ecb2af549a92:2cf3a7a3a65c:0:3,07076b19c18093e788139445acd32421179c80fb131abb5020ab511b244dfaf3,True,545.5888770520687,13,15617.14501953125,15808.0,0,,,,
step_hook,0,34,bb98dd0bceac09d24db1ecb2af549a92:2cf3a7a3a65c:0:4,07076b19c18093e788139445acd32421179c80fb131abb5020ab511b244dfaf3,True,546.3287839666009,13,15617.14501953125,15808.0,0,,,,
step_hook,0,35,b877dd782edba758ab429e3ee3de3329:97e16cc551e4:0:0,62517bae74e7259c57a7da56e4f54b797cf2a664727fb53fe05de2f3598ea92d,True,697.5083099678159,22,15617.21826171875,15808.0,0,,,,
step_hook,0,36,b877dd782edba758ab429e3ee3de3329:97e16cc551e4:0:1,d84210bceb3038c1ed37c6ee7bc057db462ddedaa6823742af8a6d297cb431da,True,764.323964016512,26,15617.21826171875,15808.0,0,,,,
step_hook,0,37,b877dd782edba758ab429e3ee3de3329:97e16cc551e4:0:2,e2d8c9e2e95c4938f7be5f7610f5dd612f23c22b2461cafe849ff52d619824cd,True,768.8838099129498,26,15617.21826171875,15808.0,0,,,,
step_hook,0,38,b877dd782edba758ab429e3ee3de3329:97e16cc551e4:0:3,94d4ffe585b52d02528404f4f0629286595977610fc216797666ffe14a17ed0c,True,631.4018450211734,18,15617.21826171875,15808.0,0,,,,
step_hook,0,39,b877dd782edba758ab429e3ee3de3329:97e16cc551e4:0:4,aba8c2cf6367e2e8a95bb52794ddcb426d595fad022cf2d457da88045f881ed0,True,597.2594609484076,16,15617.21826171875,15808.0,0,,,,
step_hook,0,40,b877dd782edba758ab429e3ee3de3329:dd7f6c9e007d:0:0,62517bae74e7259c57a7da56e4f54b797cf2a664727fb53fe05de2f3598ea92d,True,696.4002279564738,22,15617.21826171875,15808.0,0,,,,
step_hook,0,41,b877dd782edba758ab429e3ee3de3329:dd7f6c9e007d:0:1,d84210bceb3038c1ed37c6ee7bc057db462ddedaa6823742af8a6d297cb431da,True,763.8258240185678,26,15617.21826171875,15808.0,0,,,,
step_hook,0,42,b877dd782edba758ab429e3ee3de3329:dd7f6c9e007d:0:2,e2d8c9e2e95c4938f7be5f7610f5dd612f23c22b2461cafe849ff52d619824cd,True,763.9754428528249,26,15617.21826171875,15808.0,0,,,,
step_hook,0,43,b877dd782edba758ab429e3ee3de3329:dd7f6c9e007d:0:3,94d4ffe585b52d02528404f4f0629286595977610fc216797666ffe14a17ed0c,True,629.1399381589144,18,15617.21826171875,15808.0,0,,,,
step_hook,0,44,b877dd782edba758ab429e3ee3de3329:dd7f6c9e007d:0:4,aba8c2cf6367e2e8a95bb52794ddcb426d595fad022cf2d457da88045f881ed0,True,597.8374788537621,16,15617.21826171875,15808.0,0,,,,
step_hook,0,45,4f59fbf51a0a5bfb4dc5af02cf294693:993dac5396a0:0:0,aa1f1fd8a9efcb963811de5e984dc16d83696aa7e913ba6980ace9aa76b7f7a3,True,633.5546160116792,18,15617.40185546875,15808.0,0,,,,
step_hook,0,46,4f59fbf51a0a5bfb4dc5af02cf294693:993dac5396a0:0:1,bdcb900eea2a0e63a259e4fe2376f8cc3aec08e4611682d3f4ee038edca9d017,True,497.37040884792805,10,15617.40185546875,15808.0,0,,,,
step_hook,0,47,4f59fbf51a0a5bfb4dc5af02cf294693:993dac5396a0:0:2,f3e746a5a573b9140378e527f40ef9a01e1da198199bb2597c74356d9befd366,True,769.4187678862363,26,15617.40185546875,15808.0,0,,,,
step_hook,0,48,4f59fbf51a0a5bfb4dc5af02cf294693:993dac5396a0:0:3,f77a4c18118683cabf2ce423b4a1474e9a020c00dc184984ee227d2432eaaeca,True,768.7199721112847,26,15617.40185546875,15808.0,0,,,,
step_hook,0,49,4f59fbf51a0a5bfb4dc5af02cf294693:993dac5396a0:0:4,082a3f27a64a793001365f40fd7d76058660d5148036e68127b7775445e5f79a,True,496.55488110147417,10,15617.40185546875,15808.0,0,,,,
step_hook,1,0,1a938d25604410ccd63b60285919eaec:c627e50da685:0:0,ad7432ad3647d5979a4c8f07ea59db904408a5ca59b44fc807019ff723c8fe9d,True,530.1256899256259,12,15617.40185546875,15808.0,0,,,,
step_hook,1,1,1a938d25604410ccd63b60285919eaec:c627e50da685:0:1,ad7432ad3647d5979a4c8f07ea59db904408a5ca59b44fc807019ff723c8fe9d,True,529.7265581320971,12,15617.40185546875,15808.0,0,,,,
step_hook,1,2,1a938d25604410ccd63b60285919eaec:c627e50da685:0:2,45b29a4f9a357408272a3d9ee292dd9f825df58412a294bc76edad70933ff8f3,True,528.7702570203692,12,15617.40185546875,15808.0,0,,,,
step_hook,1,3,1a938d25604410ccd63b60285919eaec:c627e50da685:0:3,8f13312bc57593ae709f0e55a18489d480c2a86c8038ac06144174a3f51b5600,True,530.5389419663697,12,15617.40185546875,15808.0,0,,,,
step_hook,1,4,1a938d25604410ccd63b60285919eaec:c627e50da685:0:4,8f13312bc57593ae709f0e55a18489d480c2a86c8038ac06144174a3f51b5600,True,530.3182760253549,12,15617.40185546875,15808.0,0,,,,
step_hook,1,5,49cd6149f02ec01ee03a6eb8287ab2df:f982e9dfaf25:0:0,dfa96710626dd8454b20bab58edadf81faa7374948fab10c0910e55037cea818,True,663.8458969537169,20,15617.14501953125,15808.0,0,,,,
step_hook,1,6,49cd6149f02ec01ee03a6eb8287ab2df:f982e9dfaf25:0:1,86024a4fa91c4b919c6bf7d14d030232d1b278e47a39c03efbe698cebb092a16,True,653.4156049601734,19,15617.14501953125,15808.0,0,,,,
step_hook,1,7,49cd6149f02ec01ee03a6eb8287ab2df:f982e9dfaf25:0:2,cf7957792cc42aad7f2f87beb1240027c78a84aebb3babafec5afeab6040dc38,True,631.6359220072627,18,15617.14501953125,15808.0,0,,,,
step_hook,1,8,49cd6149f02ec01ee03a6eb8287ab2df:f982e9dfaf25:0:3,e62c1d2a0e028a848bf11c6aee602c7b04b7c5d57080024b56092666b47f8121,True,699.5832258835435,22,15617.14501953125,15808.0,0,,,,
step_hook,1,9,49cd6149f02ec01ee03a6eb8287ab2df:f982e9dfaf25:0:4,f9472589f3263b5d01f4798bd4b1db08a9f8d5bfd4a7de1f6a20d7afa4d2fc9d,True,614.1796358861029,17,15617.14501953125,15808.0,0,,,,
step_hook,1,10,49cd6149f02ec01ee03a6eb8287ab2df:81739d7eb99c:0:0,dfa96710626dd8454b20bab58edadf81faa7374948fab10c0910e55037cea818,True,668.6273261439055,20,15617.14501953125,15808.0,0,,,,
step_hook,1,11,49cd6149f02ec01ee03a6eb8287ab2df:81739d7eb99c:0:1,86024a4fa91c4b919c6bf7d14d030232d1b278e47a39c03efbe698cebb092a16,True,648.1991519685835,19,15617.14501953125,15808.0,0,,,,
step_hook,1,12,49cd6149f02ec01ee03a6eb8287ab2df:81739d7eb99c:0:2,cf7957792cc42aad7f2f87beb1240027c78a84aebb3babafec5afeab6040dc38,True,631.1883539892733,18,15617.14501953125,15808.0,0,,,,
step_hook,1,13,49cd6149f02ec01ee03a6eb8287ab2df:81739d7eb99c:0:3,e62c1d2a0e028a848bf11c6aee602c7b04b7c5d57080024b56092666b47f8121,True,699.3811239954084,22,15617.14501953125,15808.0,0,,,,
step_hook,1,14,49cd6149f02ec01ee03a6eb8287ab2df:81739d7eb99c:0:4,f9472589f3263b5d01f4798bd4b1db08a9f8d5bfd4a7de1f6a20d7afa4d2fc9d,True,614.7107440046966,17,15617.14501953125,15808.0,0,,,,
step_hook,1,15,c6050fe51d3408b1eaef27e08e7f1956:1458b54ae2f6:0:0,0c2763434c50e20730f49847263ef9024806cb1a0560c523ed77737027dc7584,True,613.9099970459938,17,15617.54833984375,15808.0,0,,,,
step_hook,1,16,c6050fe51d3408b1eaef27e08e7f1956:1458b54ae2f6:0:1,664067171cd1bbc5ce837d235ed3ea23011690faf92d70710e11636621c1b115,True,829.7908899839967,30,15617.54833984375,15808.0,0,,,,
step_hook,1,17,c6050fe51d3408b1eaef27e08e7f1956:1458b54ae2f6:0:2,c6b78a53ab1e086ea1b1d04c24bdf6d361a4c414a514fa6f179a43df6e2fb518,True,882.7259889803827,33,15617.54833984375,15808.0,0,,,,
step_hook,1,18,c6050fe51d3408b1eaef27e08e7f1956:1458b54ae2f6:0:3,76081f5fd3a7d2fecc5219b9f1a003927ab2f0a03cbcea2809aa13575b12704d,True,529.3118329718709,12,15617.54833984375,15808.0,0,,,,
step_hook,1,19,c6050fe51d3408b1eaef27e08e7f1956:1458b54ae2f6:0:4,ad3a25be620e9e8363cf8b064f96e3948b2c3e9ae99d2778aa19fe9e3c58386a,True,932.019789936021,36,15617.54833984375,15808.0,0,,,,
step_hook,1,20,c6050fe51d3408b1eaef27e08e7f1956:e4e99a4d6532:0:0,0c2763434c50e20730f49847263ef9024806cb1a0560c523ed77737027dc7584,True,610.9547421801835,17,15617.54833984375,15808.0,0,,,,
step_hook,1,21,c6050fe51d3408b1eaef27e08e7f1956:e4e99a4d6532:0:1,664067171cd1bbc5ce837d235ed3ea23011690faf92d70710e11636621c1b115,True,830.5477949324995,30,15617.54833984375,15808.0,0,,,,
step_hook,1,22,c6050fe51d3408b1eaef27e08e7f1956:e4e99a4d6532:0:2,c6b78a53ab1e086ea1b1d04c24bdf6d361a4c414a514fa6f179a43df6e2fb518,True,880.9832029510289,33,15617.54833984375,15808.0,0,,,,
step_hook,1,23,c6050fe51d3408b1eaef27e08e7f1956:e4e99a4d6532:0:3,76081f5fd3a7d2fecc5219b9f1a003927ab2f0a03cbcea2809aa13575b12704d,True,529.0044820867479,12,15617.54833984375,15808.0,0,,,,
step_hook,1,24,c6050fe51d3408b1eaef27e08e7f1956:e4e99a4d6532:0:4,ad3a25be620e9e8363cf8b064f96e3948b2c3e9ae99d2778aa19fe9e3c58386a,True,929.2905749753118,36,15617.54833984375,15808.0,0,,,,
step_hook,1,25,bb98dd0bceac09d24db1ecb2af549a92:377f7f0dd150:0:0,c7fdec5fa5d5e1adf291637b9bb1fe8f118cbb3eb57af7ef76921e247600c9c6,True,644.4459611084312,19,15617.14501953125,15808.0,0,,,,
step_hook,1,26,bb98dd0bceac09d24db1ecb2af549a92:377f7f0dd150:0:1,4af9997807defa232e553246d42901a0d746fdbefff91462d7ee0c1a91ca74e4,True,760.5267569888383,26,15617.14501953125,15808.0,0,,,,
step_hook,1,27,bb98dd0bceac09d24db1ecb2af549a92:377f7f0dd150:0:2,75d13c8ce97c12289f2430a015d1d7989bcb997955ebfd456b23a70f3283334e,True,727.6607670355588,24,15617.14501953125,15808.0,0,,,,
step_hook,1,28,bb98dd0bceac09d24db1ecb2af549a92:377f7f0dd150:0:3,07076b19c18093e788139445acd32421179c80fb131abb5020ab511b244dfaf3,True,544.1420851275325,13,15617.14501953125,15808.0,0,,,,
step_hook,1,29,bb98dd0bceac09d24db1ecb2af549a92:377f7f0dd150:0:4,07076b19c18093e788139445acd32421179c80fb131abb5020ab511b244dfaf3,True,544.8688040487468,13,15617.14501953125,15808.0,0,,,,
step_hook,1,30,bb98dd0bceac09d24db1ecb2af549a92:2cf3a7a3a65c:0:0,c7fdec5fa5d5e1adf291637b9bb1fe8f118cbb3eb57af7ef76921e247600c9c6,True,642.2178028151393,19,15617.14501953125,15808.0,0,,,,
step_hook,1,31,bb98dd0bceac09d24db1ecb2af549a92:2cf3a7a3a65c:0:1,4af9997807defa232e553246d42901a0d746fdbefff91462d7ee0c1a91ca74e4,True,759.5930132083595,26,15617.14501953125,15808.0,0,,,,
step_hook,1,32,bb98dd0bceac09d24db1ecb2af549a92:2cf3a7a3a65c:0:2,75d13c8ce97c12289f2430a015d1d7989bcb997955ebfd456b23a70f3283334e,True,725.8396348915994,24,15617.14501953125,15808.0,0,,,,
step_hook,1,33,bb98dd0bceac09d24db1ecb2af549a92:2cf3a7a3a65c:0:3,07076b19c18093e788139445acd32421179c80fb131abb5020ab511b244dfaf3,True,545.7786309998482,13,15617.14501953125,15808.0,0,,,,
step_hook,1,34,bb98dd0bceac09d24db1ecb2af549a92:2cf3a7a3a65c:0:4,07076b19c18093e788139445acd32421179c80fb131abb5020ab511b244dfaf3,True,544.537415029481,13,15617.14501953125,15808.0,0,,,,
step_hook,1,35,b877dd782edba758ab429e3ee3de3329:97e16cc551e4:0:0,62517bae74e7259c57a7da56e4f54b797cf2a664727fb53fe05de2f3598ea92d,True,695.1607898809016,22,15617.21826171875,15808.0,0,,,,
step_hook,1,36,b877dd782edba758ab429e3ee3de3329:97e16cc551e4:0:1,d84210bceb3038c1ed37c6ee7bc057db462ddedaa6823742af8a6d297cb431da,True,763.1345810368657,26,15617.21826171875,15808.0,0,,,,
step_hook,1,37,b877dd782edba758ab429e3ee3de3329:97e16cc551e4:0:2,e2d8c9e2e95c4938f7be5f7610f5dd612f23c22b2461cafe849ff52d619824cd,True,759.3200739938766,26,15617.21826171875,15808.0,0,,,,
step_hook,1,38,b877dd782edba758ab429e3ee3de3329:97e16cc551e4:0:3,94d4ffe585b52d02528404f4f0629286595977610fc216797666ffe14a17ed0c,True,626.0353438556194,18,15617.21826171875,15808.0,0,,,,
step_hook,1,39,b877dd782edba758ab429e3ee3de3329:97e16cc551e4:0:4,aba8c2cf6367e2e8a95bb52794ddcb426d595fad022cf2d457da88045f881ed0,True,592.9702778812498,16,15617.21826171875,15808.0,0,,,,
step_hook,1,40,b877dd782edba758ab429e3ee3de3329:dd7f6c9e007d:0:0,62517bae74e7259c57a7da56e4f54b797cf2a664727fb53fe05de2f3598ea92d,True,693.9454060047865,22,15617.21826171875,15808.0,0,,,,
step_hook,1,41,b877dd782edba758ab429e3ee3de3329:dd7f6c9e007d:0:1,d84210bceb3038c1ed37c6ee7bc057db462ddedaa6823742af8a6d297cb431da,True,762.4698369763792,26,15617.21826171875,15808.0,0,,,,
step_hook,1,42,b877dd782edba758ab429e3ee3de3329:dd7f6c9e007d:0:2,e2d8c9e2e95c4938f7be5f7610f5dd612f23c22b2461cafe849ff52d619824cd,True,761.7850229144096,26,15617.21826171875,15808.0,0,,,,
step_hook,1,43,b877dd782edba758ab429e3ee3de3329:dd7f6c9e007d:0:3,94d4ffe585b52d02528404f4f0629286595977610fc216797666ffe14a17ed0c,True,629.0712470654398,18,15617.21826171875,15808.0,0,,,,
step_hook,1,44,b877dd782edba758ab429e3ee3de3329:dd7f6c9e007d:0:4,aba8c2cf6367e2e8a95bb52794ddcb426d595fad022cf2d457da88045f881ed0,True,594.363832147792,16,15617.21826171875,15808.0,0,,,,
step_hook,1,45,4f59fbf51a0a5bfb4dc5af02cf294693:993dac5396a0:0:0,aa1f1fd8a9efcb963811de5e984dc16d83696aa7e913ba6980ace9aa76b7f7a3,True,627.5738012045622,18,15617.40185546875,15808.0,0,,,,
step_hook,1,46,4f59fbf51a0a5bfb4dc5af02cf294693:993dac5396a0:0:1,bdcb900eea2a0e63a259e4fe2376f8cc3aec08e4611682d3f4ee038edca9d017,True,494.17374609038234,10,15617.40185546875,15808.0,0,,,,
step_hook,1,47,4f59fbf51a0a5bfb4dc5af02cf294693:993dac5396a0:0:2,f3e746a5a573b9140378e527f40ef9a01e1da198199bb2597c74356d9befd366,True,759.1589100193232,26,15617.40185546875,15808.0,0,,,,
step_hook,1,48,4f59fbf51a0a5bfb4dc5af02cf294693:993dac5396a0:0:3,f77a4c18118683cabf2ce423b4a1474e9a020c00dc184984ee227d2432eaaeca,True,761.500729015097,26,15617.40185546875,15808.0,0,,,,
step_hook,1,49,4f59fbf51a0a5bfb4dc5af02cf294693:993dac5396a0:0:4,082a3f27a64a793001365f40fd7d76058660d5148036e68127b7775445e5f79a,True,494.85239991918206,10,15617.40185546875,15808.0,0,,,,
monitor,0,0,1a938d25604410ccd63b60285919eaec:c627e50da685:0:0,ad7432ad3647d5979a4c8f07ea59db904408a5ca59b44fc807019ff723c8fe9d,True,529.3061311822385,12,15618.27783203125,15810.0,2,360.86436198092997,41.31305287592113,,
monitor,0,1,1a938d25604410ccd63b60285919eaec:c627e50da685:0:1,ad7432ad3647d5979a4c8f07ea59db904408a5ca59b44fc807019ff723c8fe9d,True,528.4732568543404,12,15618.27783203125,15810.0,2,360.234715975821,40.74657312594354,,
monitor,0,2,1a938d25604410ccd63b60285919eaec:c627e50da685:0:2,45b29a4f9a357408272a3d9ee292dd9f825df58412a294bc76edad70933ff8f3,True,529.315744061023,12,15618.27783203125,15810.0,2,360.8021920081228,40.980560006573796,,
monitor,0,3,1a938d25604410ccd63b60285919eaec:c627e50da685:0:3,8f13312bc57593ae709f0e55a18489d480c2a86c8038ac06144174a3f51b5600,True,529.588830890134,12,15618.27783203125,15810.0,2,360.8970360364765,40.78121203929186,,
monitor,0,4,1a938d25604410ccd63b60285919eaec:c627e50da685:0:4,8f13312bc57593ae709f0e55a18489d480c2a86c8038ac06144174a3f51b5600,True,529.1209700517356,12,15618.27783203125,15810.0,2,360.54935096763074,41.19734698906541,,
monitor,0,5,49cd6149f02ec01ee03a6eb8287ab2df:f982e9dfaf25:0:0,dfa96710626dd8454b20bab58edadf81faa7374948fab10c0910e55037cea818,True,663.121669087559,20,15618.02099609375,15810.0,2,360.48988113179803,41.10664711333811,,
monitor,0,6,49cd6149f02ec01ee03a6eb8287ab2df:f982e9dfaf25:0:1,86024a4fa91c4b919c6bf7d14d030232d1b278e47a39c03efbe698cebb092a16,True,645.8426010794938,19,15618.02099609375,15810.0,2,360.4707201011479,40.987977059558034,,
monitor,0,7,49cd6149f02ec01ee03a6eb8287ab2df:f982e9dfaf25:0:2,cf7957792cc42aad7f2f87beb1240027c78a84aebb3babafec5afeab6040dc38,True,628.6373110488057,18,15618.02099609375,15810.0,2,360.4011859279126,40.97072593867779,,
monitor,0,8,49cd6149f02ec01ee03a6eb8287ab2df:f982e9dfaf25:0:3,e62c1d2a0e028a848bf11c6aee602c7b04b7c5d57080024b56092666b47f8121,True,696.9490989577025,22,15618.02099609375,15810.0,2,361.16237891837955,40.91170895844698,,
monitor,0,9,49cd6149f02ec01ee03a6eb8287ab2df:f982e9dfaf25:0:4,f9472589f3263b5d01f4798bd4b1db08a9f8d5bfd4a7de1f6a20d7afa4d2fc9d,True,614.4538130611181,17,15618.02099609375,15810.0,2,361.03173391893506,41.14705789834261,,
monitor,0,10,49cd6149f02ec01ee03a6eb8287ab2df:81739d7eb99c:0:0,dfa96710626dd8454b20bab58edadf81faa7374948fab10c0910e55037cea818,True,667.0475851278752,20,15618.02099609375,15810.0,2,361.4676541183144,41.684814961627126,,
monitor,0,11,49cd6149f02ec01ee03a6eb8287ab2df:81739d7eb99c:0:1,86024a4fa91c4b919c6bf7d14d030232d1b278e47a39c03efbe698cebb092a16,True,648.8582871388644,19,15618.02099609375,15810.0,2,361.33835301734507,41.44318588078022,,
monitor,0,12,49cd6149f02ec01ee03a6eb8287ab2df:81739d7eb99c:0:2,cf7957792cc42aad7f2f87beb1240027c78a84aebb3babafec5afeab6040dc38,True,631.310255965218,18,15618.02099609375,15810.0,2,361.1834279727191,41.07129294425249,,
monitor,0,13,49cd6149f02ec01ee03a6eb8287ab2df:81739d7eb99c:0:3,e62c1d2a0e028a848bf11c6aee602c7b04b7c5d57080024b56092666b47f8121,True,699.5393238030374,22,15618.02099609375,15810.0,2,360.71741790510714,40.87302600964904,,
monitor,0,14,49cd6149f02ec01ee03a6eb8287ab2df:81739d7eb99c:0:4,f9472589f3263b5d01f4798bd4b1db08a9f8d5bfd4a7de1f6a20d7afa4d2fc9d,True,615.3816001024097,17,15618.02099609375,15810.0,2,361.3739819265902,41.34471691213548,,
monitor,0,15,c6050fe51d3408b1eaef27e08e7f1956:1458b54ae2f6:0:0,0c2763434c50e20730f49847263ef9024806cb1a0560c523ed77737027dc7584,True,615.3197390958667,17,15618.42431640625,15810.0,2,361.60753411240876,41.380586102604866,,
monitor,0,16,c6050fe51d3408b1eaef27e08e7f1956:1458b54ae2f6:0:1,664067171cd1bbc5ce837d235ed3ea23011690faf92d70710e11636621c1b115,True,833.6075590923429,30,15618.42431640625,15810.0,2,361.4234321285039,41.6429890319705,,
monitor,0,17,c6050fe51d3408b1eaef27e08e7f1956:1458b54ae2f6:0:2,c6b78a53ab1e086ea1b1d04c24bdf6d361a4c414a514fa6f179a43df6e2fb518,True,884.7745729144663,33,15618.42431640625,15810.0,2,361.8269918952137,41.52446403168142,,
monitor,0,18,c6050fe51d3408b1eaef27e08e7f1956:1458b54ae2f6:0:3,76081f5fd3a7d2fecc5219b9f1a003927ab2f0a03cbcea2809aa13575b12704d,True,529.6066119335592,12,15618.42431640625,15810.0,2,360.82209507003427,41.00035596638918,,
monitor,0,19,c6050fe51d3408b1eaef27e08e7f1956:1458b54ae2f6:0:4,ad3a25be620e9e8363cf8b064f96e3948b2c3e9ae99d2778aa19fe9e3c58386a,True,932.4808109086007,36,15618.42431640625,15810.0,2,361.43704201094806,40.91573995538056,,
monitor,0,20,c6050fe51d3408b1eaef27e08e7f1956:e4e99a4d6532:0:0,0c2763434c50e20730f49847263ef9024806cb1a0560c523ed77737027dc7584,True,614.393686875701,17,15618.42431640625,15810.0,2,361.3448259420693,40.9508990123868,,
monitor,0,21,c6050fe51d3408b1eaef27e08e7f1956:e4e99a4d6532:0:1,664067171cd1bbc5ce837d235ed3ea23011690faf92d70710e11636621c1b115,True,833.1981359515339,30,15618.42431640625,15810.0,2,360.8223379123956,40.88610503822565,,
monitor,0,22,c6050fe51d3408b1eaef27e08e7f1956:e4e99a4d6532:0:2,c6b78a53ab1e086ea1b1d04c24bdf6d361a4c414a514fa6f179a43df6e2fb518,True,881.8308529444039,33,15618.42431640625,15810.0,2,361.05333804152906,41.272795060649514,,
monitor,0,23,c6050fe51d3408b1eaef27e08e7f1956:e4e99a4d6532:0:3,76081f5fd3a7d2fecc5219b9f1a003927ab2f0a03cbcea2809aa13575b12704d,True,530.155013082549,12,15618.42431640625,15810.0,2,361.2948930822313,41.74377303570509,,
monitor,0,24,c6050fe51d3408b1eaef27e08e7f1956:e4e99a4d6532:0:4,ad3a25be620e9e8363cf8b064f96e3948b2c3e9ae99d2778aa19fe9e3c58386a,True,933.3069638814777,36,15618.42431640625,15810.0,2,361.0860509797931,41.20662808418274,,
monitor,0,25,bb98dd0bceac09d24db1ecb2af549a92:377f7f0dd150:0:0,c7fdec5fa5d5e1adf291637b9bb1fe8f118cbb3eb57af7ef76921e247600c9c6,True,648.7131828907877,19,15618.02099609375,15810.0,2,361.2225418910384,41.16699402220547,,
monitor,0,26,bb98dd0bceac09d24db1ecb2af549a92:377f7f0dd150:0:1,4af9997807defa232e553246d42901a0d746fdbefff91462d7ee0c1a91ca74e4,True,765.735378023237,26,15618.02099609375,15810.0,2,361.62924906238914,41.22665198519826,,
monitor,0,27,bb98dd0bceac09d24db1ecb2af549a92:377f7f0dd150:0:2,75d13c8ce97c12289f2430a015d1d7989bcb997955ebfd456b23a70f3283334e,True,733.729757135734,24,15618.02099609375,15810.0,2,361.5672769956291,41.31580493412912,,
monitor,0,28,bb98dd0bceac09d24db1ecb2af549a92:377f7f0dd150:0:3,07076b19c18093e788139445acd32421179c80fb131abb5020ab511b244dfaf3,True,547.3975241184235,13,15618.02099609375,15810.0,2,360.8847460709512,41.15822305902839,,
monitor,0,29,bb98dd0bceac09d24db1ecb2af549a92:377f7f0dd150:0:4,07076b19c18093e788139445acd32421179c80fb131abb5020ab511b244dfaf3,True,547.3004500381649,13,15618.02099609375,15810.0,2,360.65589007921517,41.11994290724397,,
monitor,0,30,bb98dd0bceac09d24db1ecb2af549a92:2cf3a7a3a65c:0:0,c7fdec5fa5d5e1adf291637b9bb1fe8f118cbb3eb57af7ef76921e247600c9c6,True,649.0197540260851,19,15618.02099609375,15810.0,2,360.49874499440193,40.959764970466495,,
monitor,0,31,bb98dd0bceac09d24db1ecb2af549a92:2cf3a7a3a65c:0:1,4af9997807defa232e553246d42901a0d746fdbefff91462d7ee0c1a91ca74e4,True,765.6100951135159,26,15618.02099609375,15810.0,2,360.9306940343231,40.818040957674384,,
monitor,0,32,bb98dd0bceac09d24db1ecb2af549a92:2cf3a7a3a65c:0:2,75d13c8ce97c12289f2430a015d1d7989bcb997955ebfd456b23a70f3283334e,True,732.9452140256763,24,15618.02099609375,15810.0,2,361.2921950407326,41.347090154886246,,
monitor,0,33,bb98dd0bceac09d24db1ecb2af549a92:2cf3a7a3a65c:0:3,07076b19c18093e788139445acd32421179c80fb131abb5020ab511b244dfaf3,True,547.4098990671337,13,15618.02099609375,15810.0,2,360.9201100189239,40.95717496238649,,
monitor,0,34,bb98dd0bceac09d24db1ecb2af549a92:2cf3a7a3a65c:0:4,07076b19c18093e788139445acd32421179c80fb131abb5020ab511b244dfaf3,True,546.8440349213779,13,15618.02099609375,15810.0,2,361.0994489863515,40.88740609586239,,
monitor,0,35,b877dd782edba758ab429e3ee3de3329:97e16cc551e4:0:0,62517bae74e7259c57a7da56e4f54b797cf2a664727fb53fe05de2f3598ea92d,True,698.1335950549692,22,15618.09423828125,15810.0,2,361.2803490832448,40.90035706758499,,
monitor,0,36,b877dd782edba758ab429e3ee3de3329:97e16cc551e4:0:1,d84210bceb3038c1ed37c6ee7bc057db462ddedaa6823742af8a6d297cb431da,True,766.2620551418513,26,15618.09423828125,15810.0,2,360.76459917239845,40.99480016157031,,
monitor,0,37,b877dd782edba758ab429e3ee3de3329:97e16cc551e4:0:2,e2d8c9e2e95c4938f7be5f7610f5dd612f23c22b2461cafe849ff52d619824cd,True,764.4687159918249,26,15618.09423828125,15810.0,2,360.43030698783696,40.86492792703211,,
monitor,0,38,b877dd782edba758ab429e3ee3de3329:97e16cc551e4:0:3,94d4ffe585b52d02528404f4f0629286595977610fc216797666ffe14a17ed0c,True,631.9214350078255,18,15618.09423828125,15810.0,2,361.1425310373306,41.36875900439918,,
monitor,0,39,b877dd782edba758ab429e3ee3de3329:97e16cc551e4:0:4,aba8c2cf6367e2e8a95bb52794ddcb426d595fad022cf2d457da88045f881ed0,True,597.4332059267908,16,15618.09423828125,15810.0,2,360.9911669045687,41.24340880662203,,
monitor,0,40,b877dd782edba758ab429e3ee3de3329:dd7f6c9e007d:0:0,62517bae74e7259c57a7da56e4f54b797cf2a664727fb53fe05de2f3598ea92d,True,699.7978819999844,22,15618.09423828125,15810.0,2,361.54378415085375,41.44524014554918,,
monitor,0,41,b877dd782edba758ab429e3ee3de3329:dd7f6c9e007d:0:1,d84210bceb3038c1ed37c6ee7bc057db462ddedaa6823742af8a6d297cb431da,True,765.3450998477638,26,15618.09423828125,15810.0,2,361.54876882210374,41.49776580743492,,
monitor,0,42,b877dd782edba758ab429e3ee3de3329:dd7f6c9e007d:0:2,e2d8c9e2e95c4938f7be5f7610f5dd612f23c22b2461cafe849ff52d619824cd,True,777.5398539379239,26,15618.09423828125,15810.0,2,374.32886892929673,40.873785968869925,,
monitor,0,43,b877dd782edba758ab429e3ee3de3329:dd7f6c9e007d:0:3,94d4ffe585b52d02528404f4f0629286595977610fc216797666ffe14a17ed0c,True,630.0998989026994,18,15618.09423828125,15810.0,2,360.451587010175,40.910206036642194,,
monitor,0,44,b877dd782edba758ab429e3ee3de3329:dd7f6c9e007d:0:4,aba8c2cf6367e2e8a95bb52794ddcb426d595fad022cf2d457da88045f881ed0,True,596.1139220744371,16,15618.09423828125,15810.0,2,360.0554179865867,40.76724709011614,,
monitor,0,45,4f59fbf51a0a5bfb4dc5af02cf294693:993dac5396a0:0:0,aa1f1fd8a9efcb963811de5e984dc16d83696aa7e913ba6980ace9aa76b7f7a3,True,630.9966591652483,18,15618.27783203125,15810.0,2,360.65405514091253,40.91107309795916,,
monitor,0,46,4f59fbf51a0a5bfb4dc5af02cf294693:993dac5396a0:0:1,bdcb900eea2a0e63a259e4fe2376f8cc3aec08e4611682d3f4ee038edca9d017,True,496.9326527789235,10,15618.27783203125,15810.0,2,360.466280952096,40.909128030762076,,
monitor,0,47,4f59fbf51a0a5bfb4dc5af02cf294693:993dac5396a0:0:2,f3e746a5a573b9140378e527f40ef9a01e1da198199bb2597c74356d9befd366,True,765.2552430517972,26,15618.27783203125,15810.0,2,361.1014559864998,41.13456513732672,,
monitor,0,48,4f59fbf51a0a5bfb4dc5af02cf294693:993dac5396a0:0:3,f77a4c18118683cabf2ce423b4a1474e9a020c00dc184984ee227d2432eaaeca,True,764.2627700697631,26,15618.27783203125,15810.0,2,361.1362020019442,41.38539498671889,,
monitor,0,49,4f59fbf51a0a5bfb4dc5af02cf294693:993dac5396a0:0:4,082a3f27a64a793001365f40fd7d76058660d5148036e68127b7775445e5f79a,True,496.1287390906364,10,15618.27783203125,15810.0,2,361.0692750662565,40.91180791147053,,
monitor,1,0,1a938d25604410ccd63b60285919eaec:c627e50da685:0:0,ad7432ad3647d5979a4c8f07ea59db904408a5ca59b44fc807019ff723c8fe9d,True,530.8512810152024,12,15618.27783203125,15810.0,2,362.1432250365615,41.36378993280232,,
monitor,1,1,1a938d25604410ccd63b60285919eaec:c627e50da685:0:1,ad7432ad3647d5979a4c8f07ea59db904408a5ca59b44fc807019ff723c8fe9d,True,530.8960350230336,12,15618.27783203125,15810.0,2,361.6052190773189,41.16425896063447,,
monitor,1,2,1a938d25604410ccd63b60285919eaec:c627e50da685:0:2,45b29a4f9a357408272a3d9ee292dd9f825df58412a294bc76edad70933ff8f3,True,529.4899989385158,12,15618.27783203125,15810.0,2,361.3487759139389,40.85569689050317,,
monitor,1,3,1a938d25604410ccd63b60285919eaec:c627e50da685:0:3,8f13312bc57593ae709f0e55a18489d480c2a86c8038ac06144174a3f51b5600,True,530.5916049983352,12,15618.27783203125,15810.0,2,361.062539042905,41.17028508335352,,
monitor,1,4,1a938d25604410ccd63b60285919eaec:c627e50da685:0:4,8f13312bc57593ae709f0e55a18489d480c2a86c8038ac06144174a3f51b5600,True,529.8501439392567,12,15618.27783203125,15810.0,2,360.57645198889077,40.978583972901106,,
monitor,1,5,49cd6149f02ec01ee03a6eb8287ab2df:f982e9dfaf25:0:0,dfa96710626dd8454b20bab58edadf81faa7374948fab10c0910e55037cea818,True,664.8646760731936,20,15618.02099609375,15810.0,2,360.8468589372933,40.9170410130173,,
monitor,1,6,49cd6149f02ec01ee03a6eb8287ab2df:f982e9dfaf25:0:1,86024a4fa91c4b919c6bf7d14d030232d1b278e47a39c03efbe698cebb092a16,True,647.5026891566813,19,15618.02099609375,15810.0,2,361.3426380325109,41.453017853200436,,
monitor,1,7,49cd6149f02ec01ee03a6eb8287ab2df:f982e9dfaf25:0:2,cf7957792cc42aad7f2f87beb1240027c78a84aebb3babafec5afeab6040dc38,True,631.7212069407105,18,15618.02099609375,15810.0,2,361.49815702810884,41.61469405516982,,
monitor,1,8,49cd6149f02ec01ee03a6eb8287ab2df:f982e9dfaf25:0:3,e62c1d2a0e028a848bf11c6aee602c7b04b7c5d57080024b56092666b47f8121,True,699.8246479779482,22,15618.02099609375,15810.0,2,361.61463102325797,41.133435908704996,,
monitor,1,9,49cd6149f02ec01ee03a6eb8287ab2df:f982e9dfaf25:0:4,f9472589f3263b5d01f4798bd4b1db08a9f8d5bfd4a7de1f6a20d7afa4d2fc9d,True,613.756159087643,17,15618.02099609375,15810.0,2,360.2847799193114,40.69827380590141,,
monitor,1,10,49cd6149f02ec01ee03a6eb8287ab2df:81739d7eb99c:0:0,dfa96710626dd8454b20bab58edadf81faa7374948fab10c0910e55037cea818,True,664.8457259871066,20,15618.02099609375,15810.0,2,360.34416407346725,41.01413092575967,,
monitor,1,11,49cd6149f02ec01ee03a6eb8287ab2df:81739d7eb99c:0:1,86024a4fa91c4b919c6bf7d14d030232d1b278e47a39c03efbe698cebb092a16,True,649.3866010569036,19,15618.02099609375,15810.0,2,361.5584480576217,41.42294800840318,,
monitor,1,12,49cd6149f02ec01ee03a6eb8287ab2df:81739d7eb99c:0:2,cf7957792cc42aad7f2f87beb1240027c78a84aebb3babafec5afeab6040dc38,True,631.3177060801536,18,15618.02099609375,15810.0,2,361.17413896135986,41.085088858380914,,
monitor,1,13,49cd6149f02ec01ee03a6eb8287ab2df:81739d7eb99c:0:3,e62c1d2a0e028a848bf11c6aee602c7b04b7c5d57080024b56092666b47f8121,True,698.8886022008955,22,15618.02099609375,15810.0,2,360.8469220343977,40.45417602173984,,
monitor,1,14,49cd6149f02ec01ee03a6eb8287ab2df:81739d7eb99c:0:4,f9472589f3263b5d01f4798bd4b1db08a9f8d5bfd4a7de1f6a20d7afa4d2fc9d,True,613.3094499818981,17,15618.02099609375,15810.0,2,360.4124588891864,40.7443200238049,,
monitor,1,15,c6050fe51d3408b1eaef27e08e7f1956:1458b54ae2f6:0:0,0c2763434c50e20730f49847263ef9024806cb1a0560c523ed77737027dc7584,True,615.4918659012765,17,15618.42431640625,15810.0,2,361.4632219541818,41.09068284742534,,
monitor,1,16,c6050fe51d3408b1eaef27e08e7f1956:1458b54ae2f6:0:1,664067171cd1bbc5ce837d235ed3ea23011690faf92d70710e11636621c1b115,True,829.8285061027855,30,15618.42431640625,15810.0,2,361.4254060667008,41.1940161138773,,
monitor,1,17,c6050fe51d3408b1eaef27e08e7f1956:1458b54ae2f6:0:2,c6b78a53ab1e086ea1b1d04c24bdf6d361a4c414a514fa6f179a43df6e2fb518,True,883.2605499774218,33,15618.42431640625,15810.0,2,361.1265178769827,41.25079303048551,,
monitor,1,18,c6050fe51d3408b1eaef27e08e7f1956:1458b54ae2f6:0:3,76081f5fd3a7d2fecc5219b9f1a003927ab2f0a03cbcea2809aa13575b12704d,True,529.4186719693244,12,15618.42431640625,15810.0,2,361.07370792888105,40.972987888380885,,
monitor,1,19,c6050fe51d3408b1eaef27e08e7f1956:1458b54ae2f6:0:4,ad3a25be620e9e8363cf8b064f96e3948b2c3e9ae99d2778aa19fe9e3c58386a,True,934.7828899044544,36,15618.42431640625,15810.0,2,361.6861740592867,41.57516616396606,,
monitor,1,20,c6050fe51d3408b1eaef27e08e7f1956:e4e99a4d6532:0:0,0c2763434c50e20730f49847263ef9024806cb1a0560c523ed77737027dc7584,True,616.3231828249991,17,15618.42431640625,15810.0,2,362.5564849935472,41.80336813442409,,
monitor,1,21,c6050fe51d3408b1eaef27e08e7f1956:e4e99a4d6532:0:1,664067171cd1bbc5ce837d235ed3ea23011690faf92d70710e11636621c1b115,True,845.1368391979486,30,15618.42431640625,15810.0,2,373.73358313925564,41.35195096023381,,
monitor,1,22,c6050fe51d3408b1eaef27e08e7f1956:e4e99a4d6532:0:2,c6b78a53ab1e086ea1b1d04c24bdf6d361a4c414a514fa6f179a43df6e2fb518,True,884.6270889043808,33,15618.42431640625,15810.0,2,361.36732902377844,41.32233210839331,,
monitor,1,23,c6050fe51d3408b1eaef27e08e7f1956:e4e99a4d6532:0:3,76081f5fd3a7d2fecc5219b9f1a003927ab2f0a03cbcea2809aa13575b12704d,True,530.5671761743724,12,15618.42431640625,15810.0,2,361.1365270335227,41.06960189528763,,
monitor,1,24,c6050fe51d3408b1eaef27e08e7f1956:e4e99a4d6532:0:4,ad3a25be620e9e8363cf8b064f96e3948b2c3e9ae99d2778aa19fe9e3c58386a,True,934.9683790933341,36,15618.42431640625,15810.0,2,361.26688006334007,41.02844907902181,,
monitor,1,25,bb98dd0bceac09d24db1ecb2af549a92:377f7f0dd150:0:0,c7fdec5fa5d5e1adf291637b9bb1fe8f118cbb3eb57af7ef76921e247600c9c6,True,691.68746098876,19,15618.02099609375,15810.0,2,404.1493460536003,41.43541702069342,,
monitor,1,26,bb98dd0bceac09d24db1ecb2af549a92:377f7f0dd150:0:1,4af9997807defa232e553246d42901a0d746fdbefff91462d7ee0c1a91ca74e4,True,765.2294980362058,26,15618.02099609375,15810.0,2,361.7248360533267,41.208640206605196,,
monitor,1,27,bb98dd0bceac09d24db1ecb2af549a92:377f7f0dd150:0:2,75d13c8ce97c12289f2430a015d1d7989bcb997955ebfd456b23a70f3283334e,True,731.7674171645194,24,15618.02099609375,15810.0,2,362.1454951353371,41.99938802048564,,
monitor,1,28,bb98dd0bceac09d24db1ecb2af549a92:377f7f0dd150:0:3,07076b19c18093e788139445acd32421179c80fb131abb5020ab511b244dfaf3,True,546.0115880705416,13,15618.02099609375,15810.0,2,360.81756302155554,41.308057960122824,,
monitor,1,29,bb98dd0bceac09d24db1ecb2af549a92:377f7f0dd150:0:4,07076b19c18093e788139445acd32421179c80fb131abb5020ab511b244dfaf3,True,547.6636257953942,13,15618.02099609375,15810.0,2,361.36182700283825,41.517975041642785,,
monitor,1,30,bb98dd0bceac09d24db1ecb2af549a92:2cf3a7a3a65c:0:0,c7fdec5fa5d5e1adf291637b9bb1fe8f118cbb3eb57af7ef76921e247600c9c6,True,647.7882640901953,19,15618.02099609375,15810.0,2,361.26241204328835,41.26963089220226,,
monitor,1,31,bb98dd0bceac09d24db1ecb2af549a92:2cf3a7a3a65c:0:1,4af9997807defa232e553246d42901a0d746fdbefff91462d7ee0c1a91ca74e4,True,766.9054840225726,26,15618.02099609375,15810.0,2,361.70272598974407,41.33337805978954,,
monitor,1,32,bb98dd0bceac09d24db1ecb2af549a92:2cf3a7a3a65c:0:2,75d13c8ce97c12289f2430a015d1d7989bcb997955ebfd456b23a70f3283334e,True,733.3467050921172,24,15618.02099609375,15810.0,2,361.3723691087216,41.031643049791455,,
monitor,1,33,bb98dd0bceac09d24db1ecb2af549a92:2cf3a7a3a65c:0:3,07076b19c18093e788139445acd32421179c80fb131abb5020ab511b244dfaf3,True,546.7504959087819,13,15618.02099609375,15810.0,2,360.94032996334136,40.828723926097155,,
monitor,1,34,bb98dd0bceac09d24db1ecb2af549a92:2cf3a7a3a65c:0:4,07076b19c18093e788139445acd32421179c80fb131abb5020ab511b244dfaf3,True,546.0836719721556,13,15618.02099609375,15810.0,2,360.4264669120312,40.96212005242705,,
monitor,1,35,b877dd782edba758ab429e3ee3de3329:97e16cc551e4:0:0,62517bae74e7259c57a7da56e4f54b797cf2a664727fb53fe05de2f3598ea92d,True,696.194384014234,22,15618.09423828125,15810.0,2,362.0052251499146,41.73548915423453,,
monitor,1,36,b877dd782edba758ab429e3ee3de3329:97e16cc551e4:0:1,d84210bceb3038c1ed37c6ee7bc057db462ddedaa6823742af8a6d297cb431da,True,764.6837709471583,26,15618.09423828125,15810.0,2,360.32820399850607,40.70381983183324,,
monitor,1,37,b877dd782edba758ab429e3ee3de3329:97e16cc551e4:0:2,e2d8c9e2e95c4938f7be5f7610f5dd612f23c22b2461cafe849ff52d619824cd,True,766.0671391058713,26,15618.09423828125,15810.0,2,360.8645820058882,41.25609388574958,,
monitor,1,38,b877dd782edba758ab429e3ee3de3329:97e16cc551e4:0:3,94d4ffe585b52d02528404f4f0629286595977610fc216797666ffe14a17ed0c,True,632.159368135035,18,15618.09423828125,15810.0,2,361.3278390839696,41.5601939894259,,
monitor,1,39,b877dd782edba758ab429e3ee3de3329:97e16cc551e4:0:4,aba8c2cf6367e2e8a95bb52794ddcb426d595fad022cf2d457da88045f881ed0,True,596.0245518945158,16,15618.09423828125,15810.0,2,360.6535259168595,41.27603699453175,,
monitor,1,40,b877dd782edba758ab429e3ee3de3329:dd7f6c9e007d:0:0,62517bae74e7259c57a7da56e4f54b797cf2a664727fb53fe05de2f3598ea92d,True,698.0371398385614,22,15618.09423828125,15810.0,2,361.2835188396275,41.31147894077003,,
monitor,1,41,b877dd782edba758ab429e3ee3de3329:dd7f6c9e007d:0:1,d84210bceb3038c1ed37c6ee7bc057db462ddedaa6823742af8a6d297cb431da,True,763.9232790097594,26,15618.09423828125,15810.0,2,361.4708920940757,41.36905516497791,,
monitor,1,42,b877dd782edba758ab429e3ee3de3329:dd7f6c9e007d:0:2,e2d8c9e2e95c4938f7be5f7610f5dd612f23c22b2461cafe849ff52d619824cd,True,763.0755070131272,26,15618.09423828125,15810.0,2,360.48830882646143,40.71407299488783,,
monitor,1,43,b877dd782edba758ab429e3ee3de3329:dd7f6c9e007d:0:3,94d4ffe585b52d02528404f4f0629286595977610fc216797666ffe14a17ed0c,True,630.5175288580358,18,15618.09423828125,15810.0,2,360.838440945372,41.22888692654669,,
monitor,1,44,b877dd782edba758ab429e3ee3de3329:dd7f6c9e007d:0:4,aba8c2cf6367e2e8a95bb52794ddcb426d595fad022cf2d457da88045f881ed0,True,597.2829321399331,16,15618.09423828125,15810.0,2,361.2371280323714,41.37862008064985,,
monitor,1,45,4f59fbf51a0a5bfb4dc5af02cf294693:993dac5396a0:0:0,aa1f1fd8a9efcb963811de5e984dc16d83696aa7e913ba6980ace9aa76b7f7a3,True,629.7185840085149,18,15618.27783203125,15810.0,2,360.85941502824426,40.84759298712015,,
monitor,1,46,4f59fbf51a0a5bfb4dc5af02cf294693:993dac5396a0:0:1,bdcb900eea2a0e63a259e4fe2376f8cc3aec08e4611682d3f4ee038edca9d017,True,495.70650700479746,10,15618.27783203125,15810.0,2,360.6552698183805,40.919332997873425,,
monitor,1,47,4f59fbf51a0a5bfb4dc5af02cf294693:993dac5396a0:0:2,f3e746a5a573b9140378e527f40ef9a01e1da198199bb2597c74356d9befd366,True,763.8880859594792,26,15618.27783203125,15810.0,2,360.4786719661206,40.74807814322412,,
monitor,1,48,4f59fbf51a0a5bfb4dc5af02cf294693:993dac5396a0:0:3,f77a4c18118683cabf2ce423b4a1474e9a020c00dc184984ee227d2432eaaeca,True,762.4566578306258,26,15618.27783203125,15810.0,2,360.78651901334524,41.19705012999475,,
monitor,1,49,4f59fbf51a0a5bfb4dc5af02cf294693:993dac5396a0:0:4,082a3f27a64a793001365f40fd7d76058660d5148036e68127b7775445e5f79a,True,495.7036708947271,10,15618.27783203125,15810.0,2,361.54724401421845,41.23009601607919,,
predictor,0,0,1a938d25604410ccd63b60285919eaec:c627e50da685:0:0,ad7432ad3647d5979a4c8f07ea59db904408a5ca59b44fc807019ff723c8fe9d,True,530.2012781612575,12,15618.58154296875,15810.0,2,362.34976607374847,42.31022787280381,,
predictor,0,1,1a938d25604410ccd63b60285919eaec:c627e50da685:0:1,ad7432ad3647d5979a4c8f07ea59db904408a5ca59b44fc807019ff723c8fe9d,True,530.973708955571,12,15618.58154296875,15810.0,2,361.7932361084968,42.36131114885211,,
predictor,0,2,1a938d25604410ccd63b60285919eaec:c627e50da685:0:2,45b29a4f9a357408272a3d9ee292dd9f825df58412a294bc76edad70933ff8f3,True,530.6764929555357,12,15618.58154296875,15810.0,2,362.5253909267485,42.66853095032275,,
predictor,0,3,1a938d25604410ccd63b60285919eaec:c627e50da685:0:3,8f13312bc57593ae709f0e55a18489d480c2a86c8038ac06144174a3f51b5600,True,531.9317420944571,12,15618.58154296875,15810.0,2,362.88318410515785,42.367240181192756,,
predictor,0,4,1a938d25604410ccd63b60285919eaec:c627e50da685:0:4,8f13312bc57593ae709f0e55a18489d480c2a86c8038ac06144174a3f51b5600,True,530.7000640314072,12,15618.58154296875,15810.0,2,361.9039789773524,42.34660603106022,,
predictor,0,5,49cd6149f02ec01ee03a6eb8287ab2df:f982e9dfaf25:0:0,dfa96710626dd8454b20bab58edadf81faa7374948fab10c0910e55037cea818,True,664.5469220820814,20,15618.32470703125,15810.0,2,362.9330650437623,43.530484894290566,,
predictor,0,6,49cd6149f02ec01ee03a6eb8287ab2df:f982e9dfaf25:0:1,86024a4fa91c4b919c6bf7d14d030232d1b278e47a39c03efbe698cebb092a16,True,648.3215978369117,19,15618.32470703125,15810.0,2,362.21068794839084,42.66771115362644,,
predictor,0,7,49cd6149f02ec01ee03a6eb8287ab2df:f982e9dfaf25:0:2,cf7957792cc42aad7f2f87beb1240027c78a84aebb3babafec5afeab6040dc38,True,631.1971799004823,18,15618.32470703125,15810.0,2,361.8688320275396,42.346491012722254,,
predictor,0,8,49cd6149f02ec01ee03a6eb8287ab2df:f982e9dfaf25:0:3,e62c1d2a0e028a848bf11c6aee602c7b04b7c5d57080024b56092666b47f8121,True,697.6777159143239,22,15618.32470703125,15810.0,2,361.7245808709413,42.72066103294492,,
predictor,0,9,49cd6149f02ec01ee03a6eb8287ab2df:f982e9dfaf25:0:4,f9472589f3263b5d01f4798bd4b1db08a9f8d5bfd4a7de1f6a20d7afa4d2fc9d,True,615.0269319768995,17,15618.32470703125,15810.0,2,362.55360301584005,42.326651979237795,,
predictor,0,10,49cd6149f02ec01ee03a6eb8287ab2df:81739d7eb99c:0:0,dfa96710626dd8454b20bab58edadf81faa7374948fab10c0910e55037cea818,True,664.4086427986622,20,15618.32470703125,15810.0,2,361.49456491693854,42.18982299789786,,
predictor,0,11,49cd6149f02ec01ee03a6eb8287ab2df:81739d7eb99c:0:1,86024a4fa91c4b919c6bf7d14d030232d1b278e47a39c03efbe698cebb092a16,True,646.7764570843428,19,15618.32470703125,15810.0,2,361.91890807822347,42.81823709607124,,
predictor,0,12,49cd6149f02ec01ee03a6eb8287ab2df:81739d7eb99c:0:2,cf7957792cc42aad7f2f87beb1240027c78a84aebb3babafec5afeab6040dc38,True,629.8856199719012,18,15618.32470703125,15810.0,2,361.65866907685995,42.5171481911093,,
predictor,0,13,49cd6149f02ec01ee03a6eb8287ab2df:81739d7eb99c:0:3,e62c1d2a0e028a848bf11c6aee602c7b04b7c5d57080024b56092666b47f8121,True,694.8307959828526,22,15618.32470703125,15810.0,2,362.17405600473285,42.99372900277376,,
predictor,0,14,49cd6149f02ec01ee03a6eb8287ab2df:81739d7eb99c:0:4,f9472589f3263b5d01f4798bd4b1db08a9f8d5bfd4a7de1f6a20d7afa4d2fc9d,True,612.4763991683722,17,15618.32470703125,15810.0,2,361.5112900733948,42.183960089460015,,
predictor,0,15,c6050fe51d3408b1eaef27e08e7f1956:1458b54ae2f6:0:0,0c2763434c50e20730f49847263ef9024806cb1a0560c523ed77737027dc7584,True,612.3587021138519,17,15618.72802734375,15810.0,2,361.2822031136602,41.88011400401592,,
predictor,0,16,c6050fe51d3408b1eaef27e08e7f1956:1458b54ae2f6:0:1,664067171cd1bbc5ce837d235ed3ea23011690faf92d70710e11636621c1b115,True,827.8761261608452,30,15618.72802734375,15810.0,2,361.40657612122595,41.76946799270809,,
predictor,0,17,c6050fe51d3408b1eaef27e08e7f1956:1458b54ae2f6:0:2,c6b78a53ab1e086ea1b1d04c24bdf6d361a4c414a514fa6f179a43df6e2fb518,True,877.23009288311,33,15618.72802734375,15810.0,2,361.78096290677786,42.31764795258641,,
predictor,0,18,c6050fe51d3408b1eaef27e08e7f1956:1458b54ae2f6:0:3,76081f5fd3a7d2fecc5219b9f1a003927ab2f0a03cbcea2809aa13575b12704d,True,529.7007570043206,12,15618.72802734375,15810.0,2,361.57793807797134,42.04217414371669,,
predictor,0,19,c6050fe51d3408b1eaef27e08e7f1956:1458b54ae2f6:0:4,ad3a25be620e9e8363cf8b064f96e3948b2c3e9ae99d2778aa19fe9e3c58386a,True,929.0265520103276,36,15618.72802734375,15810.0,2,361.3109409343451,41.802557883784175,,
predictor,0,20,c6050fe51d3408b1eaef27e08e7f1956:e4e99a4d6532:0:0,0c2763434c50e20730f49847263ef9024806cb1a0560c523ed77737027dc7584,True,613.8697769492865,17,15618.72802734375,15810.0,2,362.2290859930217,42.658695951104164,,
predictor,0,21,c6050fe51d3408b1eaef27e08e7f1956:e4e99a4d6532:0:1,664067171cd1bbc5ce837d235ed3ea23011690faf92d70710e11636621c1b115,True,830.2211330737919,30,15618.72802734375,15810.0,2,361.8114381097257,42.53916721791029,,
predictor,0,22,c6050fe51d3408b1eaef27e08e7f1956:e4e99a4d6532:0:2,c6b78a53ab1e086ea1b1d04c24bdf6d361a4c414a514fa6f179a43df6e2fb518,True,880.1848730072379,33,15618.72802734375,15810.0,2,361.99279595166445,42.3977670725435,,
predictor,0,23,c6050fe51d3408b1eaef27e08e7f1956:e4e99a4d6532:0:3,76081f5fd3a7d2fecc5219b9f1a003927ab2f0a03cbcea2809aa13575b12704d,True,529.2471980210394,12,15618.72802734375,15810.0,2,361.23188701458275,41.86758701689541,,
predictor,0,24,c6050fe51d3408b1eaef27e08e7f1956:e4e99a4d6532:0:4,ad3a25be620e9e8363cf8b064f96e3948b2c3e9ae99d2778aa19fe9e3c58386a,True,929.3460878543556,36,15618.72802734375,15810.0,2,361.33886594325304,42.03641810454428,,
predictor,0,25,bb98dd0bceac09d24db1ecb2af549a92:377f7f0dd150:0:0,c7fdec5fa5d5e1adf291637b9bb1fe8f118cbb3eb57af7ef76921e247600c9c6,True,646.5412168763578,19,15618.32470703125,15810.0,2,361.6669059265405,42.63635608367622,,
predictor,0,26,bb98dd0bceac09d24db1ecb2af549a92:377f7f0dd150:0:1,4af9997807defa232e553246d42901a0d746fdbefff91462d7ee0c1a91ca74e4,True,762.3683228157461,26,15618.32470703125,15810.0,2,361.50923394598067,42.47166495770216,,
predictor,0,27,bb98dd0bceac09d24db1ecb2af549a92:377f7f0dd150:0:2,75d13c8ce97c12289f2430a015d1d7989bcb997955ebfd456b23a70f3283334e,True,729.6469290740788,24,15618.32470703125,15810.0,2,362.6367568504065,42.843474773690104,,
predictor,0,28,bb98dd0bceac09d24db1ecb2af549a92:377f7f0dd150:0:3,07076b19c18093e788139445acd32421179c80fb131abb5020ab511b244dfaf3,True,545.2205899637192,13,15618.32470703125,15810.0,2,361.3935629837215,41.95607407018542,,
predictor,0,29,bb98dd0bceac09d24db1ecb2af549a92:377f7f0dd150:0:4,07076b19c18093e788139445acd32421179c80fb131abb5020ab511b244dfaf3,True,546.7411719728261,13,15618.32470703125,15810.0,2,361.5873318631202,42.18939202837646,,
predictor,0,30,bb98dd0bceac09d24db1ecb2af549a92:2cf3a7a3a65c:0:0,c7fdec5fa5d5e1adf291637b9bb1fe8f118cbb3eb57af7ef76921e247600c9c6,True,645.7194951362908,19,15618.32470703125,15810.0,2,361.53775616548955,42.40451008081436,,
predictor,0,31,bb98dd0bceac09d24db1ecb2af549a92:2cf3a7a3a65c:0:1,4af9997807defa232e553246d42901a0d746fdbefff91462d7ee0c1a91ca74e4,True,762.7666399348527,26,15618.32470703125,15810.0,2,361.69712198898196,42.498083086684346,,
predictor,0,32,bb98dd0bceac09d24db1ecb2af549a92:2cf3a7a3a65c:0:2,75d13c8ce97c12289f2430a015d1d7989bcb997955ebfd456b23a70f3283334e,True,735.6563459616154,24,15618.32470703125,15810.0,2,367.66816512681544,48.354254104197025,,
predictor,0,33,bb98dd0bceac09d24db1ecb2af549a92:2cf3a7a3a65c:0:3,07076b19c18093e788139445acd32421179c80fb131abb5020ab511b244dfaf3,True,546.2230301927775,13,15618.32470703125,15810.0,2,361.439909087494,42.22043603658676,,
predictor,0,34,bb98dd0bceac09d24db1ecb2af549a92:2cf3a7a3a65c:0:4,07076b19c18093e788139445acd32421179c80fb131abb5020ab511b244dfaf3,True,546.0603679530323,13,15618.32470703125,15810.0,2,361.14075197838247,42.2823631670326,,
predictor,0,35,b877dd782edba758ab429e3ee3de3329:97e16cc551e4:0:0,62517bae74e7259c57a7da56e4f54b797cf2a664727fb53fe05de2f3598ea92d,True,696.8409980181605,22,15618.39794921875,15810.0,2,362.13513906113803,43.09849091805518,,
predictor,0,36,b877dd782edba758ab429e3ee3de3329:97e16cc551e4:0:1,d84210bceb3038c1ed37c6ee7bc057db462ddedaa6823742af8a6d297cb431da,True,764.1554279252887,26,15618.39794921875,15810.0,2,362.10415605455637,42.61032212525606,,
predictor,0,37,b877dd782edba758ab429e3ee3de3329:97e16cc551e4:0:2,e2d8c9e2e95c4938f7be5f7610f5dd612f23c22b2461cafe849ff52d619824cd,True,762.6221319660544,26,15618.39794921875,15810.0,2,361.41596804372966,42.23209200426936,,
predictor,0,38,b877dd782edba758ab429e3ee3de3329:97e16cc551e4:0:3,94d4ffe585b52d02528404f4f0629286595977610fc216797666ffe14a17ed0c,True,629.1273648384959,18,15618.39794921875,15810.0,2,361.90783604979515,42.3915081191808,,
predictor,0,39,b877dd782edba758ab429e3ee3de3329:97e16cc551e4:0:4,aba8c2cf6367e2e8a95bb52794ddcb426d595fad022cf2d457da88045f881ed0,True,597.0825718250126,16,15618.39794921875,15810.0,2,362.3760659247637,42.2521959990263,,
predictor,0,40,b877dd782edba758ab429e3ee3de3329:dd7f6c9e007d:0:0,62517bae74e7259c57a7da56e4f54b797cf2a664727fb53fe05de2f3598ea92d,True,695.5712221097201,22,15618.39794921875,15810.0,2,361.2945070490241,42.272262973710895,,
predictor,0,41,b877dd782edba758ab429e3ee3de3329:dd7f6c9e007d:0:1,d84210bceb3038c1ed37c6ee7bc057db462ddedaa6823742af8a6d297cb431da,True,761.6285700351,26,15618.39794921875,15810.0,2,361.36181303299963,41.934585897251964,,
predictor,0,42,b877dd782edba758ab429e3ee3de3329:dd7f6c9e007d:0:2,e2d8c9e2e95c4938f7be5f7610f5dd612f23c22b2461cafe849ff52d619824cd,True,763.0688059143722,26,15618.39794921875,15810.0,2,361.63417785428464,42.555653024464846,,
predictor,0,43,b877dd782edba758ab429e3ee3de3329:dd7f6c9e007d:0:3,94d4ffe585b52d02528404f4f0629286595977610fc216797666ffe14a17ed0c,True,629.4997609220445,18,15618.39794921875,15810.0,2,361.2411629874259,41.897607035934925,,
predictor,0,44,b877dd782edba758ab429e3ee3de3329:dd7f6c9e007d:0:4,aba8c2cf6367e2e8a95bb52794ddcb426d595fad022cf2d457da88045f881ed0,True,595.1960878446698,16,15618.39794921875,15810.0,2,361.01372889243066,42.01715486124158,,
predictor,0,45,4f59fbf51a0a5bfb4dc5af02cf294693:993dac5396a0:0:0,aa1f1fd8a9efcb963811de5e984dc16d83696aa7e913ba6980ace9aa76b7f7a3,True,630.083744879812,18,15618.58154296875,15810.0,2,361.71144992113113,42.48945391736925,,
predictor,0,46,4f59fbf51a0a5bfb4dc5af02cf294693:993dac5396a0:0:1,bdcb900eea2a0e63a259e4fe2376f8cc3aec08e4611682d3f4ee038edca9d017,True,496.48045003414154,10,15618.58154296875,15810.0,2,361.72722605988383,42.48080309480429,,
predictor,0,47,4f59fbf51a0a5bfb4dc5af02cf294693:993dac5396a0:0:2,f3e746a5a573b9140378e527f40ef9a01e1da198199bb2597c74356d9befd366,True,763.2027252111584,26,15618.58154296875,15810.0,2,361.2827882170677,42.30429115705192,,
predictor,0,48,4f59fbf51a0a5bfb4dc5af02cf294693:993dac5396a0:0:3,f77a4c18118683cabf2ce423b4a1474e9a020c00dc184984ee227d2432eaaeca,True,763.2877628784627,26,15618.58154296875,15810.0,2,361.5042350720614,42.066212045028806,,
predictor,0,49,4f59fbf51a0a5bfb4dc5af02cf294693:993dac5396a0:0:4,082a3f27a64a793001365f40fd7d76058660d5148036e68127b7775445e5f79a,True,495.9660819731653,10,15618.58154296875,15810.0,2,361.6933438461274,42.27423178963363,,
predictor,1,0,1a938d25604410ccd63b60285919eaec:c627e50da685:0:0,ad7432ad3647d5979a4c8f07ea59db904408a5ca59b44fc807019ff723c8fe9d,True,530.0990489777178,12,15618.58154296875,15810.0,2,362.6429489813745,42.97978989779949,,
predictor,1,1,1a938d25604410ccd63b60285919eaec:c627e50da685:0:1,ad7432ad3647d5979a4c8f07ea59db904408a5ca59b44fc807019ff723c8fe9d,True,530.4296847898513,12,15618.58154296875,15810.0,2,362.3327969107777,42.35354298725724,,
predictor,1,2,1a938d25604410ccd63b60285919eaec:c627e50da685:0:2,45b29a4f9a357408272a3d9ee292dd9f825df58412a294bc76edad70933ff8f3,True,530.4607588332146,12,15618.58154296875,15810.0,2,362.1806639712304,42.252655141055584,,
predictor,1,3,1a938d25604410ccd63b60285919eaec:c627e50da685:0:3,8f13312bc57593ae709f0e55a18489d480c2a86c8038ac06144174a3f51b5600,True,529.6799628995359,12,15618.58154296875,15810.0,2,361.51630198583007,42.143811006098986,,
predictor,1,4,1a938d25604410ccd63b60285919eaec:c627e50da685:0:4,8f13312bc57593ae709f0e55a18489d480c2a86c8038ac06144174a3f51b5600,True,529.4150288682431,12,15618.58154296875,15810.0,2,362.05575289204717,42.36354795284569,,
predictor,1,5,49cd6149f02ec01ee03a6eb8287ab2df:f982e9dfaf25:0:0,dfa96710626dd8454b20bab58edadf81faa7374948fab10c0910e55037cea818,True,663.8436010107398,20,15618.32470703125,15810.0,2,362.61716298758984,42.70087694749236,,
predictor,1,6,49cd6149f02ec01ee03a6eb8287ab2df:f982e9dfaf25:0:1,86024a4fa91c4b919c6bf7d14d030232d1b278e47a39c03efbe698cebb092a16,True,646.587684052065,19,15618.32470703125,15810.0,2,362.1962310280651,42.50697302632034,,
predictor,1,7,49cd6149f02ec01ee03a6eb8287ab2df:f982e9dfaf25:0:2,cf7957792cc42aad7f2f87beb1240027c78a84aebb3babafec5afeab6040dc38,True,629.1737100109458,18,15618.32470703125,15810.0,2,361.7318100295961,42.24785906262696,,
predictor,1,8,49cd6149f02ec01ee03a6eb8287ab2df:f982e9dfaf25:0:3,e62c1d2a0e028a848bf11c6aee602c7b04b7c5d57080024b56092666b47f8121,True,695.1920359861106,22,15618.32470703125,15810.0,2,362.4395988881588,42.887039948254824,,
predictor,1,9,49cd6149f02ec01ee03a6eb8287ab2df:f982e9dfaf25:0:4,f9472589f3263b5d01f4798bd4b1db08a9f8d5bfd4a7de1f6a20d7afa4d2fc9d,True,614.8209539242089,17,15618.32470703125,15810.0,2,362.60666395537555,42.18266694806516,,
predictor,1,10,49cd6149f02ec01ee03a6eb8287ab2df:81739d7eb99c:0:0,dfa96710626dd8454b20bab58edadf81faa7374948fab10c0910e55037cea818,True,662.4916358850896,20,15618.32470703125,15810.0,2,361.59663391299546,42.05128690227866,,
predictor,1,11,49cd6149f02ec01ee03a6eb8287ab2df:81739d7eb99c:0:1,86024a4fa91c4b919c6bf7d14d030232d1b278e47a39c03efbe698cebb092a16,True,647.0613940618932,19,15618.32470703125,15810.0,2,362.0932400226593,42.082563042640686,,
predictor,1,12,49cd6149f02ec01ee03a6eb8287ab2df:81739d7eb99c:0:2,cf7957792cc42aad7f2f87beb1240027c78a84aebb3babafec5afeab6040dc38,True,628.7020270247012,18,15618.32470703125,15810.0,2,361.8497729767114,42.203490156680346,,
predictor,1,13,49cd6149f02ec01ee03a6eb8287ab2df:81739d7eb99c:0:3,e62c1d2a0e028a848bf11c6aee602c7b04b7c5d57080024b56092666b47f8121,True,695.7041509449482,22,15618.32470703125,15810.0,2,362.13472206145525,42.6732380874455,,
predictor,1,14,49cd6149f02ec01ee03a6eb8287ab2df:81739d7eb99c:0:4,f9472589f3263b5d01f4798bd4b1db08a9f8d5bfd4a7de1f6a20d7afa4d2fc9d,True,612.7379990648478,17,15618.32470703125,15810.0,2,361.9289619382471,42.51549392938614,,
predictor,1,15,c6050fe51d3408b1eaef27e08e7f1956:1458b54ae2f6:0:0,0c2763434c50e20730f49847263ef9024806cb1a0560c523ed77737027dc7584,True,613.7108479160815,17,15618.72802734375,15810.0,2,362.3582189902663,42.49719996005297,,
predictor,1,16,c6050fe51d3408b1eaef27e08e7f1956:1458b54ae2f6:0:1,664067171cd1bbc5ce837d235ed3ea23011690faf92d70710e11636621c1b115,True,831.4691868145019,30,15618.72802734375,15810.0,2,362.07391880452633,42.97396680340171,,
predictor,1,17,c6050fe51d3408b1eaef27e08e7f1956:1458b54ae2f6:0:2,c6b78a53ab1e086ea1b1d04c24bdf6d361a4c414a514fa6f179a43df6e2fb518,True,881.3161980360746,33,15618.72802734375,15810.0,2,363.0921409931034,42.282758047804236,,
predictor,1,18,c6050fe51d3408b1eaef27e08e7f1956:1458b54ae2f6:0:3,76081f5fd3a7d2fecc5219b9f1a003927ab2f0a03cbcea2809aa13575b12704d,True,530.4287450853735,12,15618.72802734375,15810.0,2,361.4798600319773,41.992075042799115,,
predictor,1,19,c6050fe51d3408b1eaef27e08e7f1956:1458b54ae2f6:0:4,ad3a25be620e9e8363cf8b064f96e3948b2c3e9ae99d2778aa19fe9e3c58386a,True,930.4161169566214,36,15618.72802734375,15810.0,2,361.8539059534669,41.94014286622405,,
predictor,1,20,c6050fe51d3408b1eaef27e08e7f1956:e4e99a4d6532:0:0,0c2763434c50e20730f49847263ef9024806cb1a0560c523ed77737027dc7584,True,612.9144479054958,17,15618.72802734375,15810.0,2,362.1796458028257,42.35198092646897,,
predictor,1,21,c6050fe51d3408b1eaef27e08e7f1956:e4e99a4d6532:0:1,664067171cd1bbc5ce837d235ed3ea23011690faf92d70710e11636621c1b115,True,830.0130239222199,30,15618.72802734375,15810.0,2,361.8914179969579,42.64705115929246,,
predictor,1,22,c6050fe51d3408b1eaef27e08e7f1956:e4e99a4d6532:0:2,c6b78a53ab1e086ea1b1d04c24bdf6d361a4c414a514fa6f179a43df6e2fb518,True,879.4087120331824,33,15618.72802734375,15810.0,2,362.4613939318806,42.25187678821385,,
predictor,1,23,c6050fe51d3408b1eaef27e08e7f1956:e4e99a4d6532:0:3,76081f5fd3a7d2fecc5219b9f1a003927ab2f0a03cbcea2809aa13575b12704d,True,529.6233580447733,12,15618.72802734375,15810.0,2,362.6158549450338,42.83047700300813,,
predictor,1,24,c6050fe51d3408b1eaef27e08e7f1956:e4e99a4d6532:0:4,ad3a25be620e9e8363cf8b064f96e3948b2c3e9ae99d2778aa19fe9e3c58386a,True,929.0837468579412,36,15618.72802734375,15810.0,2,361.9483730290085,42.07760305143893,,
predictor,1,25,bb98dd0bceac09d24db1ecb2af549a92:377f7f0dd150:0:0,c7fdec5fa5d5e1adf291637b9bb1fe8f118cbb3eb57af7ef76921e247600c9c6,True,644.9220899958163,19,15618.32470703125,15810.0,2,361.6045690141618,42.141169076785445,,
predictor,1,26,bb98dd0bceac09d24db1ecb2af549a92:377f7f0dd150:0:1,4af9997807defa232e553246d42901a0d746fdbefff91462d7ee0c1a91ca74e4,True,763.5446009226143,26,15618.32470703125,15810.0,2,361.50791589170694,42.02616983093321,,
predictor,1,27,bb98dd0bceac09d24db1ecb2af549a92:377f7f0dd150:0:2,75d13c8ce97c12289f2430a015d1d7989bcb997955ebfd456b23a70f3283334e,True,730.3979420103133,24,15618.32470703125,15810.0,2,362.0115590747446,42.320453096181154,,
predictor,1,28,bb98dd0bceac09d24db1ecb2af549a92:377f7f0dd150:0:3,07076b19c18093e788139445acd32421179c80fb131abb5020ab511b244dfaf3,True,546.1242920719087,13,15618.32470703125,15810.0,2,361.8602938950062,41.995479026809335,,
predictor,1,29,bb98dd0bceac09d24db1ecb2af549a92:377f7f0dd150:0:4,07076b19c18093e788139445acd32421179c80fb131abb5020ab511b244dfaf3,True,548.0405380949378,13,15618.32470703125,15810.0,2,362.52213013358414,42.612485121935606,,
predictor,1,30,bb98dd0bceac09d24db1ecb2af549a92:2cf3a7a3a65c:0:0,c7fdec5fa5d5e1adf291637b9bb1fe8f118cbb3eb57af7ef76921e247600c9c6,True,646.4990337844938,19,15618.32470703125,15810.0,2,361.5336949005723,42.16755903325975,,
predictor,1,31,bb98dd0bceac09d24db1ecb2af549a92:2cf3a7a3a65c:0:1,4af9997807defa232e553246d42901a0d746fdbefff91462d7ee0c1a91ca74e4,True,762.0319849811494,26,15618.32470703125,15810.0,2,361.77916801534593,41.96066898293793,,
predictor,1,32,bb98dd0bceac09d24db1ecb2af549a92:2cf3a7a3a65c:0:2,75d13c8ce97c12289f2430a015d1d7989bcb997955ebfd456b23a70f3283334e,True,731.0871549416333,24,15618.32470703125,15810.0,2,362.0297098532319,42.43975994177163,,
predictor,1,33,bb98dd0bceac09d24db1ecb2af549a92:2cf3a7a3a65c:0:3,07076b19c18093e788139445acd32421179c80fb131abb5020ab511b244dfaf3,True,547.4020531401038,13,15618.32470703125,15810.0,2,361.92449601367116,42.365893023088574,,
predictor,1,34,bb98dd0bceac09d24db1ecb2af549a92:2cf3a7a3a65c:0:4,07076b19c18093e788139445acd32421179c80fb131abb5020ab511b244dfaf3,True,546.983023872599,13,15618.32470703125,15810.0,2,362.24294686689973,42.216937988996506,,
predictor,1,35,b877dd782edba758ab429e3ee3de3329:97e16cc551e4:0:0,62517bae74e7259c57a7da56e4f54b797cf2a664727fb53fe05de2f3598ea92d,True,695.0396599713713,22,15618.39794921875,15810.0,2,361.5386048331857,41.97799996472895,,
predictor,1,36,b877dd782edba758ab429e3ee3de3329:97e16cc551e4:0:1,d84210bceb3038c1ed37c6ee7bc057db462ddedaa6823742af8a6d297cb431da,True,763.8800051063299,26,15618.39794921875,15810.0,2,361.8694960605353,42.27487090975046,,
predictor,1,37,b877dd782edba758ab429e3ee3de3329:97e16cc551e4:0:2,e2d8c9e2e95c4938f7be5f7610f5dd612f23c22b2461cafe849ff52d619824cd,True,764.8656410165131,26,15618.39794921875,15810.0,2,362.0621331501752,42.11547807790339,,
predictor,1,38,b877dd782edba758ab429e3ee3de3329:97e16cc551e4:0:3,94d4ffe585b52d02528404f4f0629286595977610fc216797666ffe14a17ed0c,True,630.3319679573178,18,15618.39794921875,15810.0,2,362.1403370052576,42.348650051280856,,
predictor,1,39,b877dd782edba758ab429e3ee3de3329:97e16cc551e4:0:4,aba8c2cf6367e2e8a95bb52794ddcb426d595fad022cf2d457da88045f881ed0,True,595.9459508303553,16,15618.39794921875,15810.0,2,362.34153900295496,42.81308315694332,,
predictor,1,40,b877dd782edba758ab429e3ee3de3329:dd7f6c9e007d:0:0,62517bae74e7259c57a7da56e4f54b797cf2a664727fb53fe05de2f3598ea92d,True,697.3183089867234,22,15618.39794921875,15810.0,2,361.9973461609334,42.328002164140344,,
predictor,1,41,b877dd782edba758ab429e3ee3de3329:dd7f6c9e007d:0:1,d84210bceb3038c1ed37c6ee7bc057db462ddedaa6823742af8a6d297cb431da,True,761.7604839615524,26,15618.39794921875,15810.0,2,361.9068139232695,42.43020084686577,,
predictor,1,42,b877dd782edba758ab429e3ee3de3329:dd7f6c9e007d:0:2,e2d8c9e2e95c4938f7be5f7610f5dd612f23c22b2461cafe849ff52d619824cd,True,762.6832579262555,26,15618.39794921875,15810.0,2,362.00653086416423,42.02333791181445,,
predictor,1,43,b877dd782edba758ab429e3ee3de3329:dd7f6c9e007d:0:3,94d4ffe585b52d02528404f4f0629286595977610fc216797666ffe14a17ed0c,True,629.7268830239773,18,15618.39794921875,15810.0,2,362.27723699994385,42.30217286385596,,
predictor,1,44,b877dd782edba758ab429e3ee3de3329:dd7f6c9e007d:0:4,aba8c2cf6367e2e8a95bb52794ddcb426d595fad022cf2d457da88045f881ed0,True,597.5215309299529,16,15618.39794921875,15810.0,2,362.1109649538994,42.23625990562141,,
predictor,1,45,4f59fbf51a0a5bfb4dc5af02cf294693:993dac5396a0:0:0,aa1f1fd8a9efcb963811de5e984dc16d83696aa7e913ba6980ace9aa76b7f7a3,True,630.6944908574224,18,15618.58154296875,15810.0,2,361.92637984640896,42.20599983818829,,
predictor,1,46,4f59fbf51a0a5bfb4dc5af02cf294693:993dac5396a0:0:1,bdcb900eea2a0e63a259e4fe2376f8cc3aec08e4611682d3f4ee038edca9d017,True,496.654090937227,10,15618.58154296875,15810.0,2,361.97055294178426,42.416437063366175,,
predictor,1,47,4f59fbf51a0a5bfb4dc5af02cf294693:993dac5396a0:0:2,f3e746a5a573b9140378e527f40ef9a01e1da198199bb2597c74356d9befd366,True,762.0542799122632,26,15618.58154296875,15810.0,2,361.28945485688746,41.47135582752526,,
predictor,1,48,4f59fbf51a0a5bfb4dc5af02cf294693:993dac5396a0:0:3,f77a4c18118683cabf2ce423b4a1474e9a020c00dc184984ee227d2432eaaeca,True,764.9059249088168,26,15618.58154296875,15810.0,2,362.4196778982878,42.66553302295506,,
predictor,1,49,4f59fbf51a0a5bfb4dc5af02cf294693:993dac5396a0:0:4,082a3f27a64a793001365f40fd7d76058660d5148036e68127b7775445e5f79a,True,498.076326912269,10,15618.58154296875,15810.0,2,363.1522979121655,42.456005001440644,,
sieve,0,0,1a938d25604410ccd63b60285919eaec:c627e50da685:0:0,ad7432ad3647d5979a4c8f07ea59db904408a5ca59b44fc807019ff723c8fe9d,True,559.0943968854845,12,15618.58154296875,15810.0,2,390.42548602446914,43.363895965740085,0.011923828162252903,0
sieve,0,1,1a938d25604410ccd63b60285919eaec:c627e50da685:0:1,ad7432ad3647d5979a4c8f07ea59db904408a5ca59b44fc807019ff723c8fe9d,True,555.2908410318196,12,15618.58154296875,15810.0,2,386.64444512687624,43.363901088014245,0.013695897534489632,0
sieve,0,2,1a938d25604410ccd63b60285919eaec:c627e50da685:0:2,45b29a4f9a357408272a3d9ee292dd9f825df58412a294bc76edad70933ff8f3,True,554.4385579414666,12,15618.58154296875,15810.0,2,385.5790290981531,43.55666320770979,0.013688511215150356,0
sieve,0,3,1a938d25604410ccd63b60285919eaec:c627e50da685:0:3,8f13312bc57593ae709f0e55a18489d480c2a86c8038ac06144174a3f51b5600,True,545.7977280020714,12,15618.58154296875,15810.0,2,376.5466308686882,42.764519806951284,0.012492770329117775,0
sieve,0,4,1a938d25604410ccd63b60285919eaec:c627e50da685:0:4,8f13312bc57593ae709f0e55a18489d480c2a86c8038ac06144174a3f51b5600,True,545.766110997647,12,15618.58154296875,15810.0,2,376.1722771450877,42.939234990626574,0.01208481751382351,0
sieve,0,5,49cd6149f02ec01ee03a6eb8287ab2df:f982e9dfaf25:0:0,dfa96710626dd8454b20bab58edadf81faa7374948fab10c0910e55037cea818,True,665.3844080865383,20,15618.32470703125,15810.0,2,362.9933020565659,42.71829896606505,0.04598546028137207,0
sieve,0,6,49cd6149f02ec01ee03a6eb8287ab2df:f982e9dfaf25:0:1,86024a4fa91c4b919c6bf7d14d030232d1b278e47a39c03efbe698cebb092a16,True,661.5893992129713,19,15618.32470703125,15810.0,2,376.1354461312294,42.881102999672294,0.047764893621206284,0
sieve,0,7,49cd6149f02ec01ee03a6eb8287ab2df:f982e9dfaf25:0:2,cf7957792cc42aad7f2f87beb1240027c78a84aebb3babafec5afeab6040dc38,True,634.1938958503306,18,15618.32470703125,15810.0,2,364.7004950325936,42.682935018092394,0.047251708805561066,0
sieve,0,8,49cd6149f02ec01ee03a6eb8287ab2df:f982e9dfaf25:0:3,e62c1d2a0e028a848bf11c6aee602c7b04b7c5d57080024b56092666b47f8121,True,713.2209169212729,22,15618.32470703125,15810.0,2,376.5190220437944,42.84231411293149,0.09023633599281311,0
sieve,0,9,49cd6149f02ec01ee03a6eb8287ab2df:f982e9dfaf25:0:4,f9472589f3263b5d01f4798bd4b1db08a9f8d5bfd4a7de1f6a20d7afa4d2fc9d,True,615.1535038370639,17,15618.32470703125,15810.0,2,362.6745149958879,42.85361315123737,0.050221387296915054,0
sieve,0,10,49cd6149f02ec01ee03a6eb8287ab2df:81739d7eb99c:0:0,dfa96710626dd8454b20bab58edadf81faa7374948fab10c0910e55037cea818,True,692.7404820453376,20,15618.32470703125,15810.0,2,389.55901586450636,42.95399901457131,0.04598546028137207,0
sieve,0,11,49cd6149f02ec01ee03a6eb8287ab2df:81739d7eb99c:0:1,86024a4fa91c4b919c6bf7d14d030232d1b278e47a39c03efbe698cebb092a16,True,663.5315960738808,19,15618.32470703125,15810.0,2,378.08074802160263,43.609838001430035,0.047764893621206284,0
sieve,0,12,49cd6149f02ec01ee03a6eb8287ab2df:81739d7eb99c:0:2,cf7957792cc42aad7f2f87beb1240027c78a84aebb3babafec5afeab6040dc38,True,633.4869940765202,18,15618.32470703125,15810.0,2,363.8342700432986,43.49010717123747,0.047251708805561066,0
sieve,0,13,49cd6149f02ec01ee03a6eb8287ab2df:81739d7eb99c:0:3,e62c1d2a0e028a848bf11c6aee602c7b04b7c5d57080024b56092666b47f8121,True,702.6245892047882,22,15618.32470703125,15810.0,2,368.49257815629244,43.44400903210044,0.09023633599281311,0
sieve,0,14,49cd6149f02ec01ee03a6eb8287ab2df:81739d7eb99c:0:4,f9472589f3263b5d01f4798bd4b1db08a9f8d5bfd4a7de1f6a20d7afa4d2fc9d,True,629.2682960629463,17,15618.32470703125,15810.0,2,373.8999990746379,43.36632788181305,0.050221387296915054,0
sieve,0,15,c6050fe51d3408b1eaef27e08e7f1956:1458b54ae2f6:0:0,0c2763434c50e20730f49847263ef9024806cb1a0560c523ed77737027dc7584,True,634.8886680789292,17,15618.72802734375,15810.0,2,379.20041708275676,44.364558067172766,0.026362335309386253,0
sieve,0,16,c6050fe51d3408b1eaef27e08e7f1956:1458b54ae2f6:0:1,664067171cd1bbc5ce837d235ed3ea23011690faf92d70710e11636621c1b115,True,848.1642848346382,30,15618.72802734375,15810.0,2,377.49844300560653,43.331359047442675,0.025893716141581535,0
sieve,0,17,c6050fe51d3408b1eaef27e08e7f1956:1458b54ae2f6:0:2,c6b78a53ab1e086ea1b1d04c24bdf6d361a4c414a514fa6f179a43df6e2fb518,True,908.650501864031,33,15618.72802734375,15810.0,2,389.07844200730324,42.72650694474578,0.026893166825175285,0
sieve,0,18,c6050fe51d3408b1eaef27e08e7f1956:1458b54ae2f6:0:3,76081f5fd3a7d2fecc5219b9f1a003927ab2f0a03cbcea2809aa13575b12704d,True,565.1913441251963,12,15618.72802734375,15810.0,2,394.52264714054763,43.77264715731144,0.03979818522930145,0
sieve,0,19,c6050fe51d3408b1eaef27e08e7f1956:1458b54ae2f6:0:4,ad3a25be620e9e8363cf8b064f96e3948b2c3e9ae99d2778aa19fe9e3c58386a,True,959.8573560360819,36,15618.72802734375,15810.0,2,384.6101879607886,43.03290694952011,0.038352321833372116,0
sieve,0,20,c6050fe51d3408b1eaef27e08e7f1956:e4e99a4d6532:0:0,0c2763434c50e20730f49847263ef9024806cb1a0560c523ed77737027dc7584,True,623.1547358911484,17,15618.72802734375,15810.0,2,368.3276460506022,43.47831313498318,0.026362335309386253,0
sieve,0,21,c6050fe51d3408b1eaef27e08e7f1956:e4e99a4d6532:0:1,664067171cd1bbc5ce837d235ed3ea23011690faf92d70710e11636621c1b115,True,852.8601678553969,30,15618.72802734375,15810.0,2,376.298121875152,43.10309491120279,0.025893716141581535,0
sieve,0,22,c6050fe51d3408b1eaef27e08e7f1956:e4e99a4d6532:0:2,c6b78a53ab1e086ea1b1d04c24bdf6d361a4c414a514fa6f179a43df6e2fb518,True,906.1590658966452,33,15618.72802734375,15810.0,2,383.79880296997726,42.478824965655804,0.026893166825175285,0
sieve,0,23,c6050fe51d3408b1eaef27e08e7f1956:e4e99a4d6532:0:3,76081f5fd3a7d2fecc5219b9f1a003927ab2f0a03cbcea2809aa13575b12704d,True,531.1545839067549,12,15618.72802734375,15810.0,2,362.1170481201261,42.887177085503936,0.03979818522930145,0
sieve,0,24,c6050fe51d3408b1eaef27e08e7f1956:e4e99a4d6532:0:4,ad3a25be620e9e8363cf8b064f96e3948b2c3e9ae99d2778aa19fe9e3c58386a,True,932.502567069605,36,15618.72802734375,15810.0,2,362.33038804493845,43.07065485045314,0.038352321833372116,0
sieve,0,25,bb98dd0bceac09d24db1ecb2af549a92:377f7f0dd150:0:0,c7fdec5fa5d5e1adf291637b9bb1fe8f118cbb3eb57af7ef76921e247600c9c6,True,653.0562129337341,19,15618.32470703125,15810.0,2,365.9517189953476,42.6627101842314,0.07945575565099716,0
sieve,0,26,bb98dd0bceac09d24db1ecb2af549a92:377f7f0dd150:0:1,4af9997807defa232e553246d42901a0d746fdbefff91462d7ee0c1a91ca74e4,True,789.960962953046,26,15618.32470703125,15810.0,2,384.93919209577143,43.17288799211383,0.06443959474563599,0
sieve,0,27,bb98dd0bceac09d24db1ecb2af549a92:377f7f0dd150:0:2,75d13c8ce97c12289f2430a015d1d7989bcb997955ebfd456b23a70f3283334e,True,742.5432889722288,24,15618.32470703125,15810.0,2,372.0827929209918,42.914727004244924,0.027460724115371704,0
sieve,0,28,bb98dd0bceac09d24db1ecb2af549a92:377f7f0dd150:0:3,07076b19c18093e788139445acd32421179c80fb131abb5020ab511b244dfaf3,True,552.4007058702409,13,15618.32470703125,15810.0,2,366.88596988096833,43.30558585934341,0.07362283021211624,0
sieve,0,29,bb98dd0bceac09d24db1ecb2af549a92:377f7f0dd150:0:4,07076b19c18093e788139445acd32421179c80fb131abb5020ab511b244dfaf3,True,582.317324122414,13,15618.32470703125,15810.0,2,396.9262740574777,42.70917200483382,0.060885488986968994,0
sieve,0,30,bb98dd0bceac09d24db1ecb2af549a92:2cf3a7a3a65c:0:0,c7fdec5fa5d5e1adf291637b9bb1fe8f118cbb3eb57af7ef76921e247600c9c6,True,656.8309648428112,19,15618.32470703125,15810.0,2,370.86785305291414,42.707039043307304,0.07945575565099716,0
sieve,0,31,bb98dd0bceac09d24db1ecb2af549a92:2cf3a7a3a65c:0:1,4af9997807defa232e553246d42901a0d746fdbefff91462d7ee0c1a91ca74e4,True,764.4507209770381,26,15618.32470703125,15810.0,2,361.5513078402728,42.48351790010929,0.06443959474563599,0
sieve,0,32,bb98dd0bceac09d24db1ecb2af549a92:2cf3a7a3a65c:0:2,75d13c8ce97c12289f2430a015d1d7989bcb997955ebfd456b23a70f3283334e,True,735.9325462020934,24,15618.32470703125,15810.0,2,365.9819201566279,42.62118996120989,0.027460724115371704,0
sieve,0,33,bb98dd0bceac09d24db1ecb2af549a92:2cf3a7a3a65c:0:3,07076b19c18093e788139445acd32421179c80fb131abb5020ab511b244dfaf3,True,559.3499140813947,13,15618.32470703125,15810.0,2,374.3329690769315,42.47477604076266,0.07362283021211624,0
sieve,0,34,bb98dd0bceac09d24db1ecb2af549a92:2cf3a7a3a65c:0:4,07076b19c18093e788139445acd32421179c80fb131abb5020ab511b244dfaf3,True,548.7472449894994,13,15618.32470703125,15810.0,2,361.85722704976797,42.72993910126388,0.060885488986968994,0
sieve,0,35,b877dd782edba758ab429e3ee3de3329:97e16cc551e4:0:0,62517bae74e7259c57a7da56e4f54b797cf2a664727fb53fe05de2f3598ea92d,True,696.6340260114521,22,15618.39794921875,15810.0,2,361.8405049201101,43.0063558742404,0.08612550050020218,0
sieve,0,36,b877dd782edba758ab429e3ee3de3329:97e16cc551e4:0:1,d84210bceb3038c1ed37c6ee7bc057db462ddedaa6823742af8a6d297cb431da,True,779.3412788305432,26,15618.39794921875,15810.0,2,376.35032180696726,42.791052954271436,0.07399764657020569,0
sieve,0,37,b877dd782edba758ab429e3ee3de3329:97e16cc551e4:0:2,e2d8c9e2e95c4938f7be5f7610f5dd612f23c22b2461cafe849ff52d619824cd,True,768.9595690462738,26,15618.39794921875,15810.0,2,365.91245816089213,42.718598153442144,0.09093106538057327,0
sieve,0,38,b877dd782edba758ab429e3ee3de3329:97e16cc551e4:0:3,94d4ffe585b52d02528404f4f0629286595977610fc216797666ffe14a17ed0c,True,656.0264581348747,18,15618.39794921875,15810.0,2,384.61743108928204,42.90572693571448,0.06772638857364655,0
sieve,0,39,b877dd782edba758ab429e3ee3de3329:97e16cc551e4:0:4,aba8c2cf6367e2e8a95bb52794ddcb426d595fad022cf2d457da88045f881ed0,True,609.3627382069826,16,15618.39794921875,15810.0,2,370.8832541014999,42.78294905088842,0.13132111728191376,0
sieve,0,40,b877dd782edba758ab429e3ee3de3329:dd7f6c9e007d:0:0,62517bae74e7259c57a7da56e4f54b797cf2a664727fb53fe05de2f3598ea92d,True,719.7924829088151,22,15618.39794921875,15810.0,2,380.4742859210819,43.09378983452916,0.08612550050020218,0
sieve,0,41,b877dd782edba758ab429e3ee3de3329:dd7f6c9e007d:0:1,d84210bceb3038c1ed37c6ee7bc057db462ddedaa6823742af8a6d297cb431da,True,785.137384198606,26,15618.39794921875,15810.0,2,377.58348300121725,43.522464809939265,0.07399764657020569,0
sieve,0,42,b877dd782edba758ab429e3ee3de3329:dd7f6c9e007d:0:2,e2d8c9e2e95c4938f7be5f7610f5dd612f23c22b2461cafe849ff52d619824cd,True,780.8335230220109,26,15618.39794921875,15810.0,2,376.0899230837822,43.59654011204839,0.09093106538057327,0
sieve,0,43,b877dd782edba758ab429e3ee3de3329:dd7f6c9e007d:0:3,94d4ffe585b52d02528404f4f0629286595977610fc216797666ffe14a17ed0c,True,654.8328842036426,18,15618.39794921875,15810.0,2,383.9488020166755,42.85189090296626,0.06772638857364655,0
sieve,0,44,b877dd782edba758ab429e3ee3de3329:dd7f6c9e007d:0:4,aba8c2cf6367e2e8a95bb52794ddcb426d595fad022cf2d457da88045f881ed0,True,628.3326630946249,16,15618.39794921875,15810.0,2,389.511798042804,44.13109412416816,0.13132111728191376,0
sieve,0,45,4f59fbf51a0a5bfb4dc5af02cf294693:993dac5396a0:0:0,aa1f1fd8a9efcb963811de5e984dc16d83696aa7e913ba6980ace9aa76b7f7a3,True,647.22925494425,18,15618.58154296875,15810.0,2,373.14052507281303,43.80700713954866,0.0412035807967186,0
sieve,0,46,4f59fbf51a0a5bfb4dc5af02cf294693:993dac5396a0:0:1,bdcb900eea2a0e63a259e4fe2376f8cc3aec08e4611682d3f4ee038edca9d017,True,516.7942270636559,10,15618.58154296875,15810.0,2,378.182013053447,43.989368015900254,0.044068578630685806,0
sieve,0,47,4f59fbf51a0a5bfb4dc5af02cf294693:993dac5396a0:0:2,f3e746a5a573b9140378e527f40ef9a01e1da198199bb2597c74356d9befd366,True,780.4393609985709,26,15618.58154296875,15810.0,2,368.7935071066022,43.56941790319979,0.012164697051048279,0
sieve,0,48,4f59fbf51a0a5bfb4dc5af02cf294693:993dac5396a0:0:3,f77a4c18118683cabf2ce423b4a1474e9a020c00dc184984ee227d2432eaaeca,True,782.9599760007113,26,15618.58154296875,15810.0,2,372.3233649507165,43.38607285171747,0.012001994997262955,0
sieve,0,49,4f59fbf51a0a5bfb4dc5af02cf294693:993dac5396a0:0:4,082a3f27a64a793001365f40fd7d76058660d5148036e68127b7775445e5f79a,True,505.07333991117775,10,15618.58154296875,15810.0,2,367.4125459510833,43.32819185219705,0.017937535420060158,0
sieve,1,0,1a938d25604410ccd63b60285919eaec:c627e50da685:0:0,ad7432ad3647d5979a4c8f07ea59db904408a5ca59b44fc807019ff723c8fe9d,True,543.5648960992694,12,15618.58154296875,15810.0,2,368.32004715688527,43.865950079634786,0.011923828162252903,0
sieve,1,1,1a938d25604410ccd63b60285919eaec:c627e50da685:0:1,ad7432ad3647d5979a4c8f07ea59db904408a5ca59b44fc807019ff723c8fe9d,True,538.9183110091835,12,15618.58154296875,15810.0,2,363.24998107738793,43.85606502182782,0.013695897534489632,0
sieve,1,2,1a938d25604410ccd63b60285919eaec:c627e50da685:0:2,45b29a4f9a357408272a3d9ee292dd9f825df58412a294bc76edad70933ff8f3,True,538.0464980844408,12,15618.58154296875,15810.0,2,363.4620748925954,43.79508784040809,0.013688511215150356,0
sieve,1,3,1a938d25604410ccd63b60285919eaec:c627e50da685:0:3,8f13312bc57593ae709f0e55a18489d480c2a86c8038ac06144174a3f51b5600,True,545.2245101332664,12,15618.58154296875,15810.0,2,375.51174499094486,42.96688688918948,0.012492770329117775,0
sieve,1,4,1a938d25604410ccd63b60285919eaec:c627e50da685:0:4,8f13312bc57593ae709f0e55a18489d480c2a86c8038ac06144174a3f51b5600,True,541.3709389977157,12,15618.58154296875,15810.0,2,370.7374020013958,42.94075886718929,0.01208481751382351,0
sieve,1,5,49cd6149f02ec01ee03a6eb8287ab2df:f982e9dfaf25:0:0,dfa96710626dd8454b20bab58edadf81faa7374948fab10c0910e55037cea818,True,670.2403270173818,20,15618.32470703125,15810.0,2,362.4392501078546,42.710914043709636,0.04598546028137207,0
sieve,1,6,49cd6149f02ec01ee03a6eb8287ab2df:f982e9dfaf25:0:1,86024a4fa91c4b919c6bf7d14d030232d1b278e47a39c03efbe698cebb092a16,True,654.4050220400095,19,15618.32470703125,15810.0,2,362.8016319125891,43.38852781802416,0.047764893621206284,0
sieve,1,7,49cd6149f02ec01ee03a6eb8287ab2df:f982e9dfaf25:0:2,cf7957792cc42aad7f2f87beb1240027c78a84aebb3babafec5afeab6040dc38,True,637.3858649749309,18,15618.32470703125,15810.0,2,363.2530530449003,43.43292210251093,0.047251708805561066,0
sieve,1,8,49cd6149f02ec01ee03a6eb8287ab2df:f982e9dfaf25:0:3,e62c1d2a0e028a848bf11c6aee602c7b04b7c5d57080024b56092666b47f8121,True,710.0254241377115,22,15618.32470703125,15810.0,2,367.7856922149658,43.504255125299096,0.09023633599281311,0
sieve,1,9,49cd6149f02ec01ee03a6eb8287ab2df:f982e9dfaf25:0:4,f9472589f3263b5d01f4798bd4b1db08a9f8d5bfd4a7de1f6a20d7afa4d2fc9d,True,621.7745509929955,17,15618.32470703125,15810.0,2,363.37417596951127,43.95968792960048,0.050221387296915054,0
sieve,1,10,49cd6149f02ec01ee03a6eb8287ab2df:81739d7eb99c:0:0,dfa96710626dd8454b20bab58edadf81faa7374948fab10c0910e55037cea818,True,822.2147149499506,20,15618.32470703125,15810.0,2,513.2903589401394,43.97172899916768,0.04598546028137207,0
sieve,1,11,49cd6149f02ec01ee03a6eb8287ab2df:81739d7eb99c:0:1,86024a4fa91c4b919c6bf7d14d030232d1b278e47a39c03efbe698cebb092a16,True,661.4023349247873,19,15618.32470703125,15810.0,2,368.0011488031596,43.3196269441396,0.047764893621206284,0
sieve,1,12,49cd6149f02ec01ee03a6eb8287ab2df:81739d7eb99c:0:2,cf7957792cc42aad7f2f87beb1240027c78a84aebb3babafec5afeab6040dc38,True,641.5317340288311,18,15618.32470703125,15810.0,2,367.5864979159087,43.263434898108244,0.047251708805561066,0
sieve,1,13,49cd6149f02ec01ee03a6eb8287ab2df:81739d7eb99c:0:3,e62c1d2a0e028a848bf11c6aee602c7b04b7c5d57080024b56092666b47f8121,True,704.9720848444849,22,15618.32470703125,15810.0,2,362.8337529953569,43.13186602666974,0.09023633599281311,0
sieve,1,14,49cd6149f02ec01ee03a6eb8287ab2df:81739d7eb99c:0:4,f9472589f3263b5d01f4798bd4b1db08a9f8d5bfd4a7de1f6a20d7afa4d2fc9d,True,637.7575120422989,17,15618.32470703125,15810.0,2,376.79044203832746,43.220909079536796,0.050221387296915054,0
sieve,1,15,c6050fe51d3408b1eaef27e08e7f1956:1458b54ae2f6:0:0,0c2763434c50e20730f49847263ef9024806cb1a0560c523ed77737027dc7584,True,648.1531809549779,17,15618.72802734375,15810.0,2,385.7573850546032,43.922696029767394,0.026362335309386253,0
sieve,1,16,c6050fe51d3408b1eaef27e08e7f1956:1458b54ae2f6:0:1,664067171cd1bbc5ce837d235ed3ea23011690faf92d70710e11636621c1b115,True,864.9845700711012,30,15618.72802734375,15810.0,2,377.2606321144849,44.21495017595589,0.025893716141581535,0
sieve,1,17,c6050fe51d3408b1eaef27e08e7f1956:1458b54ae2f6:0:2,c6b78a53ab1e086ea1b1d04c24bdf6d361a4c414a514fa6f179a43df6e2fb518,True,902.4203838780522,33,15618.72802734375,15810.0,2,363.67179290391505,43.8250950537622,0.026893166825175285,0
sieve,1,18,c6050fe51d3408b1eaef27e08e7f1956:1458b54ae2f6:0:3,76081f5fd3a7d2fecc5219b9f1a003927ab2f0a03cbcea2809aa13575b12704d,True,539.0204680152237,12,15618.72802734375,15810.0,2,364.27091900259256,44.03612785972655,0.03979818522930145,0
sieve,1,19,c6050fe51d3408b1eaef27e08e7f1956:1458b54ae2f6:0:4,ad3a25be620e9e8363cf8b064f96e3948b2c3e9ae99d2778aa19fe9e3c58386a,True,958.5496210493147,36,15618.72802734375,15810.0,2,372.2137480508536,43.71807514689863,0.038352321833372116,0
sieve,1,20,c6050fe51d3408b1eaef27e08e7f1956:e4e99a4d6532:0:0,0c2763434c50e20730f49847263ef9024806cb1a0560c523ed77737027dc7584,True,637.7650550566614,17,15618.72802734375,15810.0,2,380.5941801983863,43.54588012211025,0.026362335309386253,0
sieve,1,21,c6050fe51d3408b1eaef27e08e7f1956:e4e99a4d6532:0:1,664067171cd1bbc5ce837d235ed3ea23011690faf92d70710e11636621c1b115,True,852.9712699819356,30,15618.72802734375,15810.0,2,373.45785391516984,44.16257003322244,0.025893716141581535,0
sieve,1,22,c6050fe51d3408b1eaef27e08e7f1956:e4e99a4d6532:0:2,c6b78a53ab1e086ea1b1d04c24bdf6d361a4c414a514fa6f179a43df6e2fb518,True,902.9883469920605,33,15618.72802734375,15810.0,2,367.12364410050213,43.30416419543326,0.026893166825175285,0
sieve,1,23,c6050fe51d3408b1eaef27e08e7f1956:e4e99a4d6532:0:3,76081f5fd3a7d2fecc5219b9f1a003927ab2f0a03cbcea2809aa13575b12704d,True,545.0243181549013,12,15618.72802734375,15810.0,2,373.4095231629908,44.147186214104295,0.03979818522930145,0
sieve,1,24,c6050fe51d3408b1eaef27e08e7f1956:e4e99a4d6532:0:4,ad3a25be620e9e8363cf8b064f96e3948b2c3e9ae99d2778aa19fe9e3c58386a,True,966.00695210509,36,15618.72802734375,15810.0,2,389.95515811257064,42.83025301992893,0.038352321833372116,0
sieve,1,25,bb98dd0bceac09d24db1ecb2af549a92:377f7f0dd150:0:0,c7fdec5fa5d5e1adf291637b9bb1fe8f118cbb3eb57af7ef76921e247600c9c6,True,662.415319820866,19,15618.32470703125,15810.0,2,371.035847812891,43.14654879271984,0.07945575565099716,0
sieve,1,26,bb98dd0bceac09d24db1ecb2af549a92:377f7f0dd150:0:1,4af9997807defa232e553246d42901a0d746fdbefff91462d7ee0c1a91ca74e4,True,773.0787170585245,26,15618.32470703125,15810.0,2,362.3990488704294,43.155461782589555,0.06443959474563599,0
sieve,1,27,bb98dd0bceac09d24db1ecb2af549a92:377f7f0dd150:0:2,75d13c8ce97c12289f2430a015d1d7989bcb997955ebfd456b23a70f3283334e,True,743.6016178689897,24,15618.32470703125,15810.0,2,366.61250283941627,43.001153971999884,0.027460724115371704,0
sieve,1,28,bb98dd0bceac09d24db1ecb2af549a92:377f7f0dd150:0:3,07076b19c18093e788139445acd32421179c80fb131abb5020ab511b244dfaf3,True,550.455872900784,13,15618.32470703125,15810.0,2,362.272938946262,42.97470301389694,0.07362283021211624,0
sieve,1,29,bb98dd0bceac09d24db1ecb2af549a92:377f7f0dd150:0:4,07076b19c18093e788139445acd32421179c80fb131abb5020ab511b244dfaf3,True,551.1517559643835,13,15618.32470703125,15810.0,2,363.21682087145746,43.9763399772346,0.060885488986968994,0
sieve,1,30,bb98dd0bceac09d24db1ecb2af549a92:2cf3a7a3a65c:0:0,c7fdec5fa5d5e1adf291637b9bb1fe8f118cbb3eb57af7ef76921e247600c9c6,True,653.1444999855012,19,15618.32470703125,15810.0,2,362.6834850292653,43.015513103455305,0.07945575565099716,0
sieve,1,31,bb98dd0bceac09d24db1ecb2af549a92:2cf3a7a3a65c:0:1,4af9997807defa232e553246d42901a0d746fdbefff91462d7ee0c1a91ca74e4,True,777.6637629140168,26,15618.32470703125,15810.0,2,371.6368339955807,42.96427499502897,0.06443959474563599,0
sieve,1,32,bb98dd0bceac09d24db1ecb2af549a92:2cf3a7a3a65c:0:2,75d13c8ce97c12289f2430a015d1d7989bcb997955ebfd456b23a70f3283334e,True,741.8430000543594,24,15618.32470703125,15810.0,2,369.54970215447247,42.92792803607881,0.027460724115371704,0
sieve,1,33,bb98dd0bceac09d24db1ecb2af549a92:2cf3a7a3a65c:0:3,07076b19c18093e788139445acd32421179c80fb131abb5020ab511b244dfaf3,True,557.3473360855132,13,15618.32470703125,15810.0,2,370.5057459883392,42.88721480406821,0.07362283021211624,0
sieve,1,34,bb98dd0bceac09d24db1ecb2af549a92:2cf3a7a3a65c:0:4,07076b19c18093e788139445acd32421179c80fb131abb5020ab511b244dfaf3,True,562.2291781473905,13,15618.32470703125,15810.0,2,375.3012230154127,43.222971027716994,0.060885488986968994,0
sieve,1,35,b877dd782edba758ab429e3ee3de3329:97e16cc551e4:0:0,62517bae74e7259c57a7da56e4f54b797cf2a664727fb53fe05de2f3598ea92d,True,715.8615640364587,22,15618.39794921875,15810.0,2,376.10194087028503,43.11503586359322,0.08612550050020218,0
sieve,1,36,b877dd782edba758ab429e3ee3de3329:97e16cc551e4:0:1,d84210bceb3038c1ed37c6ee7bc057db462ddedaa6823742af8a6d297cb431da,True,777.4930370505899,26,15618.39794921875,15810.0,2,371.5119459666312,43.007452972233295,0.07399764657020569,0
sieve,1,37,b877dd782edba758ab429e3ee3de3329:97e16cc551e4:0:2,e2d8c9e2e95c4938f7be5f7610f5dd612f23c22b2461cafe849ff52d619824cd,True,784.2483669519424,26,15618.39794921875,15810.0,2,380.0304979085922,43.0463207885623,0.09093106538057327,0
sieve,1,38,b877dd782edba758ab429e3ee3de3329:97e16cc551e4:0:3,94d4ffe585b52d02528404f4f0629286595977610fc216797666ffe14a17ed0c,True,643.021360039711,18,15618.39794921875,15810.0,2,371.581566054374,42.8925680462271,0.06772638857364655,0
sieve,1,39,b877dd782edba758ab429e3ee3de3329:97e16cc551e4:0:4,aba8c2cf6367e2e8a95bb52794ddcb426d595fad022cf2d457da88045f881ed0,True,621.6554509010166,16,15618.39794921875,15810.0,2,380.4827849380672,43.49177097901702,0.13132111728191376,0
sieve,1,40,b877dd782edba758ab429e3ee3de3329:dd7f6c9e007d:0:0,62517bae74e7259c57a7da56e4f54b797cf2a664727fb53fe05de2f3598ea92d,True,714.2483908683062,22,15618.39794921875,15810.0,2,375.9911439847201,43.058963026851416,0.08612550050020218,0
sieve,1,41,b877dd782edba758ab429e3ee3de3329:dd7f6c9e007d:0:1,d84210bceb3038c1ed37c6ee7bc057db462ddedaa6823742af8a6d297cb431da,True,777.2960790898651,26,15618.39794921875,15810.0,2,372.48009513132274,43.66571316495538,0.07399764657020569,0
sieve,1,42,b877dd782edba758ab429e3ee3de3329:dd7f6c9e007d:0:2,e2d8c9e2e95c4938f7be5f7610f5dd612f23c22b2461cafe849ff52d619824cd,True,772.2853559534997,26,15618.39794921875,15810.0,2,367.063052020967,42.59558208286762,0.09093106538057327,0
sieve,1,43,b877dd782edba758ab429e3ee3de3329:dd7f6c9e007d:0:3,94d4ffe585b52d02528404f4f0629286595977610fc216797666ffe14a17ed0c,True,650.9564979933202,18,15618.39794921875,15810.0,2,379.65625803917646,42.5532900262624,0.06772638857364655,0
sieve,1,44,b877dd782edba758ab429e3ee3de3329:dd7f6c9e007d:0:4,aba8c2cf6367e2e8a95bb52794ddcb426d595fad022cf2d457da88045f881ed0,True,602.4617538787425,16,15618.39794921875,15810.0,2,364.14819094352424,43.89814008027315,0.13132111728191376,0
sieve,1,45,4f59fbf51a0a5bfb4dc5af02cf294693:993dac5396a0:0:0,aa1f1fd8a9efcb963811de5e984dc16d83696aa7e913ba6980ace9aa76b7f7a3,True,655.5830349680036,18,15618.58154296875,15810.0,2,384.13076382130384,42.95599088072777,0.0412035807967186,0
sieve,1,46,4f59fbf51a0a5bfb4dc5af02cf294693:993dac5396a0:0:1,bdcb900eea2a0e63a259e4fe2376f8cc3aec08e4611682d3f4ee038edca9d017,True,506.7250318825245,10,15618.58154296875,15810.0,2,370.84925500676036,42.961105005815625,0.044068578630685806,0
sieve,1,47,4f59fbf51a0a5bfb4dc5af02cf294693:993dac5396a0:0:2,f3e746a5a573b9140378e527f40ef9a01e1da198199bb2597c74356d9befd366,True,773.2200711034238,26,15618.58154296875,15810.0,2,366.3208200596273,42.565671959891915,0.012164697051048279,0
sieve,1,48,4f59fbf51a0a5bfb4dc5af02cf294693:993dac5396a0:0:3,f77a4c18118683cabf2ce423b4a1474e9a020c00dc184984ee227d2432eaaeca,True,776.4879518654197,26,15618.58154296875,15810.0,2,370.79430697485805,42.86898300051689,0.012001994997262955,0
sieve,1,49,4f59fbf51a0a5bfb4dc5af02cf294693:993dac5396a0:0:4,082a3f27a64a793001365f40fd7d76058660d5148036e68127b7775445e5f79a,True,511.7242981214076,10,15618.58154296875,15810.0,2,375.90340804308653,43.19862206466496,0.017937535420060158,0
