mode,repeat,sample_index,orig_id,answer_sha256,answer_matches_vanilla,latency_ms,tokens,peak_allocated_mb,peak_reserved_mb,steps_processed,detection_ready_ms,detection_after_prefill_ms,detector_probability,detector_prediction
vanilla,0,0,1a938d25604410ccd63b60285919eaec:c627e50da685:0:0,70f89282fb4200d4c7cb83660e5e90d9cf2d989cdecf70c1f868239e5f542294,True,284.4155579805374,7,14875.333984375,15132.0,,,,,
vanilla,0,1,1a938d25604410ccd63b60285919eaec:c627e50da685:0:1,c709293d644a54f3b0d6270fc879317ff277c06c090c03c30f721b08140bbe7b,True,389.75788396783173,15,14875.333984375,15132.0,,,,,
vanilla,0,2,1a938d25604410ccd63b60285919eaec:c627e50da685:0:2,c709293d644a54f3b0d6270fc879317ff277c06c090c03c30f721b08140bbe7b,True,390.25177294388413,15,14875.333984375,15132.0,,,,,
vanilla,0,3,1a938d25604410ccd63b60285919eaec:c627e50da685:0:3,c709293d644a54f3b0d6270fc879317ff277c06c090c03c30f721b08140bbe7b,True,392.2307761386037,15,14875.333984375,15132.0,,,,,
vanilla,0,4,1a938d25604410ccd63b60285919eaec:c627e50da685:0:4,15905afe25f3666163b46d6b6948b985a7debd874743ae398a264536e830ec1f,True,283.26519997790456,7,14875.333984375,15132.0,,,,,
vanilla,0,5,49cd6149f02ec01ee03a6eb8287ab2df:f982e9dfaf25:0:0,5feceb66ffc86f38d952786c6d696c79c2dbc239dd4e91b46729d73a27fb57e9,True,202.70567410625517,2,14870.81396484375,15132.0,,,,,
vanilla,0,6,49cd6149f02ec01ee03a6eb8287ab2df:f982e9dfaf25:0:1,5feceb66ffc86f38d952786c6d696c79c2dbc239dd4e91b46729d73a27fb57e9,True,200.95032709650695,2,14870.81396484375,15132.0,,,,,
vanilla,0,7,49cd6149f02ec01ee03a6eb8287ab2df:f982e9dfaf25:0:2,5feceb66ffc86f38d952786c6d696c79c2dbc239dd4e91b46729d73a27fb57e9,True,201.71890896745026,2,14870.81396484375,15132.0,,,,,
vanilla,0,8,49cd6149f02ec01ee03a6eb8287ab2df:f982e9dfaf25:0:3,5feceb66ffc86f38d952786c6d696c79c2dbc239dd4e91b46729d73a27fb57e9,True,199.1509480867535,2,14870.81396484375,15132.0,,,,,
vanilla,0,9,49cd6149f02ec01ee03a6eb8287ab2df:f982e9dfaf25:0:4,5feceb66ffc86f38d952786c6d696c79c2dbc239dd4e91b46729d73a27fb57e9,True,199.42876091226935,2,14870.81396484375,15132.0,,,,,
vanilla,0,10,49cd6149f02ec01ee03a6eb8287ab2df:81739d7eb99c:0:0,5feceb66ffc86f38d952786c6d696c79c2dbc239dd4e91b46729d73a27fb57e9,True,198.9872520789504,2,14870.81396484375,15132.0,,,,,
vanilla,0,11,49cd6149f02ec01ee03a6eb8287ab2df:81739d7eb99c:0:1,5feceb66ffc86f38d952786c6d696c79c2dbc239dd4e91b46729d73a27fb57e9,True,198.7368070986122,2,14870.81396484375,15132.0,,,,,
vanilla,0,12,49cd6149f02ec01ee03a6eb8287ab2df:81739d7eb99c:0:2,5feceb66ffc86f38d952786c6d696c79c2dbc239dd4e91b46729d73a27fb57e9,True,201.60866086371243,2,14870.81396484375,15132.0,,,,,
vanilla,0,13,49cd6149f02ec01ee03a6eb8287ab2df:81739d7eb99c:0:3,5feceb66ffc86f38d952786c6d696c79c2dbc239dd4e91b46729d73a27fb57e9,True,201.88097702339292,2,14870.81396484375,15132.0,,,,,
vanilla,0,14,49cd6149f02ec01ee03a6eb8287ab2df:81739d7eb99c:0:4,5feceb66ffc86f38d952786c6d696c79c2dbc239dd4e91b46729d73a27fb57e9,True,201.99969806708395,2,14870.81396484375,15132.0,,,,,
vanilla,0,15,c6050fe51d3408b1eaef27e08e7f1956:1458b54ae2f6:0:0,d656de69c0da6209d397a8d5f7affee137ddc3be7811a9522dee62d3b10d52c8,True,295.19939119927585,8,14882.767578125,15132.0,,,,,
vanilla,0,16,c6050fe51d3408b1eaef27e08e7f1956:1458b54ae2f6:0:1,cdb81c63cda0b6ef0b2a1260fb987458ab47d5bebf8b78c6355a3a6dc164506d,True,322.3077810835093,10,14882.767578125,15132.0,,,,,
vanilla,0,17,c6050fe51d3408b1eaef27e08e7f1956:1458b54ae2f6:0:2,fe50179dd819d03ae1216ed234b97e224965b782031f3c44efdb45fd96b23cd1,True,311.8449510075152,9,14882.767578125,15132.0,,,,,
vanilla,0,18,c6050fe51d3408b1eaef27e08e7f1956:1458b54ae2f6:0:3,193405ed8b35f3ee7bb64910e10c564fde35fef8c1a936749daf66c5d021ba99,True,255.67018403671682,5,14882.767578125,15132.0,,,,,
vanilla,0,19,c6050fe51d3408b1eaef27e08e7f1956:1458b54ae2f6:0:4,b95e2705d5a356fbf1413fffbb51166a15189a8408c65518ca1e169bb0b681ec,True,339.8184550460428,11,14882.767578125,15132.0,,,,,
vanilla,0,20,c6050fe51d3408b1eaef27e08e7f1956:e4e99a4d6532:0:0,d656de69c0da6209d397a8d5f7affee137ddc3be7811a9522dee62d3b10d52c8,True,362.1491198427975,8,14882.767578125,15132.0,,,,,
vanilla,0,21,c6050fe51d3408b1eaef27e08e7f1956:e4e99a4d6532:0:1,cdb81c63cda0b6ef0b2a1260fb987458ab47d5bebf8b78c6355a3a6dc164506d,True,350.3233049996197,10,14882.767578125,15132.0,,,,,
vanilla,0,22,c6050fe51d3408b1eaef27e08e7f1956:e4e99a4d6532:0:2,fe50179dd819d03ae1216ed234b97e224965b782031f3c44efdb45fd96b23cd1,True,309.24394098110497,9,14882.767578125,15132.0,,,,,
vanilla,0,23,c6050fe51d3408b1eaef27e08e7f1956:e4e99a4d6532:0:3,193405ed8b35f3ee7bb64910e10c564fde35fef8c1a936749daf66c5d021ba99,True,254.2917060200125,5,14882.767578125,15132.0,,,,,
vanilla,0,24,c6050fe51d3408b1eaef27e08e7f1956:e4e99a4d6532:0:4,b95e2705d5a356fbf1413fffbb51166a15189a8408c65518ca1e169bb0b681ec,True,337.42399397306144,11,14882.767578125,15132.0,,,,,
vanilla,0,25,bb98dd0bceac09d24db1ecb2af549a92:377f7f0dd150:0:0,1ea442a134b2a184bd5d40104401f2a37fbc09ccf3f4bc9da161c6099be3691d,True,188.67023289203644,1,14869.7763671875,15132.0,,,,,
vanilla,0,26,bb98dd0bceac09d24db1ecb2af549a92:377f7f0dd150:0:1,1ea442a134b2a184bd5d40104401f2a37fbc09ccf3f4bc9da161c6099be3691d,True,185.45633205212653,1,14869.7763671875,15132.0,,,,,
vanilla,0,27,bb98dd0bceac09d24db1ecb2af549a92:377f7f0dd150:0:2,1ea442a134b2a184bd5d40104401f2a37fbc09ccf3f4bc9da161c6099be3691d,True,185.4720381088555,1,14869.7763671875,15132.0,,,,,
vanilla,0,28,bb98dd0bceac09d24db1ecb2af549a92:377f7f0dd150:0:3,85a39ab345d672ff8ca9b9c6876f3adcacf45ee7c1e2dbd2408fd338bd55e07e,True,185.08499884046614,1,14869.7763671875,15132.0,,,,,
vanilla,0,29,bb98dd0bceac09d24db1ecb2af549a92:377f7f0dd150:0:4,85a39ab345d672ff8ca9b9c6876f3adcacf45ee7c1e2dbd2408fd338bd55e07e,True,185.50025997683406,1,14869.7763671875,15132.0,,,,,
vanilla,0,30,bb98dd0bceac09d24db1ecb2af549a92:2cf3a7a3a65c:0:0,1ea442a134b2a184bd5d40104401f2a37fbc09ccf3f4bc9da161c6099be3691d,True,189.21169498935342,1,14869.7763671875,15132.0,,,,,
vanilla,0,31,bb98dd0bceac09d24db1ecb2af549a92:2cf3a7a3a65c:0:1,1ea442a134b2a184bd5d40104401f2a37fbc09ccf3f4bc9da161c6099be3691d,True,185.9307731501758,1,14869.7763671875,15132.0,,,,,
vanilla,0,32,bb98dd0bceac09d24db1ecb2af549a92:2cf3a7a3a65c:0:2,1ea442a134b2a184bd5d40104401f2a37fbc09ccf3f4bc9da161c6099be3691d,True,185.59303088113666,1,14869.7763671875,15132.0,,,,,
vanilla,0,33,bb98dd0bceac09d24db1ecb2af549a92:2cf3a7a3a65c:0:3,85a39ab345d672ff8ca9b9c6876f3adcacf45ee7c1e2dbd2408fd338bd55e07e,True,185.36517210304737,1,14869.7763671875,15132.0,,,,,
vanilla,0,34,bb98dd0bceac09d24db1ecb2af549a92:2cf3a7a3a65c:0:4,85a39ab345d672ff8ca9b9c6876f3adcacf45ee7c1e2dbd2408fd338bd55e07e,True,186.58980587497354,1,14869.7763671875,15132.0,,,,,
vanilla,0,35,b877dd782edba758ab429e3ee3de3329:97e16cc551e4:0:0,5feceb66ffc86f38d952786c6d696c79c2dbc239dd4e91b46729d73a27fb57e9,True,201.70415588654578,2,14870.81396484375,15132.0,,,,,
vanilla,0,36,b877dd782edba758ab429e3ee3de3329:97e16cc551e4:0:1,5feceb66ffc86f38d952786c6d696c79c2dbc239dd4e91b46729d73a27fb57e9,True,201.89075614325702,2,14870.81396484375,15132.0,,,,,
vanilla,0,37,b877dd782edba758ab429e3ee3de3329:97e16cc551e4:0:2,5feceb66ffc86f38d952786c6d696c79c2dbc239dd4e91b46729d73a27fb57e9,True,199.61093296296895,2,14870.81396484375,15132.0,,,,,
vanilla,0,38,b877dd782edba758ab429e3ee3de3329:97e16cc551e4:0:3,5feceb66ffc86f38d952786c6d696c79c2dbc239dd4e91b46729d73a27fb57e9,True,200.72928606532514,2,14870.81396484375,15132.0,,,,,
vanilla,0,39,b877dd782edba758ab429e3ee3de3329:97e16cc551e4:0:4,6b86b273ff34fce19d6b804eff5a3f5747ada4eaa22f1d49c01e52ddb7875b4b,True,199.3311969563365,2,14870.81396484375,15132.0,,,,,
vanilla,0,40,b877dd782edba758ab429e3ee3de3329:dd7f6c9e007d:0:0,5feceb66ffc86f38d952786c6d696c79c2dbc239dd4e91b46729d73a27fb57e9,True,198.62339715473354,2,14870.81396484375,15132.0,,,,,
vanilla,0,41,b877dd782edba758ab429e3ee3de3329:dd7f6c9e007d:0:1,5feceb66ffc86f38d952786c6d696c79c2dbc239dd4e91b46729d73a27fb57e9,True,201.9075679127127,2,14870.81396484375,15132.0,,,,,
vanilla,0,42,b877dd782edba758ab429e3ee3de3329:dd7f6c9e007d:0:2,5feceb66ffc86f38d952786c6d696c79c2dbc239dd4e91b46729d73a27fb57e9,True,201.30550302565098,2,14870.81396484375,15132.0,,,,,
vanilla,0,43,b877dd782edba758ab429e3ee3de3329:dd7f6c9e007d:0:3,5feceb66ffc86f38d952786c6d696c79c2dbc239dd4e91b46729d73a27fb57e9,True,199.12010408006608,2,14870.81396484375,15132.0,,,,,
vanilla,0,44,b877dd782edba758ab429e3ee3de3329:dd7f6c9e007d:0:4,6b86b273ff34fce19d6b804eff5a3f5747ada4eaa22f1d49c01e52ddb7875b4b,True,199.60625492967665,2,14870.81396484375,15132.0,,,,,
vanilla,0,45,4f59fbf51a0a5bfb4dc5af02cf294693:993dac5396a0:0:0,082a3f27a64a793001365f40fd7d76058660d5148036e68127b7775445e5f79a,True,360.4002541396767,13,14878.7236328125,15132.0,,,,,
vanilla,0,46,4f59fbf51a0a5bfb4dc5af02cf294693:993dac5396a0:0:1,082a3f27a64a793001365f40fd7d76058660d5148036e68127b7775445e5f79a,True,363.98593010380864,13,14878.7236328125,15132.0,,,,,
vanilla,0,47,4f59fbf51a0a5bfb4dc5af02cf294693:993dac5396a0:0:2,082a3f27a64a793001365f40fd7d76058660d5148036e68127b7775445e5f79a,True,364.7244719322771,13,14878.7236328125,15132.0,,,,,
vanilla,0,48,4f59fbf51a0a5bfb4dc5af02cf294693:993dac5396a0:0:3,082a3f27a64a793001365f40fd7d76058660d5148036e68127b7775445e5f79a,True,362.70968499593437,13,14878.7236328125,15132.0,,,,,
vanilla,0,49,4f59fbf51a0a5bfb4dc5af02cf294693:993dac5396a0:0:4,cb1d05299ff18cc4eb1eafa80966fcf02838d32be4a86d290ced7caf197919ad,True,321.74786389805377,10,14878.7236328125,15132.0,,,,,
vanilla,1,0,1a938d25604410ccd63b60285919eaec:c627e50da685:0:0,70f89282fb4200d4c7cb83660e5e90d9cf2d989cdecf70c1f868239e5f542294,True,283.78372197039425,7,14875.333984375,15132.0,,,,,
vanilla,1,1,1a938d25604410ccd63b60285919eaec:c627e50da685:0:1,c709293d644a54f3b0d6270fc879317ff277c06c090c03c30f721b08140bbe7b,True,462.8132111392915,15,14875.333984375,15132.0,,,,,
vanilla,1,2,1a938d25604410ccd63b60285919eaec:c627e50da685:0:2,c709293d644a54f3b0d6270fc879317ff277c06c090c03c30f721b08140bbe7b,True,416.4349439088255,15,14875.333984375,15132.0,,,,,
vanilla,1,3,1a938d25604410ccd63b60285919eaec:c627e50da685:0:3,c709293d644a54f3b0d6270fc879317ff277c06c090c03c30f721b08140bbe7b,True,390.6129680108279,15,14875.333984375,15132.0,,,,,
vanilla,1,4,1a938d25604410ccd63b60285919eaec:c627e50da685:0:4,15905afe25f3666163b46d6b6948b985a7debd874743ae398a264536e830ec1f,True,280.80502385273576,7,14875.333984375,15132.0,,,,,
vanilla,1,5,49cd6149f02ec01ee03a6eb8287ab2df:f982e9dfaf25:0:0,5feceb66ffc86f38d952786c6d696c79c2dbc239dd4e91b46729d73a27fb57e9,True,202.86855706945062,2,14870.81396484375,15132.0,,,,,
vanilla,1,6,49cd6149f02ec01ee03a6eb8287ab2df:f982e9dfaf25:0:1,5feceb66ffc86f38d952786c6d696c79c2dbc239dd4e91b46729d73a27fb57e9,True,202.35179993323982,2,14870.81396484375,15132.0,,,,,
vanilla,1,7,49cd6149f02ec01ee03a6eb8287ab2df:f982e9dfaf25:0:2,5feceb66ffc86f38d952786c6d696c79c2dbc239dd4e91b46729d73a27fb57e9,True,200.69091604091227,2,14870.81396484375,15132.0,,,,,
vanilla,1,8,49cd6149f02ec01ee03a6eb8287ab2df:f982e9dfaf25:0:3,5feceb66ffc86f38d952786c6d696c79c2dbc239dd4e91b46729d73a27fb57e9,True,199.3601939175278,2,14870.81396484375,15132.0,,,,,
vanilla,1,9,49cd6149f02ec01ee03a6eb8287ab2df:f982e9dfaf25:0:4,5feceb66ffc86f38d952786c6d696c79c2dbc239dd4e91b46729d73a27fb57e9,True,198.72458302415907,2,14870.81396484375,15132.0,,,,,
vanilla,1,10,49cd6149f02ec01ee03a6eb8287ab2df:81739d7eb99c:0:0,5feceb66ffc86f38d952786c6d696c79c2dbc239dd4e91b46729d73a27fb57e9,True,199.08270612359047,2,14870.81396484375,15132.0,,,,,
vanilla,1,11,49cd6149f02ec01ee03a6eb8287ab2df:81739d7eb99c:0:1,5feceb66ffc86f38d952786c6d696c79c2dbc239dd4e91b46729d73a27fb57e9,True,199.4045318569988,2,14870.81396484375,15132.0,,,,,
vanilla,1,12,49cd6149f02ec01ee03a6eb8287ab2df:81739d7eb99c:0:2,5feceb66ffc86f38d952786c6d696c79c2dbc239dd4e91b46729d73a27fb57e9,True,203.26581597328186,2,14870.81396484375,15132.0,,,,,
vanilla,1,13,49cd6149f02ec01ee03a6eb8287ab2df:81739d7eb99c:0:3,5feceb66ffc86f38d952786c6d696c79c2dbc239dd4e91b46729d73a27fb57e9,True,199.7390149626881,2,14870.81396484375,15132.0,,,,,
vanilla,1,14,49cd6149f02ec01ee03a6eb8287ab2df:81739d7eb99c:0:4,5feceb66ffc86f38d952786c6d696c79c2dbc239dd4e91b46729d73a27fb57e9,True,199.03438189066947,2,14870.81396484375,15132.0,,,,,
vanilla,1,15,c6050fe51d3408b1eaef27e08e7f1956:1458b54ae2f6:0:0,d656de69c0da6209d397a8d5f7affee137ddc3be7811a9522dee62d3b10d52c8,True,293.71338710188866,8,14882.767578125,15132.0,,,,,
vanilla,1,16,c6050fe51d3408b1eaef27e08e7f1956:1458b54ae2f6:0:1,cdb81c63cda0b6ef0b2a1260fb987458ab47d5bebf8b78c6355a3a6dc164506d,True,325.02743415534496,10,14882.767578125,15132.0,,,,,
vanilla,1,17,c6050fe51d3408b1eaef27e08e7f1956:1458b54ae2f6:0:2,fe50179dd819d03ae1216ed234b97e224965b782031f3c44efdb45fd96b23cd1,True,310.7127039693296,9,14882.767578125,15132.0,,,,,
vanilla,1,18,c6050fe51d3408b1eaef27e08e7f1956:1458b54ae2f6:0:3,193405ed8b35f3ee7bb64910e10c564fde35fef8c1a936749daf66c5d021ba99,True,255.42884203605354,5,14882.767578125,15132.0,,,,,
vanilla,1,19,c6050fe51d3408b1eaef27e08e7f1956:1458b54ae2f6:0:4,b95e2705d5a356fbf1413fffbb51166a15189a8408c65518ca1e169bb0b681ec,True,334.70808202400804,11,14882.767578125,15132.0,,,,,
vanilla,1,20,c6050fe51d3408b1eaef27e08e7f1956:e4e99a4d6532:0:0,d656de69c0da6209d397a8d5f7affee137ddc3be7811a9522dee62d3b10d52c8,True,294.70413108356297,8,14882.767578125,15132.0,,,,,
vanilla,1,21,c6050fe51d3408b1eaef27e08e7f1956:e4e99a4d6532:0:1,cdb81c63cda0b6ef0b2a1260fb987458ab47d5bebf8b78c6355a3a6dc164506d,True,323.3527389820665,10,14882.767578125,15132.0,,,,,
vanilla,1,22,c6050fe51d3408b1eaef27e08e7f1956:e4e99a4d6532:0:2,fe50179dd819d03ae1216ed234b97e224965b782031f3c44efdb45fd96b23cd1,True,307.798775145784,9,14882.767578125,15132.0,,,,,
vanilla,1,23,c6050fe51d3408b1eaef27e08e7f1956:e4e99a4d6532:0:3,193405ed8b35f3ee7bb64910e10c564fde35fef8c1a936749daf66c5d021ba99,True,255.1643019542098,5,14882.767578125,15132.0,,,,,
vanilla,1,24,c6050fe51d3408b1eaef27e08e7f1956:e4e99a4d6532:0:4,b95e2705d5a356fbf1413fffbb51166a15189a8408c65518ca1e169bb0b681ec,True,333.58255703933537,11,14882.767578125,15132.0,,,,,
vanilla,1,25,bb98dd0bceac09d24db1ecb2af549a92:377f7f0dd150:0:0,1ea442a134b2a184bd5d40104401f2a37fbc09ccf3f4bc9da161c6099be3691d,True,189.74595610052347,1,14869.7763671875,15132.0,,,,,
vanilla,1,26,bb98dd0bceac09d24db1ecb2af549a92:377f7f0dd150:0:1,1ea442a134b2a184bd5d40104401f2a37fbc09ccf3f4bc9da161c6099be3691d,True,186.52538186870515,1,14869.7763671875,15132.0,,,,,
vanilla,1,27,bb98dd0bceac09d24db1ecb2af549a92:377f7f0dd150:0:2,1ea442a134b2a184bd5d40104401f2a37fbc09ccf3f4bc9da161c6099be3691d,True,186.15568801760674,1,14869.7763671875,15132.0,,,,,
vanilla,1,28,bb98dd0bceac09d24db1ecb2af549a92:377f7f0dd150:0:3,85a39ab345d672ff8ca9b9c6876f3adcacf45ee7c1e2dbd2408fd338bd55e07e,True,189.2866948619485,1,14869.7763671875,15132.0,,,,,
vanilla,1,29,bb98dd0bceac09d24db1ecb2af549a92:377f7f0dd150:0:4,85a39ab345d672ff8ca9b9c6876f3adcacf45ee7c1e2dbd2408fd338bd55e07e,True,186.81255890987813,1,14869.7763671875,15132.0,,,,,
vanilla,1,30,bb98dd0bceac09d24db1ecb2af549a92:2cf3a7a3a65c:0:0,1ea442a134b2a184bd5d40104401f2a37fbc09ccf3f4bc9da161c6099be3691d,True,189.34138305485249,1,14869.7763671875,15132.0,,,,,
vanilla,1,31,bb98dd0bceac09d24db1ecb2af549a92:2cf3a7a3a65c:0:1,1ea442a134b2a184bd5d40104401f2a37fbc09ccf3f4bc9da161c6099be3691d,True,189.88849478773773,1,14869.7763671875,15132.0,,,,,
vanilla,1,32,bb98dd0bceac09d24db1ecb2af549a92:2cf3a7a3a65c:0:2,1ea442a134b2a184bd5d40104401f2a37fbc09ccf3f4bc9da161c6099be3691d,True,206.9081598892808,1,14869.7763671875,15132.0,,,,,
vanilla,1,33,bb98dd0bceac09d24db1ecb2af549a92:2cf3a7a3a65c:0:3,85a39ab345d672ff8ca9b9c6876f3adcacf45ee7c1e2dbd2408fd338bd55e07e,True,206.38936990872025,1,14869.7763671875,15132.0,,,,,
vanilla,1,34,bb98dd0bceac09d24db1ecb2af549a92:2cf3a7a3a65c:0:4,85a39ab345d672ff8ca9b9c6876f3adcacf45ee7c1e2dbd2408fd338bd55e07e,True,189.8679609876126,1,14869.7763671875,15132.0,,,,,
vanilla,1,35,b877dd782edba758ab429e3ee3de3329:97e16cc551e4:0:0,5feceb66ffc86f38d952786c6d696c79c2dbc239dd4e91b46729d73a27fb57e9,True,200.29591210186481,2,14870.81396484375,15132.0,,,,,
vanilla,1,36,b877dd782edba758ab429e3ee3de3329:97e16cc551e4:0:1,5feceb66ffc86f38d952786c6d696c79c2dbc239dd4e91b46729d73a27fb57e9,True,199.63172101415694,2,14870.81396484375,15132.0,,,,,
vanilla,1,37,b877dd782edba758ab429e3ee3de3329:97e16cc551e4:0:2,5feceb66ffc86f38d952786c6d696c79c2dbc239dd4e91b46729d73a27fb57e9,True,200.26580803096294,2,14870.81396484375,15132.0,,,,,
vanilla,1,38,b877dd782edba758ab429e3ee3de3329:97e16cc551e4:0:3,5feceb66ffc86f38d952786c6d696c79c2dbc239dd4e91b46729d73a27fb57e9,True,199.66994714923203,2,14870.81396484375,15132.0,,,,,
vanilla,1,39,b877dd782edba758ab429e3ee3de3329:97e16cc551e4:0:4,6b86b273ff34fce19d6b804eff5a3f5747ada4eaa22f1d49c01e52ddb7875b4b,True,199.726072140038,2,14870.81396484375,15132.0,,,,,
vanilla,1,40,b877dd782edba758ab429e3ee3de3329:dd7f6c9e007d:0:0,5feceb66ffc86f38d952786c6d696c79c2dbc239dd4e91b46729d73a27fb57e9,True,202.52015884034336,2,14870.81396484375,15132.0,,,,,
vanilla,1,41,b877dd782edba758ab429e3ee3de3329:dd7f6c9e007d:0:1,5feceb66ffc86f38d952786c6d696c79c2dbc239dd4e91b46729d73a27fb57e9,True,199.96625813655555,2,14870.81396484375,15132.0,,,,,
vanilla,1,42,b877dd782edba758ab429e3ee3de3329:dd7f6c9e007d:0:2,5feceb66ffc86f38d952786c6d696c79c2dbc239dd4e91b46729d73a27fb57e9,True,200.2232049126178,2,14870.81396484375,15132.0,,,,,
vanilla,1,43,b877dd782edba758ab429e3ee3de3329:dd7f6c9e007d:0:3,5feceb66ffc86f38d952786c6d696c79c2dbc239dd4e91b46729d73a27fb57e9,True,200.9761519730091,2,14870.81396484375,15132.0,,,,,
vanilla,1,44,b877dd782edba758ab429e3ee3de3329:dd7f6c9e007d:0:4,6b86b273ff34fce19d6b804eff5a3f5747ada4eaa22f1d49c01e52ddb7875b4b,True,199.59308300167322,2,14870.81396484375,15132.0,,,,,
vanilla,1,45,4f59fbf51a0a5bfb4dc5af02cf294693:993dac5396a0:0:0,082a3f27a64a793001365f40fd7d76058660d5148036e68127b7775445e5f79a,True,362.43695695884526,13,14878.7236328125,15132.0,,,,,
vanilla,1,46,4f59fbf51a0a5bfb4dc5af02cf294693:993dac5396a0:0:1,082a3f27a64a793001365f40fd7d76058660d5148036e68127b7775445e5f79a,True,365.34030898474157,13,14878.7236328125,15132.0,,,,,
vanilla,1,47,4f59fbf51a0a5bfb4dc5af02cf294693:993dac5396a0:0:2,082a3f27a64a793001365f40fd7d76058660d5148036e68127b7775445e5f79a,True,368.68573003448546,13,14878.7236328125,15132.0,,,,,
vanilla,1,48,4f59fbf51a0a5bfb4dc5af02cf294693:993dac5396a0:0:3,082a3f27a64a793001365f40fd7d76058660d5148036e68127b7775445e5f79a,True,362.9351498093456,13,14878.7236328125,15132.0,,,,,
vanilla,1,49,4f59fbf51a0a5bfb4dc5af02cf294693:993dac5396a0:0:4,cb1d05299ff18cc4eb1eafa80966fcf02838d32be4a86d290ced7caf197919ad,True,324.0404410753399,10,14878.7236328125,15132.0,,,,,
step_hook,0,0,1a938d25604410ccd63b60285919eaec:c627e50da685:0:0,70f89282fb4200d4c7cb83660e5e90d9cf2d989cdecf70c1f868239e5f542294,True,286.42289293929935,7,14875.333984375,15132.0,0,,,,
step_hook,0,1,1a938d25604410ccd63b60285919eaec:c627e50da685:0:1,c709293d644a54f3b0d6270fc879317ff277c06c090c03c30f721b08140bbe7b,True,396.8946421518922,15,14875.333984375,15132.0,0,,,,
step_hook,0,2,1a938d25604410ccd63b60285919eaec:c627e50da685:0:2,c709293d644a54f3b0d6270fc879317ff277c06c090c03c30f721b08140bbe7b,True,394.48550599627197,15,14875.333984375,15132.0,0,,,,
step_hook,0,3,1a938d25604410ccd63b60285919eaec:c627e50da685:0:3,c709293d644a54f3b0d6270fc879317ff277c06c090c03c30f721b08140bbe7b,True,391.5646360255778,15,14875.333984375,15132.0,0,,,,
step_hook,0,4,1a938d25604410ccd63b60285919eaec:c627e50da685:0:4,15905afe25f3666163b46d6b6948b985a7debd874743ae398a264536e830ec1f,True,326.7441079951823,7,14875.333984375,15132.0,0,,,,
step_hook,0,5,49cd6149f02ec01ee03a6eb8287ab2df:f982e9dfaf25:0:0,5feceb66ffc86f38d952786c6d696c79c2dbc239dd4e91b46729d73a27fb57e9,True,204.2222749441862,2,14870.81396484375,15132.0,0,,,,
step_hook,0,6,49cd6149f02ec01ee03a6eb8287ab2df:f982e9dfaf25:0:1,5feceb66ffc86f38d952786c6d696c79c2dbc239dd4e91b46729d73a27fb57e9,True,199.94932389818132,2,14870.81396484375,15132.0,0,,,,
step_hook,0,7,49cd6149f02ec01ee03a6eb8287ab2df:f982e9dfaf25:0:2,5feceb66ffc86f38d952786c6d696c79c2dbc239dd4e91b46729d73a27fb57e9,True,200.28911996632814,2,14870.81396484375,15132.0,0,,,,
step_hook,0,8,49cd6149f02ec01ee03a6eb8287ab2df:f982e9dfaf25:0:3,5feceb66ffc86f38d952786c6d696c79c2dbc239dd4e91b46729d73a27fb57e9,True,202.0036531612277,2,14870.81396484375,15132.0,0,,,,
step_hook,0,9,49cd6149f02ec01ee03a6eb8287ab2df:f982e9dfaf25:0:4,5feceb66ffc86f38d952786c6d696c79c2dbc239dd4e91b46729d73a27fb57e9,True,200.7210028823465,2,14870.81396484375,15132.0,0,,,,
step_hook,0,10,49cd6149f02ec01ee03a6eb8287ab2df:81739d7eb99c:0:0,5feceb66ffc86f38d952786c6d696c79c2dbc239dd4e91b46729d73a27fb57e9,True,199.4277120102197,2,14870.81396484375,15132.0,0,,,,
step_hook,0,11,49cd6149f02ec01ee03a6eb8287ab2df:81739d7eb99c:0:1,5feceb66ffc86f38d952786c6d696c79c2dbc239dd4e91b46729d73a27fb57e9,True,199.71919595263898,2,14870.81396484375,15132.0,0,,,,
step_hook,0,12,49cd6149f02ec01ee03a6eb8287ab2df:81739d7eb99c:0:2,5feceb66ffc86f38d952786c6d696c79c2dbc239dd4e91b46729d73a27fb57e9,True,199.20418178662658,2,14870.81396484375,15132.0,0,,,,
step_hook,0,13,49cd6149f02ec01ee03a6eb8287ab2df:81739d7eb99c:0:3,5feceb66ffc86f38d952786c6d696c79c2dbc239dd4e91b46729d73a27fb57e9,True,201.9794739317149,2,14870.81396484375,15132.0,0,,,,
step_hook,0,14,49cd6149f02ec01ee03a6eb8287ab2df:81739d7eb99c:0:4,5feceb66ffc86f38d952786c6d696c79c2dbc239dd4e91b46729d73a27fb57e9,True,200.97138010896742,2,14870.81396484375,15132.0,0,,,,
step_hook,0,15,c6050fe51d3408b1eaef27e08e7f1956:1458b54ae2f6:0:0,d656de69c0da6209d397a8d5f7affee137ddc3be7811a9522dee62d3b10d52c8,True,296.33350507356226,8,14882.767578125,15132.0,0,,,,
step_hook,0,16,c6050fe51d3408b1eaef27e08e7f1956:1458b54ae2f6:0:1,cdb81c63cda0b6ef0b2a1260fb987458ab47d5bebf8b78c6355a3a6dc164506d,True,323.4660141170025,10,14882.767578125,15132.0,0,,,,
step_hook,0,17,c6050fe51d3408b1eaef27e08e7f1956:1458b54ae2f6:0:2,fe50179dd819d03ae1216ed234b97e224965b782031f3c44efdb45fd96b23cd1,True,308.8854930829257,9,14882.767578125,15132.0,0,,,,
step_hook,0,18,c6050fe51d3408b1eaef27e08e7f1956:1458b54ae2f6:0:3,193405ed8b35f3ee7bb64910e10c564fde35fef8c1a936749daf66c5d021ba99,True,257.10234395228326,5,14882.767578125,15132.0,0,,,,
step_hook,0,19,c6050fe51d3408b1eaef27e08e7f1956:1458b54ae2f6:0:4,b95e2705d5a356fbf1413fffbb51166a15189a8408c65518ca1e169bb0b681ec,True,336.3218910526484,11,14882.767578125,15132.0,0,,,,
step_hook,0,20,c6050fe51d3408b1eaef27e08e7f1956:e4e99a4d6532:0:0,d656de69c0da6209d397a8d5f7affee137ddc3be7811a9522dee62d3b10d52c8,True,296.1397999897599,8,14882.767578125,15132.0,0,,,,
step_hook,0,21,c6050fe51d3408b1eaef27e08e7f1956:e4e99a4d6532:0:1,cdb81c63cda0b6ef0b2a1260fb987458ab47d5bebf8b78c6355a3a6dc164506d,True,325.855263043195,10,14882.767578125,15132.0,0,,,,
step_hook,0,22,c6050fe51d3408b1eaef27e08e7f1956:e4e99a4d6532:0:2,fe50179dd819d03ae1216ed234b97e224965b782031f3c44efdb45fd96b23cd1,True,312.5499300658703,9,14882.767578125,15132.0,0,,,,
step_hook,0,23,c6050fe51d3408b1eaef27e08e7f1956:e4e99a4d6532:0:3,193405ed8b35f3ee7bb64910e10c564fde35fef8c1a936749daf66c5d021ba99,True,273.6310479231179,5,14882.767578125,15132.0,0,,,,
step_hook,0,24,c6050fe51d3408b1eaef27e08e7f1956:e4e99a4d6532:0:4,b95e2705d5a356fbf1413fffbb51166a15189a8408c65518ca1e169bb0b681ec,True,336.6713928990066,11,14882.767578125,15132.0,0,,,,
step_hook,0,25,bb98dd0bceac09d24db1ecb2af549a92:377f7f0dd150:0:0,1ea442a134b2a184bd5d40104401f2a37fbc09ccf3f4bc9da161c6099be3691d,True,189.1303041484207,1,14869.7763671875,15132.0,0,,,,
step_hook,0,26,bb98dd0bceac09d24db1ecb2af549a92:377f7f0dd150:0:1,1ea442a134b2a184bd5d40104401f2a37fbc09ccf3f4bc9da161c6099be3691d,True,187.40207888185978,1,14869.7763671875,15132.0,0,,,,
step_hook,0,27,bb98dd0bceac09d24db1ecb2af549a92:377f7f0dd150:0:2,1ea442a134b2a184bd5d40104401f2a37fbc09ccf3f4bc9da161c6099be3691d,True,186.05812289752066,1,14869.7763671875,15132.0,0,,,,
step_hook,0,28,bb98dd0bceac09d24db1ecb2af549a92:377f7f0dd150:0:3,85a39ab345d672ff8ca9b9c6876f3adcacf45ee7c1e2dbd2408fd338bd55e07e,True,187.0677680708468,1,14869.7763671875,15132.0,0,,,,
step_hook,0,29,bb98dd0bceac09d24db1ecb2af549a92:377f7f0dd150:0:4,85a39ab345d672ff8ca9b9c6876f3adcacf45ee7c1e2dbd2408fd338bd55e07e,True,186.95994885638356,1,14869.7763671875,15132.0,0,,,,
step_hook,0,30,bb98dd0bceac09d24db1ecb2af549a92:2cf3a7a3a65c:0:0,1ea442a134b2a184bd5d40104401f2a37fbc09ccf3f4bc9da161c6099be3691d,True,186.8044980801642,1,14869.7763671875,15132.0,0,,,,
step_hook,0,31,bb98dd0bceac09d24db1ecb2af549a92:2cf3a7a3a65c:0:1,1ea442a134b2a184bd5d40104401f2a37fbc09ccf3f4bc9da161c6099be3691d,True,188.95889702253044,1,14869.7763671875,15132.0,0,,,,
step_hook,0,32,bb98dd0bceac09d24db1ecb2af549a92:2cf3a7a3a65c:0:2,1ea442a134b2a184bd5d40104401f2a37fbc09ccf3f4bc9da161c6099be3691d,True,189.35082480311394,1,14869.7763671875,15132.0,0,,,,
step_hook,0,33,bb98dd0bceac09d24db1ecb2af549a92:2cf3a7a3a65c:0:3,85a39ab345d672ff8ca9b9c6876f3adcacf45ee7c1e2dbd2408fd338bd55e07e,True,188.87022603303194,1,14869.7763671875,15132.0,0,,,,
step_hook,0,34,bb98dd0bceac09d24db1ecb2af549a92:2cf3a7a3a65c:0:4,85a39ab345d672ff8ca9b9c6876f3adcacf45ee7c1e2dbd2408fd338bd55e07e,True,186.24441605061293,1,14869.7763671875,15132.0,0,,,,
step_hook,0,35,b877dd782edba758ab429e3ee3de3329:97e16cc551e4:0:0,5feceb66ffc86f38d952786c6d696c79c2dbc239dd4e91b46729d73a27fb57e9,True,199.8302668798715,2,14870.81396484375,15132.0,0,,,,
step_hook,0,36,b877dd782edba758ab429e3ee3de3329:97e16cc551e4:0:1,5feceb66ffc86f38d952786c6d696c79c2dbc239dd4e91b46729d73a27fb57e9,True,199.85855091363192,2,14870.81396484375,15132.0,0,,,,
step_hook,0,37,b877dd782edba758ab429e3ee3de3329:97e16cc551e4:0:2,5feceb66ffc86f38d952786c6d696c79c2dbc239dd4e91b46729d73a27fb57e9,True,203.9685531053692,2,14870.81396484375,15132.0,0,,,,
step_hook,0,38,b877dd782edba758ab429e3ee3de3329:97e16cc551e4:0:3,5feceb66ffc86f38d952786c6d696c79c2dbc239dd4e91b46729d73a27fb57e9,True,204.10938002169132,2,14870.81396484375,15132.0,0,,,,
step_hook,0,39,b877dd782edba758ab429e3ee3de3329:97e16cc551e4:0:4,6b86b273ff34fce19d6b804eff5a3f5747ada4eaa22f1d49c01e52ddb7875b4b,True,201.26614603213966,2,14870.81396484375,15132.0,0,,,,
step_hook,0,40,b877dd782edba758ab429e3ee3de3329:dd7f6c9e007d:0:0,5feceb66ffc86f38d952786c6d696c79c2dbc239dd4e91b46729d73a27fb57e9,True,200.5737319123,2,14870.81396484375,15132.0,0,,,,
step_hook,0,41,b877dd782edba758ab429e3ee3de3329:dd7f6c9e007d:0:1,5feceb66ffc86f38d952786c6d696c79c2dbc239dd4e91b46729d73a27fb57e9,True,201.98197895660996,2,14870.81396484375,15132.0,0,,,,
step_hook,0,42,b877dd782edba758ab429e3ee3de3329:dd7f6c9e007d:0:2,5feceb66ffc86f38d952786c6d696c79c2dbc239dd4e91b46729d73a27fb57e9,True,200.02060406841338,2,14870.81396484375,15132.0,0,,,,
step_hook,0,43,b877dd782edba758ab429e3ee3de3329:dd7f6c9e007d:0:3,5feceb66ffc86f38d952786c6d696c79c2dbc239dd4e91b46729d73a27fb57e9,True,202.73321587592363,2,14870.81396484375,15132.0,0,,,,
step_hook,0,44,b877dd782edba758ab429e3ee3de3329:dd7f6c9e007d:0:4,6b86b273ff34fce19d6b804eff5a3f5747ada4eaa22f1d49c01e52ddb7875b4b,True,200.00809710472822,2,14870.81396484375,15132.0,0,,,,
step_hook,0,45,4f59fbf51a0a5bfb4dc5af02cf294693:993dac5396a0:0:0,082a3f27a64a793001365f40fd7d76058660d5148036e68127b7775445e5f79a,True,363.3114311378449,13,14878.7236328125,15132.0,0,,,,
step_hook,0,46,4f59fbf51a0a5bfb4dc5af02cf294693:993dac5396a0:0:1,082a3f27a64a793001365f40fd7d76058660d5148036e68127b7775445e5f79a,True,363.4011070244014,13,14878.7236328125,15132.0,0,,,,
step_hook,0,47,4f59fbf51a0a5bfb4dc5af02cf294693:993dac5396a0:0:2,082a3f27a64a793001365f40fd7d76058660d5148036e68127b7775445e5f79a,True,366.4874820969999,13,14878.7236328125,15132.0,0,,,,
step_hook,0,48,4f59fbf51a0a5bfb4dc5af02cf294693:993dac5396a0:0:3,082a3f27a64a793001365f40fd7d76058660d5148036e68127b7775445e5f79a,True,363.7850529048592,13,14878.7236328125,15132.0,0,,,,
step_hook,0,49,4f59fbf51a0a5bfb4dc5af02cf294693:993dac5396a0:0:4,cb1d05299ff18cc4eb1eafa80966fcf02838d32be4a86d290ced7caf197919ad,True,322.86120392382145,10,14878.7236328125,15132.0,0,,,,
step_hook,1,0,1a938d25604410ccd63b60285919eaec:c627e50da685:0:0,70f89282fb4200d4c7cb83660e5e90d9cf2d989cdecf70c1f868239e5f542294,True,285.08302103728056,7,14875.333984375,15132.0,0,,,,
step_hook,1,1,1a938d25604410ccd63b60285919eaec:c627e50da685:0:1,c709293d644a54f3b0d6270fc879317ff277c06c090c03c30f721b08140bbe7b,True,392.5495781004429,15,14875.333984375,15132.0,0,,,,
step_hook,1,2,1a938d25604410ccd63b60285919eaec:c627e50da685:0:2,c709293d644a54f3b0d6270fc879317ff277c06c090c03c30f721b08140bbe7b,True,393.2270638179034,15,14875.333984375,15132.0,0,,,,
step_hook,1,3,1a938d25604410ccd63b60285919eaec:c627e50da685:0:3,c709293d644a54f3b0d6270fc879317ff277c06c090c03c30f721b08140bbe7b,True,393.83126981556416,15,14875.333984375,15132.0,0,,,,
step_hook,1,4,1a938d25604410ccd63b60285919eaec:c627e50da685:0:4,15905afe25f3666163b46d6b6948b985a7debd874743ae398a264536e830ec1f,True,284.95061909779906,7,14875.333984375,15132.0,0,,,,
step_hook,1,5,49cd6149f02ec01ee03a6eb8287ab2df:f982e9dfaf25:0:0,5feceb66ffc86f38d952786c6d696c79c2dbc239dd4e91b46729d73a27fb57e9,True,199.9397547915578,2,14870.81396484375,15132.0,0,,,,
step_hook,1,6,49cd6149f02ec01ee03a6eb8287ab2df:f982e9dfaf25:0:1,5feceb66ffc86f38d952786c6d696c79c2dbc239dd4e91b46729d73a27fb57e9,True,199.59972682408988,2,14870.81396484375,15132.0,0,,,,
step_hook,1,7,49cd6149f02ec01ee03a6eb8287ab2df:f982e9dfaf25:0:2,5feceb66ffc86f38d952786c6d696c79c2dbc239dd4e91b46729d73a27fb57e9,True,199.33795486576855,2,14870.81396484375,15132.0,0,,,,
step_hook,1,8,49cd6149f02ec01ee03a6eb8287ab2df:f982e9dfaf25:0:3,5feceb66ffc86f38d952786c6d696c79c2dbc239dd4e91b46729d73a27fb57e9,True,202.78370985761285,2,14870.81396484375,15132.0,0,,,,
step_hook,1,9,49cd6149f02ec01ee03a6eb8287ab2df:f982e9dfaf25:0:4,5feceb66ffc86f38d952786c6d696c79c2dbc239dd4e91b46729d73a27fb57e9,True,200.68308804184198,2,14870.81396484375,15132.0,0,,,,
step_hook,1,10,49cd6149f02ec01ee03a6eb8287ab2df:81739d7eb99c:0:0,5feceb66ffc86f38d952786c6d696c79c2dbc239dd4e91b46729d73a27fb57e9,True,199.3833570741117,2,14870.81396484375,15132.0,0,,,,
step_hook,1,11,49cd6149f02ec01ee03a6eb8287ab2df:81739d7eb99c:0:1,5feceb66ffc86f38d952786c6d696c79c2dbc239dd4e91b46729d73a27fb57e9,True,199.27726802416146,2,14870.81396484375,15132.0,0,,,,
step_hook,1,12,49cd6149f02ec01ee03a6eb8287ab2df:81739d7eb99c:0:2,5feceb66ffc86f38d952786c6d696c79c2dbc239dd4e91b46729d73a27fb57e9,True,199.24634601920843,2,14870.81396484375,15132.0,0,,,,
step_hook,1,13,49cd6149f02ec01ee03a6eb8287ab2df:81739d7eb99c:0:3,5feceb66ffc86f38d952786c6d696c79c2dbc239dd4e91b46729d73a27fb57e9,True,200.5561830010265,2,14870.81396484375,15132.0,0,,,,
step_hook,1,14,49cd6149f02ec01ee03a6eb8287ab2df:81739d7eb99c:0:4,5feceb66ffc86f38d952786c6d696c79c2dbc239dd4e91b46729d73a27fb57e9,True,203.1717428471893,2,14870.81396484375,15132.0,0,,,,
step_hook,1,15,c6050fe51d3408b1eaef27e08e7f1956:1458b54ae2f6:0:0,d656de69c0da6209d397a8d5f7affee137ddc3be7811a9522dee62d3b10d52c8,True,297.79117181897163,8,14882.767578125,15132.0,0,,,,
step_hook,1,16,c6050fe51d3408b1eaef27e08e7f1956:1458b54ae2f6:0:1,cdb81c63cda0b6ef0b2a1260fb987458ab47d5bebf8b78c6355a3a6dc164506d,True,323.97327898070216,10,14882.767578125,15132.0,0,,,,
step_hook,1,17,c6050fe51d3408b1eaef27e08e7f1956:1458b54ae2f6:0:2,fe50179dd819d03ae1216ed234b97e224965b782031f3c44efdb45fd96b23cd1,True,313.8520789798349,9,14882.767578125,15132.0,0,,,,
step_hook,1,18,c6050fe51d3408b1eaef27e08e7f1956:1458b54ae2f6:0:3,193405ed8b35f3ee7bb64910e10c564fde35fef8c1a936749daf66c5d021ba99,True,258.6504521314055,5,14882.767578125,15132.0,0,,,,
step_hook,1,19,c6050fe51d3408b1eaef27e08e7f1956:1458b54ae2f6:0:4,b95e2705d5a356fbf1413fffbb51166a15189a8408c65518ca1e169bb0b681ec,True,337.95489417389035,11,14882.767578125,15132.0,0,,,,
step_hook,1,20,c6050fe51d3408b1eaef27e08e7f1956:e4e99a4d6532:0:0,d656de69c0da6209d397a8d5f7affee137ddc3be7811a9522dee62d3b10d52c8,True,298.62391599453986,8,14882.767578125,15132.0,0,,,,
step_hook,1,21,c6050fe51d3408b1eaef27e08e7f1956:e4e99a4d6532:0:1,cdb81c63cda0b6ef0b2a1260fb987458ab47d5bebf8b78c6355a3a6dc164506d,True,322.87206617183983,10,14882.767578125,15132.0,0,,,,
step_hook,1,22,c6050fe51d3408b1eaef27e08e7f1956:e4e99a4d6532:0:2,fe50179dd819d03ae1216ed234b97e224965b782031f3c44efdb45fd96b23cd1,True,312.5642389059067,9,14882.767578125,15132.0,0,,,,
step_hook,1,23,c6050fe51d3408b1eaef27e08e7f1956:e4e99a4d6532:0:3,193405ed8b35f3ee7bb64910e10c564fde35fef8c1a936749daf66c5d021ba99,True,255.71011612191796,5,14882.767578125,15132.0,0,,,,
step_hook,1,24,c6050fe51d3408b1eaef27e08e7f1956:e4e99a4d6532:0:4,b95e2705d5a356fbf1413fffbb51166a15189a8408c65518ca1e169bb0b681ec,True,336.94594795815647,11,14882.767578125,15132.0,0,,,,
step_hook,1,25,bb98dd0bceac09d24db1ecb2af549a92:377f7f0dd150:0:0,1ea442a134b2a184bd5d40104401f2a37fbc09ccf3f4bc9da161c6099be3691d,True,187.13246285915375,1,14869.7763671875,15132.0,0,,,,
step_hook,1,26,bb98dd0bceac09d24db1ecb2af549a92:377f7f0dd150:0:1,1ea442a134b2a184bd5d40104401f2a37fbc09ccf3f4bc9da161c6099be3691d,True,188.757814001292,1,14869.7763671875,15132.0,0,,,,
step_hook,1,27,bb98dd0bceac09d24db1ecb2af549a92:377f7f0dd150:0:2,1ea442a134b2a184bd5d40104401f2a37fbc09ccf3f4bc9da161c6099be3691d,True,186.48841883987188,1,14869.7763671875,15132.0,0,,,,
step_hook,1,28,bb98dd0bceac09d24db1ecb2af549a92:377f7f0dd150:0:3,85a39ab345d672ff8ca9b9c6876f3adcacf45ee7c1e2dbd2408fd338bd55e07e,True,187.40602605976164,1,14869.7763671875,15132.0,0,,,,
step_hook,1,29,bb98dd0bceac09d24db1ecb2af549a92:377f7f0dd150:0:4,85a39ab345d672ff8ca9b9c6876f3adcacf45ee7c1e2dbd2408fd338bd55e07e,True,188.64252511411905,1,14869.7763671875,15132.0,0,,,,
step_hook,1,30,bb98dd0bceac09d24db1ecb2af549a92:2cf3a7a3a65c:0:0,1ea442a134b2a184bd5d40104401f2a37fbc09ccf3f4bc9da161c6099be3691d,True,185.95563899725676,1,14869.7763671875,15132.0,0,,,,
step_hook,1,31,bb98dd0bceac09d24db1ecb2af549a92:2cf3a7a3a65c:0:1,1ea442a134b2a184bd5d40104401f2a37fbc09ccf3f4bc9da161c6099be3691d,True,185.86075399070978,1,14869.7763671875,15132.0,0,,,,
step_hook,1,32,bb98dd0bceac09d24db1ecb2af549a92:2cf3a7a3a65c:0:2,1ea442a134b2a184bd5d40104401f2a37fbc09ccf3f4bc9da161c6099be3691d,True,188.8957431074232,1,14869.7763671875,15132.0,0,,,,
step_hook,1,33,bb98dd0bceac09d24db1ecb2af549a92:2cf3a7a3a65c:0:3,85a39ab345d672ff8ca9b9c6876f3adcacf45ee7c1e2dbd2408fd338bd55e07e,True,185.89336518198252,1,14869.7763671875,15132.0,0,,,,
step_hook,1,34,bb98dd0bceac09d24db1ecb2af549a92:2cf3a7a3a65c:0:4,85a39ab345d672ff8ca9b9c6876f3adcacf45ee7c1e2dbd2408fd338bd55e07e,True,185.44425908476114,1,14869.7763671875,15132.0,0,,,,
step_hook,1,35,b877dd782edba758ab429e3ee3de3329:97e16cc551e4:0:0,5feceb66ffc86f38d952786c6d696c79c2dbc239dd4e91b46729d73a27fb57e9,True,198.57731298543513,2,14870.81396484375,15132.0,0,,,,
step_hook,1,36,b877dd782edba758ab429e3ee3de3329:97e16cc551e4:0:1,5feceb66ffc86f38d952786c6d696c79c2dbc239dd4e91b46729d73a27fb57e9,True,198.69439210742712,2,14870.81396484375,15132.0,0,,,,
step_hook,1,37,b877dd782edba758ab429e3ee3de3329:97e16cc551e4:0:2,5feceb66ffc86f38d952786c6d696c79c2dbc239dd4e91b46729d73a27fb57e9,True,200.0958661083132,2,14870.81396484375,15132.0,0,,,,
step_hook,1,38,b877dd782edba758ab429e3ee3de3329:97e16cc551e4:0:3,5feceb66ffc86f38d952786c6d696c79c2dbc239dd4e91b46729d73a27fb57e9,True,202.27593812160194,2,14870.81396484375,15132.0,0,,,,
step_hook,1,39,b877dd782edba758ab429e3ee3de3329:97e16cc551e4:0:4,6b86b273ff34fce19d6b804eff5a3f5747ada4eaa22f1d49c01e52ddb7875b4b,True,199.38311399891973,2,14870.81396484375,15132.0,0,,,,
step_hook,1,40,b877dd782edba758ab429e3ee3de3329:dd7f6c9e007d:0:0,5feceb66ffc86f38d952786c6d696c79c2dbc239dd4e91b46729d73a27fb57e9,True,199.2964898236096,2,14870.81396484375,15132.0,0,,,,
step_hook,1,41,b877dd782edba758ab429e3ee3de3329:dd7f6c9e007d:0:1,5feceb66ffc86f38d952786c6d696c79c2dbc239dd4e91b46729d73a27fb57e9,True,204.23110597766936,2,14870.81396484375,15132.0,0,,,,
step_hook,1,42,b877dd782edba758ab429e3ee3de3329:dd7f6c9e007d:0:2,5feceb66ffc86f38d952786c6d696c79c2dbc239dd4e91b46729d73a27fb57e9,True,202.90692197158933,2,14870.81396484375,15132.0,0,,,,
step_hook,1,43,b877dd782edba758ab429e3ee3de3329:dd7f6c9e007d:0:3,5feceb66ffc86f38d952786c6d696c79c2dbc239dd4e91b46729d73a27fb57e9,True,200.50171809270978,2,14870.81396484375,15132.0,0,,,,
step_hook,1,44,b877dd782edba758ab429e3ee3de3329:dd7f6c9e007d:0:4,6b86b273ff34fce19d6b804eff5a3f5747ada4eaa22f1d49c01e52ddb7875b4b,True,200.07430808618665,2,14870.81396484375,15132.0,0,,,,
step_hook,1,45,4f59fbf51a0a5bfb4dc5af02cf294693:993dac5396a0:0:0,082a3f27a64a793001365f40fd7d76058660d5148036e68127b7775445e5f79a,True,362.978199031204,13,14878.7236328125,15132.0,0,,,,
step_hook,1,46,4f59fbf51a0a5bfb4dc5af02cf294693:993dac5396a0:0:1,082a3f27a64a793001365f40fd7d76058660d5148036e68127b7775445e5f79a,True,365.54956692270935,13,14878.7236328125,15132.0,0,,,,
step_hook,1,47,4f59fbf51a0a5bfb4dc5af02cf294693:993dac5396a0:0:2,082a3f27a64a793001365f40fd7d76058660d5148036e68127b7775445e5f79a,True,367.2874178737402,13,14878.7236328125,15132.0,0,,,,
step_hook,1,48,4f59fbf51a0a5bfb4dc5af02cf294693:993dac5396a0:0:3,082a3f27a64a793001365f40fd7d76058660d5148036e68127b7775445e5f79a,True,366.39890004880726,13,14878.7236328125,15132.0,0,,,,
step_hook,1,49,4f59fbf51a0a5bfb4dc5af02cf294693:993dac5396a0:0:4,cb1d05299ff18cc4eb1eafa80966fcf02838d32be4a86d290ced7caf197919ad,True,325.34467289224267,10,14878.7236328125,15132.0,0,,,,
monitor,0,0,1a938d25604410ccd63b60285919eaec:c627e50da685:0:0,70f89282fb4200d4c7cb83660e5e90d9cf2d989cdecf70c1f868239e5f542294,True,286.1360521055758,7,14876.46484375,15134.0,2,217.28396113030612,99.61907402612269,,
monitor,0,1,1a938d25604410ccd63b60285919eaec:c627e50da685:0:1,c709293d644a54f3b0d6270fc879317ff277c06c090c03c30f721b08140bbe7b,True,394.08698701299727,15,14876.46484375,15134.0,2,216.27186704427004,99.59199512377381,,
monitor,0,2,1a938d25604410ccd63b60285919eaec:c627e50da685:0:2,c709293d644a54f3b0d6270fc879317ff277c06c090c03c30f721b08140bbe7b,True,396.4740438386798,15,14876.46484375,15134.0,2,219.08799395896494,99.59877794608474,,
monitor,0,3,1a938d25604410ccd63b60285919eaec:c627e50da685:0:3,c709293d644a54f3b0d6270fc879317ff277c06c090c03c30f721b08140bbe7b,True,395.8321390673518,15,14876.46484375,15134.0,2,218.12276891432703,99.74190895445645,,
monitor,0,4,1a938d25604410ccd63b60285919eaec:c627e50da685:0:4,15905afe25f3666163b46d6b6948b985a7debd874743ae398a264536e830ec1f,True,288.24695898219943,7,14876.46484375,15134.0,2,219.57562887109816,99.74008100107312,,
monitor,0,5,49cd6149f02ec01ee03a6eb8287ab2df:f982e9dfaf25:0:0,5feceb66ffc86f38d952786c6d696c79c2dbc239dd4e91b46729d73a27fb57e9,True,202.59878295473754,2,14871.94482421875,15134.0,2,201.98136405088007,88.65902409888804,,
monitor,0,6,49cd6149f02ec01ee03a6eb8287ab2df:f982e9dfaf25:0:1,5feceb66ffc86f38d952786c6d696c79c2dbc239dd4e91b46729d73a27fb57e9,True,202.6236760430038,2,14871.94482421875,15134.0,2,202.0188830792904,88.72500015422702,,
monitor,0,7,49cd6149f02ec01ee03a6eb8287ab2df:f982e9dfaf25:0:2,5feceb66ffc86f38d952786c6d696c79c2dbc239dd4e91b46729d73a27fb57e9,True,203.16256280057132,2,14871.94482421875,15134.0,2,202.5547579396516,88.68524595163763,,
monitor,0,8,49cd6149f02ec01ee03a6eb8287ab2df:f982e9dfaf25:0:3,5feceb66ffc86f38d952786c6d696c79c2dbc239dd4e91b46729d73a27fb57e9,True,202.42906198836863,2,14871.94482421875,15134.0,2,201.82437798939645,88.67308311164379,,
monitor,0,9,49cd6149f02ec01ee03a6eb8287ab2df:f982e9dfaf25:0:4,5feceb66ffc86f38d952786c6d696c79c2dbc239dd4e91b46729d73a27fb57e9,True,202.24095694720745,2,14871.94482421875,15134.0,2,201.63538493216038,88.77254906110466,,
monitor,0,10,49cd6149f02ec01ee03a6eb8287ab2df:81739d7eb99c:0:0,5feceb66ffc86f38d952786c6d696c79c2dbc239dd4e91b46729d73a27fb57e9,True,202.43580196984112,2,14871.94482421875,15134.0,2,201.81034482084215,88.80014484748244,,
monitor,0,11,49cd6149f02ec01ee03a6eb8287ab2df:81739d7eb99c:0:1,5feceb66ffc86f38d952786c6d696c79c2dbc239dd4e91b46729d73a27fb57e9,True,204.37274407595396,2,14871.94482421875,15134.0,2,203.7594390567392,88.66709214635193,,
monitor,0,12,49cd6149f02ec01ee03a6eb8287ab2df:81739d7eb99c:0:2,5feceb66ffc86f38d952786c6d696c79c2dbc239dd4e91b46729d73a27fb57e9,True,203.4598069731146,2,14871.94482421875,15134.0,2,202.86446902900934,89.3878301139921,,
monitor,0,13,49cd6149f02ec01ee03a6eb8287ab2df:81739d7eb99c:0:3,5feceb66ffc86f38d952786c6d696c79c2dbc239dd4e91b46729d73a27fb57e9,True,202.4102860596031,2,14871.94482421875,15134.0,2,201.8062029965222,88.65721197798848,,
monitor,0,14,49cd6149f02ec01ee03a6eb8287ab2df:81739d7eb99c:0:4,5feceb66ffc86f38d952786c6d696c79c2dbc239dd4e91b46729d73a27fb57e9,True,202.67425989732146,2,14871.94482421875,15134.0,2,202.06218888051808,88.7376549653709,,
monitor,0,15,c6050fe51d3408b1eaef27e08e7f1956:1458b54ae2f6:0:0,d656de69c0da6209d397a8d5f7affee137ddc3be7811a9522dee62d3b10d52c8,True,299.70144596882164,8,14883.8984375,15134.0,2,217.4793421290815,99.68614298850298,,
monitor,0,16,c6050fe51d3408b1eaef27e08e7f1956:1458b54ae2f6:0:1,cdb81c63cda0b6ef0b2a1260fb987458ab47d5bebf8b78c6355a3a6dc164506d,True,326.14110806025565,10,14883.8984375,15134.0,2,216.70160698704422,99.6568938717246,,
monitor,0,17,c6050fe51d3408b1eaef27e08e7f1956:1458b54ae2f6:0:2,fe50179dd819d03ae1216ed234b97e224965b782031f3c44efdb45fd96b23cd1,True,312.302720034495,9,14883.8984375,15134.0,2,216.42610314302146,99.57903414033353,,
monitor,0,18,c6050fe51d3408b1eaef27e08e7f1956:1458b54ae2f6:0:3,193405ed8b35f3ee7bb64910e10c564fde35fef8c1a936749daf66c5d021ba99,True,257.87303294055164,5,14883.8984375,15134.0,2,216.42758790403605,99.78557587601244,,
monitor,0,19,c6050fe51d3408b1eaef27e08e7f1956:1458b54ae2f6:0:4,b95e2705d5a356fbf1413fffbb51166a15189a8408c65518ca1e169bb0b681ec,True,345.7542220130563,11,14883.8984375,15134.0,2,222.18757215887308,101.12092620693147,,
monitor,0,20,c6050fe51d3408b1eaef27e08e7f1956:e4e99a4d6532:0:0,d656de69c0da6209d397a8d5f7affee137ddc3be7811a9522dee62d3b10d52c8,True,307.0892959367484,8,14883.8984375,15134.0,2,225.75487103313208,99.16105098091066,,
monitor,0,21,c6050fe51d3408b1eaef27e08e7f1956:e4e99a4d6532:0:1,cdb81c63cda0b6ef0b2a1260fb987458ab47d5bebf8b78c6355a3a6dc164506d,True,326.91537495702505,10,14883.8984375,15134.0,2,218.7050050124526,99.2350960150361,,
monitor,0,22,c6050fe51d3408b1eaef27e08e7f1956:e4e99a4d6532:0:2,fe50179dd819d03ae1216ed234b97e224965b782031f3c44efdb45fd96b23cd1,True,311.28956098109484,9,14883.8984375,15134.0,2,216.6470680385828,99.1445709951222,,
monitor,0,23,c6050fe51d3408b1eaef27e08e7f1956:e4e99a4d6532:0:3,193405ed8b35f3ee7bb64910e10c564fde35fef8c1a936749daf66c5d021ba99,True,257.4702729471028,5,14883.8984375,15134.0,2,216.64832392707467,99.34810688719153,,
monitor,0,24,c6050fe51d3408b1eaef27e08e7f1956:e4e99a4d6532:0:4,b95e2705d5a356fbf1413fffbb51166a15189a8408c65518ca1e169bb0b681ec,True,336.98410098440945,11,14883.8984375,15134.0,2,215.67911002784967,99.10738305188715,,
monitor,0,25,bb98dd0bceac09d24db1ecb2af549a92:377f7f0dd150:0:0,1ea442a134b2a184bd5d40104401f2a37fbc09ccf3f4bc9da161c6099be3691d,True,193.4481158386916,1,14870.9072265625,15134.0,1,193.40494787320495,75.25683101266623,,
monitor,0,26,bb98dd0bceac09d24db1ecb2af549a92:377f7f0dd150:0:1,1ea442a134b2a184bd5d40104401f2a37fbc09ccf3f4bc9da161c6099be3691d,True,189.31714608334005,1,14870.9072265625,15134.0,1,189.2722570337355,75.9794320911169,,
monitor,0,27,bb98dd0bceac09d24db1ecb2af549a92:377f7f0dd150:0:2,1ea442a134b2a184bd5d40104401f2a37fbc09ccf3f4bc9da161c6099be3691d,True,190.64576597884297,1,14870.9072265625,15134.0,1,190.60050696134567,75.25329710915685,,
monitor,0,28,bb98dd0bceac09d24db1ecb2af549a92:377f7f0dd150:0:3,85a39ab345d672ff8ca9b9c6876f3adcacf45ee7c1e2dbd2408fd338bd55e07e,True,188.33379610441625,1,14870.9072265625,15134.0,1,188.29117808490992,75.2010049764067,,
monitor,0,29,bb98dd0bceac09d24db1ecb2af549a92:377f7f0dd150:0:4,85a39ab345d672ff8ca9b9c6876f3adcacf45ee7c1e2dbd2408fd338bd55e07e,True,187.98841396346688,1,14870.9072265625,15134.0,1,187.94647697359324,75.18119807355106,,
monitor,0,30,bb98dd0bceac09d24db1ecb2af549a92:2cf3a7a3a65c:0:0,1ea442a134b2a184bd5d40104401f2a37fbc09ccf3f4bc9da161c6099be3691d,True,188.1105680949986,1,14870.9072265625,15134.0,1,188.06707696057856,75.36960789002478,,
monitor,0,31,bb98dd0bceac09d24db1ecb2af549a92:2cf3a7a3a65c:0:1,1ea442a134b2a184bd5d40104401f2a37fbc09ccf3f4bc9da161c6099be3691d,True,188.3173540700227,1,14870.9072265625,15134.0,1,188.2649778854102,75.24071889929473,,
monitor,0,32,bb98dd0bceac09d24db1ecb2af549a92:2cf3a7a3a65c:0:2,1ea442a134b2a184bd5d40104401f2a37fbc09ccf3f4bc9da161c6099be3691d,True,191.50708592496812,1,14870.9072265625,15134.0,1,191.4607989601791,75.3441050183028,,
monitor,0,33,bb98dd0bceac09d24db1ecb2af549a92:2cf3a7a3a65c:0:3,85a39ab345d672ff8ca9b9c6876f3adcacf45ee7c1e2dbd2408fd338bd55e07e,True,189.79131896048784,1,14870.9072265625,15134.0,1,189.74493397399783,75.35183592699468,,
monitor,0,34,bb98dd0bceac09d24db1ecb2af549a92:2cf3a7a3a65c:0:4,85a39ab345d672ff8ca9b9c6876f3adcacf45ee7c1e2dbd2408fd338bd55e07e,True,188.5350679513067,1,14870.9072265625,15134.0,1,188.49136191420257,75.72039891965687,,
monitor,0,35,b877dd782edba758ab429e3ee3de3329:97e16cc551e4:0:0,5feceb66ffc86f38d952786c6d696c79c2dbc239dd4e91b46729d73a27fb57e9,True,201.9601499196142,2,14871.94482421875,15134.0,2,201.3523280620575,88.45177409239113,,
monitor,0,36,b877dd782edba758ab429e3ee3de3329:97e16cc551e4:0:1,5feceb66ffc86f38d952786c6d696c79c2dbc239dd4e91b46729d73a27fb57e9,True,203.63019593060017,2,14871.94482421875,15134.0,2,203.00911483354867,88.43000186607242,,
monitor,0,37,b877dd782edba758ab429e3ee3de3329:97e16cc551e4:0:2,5feceb66ffc86f38d952786c6d696c79c2dbc239dd4e91b46729d73a27fb57e9,True,203.8576470222324,2,14871.94482421875,15134.0,2,203.25027382932603,88.50742084905505,,
monitor,0,38,b877dd782edba758ab429e3ee3de3329:97e16cc551e4:0:3,5feceb66ffc86f38d952786c6d696c79c2dbc239dd4e91b46729d73a27fb57e9,True,202.00921199284494,2,14871.94482421875,15134.0,2,201.4110570307821,88.25341705232859,,
monitor,0,39,b877dd782edba758ab429e3ee3de3329:97e16cc551e4:0:4,6b86b273ff34fce19d6b804eff5a3f5747ada4eaa22f1d49c01e52ddb7875b4b,True,201.90332387574017,2,14871.94482421875,15134.0,2,201.2984878383577,88.32332585006952,,
monitor,0,40,b877dd782edba758ab429e3ee3de3329:dd7f6c9e007d:0:0,5feceb66ffc86f38d952786c6d696c79c2dbc239dd4e91b46729d73a27fb57e9,True,201.30520197562873,2,14871.94482421875,15134.0,2,200.69733797572553,88.33068399690092,,
monitor,0,41,b877dd782edba758ab429e3ee3de3329:dd7f6c9e007d:0:1,5feceb66ffc86f38d952786c6d696c79c2dbc239dd4e91b46729d73a27fb57e9,True,202.49320683069527,2,14871.94482421875,15134.0,2,201.89982280135155,88.24653294868767,,
monitor,0,42,b877dd782edba758ab429e3ee3de3329:dd7f6c9e007d:0:2,5feceb66ffc86f38d952786c6d696c79c2dbc239dd4e91b46729d73a27fb57e9,True,202.38769706338644,2,14871.94482421875,15134.0,2,201.78225194104016,88.93425110727549,,
monitor,0,43,b877dd782edba758ab429e3ee3de3329:dd7f6c9e007d:0:3,5feceb66ffc86f38d952786c6d696c79c2dbc239dd4e91b46729d73a27fb57e9,True,201.65007305331528,2,14871.94482421875,15134.0,2,201.04732108302414,88.30342395231128,,
monitor,0,44,b877dd782edba758ab429e3ee3de3329:dd7f6c9e007d:0:4,6b86b273ff34fce19d6b804eff5a3f5747ada4eaa22f1d49c01e52ddb7875b4b,True,203.14298919402063,2,14871.94482421875,15134.0,2,202.53521716222167,88.34851812571287,,
monitor,0,45,4f59fbf51a0a5bfb4dc5af02cf294693:993dac5396a0:0:0,082a3f27a64a793001365f40fd7d76058660d5148036e68127b7775445e5f79a,True,364.6131861023605,13,14879.8544921875,15134.0,2,216.50005294941366,99.26949581131339,,
monitor,0,46,4f59fbf51a0a5bfb4dc5af02cf294693:993dac5396a0:0:1,082a3f27a64a793001365f40fd7d76058660d5148036e68127b7775445e5f79a,True,368.53050300851464,13,14879.8544921875,15134.0,2,220.09137994609773,99.68219208531082,,
monitor,0,47,4f59fbf51a0a5bfb4dc5af02cf294693:993dac5396a0:0:2,082a3f27a64a793001365f40fd7d76058660d5148036e68127b7775445e5f79a,True,367.07673501223326,13,14879.8544921875,15134.0,2,218.5630491003394,99.16148404590786,,
monitor,0,48,4f59fbf51a0a5bfb4dc5af02cf294693:993dac5396a0:0:3,082a3f27a64a793001365f40fd7d76058660d5148036e68127b7775445e5f79a,True,366.314219776541,13,14879.8544921875,15134.0,2,216.4150478783995,99.1928509902209,,
monitor,0,49,4f59fbf51a0a5bfb4dc5af02cf294693:993dac5396a0:0:4,cb1d05299ff18cc4eb1eafa80966fcf02838d32be4a86d290ced7caf197919ad,True,328.8990119472146,10,14879.8544921875,15134.0,2,219.23479810357094,99.7745580971241,,
monitor,1,0,1a938d25604410ccd63b60285919eaec:c627e50da685:0:0,70f89282fb4200d4c7cb83660e5e90d9cf2d989cdecf70c1f868239e5f542294,True,368.8228989485651,7,14876.46484375,15134.0,2,244.50288712978363,126.69756007380784,,
monitor,1,1,1a938d25604410ccd63b60285919eaec:c627e50da685:0:1,c709293d644a54f3b0d6270fc879317ff277c06c090c03c30f721b08140bbe7b,True,396.6267220675945,15,14876.46484375,15134.0,2,221.12392517738044,99.39539106562734,,
monitor,1,2,1a938d25604410ccd63b60285919eaec:c627e50da685:0:2,c709293d644a54f3b0d6270fc879317ff277c06c090c03c30f721b08140bbe7b,True,394.97892116196454,15,14876.46484375,15134.0,2,219.92339310236275,99.23638100735843,,
monitor,1,3,1a938d25604410ccd63b60285919eaec:c627e50da685:0:3,c709293d644a54f3b0d6270fc879317ff277c06c090c03c30f721b08140bbe7b,True,391.66728407144547,15,14876.46484375,15134.0,2,216.5730979759246,99.26970396190882,,
monitor,1,4,1a938d25604410ccd63b60285919eaec:c627e50da685:0:4,15905afe25f3666163b46d6b6948b985a7debd874743ae398a264536e830ec1f,True,284.7433020360768,7,14876.46484375,15134.0,2,216.88440488651395,99.36009999364614,,
monitor,1,5,49cd6149f02ec01ee03a6eb8287ab2df:f982e9dfaf25:0:0,5feceb66ffc86f38d952786c6d696c79c2dbc239dd4e91b46729d73a27fb57e9,True,202.79639214277267,2,14871.94482421875,15134.0,2,202.17956718988717,88.90512399375439,,
monitor,1,6,49cd6149f02ec01ee03a6eb8287ab2df:f982e9dfaf25:0:1,5feceb66ffc86f38d952786c6d696c79c2dbc239dd4e91b46729d73a27fb57e9,True,202.643214026466,2,14871.94482421875,15134.0,2,202.05168519169092,88.40066310949624,,
monitor,1,7,49cd6149f02ec01ee03a6eb8287ab2df:f982e9dfaf25:0:2,5feceb66ffc86f38d952786c6d696c79c2dbc239dd4e91b46729d73a27fb57e9,True,201.56034594401717,2,14871.94482421875,15134.0,2,200.96379588358104,88.21661793626845,,
monitor,1,8,49cd6149f02ec01ee03a6eb8287ab2df:f982e9dfaf25:0:3,5feceb66ffc86f38d952786c6d696c79c2dbc239dd4e91b46729d73a27fb57e9,True,202.01609306968749,2,14871.94482421875,15134.0,2,201.40499994158745,88.17715104669333,,
monitor,1,9,49cd6149f02ec01ee03a6eb8287ab2df:f982e9dfaf25:0:4,5feceb66ffc86f38d952786c6d696c79c2dbc239dd4e91b46729d73a27fb57e9,True,202.74467300623655,2,14871.94482421875,15134.0,2,202.13216496631503,88.38485786691308,,
monitor,1,10,49cd6149f02ec01ee03a6eb8287ab2df:81739d7eb99c:0:0,5feceb66ffc86f38d952786c6d696c79c2dbc239dd4e91b46729d73a27fb57e9,True,201.86281204223633,2,14871.94482421875,15134.0,2,201.2427111621946,88.33653316833079,,
monitor,1,11,49cd6149f02ec01ee03a6eb8287ab2df:81739d7eb99c:0:1,5feceb66ffc86f38d952786c6d696c79c2dbc239dd4e91b46729d73a27fb57e9,True,208.5451278835535,2,14871.94482421875,15134.0,2,207.91742904111743,88.3021131157875,,
monitor,1,12,49cd6149f02ec01ee03a6eb8287ab2df:81739d7eb99c:0:2,5feceb66ffc86f38d952786c6d696c79c2dbc239dd4e91b46729d73a27fb57e9,True,201.934376033023,2,14871.94482421875,15134.0,2,201.33132091723382,88.13332882709801,,
monitor,1,13,49cd6149f02ec01ee03a6eb8287ab2df:81739d7eb99c:0:3,5feceb66ffc86f38d952786c6d696c79c2dbc239dd4e91b46729d73a27fb57e9,True,202.91124610230327,2,14871.94482421875,15134.0,2,202.30591110885143,89.19141907244921,,
monitor,1,14,49cd6149f02ec01ee03a6eb8287ab2df:81739d7eb99c:0:4,5feceb66ffc86f38d952786c6d696c79c2dbc239dd4e91b46729d73a27fb57e9,True,201.9410990178585,2,14871.94482421875,15134.0,2,201.34060480631888,88.24116899631917,,
monitor,1,15,c6050fe51d3408b1eaef27e08e7f1956:1458b54ae2f6:0:0,d656de69c0da6209d397a8d5f7affee137ddc3be7811a9522dee62d3b10d52c8,True,296.71590705402195,8,14883.8984375,15134.0,2,215.64069599844515,99.27467699162662,,
monitor,1,16,c6050fe51d3408b1eaef27e08e7f1956:1458b54ae2f6:0:1,cdb81c63cda0b6ef0b2a1260fb987458ab47d5bebf8b78c6355a3a6dc164506d,True,323.9582679234445,10,14883.8984375,15134.0,2,216.0080219618976,99.34935113415122,,
monitor,1,17,c6050fe51d3408b1eaef27e08e7f1956:1458b54ae2f6:0:2,fe50179dd819d03ae1216ed234b97e224965b782031f3c44efdb45fd96b23cd1,True,312.0939841028303,9,14883.8984375,15134.0,2,216.9092451222241,99.82134308665991,,
monitor,1,18,c6050fe51d3408b1eaef27e08e7f1956:1458b54ae2f6:0:3,193405ed8b35f3ee7bb64910e10c564fde35fef8c1a936749daf66c5d021ba99,True,259.6346018835902,5,14883.8984375,15134.0,2,218.11202890239656,99.71738304011524,,
monitor,1,19,c6050fe51d3408b1eaef27e08e7f1956:1458b54ae2f6:0:4,b95e2705d5a356fbf1413fffbb51166a15189a8408c65518ca1e169bb0b681ec,True,339.69487994909286,11,14883.8984375,15134.0,2,216.47766698151827,99.45940296165645,,
monitor,1,20,c6050fe51d3408b1eaef27e08e7f1956:e4e99a4d6532:0:0,d656de69c0da6209d397a8d5f7affee137ddc3be7811a9522dee62d3b10d52c8,True,299.6513780672103,8,14883.8984375,15134.0,2,217.34124002978206,100.18676891922951,,
monitor,1,21,c6050fe51d3408b1eaef27e08e7f1956:e4e99a4d6532:0:1,cdb81c63cda0b6ef0b2a1260fb987458ab47d5bebf8b78c6355a3a6dc164506d,True,326.3987360987812,10,14883.8984375,15134.0,2,216.64406009949744,99.80415902100503,,
monitor,1,22,c6050fe51d3408b1eaef27e08e7f1956:e4e99a4d6532:0:2,fe50179dd819d03ae1216ed234b97e224965b782031f3c44efdb45fd96b23cd1,True,312.44236789643764,9,14883.8984375,15134.0,2,216.29626606591046,99.55988614819944,,
monitor,1,23,c6050fe51d3408b1eaef27e08e7f1956:e4e99a4d6532:0:3,193405ed8b35f3ee7bb64910e10c564fde35fef8c1a936749daf66c5d021ba99,True,258.71988479048014,5,14883.8984375,15134.0,2,217.0207288581878,99.72562990151346,,
monitor,1,24,c6050fe51d3408b1eaef27e08e7f1956:e4e99a4d6532:0:4,b95e2705d5a356fbf1413fffbb51166a15189a8408c65518ca1e169bb0b681ec,True,341.0964538343251,11,14883.8984375,15134.0,2,217.80068101361394,99.6738881804049,,
monitor,1,25,bb98dd0bceac09d24db1ecb2af549a92:377f7f0dd150:0:0,1ea442a134b2a184bd5d40104401f2a37fbc09ccf3f4bc9da161c6099be3691d,True,188.56085604056716,1,14870.9072265625,15134.0,1,188.5181930847466,75.30365604907274,,
monitor,1,26,bb98dd0bceac09d24db1ecb2af549a92:377f7f0dd150:0:1,1ea442a134b2a184bd5d40104401f2a37fbc09ccf3f4bc9da161c6099be3691d,True,188.09493095614016,1,14870.9072265625,15134.0,1,188.05386498570442,75.23148297332227,,
monitor,1,27,bb98dd0bceac09d24db1ecb2af549a92:377f7f0dd150:0:2,1ea442a134b2a184bd5d40104401f2a37fbc09ccf3f4bc9da161c6099be3691d,True,188.97724919952452,1,14870.9072265625,15134.0,1,188.93520114943385,75.74172201566398,,
monitor,1,28,bb98dd0bceac09d24db1ecb2af549a92:377f7f0dd150:0:3,85a39ab345d672ff8ca9b9c6876f3adcacf45ee7c1e2dbd2408fd338bd55e07e,True,188.56046092696488,1,14870.9072265625,15134.0,1,188.5184939019382,75.3164088819176,,
monitor,1,29,bb98dd0bceac09d24db1ecb2af549a92:377f7f0dd150:0:4,85a39ab345d672ff8ca9b9c6876f3adcacf45ee7c1e2dbd2408fd338bd55e07e,True,189.872520044446,1,14870.9072265625,15134.0,1,189.8253068793565,75.54095983505249,,
monitor,1,30,bb98dd0bceac09d24db1ecb2af549a92:2cf3a7a3a65c:0:0,1ea442a134b2a184bd5d40104401f2a37fbc09ccf3f4bc9da161c6099be3691d,True,190.70750917308033,1,14870.9072265625,15134.0,1,190.65198907628655,75.60660690069199,,
monitor,1,31,bb98dd0bceac09d24db1ecb2af549a92:2cf3a7a3a65c:0:1,1ea442a134b2a184bd5d40104401f2a37fbc09ccf3f4bc9da161c6099be3691d,True,192.62028904631734,1,14870.9072265625,15134.0,1,192.56170303560793,75.55447402410209,,
monitor,1,32,bb98dd0bceac09d24db1ecb2af549a92:2cf3a7a3a65c:0:2,1ea442a134b2a184bd5d40104401f2a37fbc09ccf3f4bc9da161c6099be3691d,True,191.77268096245825,1,14870.9072265625,15134.0,1,191.724618896842,75.30754804611206,,
monitor,1,33,bb98dd0bceac09d24db1ecb2af549a92:2cf3a7a3a65c:0:3,85a39ab345d672ff8ca9b9c6876f3adcacf45ee7c1e2dbd2408fd338bd55e07e,True,191.17245310917497,1,14870.9072265625,15134.0,1,191.1209300160408,75.24478598497808,,
monitor,1,34,bb98dd0bceac09d24db1ecb2af549a92:2cf3a7a3a65c:0:4,85a39ab345d672ff8ca9b9c6876f3adcacf45ee7c1e2dbd2408fd338bd55e07e,True,190.55475294589996,1,14870.9072265625,15134.0,1,190.50768692977726,75.13549388386309,,
monitor,1,35,b877dd782edba758ab429e3ee3de3329:97e16cc551e4:0:0,5feceb66ffc86f38d952786c6d696c79c2dbc239dd4e91b46729d73a27fb57e9,True,203.53434095159173,2,14871.94482421875,15134.0,2,202.92253396473825,88.8474308885634,,
monitor,1,36,b877dd782edba758ab429e3ee3de3329:97e16cc551e4:0:1,5feceb66ffc86f38d952786c6d696c79c2dbc239dd4e91b46729d73a27fb57e9,True,201.78526919335127,2,14871.94482421875,15134.0,2,201.18102617561817,88.23126298375428,,
monitor,1,37,b877dd782edba758ab429e3ee3de3329:97e16cc551e4:0:2,5feceb66ffc86f38d952786c6d696c79c2dbc239dd4e91b46729d73a27fb57e9,True,201.74145908094943,2,14871.94482421875,15134.0,2,201.14191505126655,88.14424206502736,,
monitor,1,38,b877dd782edba758ab429e3ee3de3329:97e16cc551e4:0:3,5feceb66ffc86f38d952786c6d696c79c2dbc239dd4e91b46729d73a27fb57e9,True,202.36560702323914,2,14871.94482421875,15134.0,2,201.7594911158085,88.28853699378669,,
monitor,1,39,b877dd782edba758ab429e3ee3de3329:97e16cc551e4:0:4,6b86b273ff34fce19d6b804eff5a3f5747ada4eaa22f1d49c01e52ddb7875b4b,True,202.0502530504018,2,14871.94482421875,15134.0,2,201.44095015712082,88.26807304285467,,
monitor,1,40,b877dd782edba758ab429e3ee3de3329:dd7f6c9e007d:0:0,5feceb66ffc86f38d952786c6d696c79c2dbc239dd4e91b46729d73a27fb57e9,True,202.2313899360597,2,14871.94482421875,15134.0,2,201.63241494446993,88.33894412964582,,
monitor,1,41,b877dd782edba758ab429e3ee3de3329:dd7f6c9e007d:0:1,5feceb66ffc86f38d952786c6d696c79c2dbc239dd4e91b46729d73a27fb57e9,True,201.41198090277612,2,14871.94482421875,15134.0,2,200.81364596262574,88.08354707434773,,
monitor,1,42,b877dd782edba758ab429e3ee3de3329:dd7f6c9e007d:0:2,5feceb66ffc86f38d952786c6d696c79c2dbc239dd4e91b46729d73a27fb57e9,True,201.58473611809313,2,14871.94482421875,15134.0,2,200.97577013075352,88.24598509818316,,
monitor,1,43,b877dd782edba758ab429e3ee3de3329:dd7f6c9e007d:0:3,5feceb66ffc86f38d952786c6d696c79c2dbc239dd4e91b46729d73a27fb57e9,True,203.06384307332337,2,14871.94482421875,15134.0,2,202.44260295294225,88.89174787327647,,
monitor,1,44,b877dd782edba758ab429e3ee3de3329:dd7f6c9e007d:0:4,6b86b273ff34fce19d6b804eff5a3f5747ada4eaa22f1d49c01e52ddb7875b4b,True,204.7380341682583,2,14871.94482421875,15134.0,2,204.12772404961288,88.29691307619214,,
monitor,1,45,4f59fbf51a0a5bfb4dc5af02cf294693:993dac5396a0:0:0,082a3f27a64a793001365f40fd7d76058660d5148036e68127b7775445e5f79a,True,365.2675428893417,13,14879.8544921875,15134.0,2,216.79794183000922,99.10895698703825,,
monitor,1,46,4f59fbf51a0a5bfb4dc5af02cf294693:993dac5396a0:0:1,082a3f27a64a793001365f40fd7d76058660d5148036e68127b7775445e5f79a,True,366.34837789461017,13,14879.8544921875,15134.0,2,217.6124209072441,99.49493687599897,,
monitor,1,47,4f59fbf51a0a5bfb4dc5af02cf294693:993dac5396a0:0:2,082a3f27a64a793001365f40fd7d76058660d5148036e68127b7775445e5f79a,True,365.4154820833355,13,14879.8544921875,15134.0,2,217.31902402825654,100.06503597833216,,
monitor,1,48,4f59fbf51a0a5bfb4dc5af02cf294693:993dac5396a0:0:3,082a3f27a64a793001365f40fd7d76058660d5148036e68127b7775445e5f79a,True,364.67910395003855,13,14879.8544921875,15134.0,2,216.4701339788735,99.31419603526592,,
monitor,1,49,4f59fbf51a0a5bfb4dc5af02cf294693:993dac5396a0:0:4,cb1d05299ff18cc4eb1eafa80966fcf02838d32be4a86d290ced7caf197919ad,True,324.06174507923424,10,14879.8544921875,15134.0,2,216.22705506160855,99.08494702540338,,
predictor,0,0,1a938d25604410ccd63b60285919eaec:c627e50da685:0:0,70f89282fb4200d4c7cb83660e5e90d9cf2d989cdecf70c1f868239e5f542294,True,288.50599797442555,7,15021.759765625,15234.0,2,220.8519298583269,101.14257782697678,,
predictor,0,1,1a938d25604410ccd63b60285919eaec:c627e50da685:0:1,c709293d644a54f3b0d6270fc879317ff277c06c090c03c30f721b08140bbe7b,True,394.02505196630955,15,15021.759765625,15234.0,2,218.88042497448623,101.09113110229373,,
predictor,0,2,1a938d25604410ccd63b60285919eaec:c627e50da685:0:2,c709293d644a54f3b0d6270fc879317ff277c06c090c03c30f721b08140bbe7b,True,464.99757398851216,15,15021.759765625,15234.0,2,271.68860798701644,129.56550205126405,,
predictor,0,3,1a938d25604410ccd63b60285919eaec:c627e50da685:0:3,c709293d644a54f3b0d6270fc879317ff277c06c090c03c30f721b08140bbe7b,True,404.0796908084303,15,15021.759765625,15234.0,2,229.11725286394358,101.09776887111366,,
predictor,0,4,1a938d25604410ccd63b60285919eaec:c627e50da685:0:4,15905afe25f3666163b46d6b6948b985a7debd874743ae398a264536e830ec1f,True,290.3056968934834,7,15021.759765625,15234.0,2,222.22745092585683,101.48868686519563,,
predictor,0,5,49cd6149f02ec01ee03a6eb8287ab2df:f982e9dfaf25:0:0,5feceb66ffc86f38d952786c6d696c79c2dbc239dd4e91b46729d73a27fb57e9,True,205.66359697841108,2,15017.73974609375,15234.0,2,205.06605110131204,90.4493210837245,,
predictor,0,6,49cd6149f02ec01ee03a6eb8287ab2df:f982e9dfaf25:0:1,5feceb66ffc86f38d952786c6d696c79c2dbc239dd4e91b46729d73a27fb57e9,True,204.96993395499885,2,15017.73974609375,15234.0,2,204.3805189896375,90.48619703389704,,
predictor,0,7,49cd6149f02ec01ee03a6eb8287ab2df:f982e9dfaf25:0:2,5feceb66ffc86f38d952786c6d696c79c2dbc239dd4e91b46729d73a27fb57e9,True,204.83179506845772,2,15017.73974609375,15234.0,2,204.2505699209869,90.28802602551877,,
predictor,0,8,49cd6149f02ec01ee03a6eb8287ab2df:f982e9dfaf25:0:3,5feceb66ffc86f38d952786c6d696c79c2dbc239dd4e91b46729d73a27fb57e9,True,203.85848195292056,2,15017.73974609375,15234.0,2,203.26154585927725,90.22537595592439,,
predictor,0,9,49cd6149f02ec01ee03a6eb8287ab2df:f982e9dfaf25:0:4,5feceb66ffc86f38d952786c6d696c79c2dbc239dd4e91b46729d73a27fb57e9,True,203.89509899541736,2,15017.73974609375,15234.0,2,203.28528014943004,89.77156598120928,,
predictor,0,10,49cd6149f02ec01ee03a6eb8287ab2df:81739d7eb99c:0:0,5feceb66ffc86f38d952786c6d696c79c2dbc239dd4e91b46729d73a27fb57e9,True,206.5424381289631,2,15017.73974609375,15234.0,2,205.94780799001455,89.81730882078409,,
predictor,0,11,49cd6149f02ec01ee03a6eb8287ab2df:81739d7eb99c:0:1,5feceb66ffc86f38d952786c6d696c79c2dbc239dd4e91b46729d73a27fb57e9,True,203.37605918757617,2,15017.73974609375,15234.0,2,202.78569404035807,89.57820502109826,,
predictor,0,12,49cd6149f02ec01ee03a6eb8287ab2df:81739d7eb99c:0:2,5feceb66ffc86f38d952786c6d696c79c2dbc239dd4e91b46729d73a27fb57e9,True,204.50110221281648,2,15017.73974609375,15234.0,2,203.89884314499795,90.45692114159465,,
predictor,0,13,49cd6149f02ec01ee03a6eb8287ab2df:81739d7eb99c:0:3,5feceb66ffc86f38d952786c6d696c79c2dbc239dd4e91b46729d73a27fb57e9,True,217.14843111112714,2,15017.73974609375,15234.0,2,216.55743499286473,89.68778396956623,,
predictor,0,14,49cd6149f02ec01ee03a6eb8287ab2df:81739d7eb99c:0:4,5feceb66ffc86f38d952786c6d696c79c2dbc239dd4e91b46729d73a27fb57e9,True,204.3377549853176,2,15017.73974609375,15234.0,2,203.74627108685672,89.75285105407238,,
predictor,0,15,c6050fe51d3408b1eaef27e08e7f1956:1458b54ae2f6:0:0,d656de69c0da6209d397a8d5f7affee137ddc3be7811a9522dee62d3b10d52c8,True,301.62822105921805,8,15028.443359375,15234.0,2,220.46480095013976,101.45922191441059,,
predictor,0,16,c6050fe51d3408b1eaef27e08e7f1956:1458b54ae2f6:0:1,cdb81c63cda0b6ef0b2a1260fb987458ab47d5bebf8b78c6355a3a6dc164506d,True,329.86114802770317,10,15028.443359375,15234.0,2,221.8568290118128,100.69759609177709,,
predictor,0,17,c6050fe51d3408b1eaef27e08e7f1956:1458b54ae2f6:0:2,fe50179dd819d03ae1216ed234b97e224965b782031f3c44efdb45fd96b23cd1,True,315.16418792307377,9,15028.443359375,15234.0,2,220.85594083182514,100.80177895724773,,
predictor,0,18,c6050fe51d3408b1eaef27e08e7f1956:1458b54ae2f6:0:3,193405ed8b35f3ee7bb64910e10c564fde35fef8c1a936749daf66c5d021ba99,True,259.90109401755035,5,15028.443359375,15234.0,2,218.31098501570523,100.41079600341618,,
predictor,0,19,c6050fe51d3408b1eaef27e08e7f1956:1458b54ae2f6:0:4,b95e2705d5a356fbf1413fffbb51166a15189a8408c65518ca1e169bb0b681ec,True,340.11870506219566,11,15028.443359375,15234.0,2,218.7354660127312,101.16747603751719,,
predictor,0,20,c6050fe51d3408b1eaef27e08e7f1956:e4e99a4d6532:0:0,d656de69c0da6209d397a8d5f7affee137ddc3be7811a9522dee62d3b10d52c8,True,299.72428106702864,8,15028.443359375,15234.0,2,218.14612206071615,100.68408097140491,,
predictor,0,21,c6050fe51d3408b1eaef27e08e7f1956:e4e99a4d6532:0:1,cdb81c63cda0b6ef0b2a1260fb987458ab47d5bebf8b78c6355a3a6dc164506d,True,328.198348172009,10,15028.443359375,15234.0,2,219.87047302536666,100.89593892917037,,
predictor,0,22,c6050fe51d3408b1eaef27e08e7f1956:e4e99a4d6532:0:2,fe50179dd819d03ae1216ed234b97e224965b782031f3c44efdb45fd96b23cd1,True,314.84617409296334,9,15028.443359375,15234.0,2,219.97820306569338,100.9537149220705,,
predictor,0,23,c6050fe51d3408b1eaef27e08e7f1956:e4e99a4d6532:0:3,193405ed8b35f3ee7bb64910e10c564fde35fef8c1a936749daf66c5d021ba99,True,261.39828586019576,5,15028.443359375,15234.0,2,220.5032790079713,100.81401304341853,,
predictor,0,24,c6050fe51d3408b1eaef27e08e7f1956:e4e99a4d6532:0:4,b95e2705d5a356fbf1413fffbb51166a15189a8408c65518ca1e169bb0b681ec,True,339.11590394563973,11,15028.443359375,15234.0,2,218.26034504920244,100.66297999583185,,
predictor,0,25,bb98dd0bceac09d24db1ecb2af549a92:377f7f0dd150:0:0,1ea442a134b2a184bd5d40104401f2a37fbc09ccf3f4bc9da161c6099be3691d,True,192.27878306992352,1,15000.8271484375,15234.0,1,192.2281279694289,76.01336296647787,,
predictor,0,26,bb98dd0bceac09d24db1ecb2af549a92:377f7f0dd150:0:1,1ea442a134b2a184bd5d40104401f2a37fbc09ccf3f4bc9da161c6099be3691d,True,190.7187788747251,1,15000.8271484375,15234.0,1,190.6684290152043,76.52329420670867,,
predictor,0,27,bb98dd0bceac09d24db1ecb2af549a92:377f7f0dd150:0:2,1ea442a134b2a184bd5d40104401f2a37fbc09ccf3f4bc9da161c6099be3691d,True,192.4970061518252,1,15000.8271484375,15234.0,1,192.4465720076114,76.10954390838742,,
predictor,0,28,bb98dd0bceac09d24db1ecb2af549a92:377f7f0dd150:0:3,85a39ab345d672ff8ca9b9c6876f3adcacf45ee7c1e2dbd2408fd338bd55e07e,True,191.8585889507085,1,15000.8271484375,15234.0,1,191.80598203092813,76.1646640021354,,
predictor,0,29,bb98dd0bceac09d24db1ecb2af549a92:377f7f0dd150:0:4,85a39ab345d672ff8ca9b9c6876f3adcacf45ee7c1e2dbd2408fd338bd55e07e,True,191.1843849811703,1,15000.8271484375,15234.0,1,191.13213499076664,76.08702988363802,,
predictor,0,30,bb98dd0bceac09d24db1ecb2af549a92:2cf3a7a3a65c:0:0,1ea442a134b2a184bd5d40104401f2a37fbc09ccf3f4bc9da161c6099be3691d,True,191.49057194590569,1,15000.8271484375,15234.0,1,191.4389708545059,76.2627359945327,,
predictor,0,31,bb98dd0bceac09d24db1ecb2af549a92:2cf3a7a3a65c:0:1,1ea442a134b2a184bd5d40104401f2a37fbc09ccf3f4bc9da161c6099be3691d,True,193.1503051891923,1,15000.8271484375,15234.0,1,193.0951930116862,77.68929889425635,,
predictor,0,32,bb98dd0bceac09d24db1ecb2af549a92:2cf3a7a3a65c:0:2,1ea442a134b2a184bd5d40104401f2a37fbc09ccf3f4bc9da161c6099be3691d,True,212.65395800583065,1,15000.8271484375,15234.0,1,212.58615097030997,89.77810083888471,,
predictor,0,33,bb98dd0bceac09d24db1ecb2af549a92:2cf3a7a3a65c:0:3,85a39ab345d672ff8ca9b9c6876f3adcacf45ee7c1e2dbd2408fd338bd55e07e,True,209.15768202394247,1,15000.8271484375,15234.0,1,209.10619292408228,76.52340293861926,,
predictor,0,34,bb98dd0bceac09d24db1ecb2af549a92:2cf3a7a3a65c:0:4,85a39ab345d672ff8ca9b9c6876f3adcacf45ee7c1e2dbd2408fd338bd55e07e,True,191.2873371038586,1,15000.8271484375,15234.0,1,191.23732717707753,76.3830270152539,,
predictor,0,35,b877dd782edba758ab429e3ee3de3329:97e16cc551e4:0:0,5feceb66ffc86f38d952786c6d696c79c2dbc239dd4e91b46729d73a27fb57e9,True,203.80255905911326,2,15017.73974609375,15234.0,2,203.20202107541263,89.95114709250629,,
predictor,0,36,b877dd782edba758ab429e3ee3de3329:97e16cc551e4:0:1,5feceb66ffc86f38d952786c6d696c79c2dbc239dd4e91b46729d73a27fb57e9,True,204.6289669815451,2,15017.73974609375,15234.0,2,204.00883397087455,89.9719069711864,,
predictor,0,37,b877dd782edba758ab429e3ee3de3329:97e16cc551e4:0:2,5feceb66ffc86f38d952786c6d696c79c2dbc239dd4e91b46729d73a27fb57e9,True,208.3904140163213,2,15017.73974609375,15234.0,2,207.72523479536176,90.77348397113383,,
predictor,0,38,b877dd782edba758ab429e3ee3de3329:97e16cc551e4:0:3,5feceb66ffc86f38d952786c6d696c79c2dbc239dd4e91b46729d73a27fb57e9,True,207.40946801379323,2,15017.73974609375,15234.0,2,206.8072441034019,89.53290106728673,,
predictor,0,39,b877dd782edba758ab429e3ee3de3329:97e16cc551e4:0:4,6b86b273ff34fce19d6b804eff5a3f5747ada4eaa22f1d49c01e52ddb7875b4b,True,204.91098309867084,2,15017.73974609375,15234.0,2,204.30215308442712,89.71724496223032,,
predictor,0,40,b877dd782edba758ab429e3ee3de3329:dd7f6c9e007d:0:0,5feceb66ffc86f38d952786c6d696c79c2dbc239dd4e91b46729d73a27fb57e9,True,205.6619559880346,2,15017.73974609375,15234.0,2,205.06430603563786,89.73641996271908,,
predictor,0,41,b877dd782edba758ab429e3ee3de3329:dd7f6c9e007d:0:1,5feceb66ffc86f38d952786c6d696c79c2dbc239dd4e91b46729d73a27fb57e9,True,204.62681399658322,2,15017.73974609375,15234.0,2,204.0265880059451,89.60290998220444,,
predictor,0,42,b877dd782edba758ab429e3ee3de3329:dd7f6c9e007d:0:2,5feceb66ffc86f38d952786c6d696c79c2dbc239dd4e91b46729d73a27fb57e9,True,203.99215794168413,2,15017.73974609375,15234.0,2,203.3859728835523,90.29695484787226,,
predictor,0,43,b877dd782edba758ab429e3ee3de3329:dd7f6c9e007d:0:3,5feceb66ffc86f38d952786c6d696c79c2dbc239dd4e91b46729d73a27fb57e9,True,205.7872440200299,2,15017.73974609375,15234.0,2,205.2022870630026,89.86472897231579,,
predictor,0,44,b877dd782edba758ab429e3ee3de3329:dd7f6c9e007d:0:4,6b86b273ff34fce19d6b804eff5a3f5747ada4eaa22f1d49c01e52ddb7875b4b,True,204.78463894687593,2,15017.73974609375,15234.0,2,204.18770308606327,89.60104314610362,,
predictor,0,45,4f59fbf51a0a5bfb4dc5af02cf294693:993dac5396a0:0:0,082a3f27a64a793001365f40fd7d76058660d5148036e68127b7775445e5f79a,True,366.4219581987709,13,15024.7744140625,15234.0,2,217.9169710725546,100.64338496886194,,
predictor,0,46,4f59fbf51a0a5bfb4dc5af02cf294693:993dac5396a0:0:1,082a3f27a64a793001365f40fd7d76058660d5148036e68127b7775445e5f79a,True,366.10983218997717,13,15024.7744140625,15234.0,2,217.62672602199018,100.57946387678385,,
predictor,0,47,4f59fbf51a0a5bfb4dc5af02cf294693:993dac5396a0:0:2,082a3f27a64a793001365f40fd7d76058660d5148036e68127b7775445e5f79a,True,367.2976840753108,13,15024.7744140625,15234.0,2,217.3230240587145,101.06648202054203,,
predictor,0,48,4f59fbf51a0a5bfb4dc5af02cf294693:993dac5396a0:0:3,082a3f27a64a793001365f40fd7d76058660d5148036e68127b7775445e5f79a,True,367.82313510775566,13,15024.7744140625,15234.0,2,219.80508998967707,100.93925194814801,,
predictor,0,49,4f59fbf51a0a5bfb4dc5af02cf294693:993dac5396a0:0:4,cb1d05299ff18cc4eb1eafa80966fcf02838d32be4a86d290ced7caf197919ad,True,329.3095559347421,10,15024.7744140625,15234.0,2,221.37914202176034,101.26641299575567,,
predictor,1,0,1a938d25604410ccd63b60285919eaec:c627e50da685:0:0,70f89282fb4200d4c7cb83660e5e90d9cf2d989cdecf70c1f868239e5f542294,True,285.6678708922118,7,15021.759765625,15234.0,2,218.04628893733025,100.46224808320403,,
predictor,1,1,1a938d25604410ccd63b60285919eaec:c627e50da685:0:1,c709293d644a54f3b0d6270fc879317ff277c06c090c03c30f721b08140bbe7b,True,392.6257740240544,15,15021.759765625,15234.0,2,217.3500801436603,100.40224902331829,,
predictor,1,2,1a938d25604410ccd63b60285919eaec:c627e50da685:0:2,c709293d644a54f3b0d6270fc879317ff277c06c090c03c30f721b08140bbe7b,True,404.9144429154694,15,15021.759765625,15234.0,2,229.21293694525957,100.66042095422745,,
predictor,1,3,1a938d25604410ccd63b60285919eaec:c627e50da685:0:3,c709293d644a54f3b0d6270fc879317ff277c06c090c03c30f721b08140bbe7b,True,398.77319894731045,15,15021.759765625,15234.0,2,223.2731501571834,100.78730317763984,,
predictor,1,4,1a938d25604410ccd63b60285919eaec:c627e50da685:0:4,15905afe25f3666163b46d6b6948b985a7debd874743ae398a264536e830ec1f,True,288.1325881462544,7,15021.759765625,15234.0,2,220.3429660294205,100.58972984552383,,
predictor,1,5,49cd6149f02ec01ee03a6eb8287ab2df:f982e9dfaf25:0:0,5feceb66ffc86f38d952786c6d696c79c2dbc239dd4e91b46729d73a27fb57e9,True,203.03826685994864,2,15017.73974609375,15234.0,2,202.44909496977925,89.83428101055324,,
predictor,1,6,49cd6149f02ec01ee03a6eb8287ab2df:f982e9dfaf25:0:1,5feceb66ffc86f38d952786c6d696c79c2dbc239dd4e91b46729d73a27fb57e9,True,204.40546795725822,2,15017.73974609375,15234.0,2,203.8055940065533,90.55512305349112,,
predictor,1,7,49cd6149f02ec01ee03a6eb8287ab2df:f982e9dfaf25:0:2,5feceb66ffc86f38d952786c6d696c79c2dbc239dd4e91b46729d73a27fb57e9,True,203.3768801484257,2,15017.73974609375,15234.0,2,202.78110797517002,89.77192197926342,,
predictor,1,8,49cd6149f02ec01ee03a6eb8287ab2df:f982e9dfaf25:0:3,5feceb66ffc86f38d952786c6d696c79c2dbc239dd4e91b46729d73a27fb57e9,True,204.25184606574476,2,15017.73974609375,15234.0,2,203.66457803174853,89.83541186898947,,
predictor,1,9,49cd6149f02ec01ee03a6eb8287ab2df:f982e9dfaf25:0:4,5feceb66ffc86f38d952786c6d696c79c2dbc239dd4e91b46729d73a27fb57e9,True,204.2544800788164,2,15017.73974609375,15234.0,2,203.66938691586256,89.8445388302207,,
predictor,1,10,49cd6149f02ec01ee03a6eb8287ab2df:81739d7eb99c:0:0,5feceb66ffc86f38d952786c6d696c79c2dbc239dd4e91b46729d73a27fb57e9,True,203.64149613305926,2,15017.73974609375,15234.0,2,203.03553203120828,90.0322119705379,,
predictor,1,11,49cd6149f02ec01ee03a6eb8287ab2df:81739d7eb99c:0:1,5feceb66ffc86f38d952786c6d696c79c2dbc239dd4e91b46729d73a27fb57e9,True,205.09040192700922,2,15017.73974609375,15234.0,2,204.4950849376619,89.91655008867383,,
predictor,1,12,49cd6149f02ec01ee03a6eb8287ab2df:81739d7eb99c:0:2,5feceb66ffc86f38d952786c6d696c79c2dbc239dd4e91b46729d73a27fb57e9,True,206.51418389752507,2,15017.73974609375,15234.0,2,205.90487704612315,89.82608304359019,,
predictor,1,13,49cd6149f02ec01ee03a6eb8287ab2df:81739d7eb99c:0:3,5feceb66ffc86f38d952786c6d696c79c2dbc239dd4e91b46729d73a27fb57e9,True,207.77416019700468,2,15017.73974609375,15234.0,2,207.16069918125868,89.85301107168198,,
predictor,1,14,49cd6149f02ec01ee03a6eb8287ab2df:81739d7eb99c:0:4,5feceb66ffc86f38d952786c6d696c79c2dbc239dd4e91b46729d73a27fb57e9,True,207.02619990333915,2,15017.73974609375,15234.0,2,206.4251978881657,90.58362105861306,,
predictor,1,15,c6050fe51d3408b1eaef27e08e7f1956:1458b54ae2f6:0:0,d656de69c0da6209d397a8d5f7affee137ddc3be7811a9522dee62d3b10d52c8,True,299.35759608633816,8,15028.443359375,15234.0,2,217.79077593237162,100.82562803290784,,
predictor,1,16,c6050fe51d3408b1eaef27e08e7f1956:1458b54ae2f6:0:1,cdb81c63cda0b6ef0b2a1260fb987458ab47d5bebf8b78c6355a3a6dc164506d,True,326.26585103571415,10,15028.443359375,15234.0,2,218.08885782957077,100.72366497479379,,
predictor,1,17,c6050fe51d3408b1eaef27e08e7f1956:1458b54ae2f6:0:2,fe50179dd819d03ae1216ed234b97e224965b782031f3c44efdb45fd96b23cd1,True,316.1931422073394,9,15028.443359375,15234.0,2,221.20968322269619,100.84908618591726,,
predictor,1,18,c6050fe51d3408b1eaef27e08e7f1956:1458b54ae2f6:0:3,193405ed8b35f3ee7bb64910e10c564fde35fef8c1a936749daf66c5d021ba99,True,262.4100449029356,5,15028.443359375,15234.0,2,221.32228082045913,100.7163489703089,,
predictor,1,19,c6050fe51d3408b1eaef27e08e7f1956:1458b54ae2f6:0:4,b95e2705d5a356fbf1413fffbb51166a15189a8408c65518ca1e169bb0b681ec,True,339.3232130911201,11,15028.443359375,15234.0,2,217.74493507109582,100.47748312354088,,
predictor,1,20,c6050fe51d3408b1eaef27e08e7f1956:e4e99a4d6532:0:0,d656de69c0da6209d397a8d5f7affee137ddc3be7811a9522dee62d3b10d52c8,True,299.8810331337154,8,15028.443359375,15234.0,2,218.40492310002446,100.59115593321621,,
predictor,1,21,c6050fe51d3408b1eaef27e08e7f1956:e4e99a4d6532:0:1,cdb81c63cda0b6ef0b2a1260fb987458ab47d5bebf8b78c6355a3a6dc164506d,True,329.03767307288945,10,15028.443359375,15234.0,2,220.63202690333128,101.42878699116409,,
predictor,1,22,c6050fe51d3408b1eaef27e08e7f1956:e4e99a4d6532:0:2,fe50179dd819d03ae1216ed234b97e224965b782031f3c44efdb45fd96b23cd1,True,315.51341200247407,9,15028.443359375,15234.0,2,220.7360351458192,100.68193404003978,,
predictor,1,23,c6050fe51d3408b1eaef27e08e7f1956:e4e99a4d6532:0:3,193405ed8b35f3ee7bb64910e10c564fde35fef8c1a936749daf66c5d021ba99,True,260.84350515156984,5,15028.443359375,15234.0,2,219.69155594706535,100.56508984416723,,
predictor,1,24,c6050fe51d3408b1eaef27e08e7f1956:e4e99a4d6532:0:4,b95e2705d5a356fbf1413fffbb51166a15189a8408c65518ca1e169bb0b681ec,True,339.96053598821163,11,15028.443359375,15234.0,2,217.7316441666335,100.72816722095013,,
predictor,1,25,bb98dd0bceac09d24db1ecb2af549a92:377f7f0dd150:0:0,1ea442a134b2a184bd5d40104401f2a37fbc09ccf3f4bc9da161c6099be3691d,True,188.90696298331022,1,15000.8271484375,15234.0,1,188.85746295563877,75.76917484402657,,
predictor,1,26,bb98dd0bceac09d24db1ecb2af549a92:377f7f0dd150:0:1,1ea442a134b2a184bd5d40104401f2a37fbc09ccf3f4bc9da161c6099be3691d,True,189.30165492929518,1,15000.8271484375,15234.0,1,189.24750480800867,76.05117792263627,,
predictor,1,27,bb98dd0bceac09d24db1ecb2af549a92:377f7f0dd150:0:2,1ea442a134b2a184bd5d40104401f2a37fbc09ccf3f4bc9da161c6099be3691d,True,192.74832820519805,1,15000.8271484375,15234.0,1,192.69688404165208,75.92705683782697,,
predictor,1,28,bb98dd0bceac09d24db1ecb2af549a92:377f7f0dd150:0:3,85a39ab345d672ff8ca9b9c6876f3adcacf45ee7c1e2dbd2408fd338bd55e07e,True,189.16379497386515,1,15000.8271484375,15234.0,1,189.1136730555445,75.79716295003891,,
predictor,1,29,bb98dd0bceac09d24db1ecb2af549a92:377f7f0dd150:0:4,85a39ab345d672ff8ca9b9c6876f3adcacf45ee7c1e2dbd2408fd338bd55e07e,True,189.15486801415682,1,15000.8271484375,15234.0,1,189.10726392641664,76.44619583152235,,
predictor,1,30,bb98dd0bceac09d24db1ecb2af549a92:2cf3a7a3a65c:0:0,1ea442a134b2a184bd5d40104401f2a37fbc09ccf3f4bc9da161c6099be3691d,True,188.8734269887209,1,15000.8271484375,15234.0,1,188.82714281789958,75.78656380064785,,
predictor,1,31,bb98dd0bceac09d24db1ecb2af549a92:2cf3a7a3a65c:0:1,1ea442a134b2a184bd5d40104401f2a37fbc09ccf3f4bc9da161c6099be3691d,True,188.98375309072435,1,15000.8271484375,15234.0,1,188.93667706288397,75.8738738950342,,
predictor,1,32,bb98dd0bceac09d24db1ecb2af549a92:2cf3a7a3a65c:0:2,1ea442a134b2a184bd5d40104401f2a37fbc09ccf3f4bc9da161c6099be3691d,True,188.91556118614972,1,15000.8271484375,15234.0,1,188.8693510554731,75.99954889155924,,
predictor,1,33,bb98dd0bceac09d24db1ecb2af549a92:2cf3a7a3a65c:0:3,85a39ab345d672ff8ca9b9c6876f3adcacf45ee7c1e2dbd2408fd338bd55e07e,True,188.56842000968754,1,15000.8271484375,15234.0,1,188.52274492383003,75.80175902694464,,
predictor,1,34,bb98dd0bceac09d24db1ecb2af549a92:2cf3a7a3a65c:0:4,85a39ab345d672ff8ca9b9c6876f3adcacf45ee7c1e2dbd2408fd338bd55e07e,True,188.53850988671184,1,15000.8271484375,15234.0,1,188.4937291033566,75.90907905250788,,
predictor,1,35,b877dd782edba758ab429e3ee3de3329:97e16cc551e4:0:0,5feceb66ffc86f38d952786c6d696c79c2dbc239dd4e91b46729d73a27fb57e9,True,203.30401696264744,2,15017.73974609375,15234.0,2,202.7137279510498,89.75968486629426,,
predictor,1,36,b877dd782edba758ab429e3ee3de3329:97e16cc551e4:0:1,5feceb66ffc86f38d952786c6d696c79c2dbc239dd4e91b46729d73a27fb57e9,True,203.59525200910866,2,15017.73974609375,15234.0,2,203.00530595704913,89.71411897800863,,
predictor,1,37,b877dd782edba758ab429e3ee3de3329:97e16cc551e4:0:2,5feceb66ffc86f38d952786c6d696c79c2dbc239dd4e91b46729d73a27fb57e9,True,203.3604420721531,2,15017.73974609375,15234.0,2,202.7764841914177,90.47285211272538,,
predictor,1,38,b877dd782edba758ab429e3ee3de3329:97e16cc551e4:0:3,5feceb66ffc86f38d952786c6d696c79c2dbc239dd4e91b46729d73a27fb57e9,True,204.59229312837124,2,15017.73974609375,15234.0,2,204.00734804570675,90.06306389346719,,
predictor,1,39,b877dd782edba758ab429e3ee3de3329:97e16cc551e4:0:4,6b86b273ff34fce19d6b804eff5a3f5747ada4eaa22f1d49c01e52ddb7875b4b,True,203.2048748806119,2,15017.73974609375,15234.0,2,202.6190529577434,89.8457420989871,,
predictor,1,40,b877dd782edba758ab429e3ee3de3329:dd7f6c9e007d:0:0,5feceb66ffc86f38d952786c6d696c79c2dbc239dd4e91b46729d73a27fb57e9,True,203.82070308551192,2,15017.73974609375,15234.0,2,203.2155089545995,90.15725902281702,,
predictor,1,41,b877dd782edba758ab429e3ee3de3329:dd7f6c9e007d:0:1,5feceb66ffc86f38d952786c6d696c79c2dbc239dd4e91b46729d73a27fb57e9,True,205.7269630022347,2,15017.73974609375,15234.0,2,205.1102549303323,89.85500293783844,,
predictor,1,42,b877dd782edba758ab429e3ee3de3329:dd7f6c9e007d:0:2,5feceb66ffc86f38d952786c6d696c79c2dbc239dd4e91b46729d73a27fb57e9,True,207.32625108212233,2,15017.73974609375,15234.0,2,206.72289305366576,90.04767797887325,,
predictor,1,43,b877dd782edba758ab429e3ee3de3329:dd7f6c9e007d:0:3,5feceb66ffc86f38d952786c6d696c79c2dbc239dd4e91b46729d73a27fb57e9,True,203.9700250606984,2,15017.73974609375,15234.0,2,203.34646897390485,90.03875101916492,,
predictor,1,44,b877dd782edba758ab429e3ee3de3329:dd7f6c9e007d:0:4,6b86b273ff34fce19d6b804eff5a3f5747ada4eaa22f1d49c01e52ddb7875b4b,True,207.292070845142,2,15017.73974609375,15234.0,2,206.65934984572232,90.30155395157635,,
predictor,1,45,4f59fbf51a0a5bfb4dc5af02cf294693:993dac5396a0:0:0,082a3f27a64a793001365f40fd7d76058660d5148036e68127b7775445e5f79a,True,379.73673013038933,13,15024.7744140625,15234.0,2,231.34383605793118,101.78285604342818,,
predictor,1,46,4f59fbf51a0a5bfb4dc5af02cf294693:993dac5396a0:0:1,082a3f27a64a793001365f40fd7d76058660d5148036e68127b7775445e5f79a,True,370.6749409902841,13,15024.7744140625,15234.0,2,222.10555197671056,100.58599500916898,,
predictor,1,47,4f59fbf51a0a5bfb4dc5af02cf294693:993dac5396a0:0:2,082a3f27a64a793001365f40fd7d76058660d5148036e68127b7775445e5f79a,True,368.2348520960659,13,15024.7744140625,15234.0,2,219.1531821154058,100.85931001231074,,
predictor,1,48,4f59fbf51a0a5bfb4dc5af02cf294693:993dac5396a0:0:3,082a3f27a64a793001365f40fd7d76058660d5148036e68127b7775445e5f79a,True,367.56653198972344,13,15024.7744140625,15234.0,2,218.38935813866556,100.75011709704995,,
predictor,1,49,4f59fbf51a0a5bfb4dc5af02cf294693:993dac5396a0:0:4,cb1d05299ff18cc4eb1eafa80966fcf02838d32be4a86d290ced7caf197919ad,True,329.8924688715488,10,15024.7744140625,15234.0,2,221.33362898603082,101.04179591871798,,
sieve,0,0,1a938d25604410ccd63b60285919eaec:c627e50da685:0:0,70f89282fb4200d4c7cb83660e5e90d9cf2d989cdecf70c1f868239e5f542294,True,287.02420787885785,7,15021.759765625,15234.0,2,218.6999418772757,101.13128996454179,0.004924661945551634,0
sieve,0,1,1a938d25604410ccd63b60285919eaec:c627e50da685:0:1,c709293d644a54f3b0d6270fc879317ff277c06c090c03c30f721b08140bbe7b,True,394.803054863587,15,15021.759765625,15234.0,2,218.49328093230724,101.09078092500567,0.004094086587429047,0
sieve,0,2,1a938d25604410ccd63b60285919eaec:c627e50da685:0:2,c709293d644a54f3b0d6270fc879317ff277c06c090c03c30f721b08140bbe7b,True,400.67795501090586,15,15021.759765625,15234.0,2,223.81069813854992,101.54538508504629,0.0040935343131423,0
sieve,0,3,1a938d25604410ccd63b60285919eaec:c627e50da685:0:3,c709293d644a54f3b0d6270fc879317ff277c06c090c03c30f721b08140bbe7b,True,405.01541597768664,15,15021.759765625,15234.0,2,228.52595802396536,101.77680989727378,0.0040935343131423,0
sieve,0,4,1a938d25604410ccd63b60285919eaec:c627e50da685:0:4,15905afe25f3666163b46d6b6948b985a7debd874743ae398a264536e830ec1f,True,293.9612059853971,7,15021.759765625,15234.0,2,225.56705796159804,101.39030800200999,0.01485521625727415,0
sieve,0,5,49cd6149f02ec01ee03a6eb8287ab2df:f982e9dfaf25:0:0,5feceb66ffc86f38d952786c6d696c79c2dbc239dd4e91b46729d73a27fb57e9,True,204.84718400985003,2,15017.73974609375,15234.0,2,204.16129496879876,90.55748791433871,0.004186899401247501,0
sieve,0,6,49cd6149f02ec01ee03a6eb8287ab2df:f982e9dfaf25:0:1,5feceb66ffc86f38d952786c6d696c79c2dbc239dd4e91b46729d73a27fb57e9,True,204.8338120803237,2,15017.73974609375,15234.0,2,204.1526271495968,90.42404708452523,0.004115694668143988,0
sieve,0,7,49cd6149f02ec01ee03a6eb8287ab2df:f982e9dfaf25:0:2,5feceb66ffc86f38d952786c6d696c79c2dbc239dd4e91b46729d73a27fb57e9,True,209.31329391896725,2,15017.73974609375,15234.0,2,208.6277329362929,90.4605200048536,0.004115694668143988,0
sieve,0,8,49cd6149f02ec01ee03a6eb8287ab2df:f982e9dfaf25:0:3,5feceb66ffc86f38d952786c6d696c79c2dbc239dd4e91b46729d73a27fb57e9,True,205.47595294192433,2,15017.73974609375,15234.0,2,204.77650105021894,90.93876299448311,0.004115694668143988,0
sieve,0,9,49cd6149f02ec01ee03a6eb8287ab2df:f982e9dfaf25:0:4,5feceb66ffc86f38d952786c6d696c79c2dbc239dd4e91b46729d73a27fb57e9,True,206.24298392795026,2,15017.73974609375,15234.0,2,205.55331907235086,90.59678204357624,0.008749167434871197,0
sieve,0,10,49cd6149f02ec01ee03a6eb8287ab2df:81739d7eb99c:0:0,5feceb66ffc86f38d952786c6d696c79c2dbc239dd4e91b46729d73a27fb57e9,True,206.84117381460965,2,15017.73974609375,15234.0,2,206.15551993250847,90.69992299191654,0.004186899401247501,0
sieve,0,11,49cd6149f02ec01ee03a6eb8287ab2df:81739d7eb99c:0:1,5feceb66ffc86f38d952786c6d696c79c2dbc239dd4e91b46729d73a27fb57e9,True,207.3049780447036,2,15017.73974609375,15234.0,2,206.60432614386082,90.36114416085184,0.004115694668143988,0
sieve,0,12,49cd6149f02ec01ee03a6eb8287ab2df:81739d7eb99c:0:2,5feceb66ffc86f38d952786c6d696c79c2dbc239dd4e91b46729d73a27fb57e9,True,204.5566018205136,2,15017.73974609375,15234.0,2,203.87480198405683,90.4104202054441,0.004115694668143988,0
sieve,0,13,49cd6149f02ec01ee03a6eb8287ab2df:81739d7eb99c:0:3,5feceb66ffc86f38d952786c6d696c79c2dbc239dd4e91b46729d73a27fb57e9,True,204.8095860518515,2,15017.73974609375,15234.0,2,204.1291759815067,90.34770587459207,0.004115694668143988,0
sieve,0,14,49cd6149f02ec01ee03a6eb8287ab2df:81739d7eb99c:0:4,5feceb66ffc86f38d952786c6d696c79c2dbc239dd4e91b46729d73a27fb57e9,True,210.092460969463,2,15017.73974609375,15234.0,2,209.40146106295288,91.1347649525851,0.008749167434871197,0
sieve,0,15,c6050fe51d3408b1eaef27e08e7f1956:1458b54ae2f6:0:0,d656de69c0da6209d397a8d5f7affee137ddc3be7811a9522dee62d3b10d52c8,True,308.6338590364903,8,15028.443359375,15234.0,2,226.7959350720048,101.50897107087076,0.004732169676572084,0
sieve,0,16,c6050fe51d3408b1eaef27e08e7f1956:1458b54ae2f6:0:1,cdb81c63cda0b6ef0b2a1260fb987458ab47d5bebf8b78c6355a3a6dc164506d,True,330.64308599568903,10,15028.443359375,15234.0,2,221.6743619646877,101.5080139040947,0.004826493561267853,0
sieve,0,17,c6050fe51d3408b1eaef27e08e7f1956:1458b54ae2f6:0:2,fe50179dd819d03ae1216ed234b97e224965b782031f3c44efdb45fd96b23cd1,True,315.6537231989205,9,15028.443359375,15234.0,2,220.3021701425314,101.43193998374045,0.010608753189444542,0
sieve,0,18,c6050fe51d3408b1eaef27e08e7f1956:1458b54ae2f6:0:3,193405ed8b35f3ee7bb64910e10c564fde35fef8c1a936749daf66c5d021ba99,True,270.6650730688125,5,15028.443359375,15234.0,2,228.8967960048467,101.5604748390615,0.004568173084408045,0
sieve,0,19,c6050fe51d3408b1eaef27e08e7f1956:1458b54ae2f6:0:4,b95e2705d5a356fbf1413fffbb51166a15189a8408c65518ca1e169bb0b681ec,True,359.6198931336403,11,15028.443359375,15234.0,2,236.92333605140448,101.38724301941693,0.01720445416867733,0
sieve,0,20,c6050fe51d3408b1eaef27e08e7f1956:e4e99a4d6532:0:0,d656de69c0da6209d397a8d5f7affee137ddc3be7811a9522dee62d3b10d52c8,True,307.58673790842295,8,15028.443359375,15234.0,2,225.5891829263419,102.08617895841599,0.004732169676572084,0
sieve,0,21,c6050fe51d3408b1eaef27e08e7f1956:e4e99a4d6532:0:1,cdb81c63cda0b6ef0b2a1260fb987458ab47d5bebf8b78c6355a3a6dc164506d,True,332.1877990383655,10,15028.443359375,15234.0,2,223.585617961362,102.21667680889368,0.004826493561267853,0
sieve,0,22,c6050fe51d3408b1eaef27e08e7f1956:e4e99a4d6532:0:2,fe50179dd819d03ae1216ed234b97e224965b782031f3c44efdb45fd96b23cd1,True,334.58641916513443,9,15028.443359375,15234.0,2,240.02866819500923,101.41739202663302,0.010608753189444542,0
sieve,0,23,c6050fe51d3408b1eaef27e08e7f1956:e4e99a4d6532:0:3,193405ed8b35f3ee7bb64910e10c564fde35fef8c1a936749daf66c5d021ba99,True,282.41587593220174,5,15028.443359375,15234.0,2,241.08060100115836,101.47518408484757,0.004568173084408045,0
sieve,0,24,c6050fe51d3408b1eaef27e08e7f1956:e4e99a4d6532:0:4,b95e2705d5a356fbf1413fffbb51166a15189a8408c65518ca1e169bb0b681ec,True,342.7642199676484,11,15028.443359375,15234.0,2,221.05936985462904,101.33373597636819,0.01720445416867733,0
sieve,0,25,bb98dd0bceac09d24db1ecb2af549a92:377f7f0dd150:0:0,1ea442a134b2a184bd5d40104401f2a37fbc09ccf3f4bc9da161c6099be3691d,True,212.36332110129297,1,15000.8271484375,15234.0,1,212.30108221061528,76.33594004437327,0.004115694668143988,0
sieve,0,26,bb98dd0bceac09d24db1ecb2af549a92:377f7f0dd150:0:1,1ea442a134b2a184bd5d40104401f2a37fbc09ccf3f4bc9da161c6099be3691d,True,191.17918191477656,1,15000.8271484375,15234.0,1,191.12238404341042,76.98917505331337,0.004109101835638285,0
sieve,0,27,bb98dd0bceac09d24db1ecb2af549a92:377f7f0dd150:0:2,1ea442a134b2a184bd5d40104401f2a37fbc09ccf3f4bc9da161c6099be3691d,True,190.67840813659132,1,15000.8271484375,15234.0,1,190.623524133116,76.30740595050156,0.004115694668143988,0
sieve,0,28,bb98dd0bceac09d24db1ecb2af549a92:377f7f0dd150:0:3,85a39ab345d672ff8ca9b9c6876f3adcacf45ee7c1e2dbd2408fd338bd55e07e,True,189.75736410357058,1,15000.8271484375,15234.0,1,189.70288010314107,76.27491792663932,0.005901636555790901,0
sieve,0,29,bb98dd0bceac09d24db1ecb2af549a92:377f7f0dd150:0:4,85a39ab345d672ff8ca9b9c6876f3adcacf45ee7c1e2dbd2408fd338bd55e07e,True,189.46453602984548,1,15000.8271484375,15234.0,1,189.41077892668545,76.26446592621505,0.005041200667619705,0
sieve,0,30,bb98dd0bceac09d24db1ecb2af549a92:2cf3a7a3a65c:0:0,1ea442a134b2a184bd5d40104401f2a37fbc09ccf3f4bc9da161c6099be3691d,True,189.37485408969223,1,15000.8271484375,15234.0,1,189.32288303039968,76.20530109852552,0.004115694668143988,0
sieve,0,31,bb98dd0bceac09d24db1ecb2af549a92:2cf3a7a3a65c:0:1,1ea442a134b2a184bd5d40104401f2a37fbc09ccf3f4bc9da161c6099be3691d,True,189.08900814130902,1,15000.8271484375,15234.0,1,189.03770600445569,76.2049499899149,0.004109101835638285,0
sieve,0,32,bb98dd0bceac09d24db1ecb2af549a92:2cf3a7a3a65c:0:2,1ea442a134b2a184bd5d40104401f2a37fbc09ccf3f4bc9da161c6099be3691d,True,190.08515984751284,1,15000.8271484375,15234.0,1,190.03138784319162,76.92303787916899,0.004115694668143988,0
sieve,0,33,bb98dd0bceac09d24db1ecb2af549a92:2cf3a7a3a65c:0:3,85a39ab345d672ff8ca9b9c6876f3adcacf45ee7c1e2dbd2408fd338bd55e07e,True,212.9564518108964,1,15000.8271484375,15234.0,1,212.89933589287102,76.41140092164278,0.005901636555790901,0
sieve,0,34,bb98dd0bceac09d24db1ecb2af549a92:2cf3a7a3a65c:0:4,85a39ab345d672ff8ca9b9c6876f3adcacf45ee7c1e2dbd2408fd338bd55e07e,True,191.22286094352603,1,15000.8271484375,15234.0,1,191.16708915680647,76.52853219769895,0.005041200667619705,0
sieve,0,35,b877dd782edba758ab429e3ee3de3329:97e16cc551e4:0:0,5feceb66ffc86f38d952786c6d696c79c2dbc239dd4e91b46729d73a27fb57e9,True,205.59947611764073,2,15017.73974609375,15234.0,2,204.91595403291285,90.99878207780421,0.0040935343131423,0
sieve,0,36,b877dd782edba758ab429e3ee3de3329:97e16cc551e4:0:1,5feceb66ffc86f38d952786c6d696c79c2dbc239dd4e91b46729d73a27fb57e9,True,224.10775697790086,2,15017.73974609375,15234.0,2,223.43191597610712,90.65069979988039,0.004115694668143988,0
sieve,0,37,b877dd782edba758ab429e3ee3de3329:97e16cc551e4:0:2,5feceb66ffc86f38d952786c6d696c79c2dbc239dd4e91b46729d73a27fb57e9,True,205.90360090136528,2,15017.73974609375,15234.0,2,205.23505890741944,90.29281395487487,0.004115694668143988,0
sieve,0,38,b877dd782edba758ab429e3ee3de3329:97e16cc551e4:0:3,5feceb66ffc86f38d952786c6d696c79c2dbc239dd4e91b46729d73a27fb57e9,True,205.28403297066689,2,15017.73974609375,15234.0,2,204.6111929230392,91.0376450046897,0.004115694668143988,0
sieve,0,39,b877dd782edba758ab429e3ee3de3329:97e16cc551e4:0:4,6b86b273ff34fce19d6b804eff5a3f5747ada4eaa22f1d49c01e52ddb7875b4b,True,204.30104504339397,2,15017.73974609375,15234.0,2,203.62525898963213,90.40152607485652,0.007833479903638363,0
sieve,0,40,b877dd782edba758ab429e3ee3de3329:dd7f6c9e007d:0:0,5feceb66ffc86f38d952786c6d696c79c2dbc239dd4e91b46729d73a27fb57e9,True,205.2597168367356,2,15017.73974609375,15234.0,2,204.60185292176902,90.5620139092207,0.0040935343131423,0
sieve,0,41,b877dd782edba758ab429e3ee3de3329:dd7f6c9e007d:0:1,5feceb66ffc86f38d952786c6d696c79c2dbc239dd4e91b46729d73a27fb57e9,True,204.21793684363365,2,15017.73974609375,15234.0,2,203.50881200283766,90.30044614337385,0.004115694668143988,0
sieve,0,42,b877dd782edba758ab429e3ee3de3329:dd7f6c9e007d:0:2,5feceb66ffc86f38d952786c6d696c79c2dbc239dd4e91b46729d73a27fb57e9,True,204.36782110482454,2,15017.73974609375,15234.0,2,203.70820607058704,90.3820141684264,0.004115694668143988,0
sieve,0,43,b877dd782edba758ab429e3ee3de3329:dd7f6c9e007d:0:3,5feceb66ffc86f38d952786c6d696c79c2dbc239dd4e91b46729d73a27fb57e9,True,204.3217751197517,2,15017.73974609375,15234.0,2,203.65536119788885,90.35353315994143,0.004115694668143988,0
sieve,0,44,b877dd782edba758ab429e3ee3de3329:dd7f6c9e007d:0:4,6b86b273ff34fce19d6b804eff5a3f5747ada4eaa22f1d49c01e52ddb7875b4b,True,205.00717591494322,2,15017.73974609375,15234.0,2,204.33130278252065,90.61108995229006,0.007833479903638363,0
sieve,0,45,4f59fbf51a0a5bfb4dc5af02cf294693:993dac5396a0:0:0,082a3f27a64a793001365f40fd7d76058660d5148036e68127b7775445e5f79a,True,367.8748710080981,13,15024.7744140625,15234.0,2,219.25726509653032,101.3992300722748,0.004689679481089115,0
sieve,0,46,4f59fbf51a0a5bfb4dc5af02cf294693:993dac5396a0:0:1,082a3f27a64a793001365f40fd7d76058660d5148036e68127b7775445e5f79a,True,379.54351189546287,13,15024.7744140625,15234.0,2,229.92674494162202,101.29478992894292,0.004132868722081184,0
sieve,0,47,4f59fbf51a0a5bfb4dc5af02cf294693:993dac5396a0:0:2,082a3f27a64a793001365f40fd7d76058660d5148036e68127b7775445e5f79a,True,379.1700378060341,13,15024.7744140625,15234.0,2,230.665611801669,101.15207289345562,0.0041106161661446095,0
sieve,0,48,4f59fbf51a0a5bfb4dc5af02cf294693:993dac5396a0:0:3,082a3f27a64a793001365f40fd7d76058660d5148036e68127b7775445e5f79a,True,385.1866261102259,13,15024.7744140625,15234.0,2,235.98732613027096,101.15221608430147,0.004110692534595728,0
sieve,0,49,4f59fbf51a0a5bfb4dc5af02cf294693:993dac5396a0:0:4,cb1d05299ff18cc4eb1eafa80966fcf02838d32be4a86d290ced7caf197919ad,True,328.31220887601376,10,15024.7744140625,15234.0,2,219.16582784615457,101.27910785377026,0.004714593291282654,0
sieve,1,0,1a938d25604410ccd63b60285919eaec:c627e50da685:0:0,70f89282fb4200d4c7cb83660e5e90d9cf2d989cdecf70c1f868239e5f542294,True,333.2672589458525,7,15021.759765625,15234.0,2,265.1147178839892,123.14772489480674,0.004924661945551634,0
sieve,1,1,1a938d25604410ccd63b60285919eaec:c627e50da685:0:1,c709293d644a54f3b0d6270fc879317ff277c06c090c03c30f721b08140bbe7b,True,420.6046909093857,15,15021.759765625,15234.0,2,243.99648094549775,101.82678094133735,0.004094086587429047,0
sieve,1,2,1a938d25604410ccd63b60285919eaec:c627e50da685:0:2,c709293d644a54f3b0d6270fc879317ff277c06c090c03c30f721b08140bbe7b,True,407.93536603450775,15,15021.759765625,15234.0,2,232.89674893021584,101.58785106614232,0.0040935343131423,0
sieve,1,3,1a938d25604410ccd63b60285919eaec:c627e50da685:0:3,c709293d644a54f3b0d6270fc879317ff277c06c090c03c30f721b08140bbe7b,True,395.63093800097704,15,15021.759765625,15234.0,2,220.47295700758696,101.24158603139222,0.0040935343131423,0
sieve,1,4,1a938d25604410ccd63b60285919eaec:c627e50da685:0:4,15905afe25f3666163b46d6b6948b985a7debd874743ae398a264536e830ec1f,True,307.5333540327847,7,15021.759765625,15234.0,2,239.67701802030206,101.11182206310332,0.01485521625727415,0
sieve,1,5,49cd6149f02ec01ee03a6eb8287ab2df:f982e9dfaf25:0:0,5feceb66ffc86f38d952786c6d696c79c2dbc239dd4e91b46729d73a27fb57e9,True,204.8223060555756,2,15017.73974609375,15234.0,2,204.15544207207859,90.89656313881278,0.004186899401247501,0
sieve,1,6,49cd6149f02ec01ee03a6eb8287ab2df:f982e9dfaf25:0:1,5feceb66ffc86f38d952786c6d696c79c2dbc239dd4e91b46729d73a27fb57e9,True,204.44798190146685,2,15017.73974609375,15234.0,2,203.77062098123133,90.37135308608413,0.004115694668143988,0
sieve,1,7,49cd6149f02ec01ee03a6eb8287ab2df:f982e9dfaf25:0:2,5feceb66ffc86f38d952786c6d696c79c2dbc239dd4e91b46729d73a27fb57e9,True,204.0871949866414,2,15017.73974609375,15234.0,2,203.41674983501434,90.24988184683025,0.004115694668143988,0
sieve,1,8,49cd6149f02ec01ee03a6eb8287ab2df:f982e9dfaf25:0:3,5feceb66ffc86f38d952786c6d696c79c2dbc239dd4e91b46729d73a27fb57e9,True,204.97543807141483,2,15017.73974609375,15234.0,2,204.28817300125957,90.63270501792431,0.004115694668143988,0
sieve,1,9,49cd6149f02ec01ee03a6eb8287ab2df:f982e9dfaf25:0:4,5feceb66ffc86f38d952786c6d696c79c2dbc239dd4e91b46729d73a27fb57e9,True,206.80147409439087,2,15017.73974609375,15234.0,2,206.12481702119112,90.48131899908185,0.008749167434871197,0
sieve,1,10,49cd6149f02ec01ee03a6eb8287ab2df:81739d7eb99c:0:0,5feceb66ffc86f38d952786c6d696c79c2dbc239dd4e91b46729d73a27fb57e9,True,204.6755279880017,2,15017.73974609375,15234.0,2,204.00087488815188,90.22737783379853,0.004186899401247501,0
sieve,1,11,49cd6149f02ec01ee03a6eb8287ab2df:81739d7eb99c:0:1,5feceb66ffc86f38d952786c6d696c79c2dbc239dd4e91b46729d73a27fb57e9,True,204.96311807073653,2,15017.73974609375,15234.0,2,204.27310606464744,90.96791408956051,0.004115694668143988,0
sieve,1,12,49cd6149f02ec01ee03a6eb8287ab2df:81739d7eb99c:0:2,5feceb66ffc86f38d952786c6d696c79c2dbc239dd4e91b46729d73a27fb57e9,True,206.73810900188982,2,15017.73974609375,15234.0,2,206.06201305054128,90.22341901436448,0.004115694668143988,0
sieve,1,13,49cd6149f02ec01ee03a6eb8287ab2df:81739d7eb99c:0:3,5feceb66ffc86f38d952786c6d696c79c2dbc239dd4e91b46729d73a27fb57e9,True,204.16591688990593,2,15017.73974609375,15234.0,2,203.49523681215942,90.20145190879703,0.004115694668143988,0
sieve,1,14,49cd6149f02ec01ee03a6eb8287ab2df:81739d7eb99c:0:4,5feceb66ffc86f38d952786c6d696c79c2dbc239dd4e91b46729d73a27fb57e9,True,205.3636321797967,2,15017.73974609375,15234.0,2,204.69146920368075,90.41380719281733,0.008749167434871197,0
sieve,1,15,c6050fe51d3408b1eaef27e08e7f1956:1458b54ae2f6:0:0,d656de69c0da6209d397a8d5f7affee137ddc3be7811a9522dee62d3b10d52c8,True,299.9810129404068,8,15028.443359375,15234.0,2,218.8382449094206,100.99271009676158,0.004732169676572084,0
sieve,1,16,c6050fe51d3408b1eaef27e08e7f1956:1458b54ae2f6:0:1,cdb81c63cda0b6ef0b2a1260fb987458ab47d5bebf8b78c6355a3a6dc164506d,True,326.5447788871825,10,15028.443359375,15234.0,2,218.39184197597206,100.96540907397866,0.004826493561267853,0
sieve,1,17,c6050fe51d3408b1eaef27e08e7f1956:1458b54ae2f6:0:2,fe50179dd819d03ae1216ed234b97e224965b782031f3c44efdb45fd96b23cd1,True,322.0819749403745,9,15028.443359375,15234.0,2,227.35204291529953,101.60423908382654,0.010608753189444542,0
sieve,1,18,c6050fe51d3408b1eaef27e08e7f1956:1458b54ae2f6:0:3,193405ed8b35f3ee7bb64910e10c564fde35fef8c1a936749daf66c5d021ba99,True,264.3649198580533,5,15028.443359375,15234.0,2,223.2028148137033,101.32983489893377,0.004568173084408045,0
sieve,1,19,c6050fe51d3408b1eaef27e08e7f1956:1458b54ae2f6:0:4,b95e2705d5a356fbf1413fffbb51166a15189a8408c65518ca1e169bb0b681ec,True,340.4829509090632,11,15028.443359375,15234.0,2,219.0412248019129,101.20932199060917,0.01720445416867733,0
sieve,1,20,c6050fe51d3408b1eaef27e08e7f1956:e4e99a4d6532:0:0,d656de69c0da6209d397a8d5f7affee137ddc3be7811a9522dee62d3b10d52c8,True,321.6646141372621,8,15028.443359375,15234.0,2,240.00648502260447,101.24692390672863,0.004732169676572084,0
sieve,1,21,c6050fe51d3408b1eaef27e08e7f1956:e4e99a4d6532:0:1,cdb81c63cda0b6ef0b2a1260fb987458ab47d5bebf8b78c6355a3a6dc164506d,True,326.7948739230633,10,15028.443359375,15234.0,2,218.51848694495857,101.10818012617528,0.004826493561267853,0
sieve,1,22,c6050fe51d3408b1eaef27e08e7f1956:e4e99a4d6532:0:2,fe50179dd819d03ae1216ed234b97e224965b782031f3c44efdb45fd96b23cd1,True,328.9691519457847,9,15028.443359375,15234.0,2,234.37574203126132,101.47046786732972,0.010608753189444542,0
sieve,1,23,c6050fe51d3408b1eaef27e08e7f1956:e4e99a4d6532:0:3,193405ed8b35f3ee7bb64910e10c564fde35fef8c1a936749daf66c5d021ba99,True,263.4506761096418,5,15028.443359375,15234.0,2,222.35822398215532,101.90891893580556,0.004568173084408045,0
sieve,1,24,c6050fe51d3408b1eaef27e08e7f1956:e4e99a4d6532:0:4,b95e2705d5a356fbf1413fffbb51166a15189a8408c65518ca1e169bb0b681ec,True,341.1343009211123,11,15028.443359375,15234.0,2,219.51519092544913,101.21011408045888,0.01720445416867733,0
sieve,1,25,bb98dd0bceac09d24db1ecb2af549a92:377f7f0dd150:0:0,1ea442a134b2a184bd5d40104401f2a37fbc09ccf3f4bc9da161c6099be3691d,True,189.8276701103896,1,15000.8271484375,15234.0,1,189.77476400323212,76.44667103886604,0.004115694668143988,0
sieve,1,26,bb98dd0bceac09d24db1ecb2af549a92:377f7f0dd150:0:1,1ea442a134b2a184bd5d40104401f2a37fbc09ccf3f4bc9da161c6099be3691d,True,190.03478693775833,1,15000.8271484375,15234.0,1,189.98193694278598,76.42923900857568,0.004109101835638285,0
sieve,1,27,bb98dd0bceac09d24db1ecb2af549a92:377f7f0dd150:0:2,1ea442a134b2a184bd5d40104401f2a37fbc09ccf3f4bc9da161c6099be3691d,True,189.69682906754315,1,15000.8271484375,15234.0,1,189.64481609873474,76.26920100301504,0.004115694668143988,0
sieve,1,28,bb98dd0bceac09d24db1ecb2af549a92:377f7f0dd150:0:3,85a39ab345d672ff8ca9b9c6876f3adcacf45ee7c1e2dbd2408fd338bd55e07e,True,189.40610508434474,1,15000.8271484375,15234.0,1,189.3529931548983,76.23334415256977,0.005901636555790901,0
sieve,1,29,bb98dd0bceac09d24db1ecb2af549a92:377f7f0dd150:0:4,85a39ab345d672ff8ca9b9c6876f3adcacf45ee7c1e2dbd2408fd338bd55e07e,True,189.50759596191347,1,15000.8271484375,15234.0,1,189.453894039616,76.73857919871807,0.005041200667619705,0
sieve,1,30,bb98dd0bceac09d24db1ecb2af549a92:2cf3a7a3a65c:0:0,1ea442a134b2a184bd5d40104401f2a37fbc09ccf3f4bc9da161c6099be3691d,True,189.349991036579,1,15000.8271484375,15234.0,1,189.29708003997803,76.39153208583593,0.004115694668143988,0
sieve,1,31,bb98dd0bceac09d24db1ecb2af549a92:2cf3a7a3a65c:0:1,1ea442a134b2a184bd5d40104401f2a37fbc09ccf3f4bc9da161c6099be3691d,True,192.05433293245733,1,15000.8271484375,15234.0,1,191.98929797858,76.69516000896692,0.004109101835638285,0
sieve,1,32,bb98dd0bceac09d24db1ecb2af549a92:2cf3a7a3a65c:0:2,1ea442a134b2a184bd5d40104401f2a37fbc09ccf3f4bc9da161c6099be3691d,True,190.60376496054232,1,15000.8271484375,15234.0,1,190.53928088396788,76.62838092073798,0.004115694668143988,0
sieve,1,33,bb98dd0bceac09d24db1ecb2af549a92:2cf3a7a3a65c:0:3,85a39ab345d672ff8ca9b9c6876f3adcacf45ee7c1e2dbd2408fd338bd55e07e,True,215.59500182047486,1,15000.8271484375,15234.0,1,215.52640688605607,76.82571397162974,0.005901636555790901,0
sieve,1,34,bb98dd0bceac09d24db1ecb2af549a92:2cf3a7a3a65c:0:4,85a39ab345d672ff8ca9b9c6876f3adcacf45ee7c1e2dbd2408fd338bd55e07e,True,193.3395320083946,1,15000.8271484375,15234.0,1,193.2831690646708,76.51820010505617,0.005041200667619705,0
sieve,1,35,b877dd782edba758ab429e3ee3de3329:97e16cc551e4:0:0,5feceb66ffc86f38d952786c6d696c79c2dbc239dd4e91b46729d73a27fb57e9,True,204.85860505141318,2,15017.73974609375,15234.0,2,204.1810799855739,90.96308308653533,0.0040935343131423,0
sieve,1,36,b877dd782edba758ab429e3ee3de3329:97e16cc551e4:0:1,5feceb66ffc86f38d952786c6d696c79c2dbc239dd4e91b46729d73a27fb57e9,True,203.83731788024306,2,15017.73974609375,15234.0,2,203.1571799889207,90.18152090720832,0.004115694668143988,0
sieve,1,37,b877dd782edba758ab429e3ee3de3329:97e16cc551e4:0:2,5feceb66ffc86f38d952786c6d696c79c2dbc239dd4e91b46729d73a27fb57e9,True,205.4326538927853,2,15017.73974609375,15234.0,2,204.7650038730353,90.50732594914734,0.004115694668143988,0
sieve,1,38,b877dd782edba758ab429e3ee3de3329:97e16cc551e4:0:3,5feceb66ffc86f38d952786c6d696c79c2dbc239dd4e91b46729d73a27fb57e9,True,213.1100599654019,2,15017.73974609375,15234.0,2,212.43174886330962,90.27594095095992,0.004115694668143988,0
sieve,1,39,b877dd782edba758ab429e3ee3de3329:97e16cc551e4:0:4,6b86b273ff34fce19d6b804eff5a3f5747ada4eaa22f1d49c01e52ddb7875b4b,True,206.02020691148937,2,15017.73974609375,15234.0,2,205.3554009180516,90.38583911024034,0.007833479903638363,0
sieve,1,40,b877dd782edba758ab429e3ee3de3329:dd7f6c9e007d:0:0,5feceb66ffc86f38d952786c6d696c79c2dbc239dd4e91b46729d73a27fb57e9,True,203.89501098543406,2,15017.73974609375,15234.0,2,203.22127104736865,90.12550604529679,0.0040935343131423,0
sieve,1,41,b877dd782edba758ab429e3ee3de3329:dd7f6c9e007d:0:1,5feceb66ffc86f38d952786c6d696c79c2dbc239dd4e91b46729d73a27fb57e9,True,205.99762187339365,2,15017.73974609375,15234.0,2,205.31750307418406,90.98093304783106,0.004115694668143988,0
sieve,1,42,b877dd782edba758ab429e3ee3de3329:dd7f6c9e007d:0:2,5feceb66ffc86f38d952786c6d696c79c2dbc239dd4e91b46729d73a27fb57e9,True,204.35570692643523,2,15017.73974609375,15234.0,2,203.6834410391748,90.19253705628216,0.004115694668143988,0
sieve,1,43,b877dd782edba758ab429e3ee3de3329:dd7f6c9e007d:0:3,5feceb66ffc86f38d952786c6d696c79c2dbc239dd4e91b46729d73a27fb57e9,True,204.68961191363633,2,15017.73974609375,15234.0,2,204.01055505499244,90.2745220810175,0.004115694668143988,0
sieve,1,44,b877dd782edba758ab429e3ee3de3329:dd7f6c9e007d:0:4,6b86b273ff34fce19d6b804eff5a3f5747ada4eaa22f1d49c01e52ddb7875b4b,True,205.27049899101257,2,15017.73974609375,15234.0,2,204.60281800478697,90.47021996229887,0.007833479903638363,0
sieve,1,45,4f59fbf51a0a5bfb4dc5af02cf294693:993dac5396a0:0:0,082a3f27a64a793001365f40fd7d76058660d5148036e68127b7775445e5f79a,True,365.91292382217944,13,15024.7744140625,15234.0,2,217.3970970325172,100.95905722118914,0.004689679481089115,0
sieve,1,46,4f59fbf51a0a5bfb4dc5af02cf294693:993dac5396a0:0:1,082a3f27a64a793001365f40fd7d76058660d5148036e68127b7775445e5f79a,True,380.3687891922891,13,15024.7744140625,15234.0,2,232.1488840971142,101.31539404392242,0.004132868722081184,0
sieve,1,47,4f59fbf51a0a5bfb4dc5af02cf294693:993dac5396a0:0:2,082a3f27a64a793001365f40fd7d76058660d5148036e68127b7775445e5f79a,True,367.20597511157393,13,15024.7744140625,15234.0,2,218.70548115111887,101.6753101721406,0.0041106161661446095,0
sieve,1,48,4f59fbf51a0a5bfb4dc5af02cf294693:993dac5396a0:0:3,082a3f27a64a793001365f40fd7d76058660d5148036e68127b7775445e5f79a,True,380.5310381576419,13,15024.7744140625,15234.0,2,231.94693797267973,101.37644479982555,0.004110692534595728,0
sieve,1,49,4f59fbf51a0a5bfb4dc5af02cf294693:993dac5396a0:0:4,cb1d05299ff18cc4eb1eafa80966fcf02838d32be4a86d290ced7caf197919ad,True,343.6173552181572,10,15024.7744140625,15234.0,2,235.51789112389088,101.17944492958486,0.004714593291282654,0
