mode,repeat,sample_index,orig_id,answer_sha256,answer_matches_vanilla,latency_ms,tokens,peak_allocated_mb,peak_reserved_mb,steps_processed,detection_ready_ms,detection_after_prefill_ms,detector_probability,detector_prediction
vanilla,0,0,1a938d25604410ccd63b60285919eaec:c627e50da685:0:0,ad7432ad3647d5979a4c8f07ea59db904408a5ca59b44fc807019ff723c8fe9d,True,532.6009129639715,12,15617.40185546875,15808.0,,,,,
vanilla,0,1,1a938d25604410ccd63b60285919eaec:c627e50da685:0:1,ad7432ad3647d5979a4c8f07ea59db904408a5ca59b44fc807019ff723c8fe9d,True,528.9717559935525,12,15617.40185546875,15808.0,,,,,
vanilla,0,2,1a938d25604410ccd63b60285919eaec:c627e50da685:0:2,45b29a4f9a357408272a3d9ee292dd9f825df58412a294bc76edad70933ff8f3,True,528.9255770621821,12,15617.40185546875,15808.0,,,,,
vanilla,0,3,1a938d25604410ccd63b60285919eaec:c627e50da685:0:3,8f13312bc57593ae709f0e55a18489d480c2a86c8038ac06144174a3f51b5600,True,530.3600179031491,12,15617.40185546875,15808.0,,,,,
vanilla,0,4,1a938d25604410ccd63b60285919eaec:c627e50da685:0:4,8f13312bc57593ae709f0e55a18489d480c2a86c8038ac06144174a3f51b5600,True,528.5533759742975,12,15617.40185546875,15808.0,,,,,
vanilla,0,5,49cd6149f02ec01ee03a6eb8287ab2df:f982e9dfaf25:0:0,dfa96710626dd8454b20bab58edadf81faa7374948fab10c0910e55037cea818,True,665.154121001251,20,15617.14501953125,15808.0,,,,,
vanilla,0,6,49cd6149f02ec01ee03a6eb8287ab2df:f982e9dfaf25:0:1,86024a4fa91c4b919c6bf7d14d030232d1b278e47a39c03efbe698cebb092a16,True,646.1028889752924,19,15617.14501953125,15808.0,,,,,
vanilla,0,7,49cd6149f02ec01ee03a6eb8287ab2df:f982e9dfaf25:0:2,cf7957792cc42aad7f2f87beb1240027c78a84aebb3babafec5afeab6040dc38,True,627.7403269195929,18,15617.14501953125,15808.0,,,,,
vanilla,0,8,49cd6149f02ec01ee03a6eb8287ab2df:f982e9dfaf25:0:3,e62c1d2a0e028a848bf11c6aee602c7b04b7c5d57080024b56092666b47f8121,True,698.5398350516334,22,15617.14501953125,15808.0,,,,,
vanilla,0,9,49cd6149f02ec01ee03a6eb8287ab2df:f982e9dfaf25:0:4,f9472589f3263b5d01f4798bd4b1db08a9f8d5bfd4a7de1f6a20d7afa4d2fc9d,True,613.3309339638799,17,15617.14501953125,15808.0,,,,,
vanilla,0,10,49cd6149f02ec01ee03a6eb8287ab2df:81739d7eb99c:0:0,dfa96710626dd8454b20bab58edadf81faa7374948fab10c0910e55037cea818,True,663.8981099240482,20,15617.14501953125,15808.0,,,,,
vanilla,0,11,49cd6149f02ec01ee03a6eb8287ab2df:81739d7eb99c:0:1,86024a4fa91c4b919c6bf7d14d030232d1b278e47a39c03efbe698cebb092a16,True,646.470632054843,19,15617.14501953125,15808.0,,,,,
vanilla,0,12,49cd6149f02ec01ee03a6eb8287ab2df:81739d7eb99c:0:2,cf7957792cc42aad7f2f87beb1240027c78a84aebb3babafec5afeab6040dc38,True,629.8435999779031,18,15617.14501953125,15808.0,,,,,
vanilla,0,13,49cd6149f02ec01ee03a6eb8287ab2df:81739d7eb99c:0:3,e62c1d2a0e028a848bf11c6aee602c7b04b7c5d57080024b56092666b47f8121,True,694.0800759475678,22,15617.14501953125,15808.0,,,,,
vanilla,0,14,49cd6149f02ec01ee03a6eb8287ab2df:81739d7eb99c:0:4,f9472589f3263b5d01f4798bd4b1db08a9f8d5bfd4a7de1f6a20d7afa4d2fc9d,True,613.7623940594494,17,15617.14501953125,15808.0,,,,,
vanilla,0,15,c6050fe51d3408b1eaef27e08e7f1956:1458b54ae2f6:0:0,0c2763434c50e20730f49847263ef9024806cb1a0560c523ed77737027dc7584,True,614.2219440080225,17,15617.54833984375,15808.0,,,,,
vanilla,0,16,c6050fe51d3408b1eaef27e08e7f1956:1458b54ae2f6:0:1,664067171cd1bbc5ce837d235ed3ea23011690faf92d70710e11636621c1b115,True,827.8577359160408,30,15617.54833984375,15808.0,,,,,
vanilla,0,17,c6050fe51d3408b1eaef27e08e7f1956:1458b54ae2f6:0:2,c6b78a53ab1e086ea1b1d04c24bdf6d361a4c414a514fa6f179a43df6e2fb518,True,882.9820000100881,33,15617.54833984375,15808.0,,,,,
vanilla,0,18,c6050fe51d3408b1eaef27e08e7f1956:1458b54ae2f6:0:3,76081f5fd3a7d2fecc5219b9f1a003927ab2f0a03cbcea2809aa13575b12704d,True,528.6696939729154,12,15617.54833984375,15808.0,,,,,
vanilla,0,19,c6050fe51d3408b1eaef27e08e7f1956:1458b54ae2f6:0:4,ad3a25be620e9e8363cf8b064f96e3948b2c3e9ae99d2778aa19fe9e3c58386a,True,929.3869180837646,36,15617.54833984375,15808.0,,,,,
vanilla,0,20,c6050fe51d3408b1eaef27e08e7f1956:e4e99a4d6532:0:0,0c2763434c50e20730f49847263ef9024806cb1a0560c523ed77737027dc7584,True,612.018333049491,17,15617.54833984375,15808.0,,,,,
vanilla,0,21,c6050fe51d3408b1eaef27e08e7f1956:e4e99a4d6532:0:1,664067171cd1bbc5ce837d235ed3ea23011690faf92d70710e11636621c1b115,True,831.1005809810013,30,15617.54833984375,15808.0,,,,,
vanilla,0,22,c6050fe51d3408b1eaef27e08e7f1956:e4e99a4d6532:0:2,c6b78a53ab1e086ea1b1d04c24bdf6d361a4c414a514fa6f179a43df6e2fb518,True,880.8199089253321,33,15617.54833984375,15808.0,,,,,
vanilla,0,23,c6050fe51d3408b1eaef27e08e7f1956:e4e99a4d6532:0:3,76081f5fd3a7d2fecc5219b9f1a003927ab2f0a03cbcea2809aa13575b12704d,True,529.5527039561421,12,15617.54833984375,15808.0,,,,,
vanilla,0,24,c6050fe51d3408b1eaef27e08e7f1956:e4e99a4d6532:0:4,ad3a25be620e9e8363cf8b064f96e3948b2c3e9ae99d2778aa19fe9e3c58386a,True,932.0860849693418,36,15617.54833984375,15808.0,,,,,
vanilla,0,25,bb98dd0bceac09d24db1ecb2af549a92:377f7f0dd150:0:0,c7fdec5fa5d5e1adf291637b9bb1fe8f118cbb3eb57af7ef76921e247600c9c6,True,644.9569649994373,19,15617.14501953125,15808.0,,,,,
vanilla,0,26,bb98dd0bceac09d24db1ecb2af549a92:377f7f0dd150:0:1,4af9997807defa232e553246d42901a0d746fdbefff91462d7ee0c1a91ca74e4,True,762.1225810144097,26,15617.14501953125,15808.0,,,,,
vanilla,0,27,bb98dd0bceac09d24db1ecb2af549a92:377f7f0dd150:0:2,75d13c8ce97c12289f2430a015d1d7989bcb997955ebfd456b23a70f3283334e,True,728.3286770107225,24,15617.14501953125,15808.0,,,,,
vanilla,0,28,bb98dd0bceac09d24db1ecb2af549a92:377f7f0dd150:0:3,07076b19c18093e788139445acd32421179c80fb131abb5020ab511b244dfaf3,True,545.0646509416401,13,15617.14501953125,15808.0,,,,,
vanilla,0,29,bb98dd0bceac09d24db1ecb2af549a92:377f7f0dd150:0:4,07076b19c18093e788139445acd32421179c80fb131abb5020ab511b244dfaf3,True,545.1508060796186,13,15617.14501953125,15808.0,,,,,
vanilla,0,30,bb98dd0bceac09d24db1ecb2af549a92:2cf3a7a3a65c:0:0,c7fdec5fa5d5e1adf291637b9bb1fe8f118cbb3eb57af7ef76921e247600c9c6,True,646.7772650066763,19,15617.14501953125,15808.0,,,,,
vanilla,0,31,bb98dd0bceac09d24db1ecb2af549a92:2cf3a7a3a65c:0:1,4af9997807defa232e553246d42901a0d746fdbefff91462d7ee0c1a91ca74e4,True,761.3837079843506,26,15617.14501953125,15808.0,,,,,
vanilla,0,32,bb98dd0bceac09d24db1ecb2af549a92:2cf3a7a3a65c:0:2,75d13c8ce97c12289f2430a015d1d7989bcb997955ebfd456b23a70f3283334e,True,727.9075720580295,24,15617.14501953125,15808.0,,,,,
vanilla,0,33,bb98dd0bceac09d24db1ecb2af549a92:2cf3a7a3a65c:0:3,07076b19c18093e788139445acd32421179c80fb131abb5020ab511b244dfaf3,True,545.3787600854412,13,15617.14501953125,15808.0,,,,,
vanilla,0,34,bb98dd0bceac09d24db1ecb2af549a92:2cf3a7a3a65c:0:4,07076b19c18093e788139445acd32421179c80fb131abb5020ab511b244dfaf3,True,544.8695759987459,13,15617.14501953125,15808.0,,,,,
vanilla,0,35,b877dd782edba758ab429e3ee3de3329:97e16cc551e4:0:0,62517bae74e7259c57a7da56e4f54b797cf2a664727fb53fe05de2f3598ea92d,True,694.6932510472834,22,15617.21826171875,15808.0,,,,,
vanilla,0,36,b877dd782edba758ab429e3ee3de3329:97e16cc551e4:0:1,d84210bceb3038c1ed37c6ee7bc057db462ddedaa6823742af8a6d297cb431da,True,762.0397759601474,26,15617.21826171875,15808.0,,,,,
vanilla,0,37,b877dd782edba758ab429e3ee3de3329:97e16cc551e4:0:2,e2d8c9e2e95c4938f7be5f7610f5dd612f23c22b2461cafe849ff52d619824cd,True,760.6938460376114,26,15617.21826171875,15808.0,,,,,
vanilla,0,38,b877dd782edba758ab429e3ee3de3329:97e16cc551e4:0:3,94d4ffe585b52d02528404f4f0629286595977610fc216797666ffe14a17ed0c,True,627.4982899194583,18,15617.21826171875,15808.0,,,,,
vanilla,0,39,b877dd782edba758ab429e3ee3de3329:97e16cc551e4:0:4,aba8c2cf6367e2e8a95bb52794ddcb426d595fad022cf2d457da88045f881ed0,True,594.2077860236168,16,15617.21826171875,15808.0,,,,,
vanilla,0,40,b877dd782edba758ab429e3ee3de3329:dd7f6c9e007d:0:0,62517bae74e7259c57a7da56e4f54b797cf2a664727fb53fe05de2f3598ea92d,True,693.763886927627,22,15617.21826171875,15808.0,,,,,
vanilla,0,41,b877dd782edba758ab429e3ee3de3329:dd7f6c9e007d:0:1,d84210bceb3038c1ed37c6ee7bc057db462ddedaa6823742af8a6d297cb431da,True,760.9656059648842,26,15617.21826171875,15808.0,,,,,
vanilla,0,42,b877dd782edba758ab429e3ee3de3329:dd7f6c9e007d:0:2,e2d8c9e2e95c4938f7be5f7610f5dd612f23c22b2461cafe849ff52d619824cd,True,761.3426150055602,26,15617.21826171875,15808.0,,,,,
vanilla,0,43,b877dd782edba758ab429e3ee3de3329:dd7f6c9e007d:0:3,94d4ffe585b52d02528404f4f0629286595977610fc216797666ffe14a17ed0c,True,627.9080490348861,18,15617.21826171875,15808.0,,,,,
vanilla,0,44,b877dd782edba758ab429e3ee3de3329:dd7f6c9e007d:0:4,aba8c2cf6367e2e8a95bb52794ddcb426d595fad022cf2d457da88045f881ed0,True,593.889530049637,16,15617.21826171875,15808.0,,,,,
vanilla,0,45,4f59fbf51a0a5bfb4dc5af02cf294693:993dac5396a0:0:0,aa1f1fd8a9efcb963811de5e984dc16d83696aa7e913ba6980ace9aa76b7f7a3,True,628.9565139450133,18,15617.40185546875,15808.0,,,,,
vanilla,0,46,4f59fbf51a0a5bfb4dc5af02cf294693:993dac5396a0:0:1,bdcb900eea2a0e63a259e4fe2376f8cc3aec08e4611682d3f4ee038edca9d017,True,494.82552194967866,10,15617.40185546875,15808.0,,,,,
vanilla,0,47,4f59fbf51a0a5bfb4dc5af02cf294693:993dac5396a0:0:2,f3e746a5a573b9140378e527f40ef9a01e1da198199bb2597c74356d9befd366,True,759.7186750499532,26,15617.40185546875,15808.0,,,,,
vanilla,0,48,4f59fbf51a0a5bfb4dc5af02cf294693:993dac5396a0:0:3,f77a4c18118683cabf2ce423b4a1474e9a020c00dc184984ee227d2432eaaeca,True,761.1142140813172,26,15617.40185546875,15808.0,,,,,
vanilla,0,49,4f59fbf51a0a5bfb4dc5af02cf294693:993dac5396a0:0:4,082a3f27a64a793001365f40fd7d76058660d5148036e68127b7775445e5f79a,True,495.83017197437584,10,15617.40185546875,15808.0,,,,,
vanilla,1,0,1a938d25604410ccd63b60285919eaec:c627e50da685:0:0,ad7432ad3647d5979a4c8f07ea59db904408a5ca59b44fc807019ff723c8fe9d,True,528.8300580577925,12,15617.40185546875,15808.0,,,,,
vanilla,1,1,1a938d25604410ccd63b60285919eaec:c627e50da685:0:1,ad7432ad3647d5979a4c8f07ea59db904408a5ca59b44fc807019ff723c8fe9d,True,529.099351959303,12,15617.40185546875,15808.0,,,,,
vanilla,1,2,1a938d25604410ccd63b60285919eaec:c627e50da685:0:2,45b29a4f9a357408272a3d9ee292dd9f825df58412a294bc76edad70933ff8f3,True,528.6637889221311,12,15617.40185546875,15808.0,,,,,
vanilla,1,3,1a938d25604410ccd63b60285919eaec:c627e50da685:0:3,8f13312bc57593ae709f0e55a18489d480c2a86c8038ac06144174a3f51b5600,True,528.2852769596502,12,15617.40185546875,15808.0,,,,,
vanilla,1,4,1a938d25604410ccd63b60285919eaec:c627e50da685:0:4,8f13312bc57593ae709f0e55a18489d480c2a86c8038ac06144174a3f51b5600,True,528.277481906116,12,15617.40185546875,15808.0,,,,,
vanilla,1,5,49cd6149f02ec01ee03a6eb8287ab2df:f982e9dfaf25:0:0,dfa96710626dd8454b20bab58edadf81faa7374948fab10c0910e55037cea818,True,660.7118080137298,20,15617.14501953125,15808.0,,,,,
vanilla,1,6,49cd6149f02ec01ee03a6eb8287ab2df:f982e9dfaf25:0:1,86024a4fa91c4b919c6bf7d14d030232d1b278e47a39c03efbe698cebb092a16,True,643.8763629412279,19,15617.14501953125,15808.0,,,,,
vanilla,1,7,49cd6149f02ec01ee03a6eb8287ab2df:f982e9dfaf25:0:2,cf7957792cc42aad7f2f87beb1240027c78a84aebb3babafec5afeab6040dc38,True,631.8485669326037,18,15617.14501953125,15808.0,,,,,
vanilla,1,8,49cd6149f02ec01ee03a6eb8287ab2df:f982e9dfaf25:0:3,e62c1d2a0e028a848bf11c6aee602c7b04b7c5d57080024b56092666b47f8121,True,693.8437179196626,22,15617.14501953125,15808.0,,,,,
vanilla,1,9,49cd6149f02ec01ee03a6eb8287ab2df:f982e9dfaf25:0:4,f9472589f3263b5d01f4798bd4b1db08a9f8d5bfd4a7de1f6a20d7afa4d2fc9d,True,611.9867139495909,17,15617.14501953125,15808.0,,,,,
vanilla,1,10,49cd6149f02ec01ee03a6eb8287ab2df:81739d7eb99c:0:0,dfa96710626dd8454b20bab58edadf81faa7374948fab10c0910e55037cea818,True,661.0554070211947,20,15617.14501953125,15808.0,,,,,
vanilla,1,11,49cd6149f02ec01ee03a6eb8287ab2df:81739d7eb99c:0:1,86024a4fa91c4b919c6bf7d14d030232d1b278e47a39c03efbe698cebb092a16,True,644.2228188971058,19,15617.14501953125,15808.0,,,,,
vanilla,1,12,49cd6149f02ec01ee03a6eb8287ab2df:81739d7eb99c:0:2,cf7957792cc42aad7f2f87beb1240027c78a84aebb3babafec5afeab6040dc38,True,628.1022930052131,18,15617.14501953125,15808.0,,,,,
vanilla,1,13,49cd6149f02ec01ee03a6eb8287ab2df:81739d7eb99c:0:3,e62c1d2a0e028a848bf11c6aee602c7b04b7c5d57080024b56092666b47f8121,True,692.5470160786062,22,15617.14501953125,15808.0,,,,,
vanilla,1,14,49cd6149f02ec01ee03a6eb8287ab2df:81739d7eb99c:0:4,f9472589f3263b5d01f4798bd4b1db08a9f8d5bfd4a7de1f6a20d7afa4d2fc9d,True,611.2789580365643,17,15617.14501953125,15808.0,,,,,
vanilla,1,15,c6050fe51d3408b1eaef27e08e7f1956:1458b54ae2f6:0:0,0c2763434c50e20730f49847263ef9024806cb1a0560c523ed77737027dc7584,True,611.4952970528975,17,15617.54833984375,15808.0,,,,,
vanilla,1,16,c6050fe51d3408b1eaef27e08e7f1956:1458b54ae2f6:0:1,664067171cd1bbc5ce837d235ed3ea23011690faf92d70710e11636621c1b115,True,828.5246699815616,30,15617.54833984375,15808.0,,,,,
vanilla,1,17,c6050fe51d3408b1eaef27e08e7f1956:1458b54ae2f6:0:2,c6b78a53ab1e086ea1b1d04c24bdf6d361a4c414a514fa6f179a43df6e2fb518,True,882.4772959342226,33,15617.54833984375,15808.0,,,,,
vanilla,1,18,c6050fe51d3408b1eaef27e08e7f1956:1458b54ae2f6:0:3,76081f5fd3a7d2fecc5219b9f1a003927ab2f0a03cbcea2809aa13575b12704d,True,530.1251449855044,12,15617.54833984375,15808.0,,,,,
vanilla,1,19,c6050fe51d3408b1eaef27e08e7f1956:1458b54ae2f6:0:4,ad3a25be620e9e8363cf8b064f96e3948b2c3e9ae99d2778aa19fe9e3c58386a,True,931.1334720114246,36,15617.54833984375,15808.0,,,,,
vanilla,1,20,c6050fe51d3408b1eaef27e08e7f1956:e4e99a4d6532:0:0,0c2763434c50e20730f49847263ef9024806cb1a0560c523ed77737027dc7584,True,614.6386170294136,17,15617.54833984375,15808.0,,,,,
vanilla,1,21,c6050fe51d3408b1eaef27e08e7f1956:e4e99a4d6532:0:1,664067171cd1bbc5ce837d235ed3ea23011690faf92d70710e11636621c1b115,True,830.8790039736778,30,15617.54833984375,15808.0,,,,,
vanilla,1,22,c6050fe51d3408b1eaef27e08e7f1956:e4e99a4d6532:0:2,c6b78a53ab1e086ea1b1d04c24bdf6d361a4c414a514fa6f179a43df6e2fb518,True,881.7861289717257,33,15617.54833984375,15808.0,,,,,
vanilla,1,23,c6050fe51d3408b1eaef27e08e7f1956:e4e99a4d6532:0:3,76081f5fd3a7d2fecc5219b9f1a003927ab2f0a03cbcea2809aa13575b12704d,True,529.9251769902185,12,15617.54833984375,15808.0,,,,,
vanilla,1,24,c6050fe51d3408b1eaef27e08e7f1956:e4e99a4d6532:0:4,ad3a25be620e9e8363cf8b064f96e3948b2c3e9ae99d2778aa19fe9e3c58386a,True,931.7976970924065,36,15617.54833984375,15808.0,,,,,
vanilla,1,25,bb98dd0bceac09d24db1ecb2af549a92:377f7f0dd150:0:0,c7fdec5fa5d5e1adf291637b9bb1fe8f118cbb3eb57af7ef76921e247600c9c6,True,644.8465849971399,19,15617.14501953125,15808.0,,,,,
vanilla,1,26,bb98dd0bceac09d24db1ecb2af549a92:377f7f0dd150:0:1,4af9997807defa232e553246d42901a0d746fdbefff91462d7ee0c1a91ca74e4,True,762.3370569199324,26,15617.14501953125,15808.0,,,,,
vanilla,1,27,bb98dd0bceac09d24db1ecb2af549a92:377f7f0dd150:0:2,75d13c8ce97c12289f2430a015d1d7989bcb997955ebfd456b23a70f3283334e,True,734.4578190241009,24,15617.14501953125,15808.0,,,,,
vanilla,1,28,bb98dd0bceac09d24db1ecb2af549a92:377f7f0dd150:0:3,07076b19c18093e788139445acd32421179c80fb131abb5020ab511b244dfaf3,True,547.4700449267402,13,15617.14501953125,15808.0,,,,,
vanilla,1,29,bb98dd0bceac09d24db1ecb2af549a92:377f7f0dd150:0:4,07076b19c18093e788139445acd32421179c80fb131abb5020ab511b244dfaf3,True,547.3808349343017,13,15617.14501953125,15808.0,,,,,
vanilla,1,30,bb98dd0bceac09d24db1ecb2af549a92:2cf3a7a3a65c:0:0,c7fdec5fa5d5e1adf291637b9bb1fe8f118cbb3eb57af7ef76921e247600c9c6,True,647.0169120002538,19,15617.14501953125,15808.0,,,,,
vanilla,1,31,bb98dd0bceac09d24db1ecb2af549a92:2cf3a7a3a65c:0:1,4af9997807defa232e553246d42901a0d746fdbefff91462d7ee0c1a91ca74e4,True,765.459400950931,26,15617.14501953125,15808.0,,,,,
vanilla,1,32,bb98dd0bceac09d24db1ecb2af549a92:2cf3a7a3a65c:0:2,75d13c8ce97c12289f2430a015d1d7989bcb997955ebfd456b23a70f3283334e,True,727.5503108976409,24,15617.14501953125,15808.0,,,,,
vanilla,1,33,bb98dd0bceac09d24db1ecb2af549a92:2cf3a7a3a65c:0:3,07076b19c18093e788139445acd32421179c80fb131abb5020ab511b244dfaf3,True,546.8010429758579,13,15617.14501953125,15808.0,,,,,
vanilla,1,34,bb98dd0bceac09d24db1ecb2af549a92:2cf3a7a3a65c:0:4,07076b19c18093e788139445acd32421179c80fb131abb5020ab511b244dfaf3,True,545.4469370888546,13,15617.14501953125,15808.0,,,,,
vanilla,1,35,b877dd782edba758ab429e3ee3de3329:97e16cc551e4:0:0,62517bae74e7259c57a7da56e4f54b797cf2a664727fb53fe05de2f3598ea92d,True,692.7860979922116,22,15617.21826171875,15808.0,,,,,
vanilla,1,36,b877dd782edba758ab429e3ee3de3329:97e16cc551e4:0:1,d84210bceb3038c1ed37c6ee7bc057db462ddedaa6823742af8a6d297cb431da,True,766.0928099649027,26,15617.21826171875,15808.0,,,,,
vanilla,1,37,b877dd782edba758ab429e3ee3de3329:97e16cc551e4:0:2,e2d8c9e2e95c4938f7be5f7610f5dd612f23c22b2461cafe849ff52d619824cd,True,762.0109650306404,26,15617.21826171875,15808.0,,,,,
vanilla,1,38,b877dd782edba758ab429e3ee3de3329:97e16cc551e4:0:3,94d4ffe585b52d02528404f4f0629286595977610fc216797666ffe14a17ed0c,True,631.736404960975,18,15617.21826171875,15808.0,,,,,
vanilla,1,39,b877dd782edba758ab429e3ee3de3329:97e16cc551e4:0:4,aba8c2cf6367e2e8a95bb52794ddcb426d595fad022cf2d457da88045f881ed0,True,595.5394960474223,16,15617.21826171875,15808.0,,,,,
vanilla,1,40,b877dd782edba758ab429e3ee3de3329:dd7f6c9e007d:0:0,62517bae74e7259c57a7da56e4f54b797cf2a664727fb53fe05de2f3598ea92d,True,699.5519419433549,22,15617.21826171875,15808.0,,,,,
vanilla,1,41,b877dd782edba758ab429e3ee3de3329:dd7f6c9e007d:0:1,d84210bceb3038c1ed37c6ee7bc057db462ddedaa6823742af8a6d297cb431da,True,761.4486441016197,26,15617.21826171875,15808.0,,,,,
vanilla,1,42,b877dd782edba758ab429e3ee3de3329:dd7f6c9e007d:0:2,e2d8c9e2e95c4938f7be5f7610f5dd612f23c22b2461cafe849ff52d619824cd,True,761.4443809725344,26,15617.21826171875,15808.0,,,,,
vanilla,1,43,b877dd782edba758ab429e3ee3de3329:dd7f6c9e007d:0:3,94d4ffe585b52d02528404f4f0629286595977610fc216797666ffe14a17ed0c,True,630.3034409647807,18,15617.21826171875,15808.0,,,,,
vanilla,1,44,b877dd782edba758ab429e3ee3de3329:dd7f6c9e007d:0:4,aba8c2cf6367e2e8a95bb52794ddcb426d595fad022cf2d457da88045f881ed0,True,598.9333390025422,16,15617.21826171875,15808.0,,,,,
vanilla,1,45,4f59fbf51a0a5bfb4dc5af02cf294693:993dac5396a0:0:0,aa1f1fd8a9efcb963811de5e984dc16d83696aa7e913ba6980ace9aa76b7f7a3,True,633.0143640516326,18,15617.40185546875,15808.0,,,,,
vanilla,1,46,4f59fbf51a0a5bfb4dc5af02cf294693:993dac5396a0:0:1,bdcb900eea2a0e63a259e4fe2376f8cc3aec08e4611682d3f4ee038edca9d017,True,498.81080305203795,10,15617.40185546875,15808.0,,,,,
vanilla,1,47,4f59fbf51a0a5bfb4dc5af02cf294693:993dac5396a0:0:2,f3e746a5a573b9140378e527f40ef9a01e1da198199bb2597c74356d9befd366,True,766.0333650419489,26,15617.40185546875,15808.0,,,,,
vanilla,1,48,4f59fbf51a0a5bfb4dc5af02cf294693:993dac5396a0:0:3,f77a4c18118683cabf2ce423b4a1474e9a020c00dc184984ee227d2432eaaeca,True,763.768365024589,26,15617.40185546875,15808.0,,,,,
vanilla,1,49,4f59fbf51a0a5bfb4dc5af02cf294693:993dac5396a0:0:4,082a3f27a64a793001365f40fd7d76058660d5148036e68127b7775445e5f79a,True,495.24985800962895,10,15617.40185546875,15808.0,,,,,
step_hook,0,0,1a938d25604410ccd63b60285919eaec:c627e50da685:0:0,ad7432ad3647d5979a4c8f07ea59db904408a5ca59b44fc807019ff723c8fe9d,True,529.2978509096429,12,15617.40185546875,15808.0,0,,,,
step_hook,0,1,1a938d25604410ccd63b60285919eaec:c627e50da685:0:1,ad7432ad3647d5979a4c8f07ea59db904408a5ca59b44fc807019ff723c8fe9d,True,529.0908159222454,12,15617.40185546875,15808.0,0,,,,
step_hook,0,2,1a938d25604410ccd63b60285919eaec:c627e50da685:0:2,45b29a4f9a357408272a3d9ee292dd9f825df58412a294bc76edad70933ff8f3,True,528.2816530670971,12,15617.40185546875,15808.0,0,,,,
step_hook,0,3,1a938d25604410ccd63b60285919eaec:c627e50da685:0:3,8f13312bc57593ae709f0e55a18489d480c2a86c8038ac06144174a3f51b5600,True,533.3932039793581,12,15617.40185546875,15808.0,0,,,,
step_hook,0,4,1a938d25604410ccd63b60285919eaec:c627e50da685:0:4,8f13312bc57593ae709f0e55a18489d480c2a86c8038ac06144174a3f51b5600,True,530.7476830203086,12,15617.40185546875,15808.0,0,,,,
step_hook,0,5,49cd6149f02ec01ee03a6eb8287ab2df:f982e9dfaf25:0:0,dfa96710626dd8454b20bab58edadf81faa7374948fab10c0910e55037cea818,True,667.4072250025347,20,15617.14501953125,15808.0,0,,,,
step_hook,0,6,49cd6149f02ec01ee03a6eb8287ab2df:f982e9dfaf25:0:1,86024a4fa91c4b919c6bf7d14d030232d1b278e47a39c03efbe698cebb092a16,True,644.9708129512146,19,15617.14501953125,15808.0,0,,,,
step_hook,0,7,49cd6149f02ec01ee03a6eb8287ab2df:f982e9dfaf25:0:2,cf7957792cc42aad7f2f87beb1240027c78a84aebb3babafec5afeab6040dc38,True,628.4134190063924,18,15617.14501953125,15808.0,0,,,,
step_hook,0,8,49cd6149f02ec01ee03a6eb8287ab2df:f982e9dfaf25:0:3,e62c1d2a0e028a848bf11c6aee602c7b04b7c5d57080024b56092666b47f8121,True,698.5853550722823,22,15617.14501953125,15808.0,0,,,,
step_hook,0,9,49cd6149f02ec01ee03a6eb8287ab2df:f982e9dfaf25:0:4,f9472589f3263b5d01f4798bd4b1db08a9f8d5bfd4a7de1f6a20d7afa4d2fc9d,True,613.9388489536941,17,15617.14501953125,15808.0,0,,,,
step_hook,0,10,49cd6149f02ec01ee03a6eb8287ab2df:81739d7eb99c:0:0,dfa96710626dd8454b20bab58edadf81faa7374948fab10c0910e55037cea818,True,661.6315989522263,20,15617.14501953125,15808.0,0,,,,
step_hook,0,11,49cd6149f02ec01ee03a6eb8287ab2df:81739d7eb99c:0:1,86024a4fa91c4b919c6bf7d14d030232d1b278e47a39c03efbe698cebb092a16,True,672.2193509340286,19,15617.14501953125,15808.0,0,,,,
step_hook,0,12,49cd6149f02ec01ee03a6eb8287ab2df:81739d7eb99c:0:2,cf7957792cc42aad7f2f87beb1240027c78a84aebb3babafec5afeab6040dc38,True,636.7689080070704,18,15617.14501953125,15808.0,0,,,,
step_hook,0,13,49cd6149f02ec01ee03a6eb8287ab2df:81739d7eb99c:0:3,e62c1d2a0e028a848bf11c6aee602c7b04b7c5d57080024b56092666b47f8121,True,713.1853309692815,22,15617.14501953125,15808.0,0,,,,
step_hook,0,14,49cd6149f02ec01ee03a6eb8287ab2df:81739d7eb99c:0:4,f9472589f3263b5d01f4798bd4b1db08a9f8d5bfd4a7de1f6a20d7afa4d2fc9d,True,626.5064190374687,17,15617.14501953125,15808.0,0,,,,
step_hook,0,15,c6050fe51d3408b1eaef27e08e7f1956:1458b54ae2f6:0:0,0c2763434c50e20730f49847263ef9024806cb1a0560c523ed77737027dc7584,True,615.1977960253134,17,15617.54833984375,15808.0,0,,,,
step_hook,0,16,c6050fe51d3408b1eaef27e08e7f1956:1458b54ae2f6:0:1,664067171cd1bbc5ce837d235ed3ea23011690faf92d70710e11636621c1b115,True,830.9550380799919,30,15617.54833984375,15808.0,0,,,,
step_hook,0,17,c6050fe51d3408b1eaef27e08e7f1956:1458b54ae2f6:0:2,c6b78a53ab1e086ea1b1d04c24bdf6d361a4c414a514fa6f179a43df6e2fb518,True,883.1594769144431,33,15617.54833984375,15808.0,0,,,,
step_hook,0,18,c6050fe51d3408b1eaef27e08e7f1956:1458b54ae2f6:0:3,76081f5fd3a7d2fecc5219b9f1a003927ab2f0a03cbcea2809aa13575b12704d,True,529.2105149710551,12,15617.54833984375,15808.0,0,,,,
step_hook,0,19,c6050fe51d3408b1eaef27e08e7f1956:1458b54ae2f6:0:4,ad3a25be620e9e8363cf8b064f96e3948b2c3e9ae99d2778aa19fe9e3c58386a,True,929.7247229842469,36,15617.54833984375,15808.0,0,,,,
step_hook,0,20,c6050fe51d3408b1eaef27e08e7f1956:e4e99a4d6532:0:0,0c2763434c50e20730f49847263ef9024806cb1a0560c523ed77737027dc7584,True,614.6389179630205,17,15617.54833984375,15808.0,0,,,,
step_hook,0,21,c6050fe51d3408b1eaef27e08e7f1956:e4e99a4d6532:0:1,664067171cd1bbc5ce837d235ed3ea23011690faf92d70710e11636621c1b115,True,832.4891480151564,30,15617.54833984375,15808.0,0,,,,
step_hook,0,22,c6050fe51d3408b1eaef27e08e7f1956:e4e99a4d6532:0:2,c6b78a53ab1e086ea1b1d04c24bdf6d361a4c414a514fa6f179a43df6e2fb518,True,889.7335060173646,33,15617.54833984375,15808.0,0,,,,
step_hook,0,23,c6050fe51d3408b1eaef27e08e7f1956:e4e99a4d6532:0:3,76081f5fd3a7d2fecc5219b9f1a003927ab2f0a03cbcea2809aa13575b12704d,True,528.2670099986717,12,15617.54833984375,15808.0,0,,,,
step_hook,0,24,c6050fe51d3408b1eaef27e08e7f1956:e4e99a4d6532:0:4,ad3a25be620e9e8363cf8b064f96e3948b2c3e9ae99d2778aa19fe9e3c58386a,True,931.4280060352758,36,15617.54833984375,15808.0,0,,,,
step_hook,0,25,bb98dd0bceac09d24db1ecb2af549a92:377f7f0dd150:0:0,c7fdec5fa5d5e1adf291637b9bb1fe8f118cbb3eb57af7ef76921e247600c9c6,True,661.0243370523676,19,15617.14501953125,15808.0,0,,,,
step_hook,0,26,bb98dd0bceac09d24db1ecb2af549a92:377f7f0dd150:0:1,4af9997807defa232e553246d42901a0d746fdbefff91462d7ee0c1a91ca74e4,True,783.1318279495463,26,15617.14501953125,15808.0,0,,,,
step_hook,0,27,bb98dd0bceac09d24db1ecb2af549a92:377f7f0dd150:0:2,75d13c8ce97c12289f2430a015d1d7989bcb997955ebfd456b23a70f3283334e,True,734.388907905668,24,15617.14501953125,15808.0,0,,,,
step_hook,0,28,bb98dd0bceac09d24db1ecb2af549a92:377f7f0dd150:0:3,07076b19c18093e788139445acd32421179c80fb131abb5020ab511b244dfaf3,True,547.0248709898442,13,15617.14501953125,15808.0,0,,,,
step_hook,0,29,bb98dd0bceac09d24db1ecb2af549a92:377f7f0dd150:0:4,07076b19c18093e788139445acd32421179c80fb131abb5020ab511b244dfaf3,True,546.7297580325976,13,15617.14501953125,15808.0,0,,,,
step_hook,0,30,bb98dd0bceac09d24db1ecb2af549a92:2cf3a7a3a65c:0:0,c7fdec5fa5d5e1adf291637b9bb1fe8f118cbb3eb57af7ef76921e247600c9c6,True,645.8181970519945,19,15617.14501953125,15808.0,0,,,,
step_hook,0,31,bb98dd0bceac09d24db1ecb2af549a92:2cf3a7a3a65c:0:1,4af9997807defa232e553246d42901a0d746fdbefff91462d7ee0c1a91ca74e4,True,766.3330880459398,26,15617.14501953125,15808.0,0,,,,
step_hook,0,32,bb98dd0bceac09d24db1ecb2af549a92:2cf3a7a3a65c:0:2,75d13c8ce97c12289f2430a015d1d7989bcb997955ebfd456b23a70f3283334e,True,732.930056983605,24,15617.14501953125,15808.0,0,,,,
step_hook,0,33,bb98dd0bceac09d24db1ecb2af549a92:2cf3a7a3a65c:0:3,07076b19c18093e788139445acd32421179c80fb131abb5020ab511b244dfaf3,True,547.8822729783133,13,15617.14501953125,15808.0,0,,,,
step_hook,0,34,bb98dd0bceac09d24db1ecb2af549a92:2cf3a7a3a65c:0:4,07076b19c18093e788139445acd32421179c80fb131abb5020ab511b244dfaf3,True,574.4714200263843,13,15617.14501953125,15808.0,0,,,,
step_hook,0,35,b877dd782edba758ab429e3ee3de3329:97e16cc551e4:0:0,62517bae74e7259c57a7da56e4f54b797cf2a664727fb53fe05de2f3598ea92d,True,698.4989820048213,22,15617.21826171875,15808.0,0,,,,
step_hook,0,36,b877dd782edba758ab429e3ee3de3329:97e16cc551e4:0:1,d84210bceb3038c1ed37c6ee7bc057db462ddedaa6823742af8a6d297cb431da,True,766.1893449258059,26,15617.21826171875,15808.0,0,,,,
step_hook,0,37,b877dd782edba758ab429e3ee3de3329:97e16cc551e4:0:2,e2d8c9e2e95c4938f7be5f7610f5dd612f23c22b2461cafe849ff52d619824cd,True,764.5601260010153,26,15617.21826171875,15808.0,0,,,,
step_hook,0,38,b877dd782edba758ab429e3ee3de3329:97e16cc551e4:0:3,94d4ffe585b52d02528404f4f0629286595977610fc216797666ffe14a17ed0c,True,632.6493609230965,18,15617.21826171875,15808.0,0,,,,
step_hook,0,39,b877dd782edba758ab429e3ee3de3329:97e16cc551e4:0:4,aba8c2cf6367e2e8a95bb52794ddcb426d595fad022cf2d457da88045f881ed0,True,598.0704879621044,16,15617.21826171875,15808.0,0,,,,
step_hook,0,40,b877dd782edba758ab429e3ee3de3329:dd7f6c9e007d:0:0,62517bae74e7259c57a7da56e4f54b797cf2a664727fb53fe05de2f3598ea92d,True,696.8017480103299,22,15617.21826171875,15808.0,0,,,,
step_hook,0,41,b877dd782edba758ab429e3ee3de3329:dd7f6c9e007d:0:1,d84210bceb3038c1ed37c6ee7bc057db462ddedaa6823742af8a6d297cb431da,True,764.1322009731084,26,15617.21826171875,15808.0,0,,,,
step_hook,0,42,b877dd782edba758ab429e3ee3de3329:dd7f6c9e007d:0:2,e2d8c9e2e95c4938f7be5f7610f5dd612f23c22b2461cafe849ff52d619824cd,True,767.5175541080534,26,15617.21826171875,15808.0,0,,,,
step_hook,0,43,b877dd782edba758ab429e3ee3de3329:dd7f6c9e007d:0:3,94d4ffe585b52d02528404f4f0629286595977610fc216797666ffe14a17ed0c,True,632.8575949883088,18,15617.21826171875,15808.0,0,,,,
step_hook,0,44,b877dd782edba758ab429e3ee3de3329:dd7f6c9e007d:0:4,aba8c2cf6367e2e8a95bb52794ddcb426d595fad022cf2d457da88045f881ed0,True,597.6780540077016,16,15617.21826171875,15808.0,0,,,,
step_hook,0,45,4f59fbf51a0a5bfb4dc5af02cf294693:993dac5396a0:0:0,aa1f1fd8a9efcb963811de5e984dc16d83696aa7e913ba6980ace9aa76b7f7a3,True,631.1118640005589,18,15617.40185546875,15808.0,0,,,,
step_hook,0,46,4f59fbf51a0a5bfb4dc5af02cf294693:993dac5396a0:0:1,bdcb900eea2a0e63a259e4fe2376f8cc3aec08e4611682d3f4ee038edca9d017,True,497.5823900895193,10,15617.40185546875,15808.0,0,,,,
step_hook,0,47,4f59fbf51a0a5bfb4dc5af02cf294693:993dac5396a0:0:2,f3e746a5a573b9140378e527f40ef9a01e1da198199bb2597c74356d9befd366,True,767.2829870134592,26,15617.40185546875,15808.0,0,,,,
step_hook,0,48,4f59fbf51a0a5bfb4dc5af02cf294693:993dac5396a0:0:3,f77a4c18118683cabf2ce423b4a1474e9a020c00dc184984ee227d2432eaaeca,True,765.6870170030743,26,15617.40185546875,15808.0,0,,,,
step_hook,0,49,4f59fbf51a0a5bfb4dc5af02cf294693:993dac5396a0:0:4,082a3f27a64a793001365f40fd7d76058660d5148036e68127b7775445e5f79a,True,496.1751069640741,10,15617.40185546875,15808.0,0,,,,
step_hook,1,0,1a938d25604410ccd63b60285919eaec:c627e50da685:0:0,ad7432ad3647d5979a4c8f07ea59db904408a5ca59b44fc807019ff723c8fe9d,True,530.495170969516,12,15617.40185546875,15808.0,0,,,,
step_hook,1,1,1a938d25604410ccd63b60285919eaec:c627e50da685:0:1,ad7432ad3647d5979a4c8f07ea59db904408a5ca59b44fc807019ff723c8fe9d,True,529.3877250514925,12,15617.40185546875,15808.0,0,,,,
step_hook,1,2,1a938d25604410ccd63b60285919eaec:c627e50da685:0:2,45b29a4f9a357408272a3d9ee292dd9f825df58412a294bc76edad70933ff8f3,True,531.3931970158592,12,15617.40185546875,15808.0,0,,,,
step_hook,1,3,1a938d25604410ccd63b60285919eaec:c627e50da685:0:3,8f13312bc57593ae709f0e55a18489d480c2a86c8038ac06144174a3f51b5600,True,531.066311057657,12,15617.40185546875,15808.0,0,,,,
step_hook,1,4,1a938d25604410ccd63b60285919eaec:c627e50da685:0:4,8f13312bc57593ae709f0e55a18489d480c2a86c8038ac06144174a3f51b5600,True,529.6217539580539,12,15617.40185546875,15808.0,0,,,,
step_hook,1,5,49cd6149f02ec01ee03a6eb8287ab2df:f982e9dfaf25:0:0,dfa96710626dd8454b20bab58edadf81faa7374948fab10c0910e55037cea818,True,664.6976760821417,20,15617.14501953125,15808.0,0,,,,
step_hook,1,6,49cd6149f02ec01ee03a6eb8287ab2df:f982e9dfaf25:0:1,86024a4fa91c4b919c6bf7d14d030232d1b278e47a39c03efbe698cebb092a16,True,647.8798639727756,19,15617.14501953125,15808.0,0,,,,
step_hook,1,7,49cd6149f02ec01ee03a6eb8287ab2df:f982e9dfaf25:0:2,cf7957792cc42aad7f2f87beb1240027c78a84aebb3babafec5afeab6040dc38,True,629.8867950681597,18,15617.14501953125,15808.0,0,,,,
step_hook,1,8,49cd6149f02ec01ee03a6eb8287ab2df:f982e9dfaf25:0:3,e62c1d2a0e028a848bf11c6aee602c7b04b7c5d57080024b56092666b47f8121,True,697.980658034794,22,15617.14501953125,15808.0,0,,,,
step_hook,1,9,49cd6149f02ec01ee03a6eb8287ab2df:f982e9dfaf25:0:4,f9472589f3263b5d01f4798bd4b1db08a9f8d5bfd4a7de1f6a20d7afa4d2fc9d,True,615.7340599456802,17,15617.14501953125,15808.0,0,,,,
step_hook,1,10,49cd6149f02ec01ee03a6eb8287ab2df:81739d7eb99c:0:0,dfa96710626dd8454b20bab58edadf81faa7374948fab10c0910e55037cea818,True,663.7757249409333,20,15617.14501953125,15808.0,0,,,,
step_hook,1,11,49cd6149f02ec01ee03a6eb8287ab2df:81739d7eb99c:0:1,86024a4fa91c4b919c6bf7d14d030232d1b278e47a39c03efbe698cebb092a16,True,687.9305470502004,19,15617.14501953125,15808.0,0,,,,
step_hook,1,12,49cd6149f02ec01ee03a6eb8287ab2df:81739d7eb99c:0:2,cf7957792cc42aad7f2f87beb1240027c78a84aebb3babafec5afeab6040dc38,True,631.9277649745345,18,15617.14501953125,15808.0,0,,,,
step_hook,1,13,49cd6149f02ec01ee03a6eb8287ab2df:81739d7eb99c:0:3,e62c1d2a0e028a848bf11c6aee602c7b04b7c5d57080024b56092666b47f8121,True,699.1589809767902,22,15617.14501953125,15808.0,0,,,,
step_hook,1,14,49cd6149f02ec01ee03a6eb8287ab2df:81739d7eb99c:0:4,f9472589f3263b5d01f4798bd4b1db08a9f8d5bfd4a7de1f6a20d7afa4d2fc9d,True,615.1819929946214,17,15617.14501953125,15808.0,0,,,,
step_hook,1,15,c6050fe51d3408b1eaef27e08e7f1956:1458b54ae2f6:0:0,0c2763434c50e20730f49847263ef9024806cb1a0560c523ed77737027dc7584,True,613.6711670551449,17,15617.54833984375,15808.0,0,,,,
step_hook,1,16,c6050fe51d3408b1eaef27e08e7f1956:1458b54ae2f6:0:1,664067171cd1bbc5ce837d235ed3ea23011690faf92d70710e11636621c1b115,True,828.6729980027303,30,15617.54833984375,15808.0,0,,,,
step_hook,1,17,c6050fe51d3408b1eaef27e08e7f1956:1458b54ae2f6:0:2,c6b78a53ab1e086ea1b1d04c24bdf6d361a4c414a514fa6f179a43df6e2fb518,True,883.6494639981538,33,15617.54833984375,15808.0,0,,,,
step_hook,1,18,c6050fe51d3408b1eaef27e08e7f1956:1458b54ae2f6:0:3,76081f5fd3a7d2fecc5219b9f1a003927ab2f0a03cbcea2809aa13575b12704d,True,530.5116130039096,12,15617.54833984375,15808.0,0,,,,
step_hook,1,19,c6050fe51d3408b1eaef27e08e7f1956:1458b54ae2f6:0:4,ad3a25be620e9e8363cf8b064f96e3948b2c3e9ae99d2778aa19fe9e3c58386a,True,931.046872981824,36,15617.54833984375,15808.0,0,,,,
step_hook,1,20,c6050fe51d3408b1eaef27e08e7f1956:e4e99a4d6532:0:0,0c2763434c50e20730f49847263ef9024806cb1a0560c523ed77737027dc7584,True,613.0913929082453,17,15617.54833984375,15808.0,0,,,,
step_hook,1,21,c6050fe51d3408b1eaef27e08e7f1956:e4e99a4d6532:0:1,664067171cd1bbc5ce837d235ed3ea23011690faf92d70710e11636621c1b115,True,825.7861600723118,30,15617.54833984375,15808.0,0,,,,
step_hook,1,22,c6050fe51d3408b1eaef27e08e7f1956:e4e99a4d6532:0:2,c6b78a53ab1e086ea1b1d04c24bdf6d361a4c414a514fa6f179a43df6e2fb518,True,876.6807230422273,33,15617.54833984375,15808.0,0,,,,
step_hook,1,23,c6050fe51d3408b1eaef27e08e7f1956:e4e99a4d6532:0:3,76081f5fd3a7d2fecc5219b9f1a003927ab2f0a03cbcea2809aa13575b12704d,True,528.9486069232225,12,15617.54833984375,15808.0,0,,,,
step_hook,1,24,c6050fe51d3408b1eaef27e08e7f1956:e4e99a4d6532:0:4,ad3a25be620e9e8363cf8b064f96e3948b2c3e9ae99d2778aa19fe9e3c58386a,True,924.5344429509714,36,15617.54833984375,15808.0,0,,,,
step_hook,1,25,bb98dd0bceac09d24db1ecb2af549a92:377f7f0dd150:0:0,c7fdec5fa5d5e1adf291637b9bb1fe8f118cbb3eb57af7ef76921e247600c9c6,True,643.7778929248452,19,15617.14501953125,15808.0,0,,,,
step_hook,1,26,bb98dd0bceac09d24db1ecb2af549a92:377f7f0dd150:0:1,4af9997807defa232e553246d42901a0d746fdbefff91462d7ee0c1a91ca74e4,True,762.2651939745992,26,15617.14501953125,15808.0,0,,,,
step_hook,1,27,bb98dd0bceac09d24db1ecb2af549a92:377f7f0dd150:0:2,75d13c8ce97c12289f2430a015d1d7989bcb997955ebfd456b23a70f3283334e,True,727.1997530478984,24,15617.14501953125,15808.0,0,,,,
step_hook,1,28,bb98dd0bceac09d24db1ecb2af549a92:377f7f0dd150:0:3,07076b19c18093e788139445acd32421179c80fb131abb5020ab511b244dfaf3,True,543.9539059298113,13,15617.14501953125,15808.0,0,,,,
step_hook,1,29,bb98dd0bceac09d24db1ecb2af549a92:377f7f0dd150:0:4,07076b19c18093e788139445acd32421179c80fb131abb5020ab511b244dfaf3,True,542.6862210733816,13,15617.14501953125,15808.0,0,,,,
step_hook,1,30,bb98dd0bceac09d24db1ecb2af549a92:2cf3a7a3a65c:0:0,c7fdec5fa5d5e1adf291637b9bb1fe8f118cbb3eb57af7ef76921e247600c9c6,True,642.9324210621417,19,15617.14501953125,15808.0,0,,,,
step_hook,1,31,bb98dd0bceac09d24db1ecb2af549a92:2cf3a7a3a65c:0:1,4af9997807defa232e553246d42901a0d746fdbefff91462d7ee0c1a91ca74e4,True,789.1650639940053,26,15617.14501953125,15808.0,0,,,,
step_hook,1,32,bb98dd0bceac09d24db1ecb2af549a92:2cf3a7a3a65c:0:2,75d13c8ce97c12289f2430a015d1d7989bcb997955ebfd456b23a70f3283334e,True,727.2851179586723,24,15617.14501953125,15808.0,0,,,,
step_hook,1,33,bb98dd0bceac09d24db1ecb2af549a92:2cf3a7a3a65c:0:3,07076b19c18093e788139445acd32421179c80fb131abb5020ab511b244dfaf3,True,544.8372639948502,13,15617.14501953125,15808.0,0,,,,
step_hook,1,34,bb98dd0bceac09d24db1ecb2af549a92:2cf3a7a3a65c:0:4,07076b19c18093e788139445acd32421179c80fb131abb5020ab511b244dfaf3,True,543.9501669025049,13,15617.14501953125,15808.0,0,,,,
step_hook,1,35,b877dd782edba758ab429e3ee3de3329:97e16cc551e4:0:0,62517bae74e7259c57a7da56e4f54b797cf2a664727fb53fe05de2f3598ea92d,True,694.4677289575338,22,15617.21826171875,15808.0,0,,,,
step_hook,1,36,b877dd782edba758ab429e3ee3de3329:97e16cc551e4:0:1,d84210bceb3038c1ed37c6ee7bc057db462ddedaa6823742af8a6d297cb431da,True,759.6230589551851,26,15617.21826171875,15808.0,0,,,,
step_hook,1,37,b877dd782edba758ab429e3ee3de3329:97e16cc551e4:0:2,e2d8c9e2e95c4938f7be5f7610f5dd612f23c22b2461cafe849ff52d619824cd,True,759.3866080278531,26,15617.21826171875,15808.0,0,,,,
step_hook,1,38,b877dd782edba758ab429e3ee3de3329:97e16cc551e4:0:3,94d4ffe585b52d02528404f4f0629286595977610fc216797666ffe14a17ed0c,True,625.7896339520812,18,15617.21826171875,15808.0,0,,,,
step_hook,1,39,b877dd782edba758ab429e3ee3de3329:97e16cc551e4:0:4,aba8c2cf6367e2e8a95bb52794ddcb426d595fad022cf2d457da88045f881ed0,True,593.8366779591888,16,15617.21826171875,15808.0,0,,,,
step_hook,1,40,b877dd782edba758ab429e3ee3de3329:dd7f6c9e007d:0:0,62517bae74e7259c57a7da56e4f54b797cf2a664727fb53fe05de2f3598ea92d,True,690.3896930161864,22,15617.21826171875,15808.0,0,,,,
step_hook,1,41,b877dd782edba758ab429e3ee3de3329:dd7f6c9e007d:0:1,d84210bceb3038c1ed37c6ee7bc057db462ddedaa6823742af8a6d297cb431da,True,759.9620369728655,26,15617.21826171875,15808.0,0,,,,
step_hook,1,42,b877dd782edba758ab429e3ee3de3329:dd7f6c9e007d:0:2,e2d8c9e2e95c4938f7be5f7610f5dd612f23c22b2461cafe849ff52d619824cd,True,759.315891074948,26,15617.21826171875,15808.0,0,,,,
step_hook,1,43,b877dd782edba758ab429e3ee3de3329:dd7f6c9e007d:0:3,94d4ffe585b52d02528404f4f0629286595977610fc216797666ffe14a17ed0c,True,627.7119669830427,18,15617.21826171875,15808.0,0,,,,
step_hook,1,44,b877dd782edba758ab429e3ee3de3329:dd7f6c9e007d:0:4,aba8c2cf6367e2e8a95bb52794ddcb426d595fad022cf2d457da88045f881ed0,True,593.302650959231,16,15617.21826171875,15808.0,0,,,,
step_hook,1,45,4f59fbf51a0a5bfb4dc5af02cf294693:993dac5396a0:0:0,aa1f1fd8a9efcb963811de5e984dc16d83696aa7e913ba6980ace9aa76b7f7a3,True,626.8935130210593,18,15617.40185546875,15808.0,0,,,,
step_hook,1,46,4f59fbf51a0a5bfb4dc5af02cf294693:993dac5396a0:0:1,bdcb900eea2a0e63a259e4fe2376f8cc3aec08e4611682d3f4ee038edca9d017,True,494.75586600601673,10,15617.40185546875,15808.0,0,,,,
step_hook,1,47,4f59fbf51a0a5bfb4dc5af02cf294693:993dac5396a0:0:2,f3e746a5a573b9140378e527f40ef9a01e1da198199bb2597c74356d9befd366,True,758.0895860446617,26,15617.40185546875,15808.0,0,,,,
step_hook,1,48,4f59fbf51a0a5bfb4dc5af02cf294693:993dac5396a0:0:3,f77a4c18118683cabf2ce423b4a1474e9a020c00dc184984ee227d2432eaaeca,True,757.4395480332896,26,15617.40185546875,15808.0,0,,,,
step_hook,1,49,4f59fbf51a0a5bfb4dc5af02cf294693:993dac5396a0:0:4,082a3f27a64a793001365f40fd7d76058660d5148036e68127b7775445e5f79a,True,493.3584911050275,10,15617.40185546875,15808.0,0,,,,
monitor,0,0,1a938d25604410ccd63b60285919eaec:c627e50da685:0:0,ad7432ad3647d5979a4c8f07ea59db904408a5ca59b44fc807019ff723c8fe9d,True,529.4087519869208,12,15618.27783203125,15810.0,2,360.87034502997994,40.81694199703634,,
monitor,0,1,1a938d25604410ccd63b60285919eaec:c627e50da685:0:1,ad7432ad3647d5979a4c8f07ea59db904408a5ca59b44fc807019ff723c8fe9d,True,528.0049740104005,12,15618.27783203125,15810.0,2,360.35098193679005,40.89593596290797,,
monitor,0,2,1a938d25604410ccd63b60285919eaec:c627e50da685:0:2,45b29a4f9a357408272a3d9ee292dd9f825df58412a294bc76edad70933ff8f3,True,529.1213700547814,12,15618.27783203125,15810.0,2,360.620173974894,40.99113598931581,,
monitor,0,3,1a938d25604410ccd63b60285919eaec:c627e50da685:0:3,8f13312bc57593ae709f0e55a18489d480c2a86c8038ac06144174a3f51b5600,True,528.0188899487257,12,15618.27783203125,15810.0,2,359.9042680580169,40.87836109101772,,
monitor,0,4,1a938d25604410ccd63b60285919eaec:c627e50da685:0:4,8f13312bc57593ae709f0e55a18489d480c2a86c8038ac06144174a3f51b5600,True,531.1793138971552,12,15618.27783203125,15810.0,2,362.7692509908229,41.206803056411445,,
monitor,0,5,49cd6149f02ec01ee03a6eb8287ab2df:f982e9dfaf25:0:0,dfa96710626dd8454b20bab58edadf81faa7374948fab10c0910e55037cea818,True,662.1225411072373,20,15618.02099609375,15810.0,2,360.4629250476137,40.83010694012046,,
monitor,0,6,49cd6149f02ec01ee03a6eb8287ab2df:f982e9dfaf25:0:1,86024a4fa91c4b919c6bf7d14d030232d1b278e47a39c03efbe698cebb092a16,True,645.3483189688995,19,15618.02099609375,15810.0,2,360.63230701256543,40.74784996919334,,
monitor,0,7,49cd6149f02ec01ee03a6eb8287ab2df:f982e9dfaf25:0:2,cf7957792cc42aad7f2f87beb1240027c78a84aebb3babafec5afeab6040dc38,True,628.5135599318892,18,15618.02099609375,15810.0,2,360.45650590676814,40.58666492346674,,
monitor,0,8,49cd6149f02ec01ee03a6eb8287ab2df:f982e9dfaf25:0:3,e62c1d2a0e028a848bf11c6aee602c7b04b7c5d57080024b56092666b47f8121,True,696.8134699855,22,15618.02099609375,15810.0,2,360.84354401100427,41.173540987074375,,
monitor,0,9,49cd6149f02ec01ee03a6eb8287ab2df:f982e9dfaf25:0:4,f9472589f3263b5d01f4798bd4b1db08a9f8d5bfd4a7de1f6a20d7afa4d2fc9d,True,612.4327610014006,17,15618.02099609375,15810.0,2,360.87993800174445,40.75234697666019,,
monitor,0,10,49cd6149f02ec01ee03a6eb8287ab2df:81739d7eb99c:0:0,dfa96710626dd8454b20bab58edadf81faa7374948fab10c0910e55037cea818,True,663.4336810093373,20,15618.02099609375,15810.0,2,360.3846909245476,40.72145698592067,,
monitor,0,11,49cd6149f02ec01ee03a6eb8287ab2df:81739d7eb99c:0:1,86024a4fa91c4b919c6bf7d14d030232d1b278e47a39c03efbe698cebb092a16,True,647.3346060374752,19,15618.02099609375,15810.0,2,360.9622559743002,41.20482294820249,,
monitor,0,12,49cd6149f02ec01ee03a6eb8287ab2df:81739d7eb99c:0:2,cf7957792cc42aad7f2f87beb1240027c78a84aebb3babafec5afeab6040dc38,True,630.388185963966,18,15618.02099609375,15810.0,2,361.18245497345924,40.62814102508128,,
monitor,0,13,49cd6149f02ec01ee03a6eb8287ab2df:81739d7eb99c:0:3,e62c1d2a0e028a848bf11c6aee602c7b04b7c5d57080024b56092666b47f8121,True,696.5084749972448,22,15618.02099609375,15810.0,2,361.24216800089926,41.42743500415236,,
monitor,0,14,49cd6149f02ec01ee03a6eb8287ab2df:81739d7eb99c:0:4,f9472589f3263b5d01f4798bd4b1db08a9f8d5bfd4a7de1f6a20d7afa4d2fc9d,True,613.5311899706721,17,15618.02099609375,15810.0,2,360.39665597490966,40.747060906141996,,
monitor,0,15,c6050fe51d3408b1eaef27e08e7f1956:1458b54ae2f6:0:0,0c2763434c50e20730f49847263ef9024806cb1a0560c523ed77737027dc7584,True,611.437747022137,17,15618.42431640625,15810.0,2,360.1666840258986,40.72822805028409,,
monitor,0,16,c6050fe51d3408b1eaef27e08e7f1956:1458b54ae2f6:0:1,664067171cd1bbc5ce837d235ed3ea23011690faf92d70710e11636621c1b115,True,830.6055379798636,30,15618.42431640625,15810.0,2,361.61704594269395,41.37677303515375,,
monitor,0,17,c6050fe51d3408b1eaef27e08e7f1956:1458b54ae2f6:0:2,c6b78a53ab1e086ea1b1d04c24bdf6d361a4c414a514fa6f179a43df6e2fb518,True,881.2108589336276,33,15618.42431640625,15810.0,2,361.33122898172587,41.236135992221534,,
monitor,0,18,c6050fe51d3408b1eaef27e08e7f1956:1458b54ae2f6:0:3,76081f5fd3a7d2fecc5219b9f1a003927ab2f0a03cbcea2809aa13575b12704d,True,529.6300000045449,12,15618.42431640625,15810.0,2,361.37637100182474,41.07497597578913,,
monitor,0,19,c6050fe51d3408b1eaef27e08e7f1956:1458b54ae2f6:0:4,ad3a25be620e9e8363cf8b064f96e3948b2c3e9ae99d2778aa19fe9e3c58386a,True,930.1218040054664,36,15618.42431640625,15810.0,2,361.58864106982946,41.319879004731774,,
monitor,0,20,c6050fe51d3408b1eaef27e08e7f1956:e4e99a4d6532:0:0,0c2763434c50e20730f49847263ef9024806cb1a0560c523ed77737027dc7584,True,612.03405901324,17,15618.42431640625,15810.0,2,360.2700900519267,40.90414708480239,,
monitor,0,21,c6050fe51d3408b1eaef27e08e7f1956:e4e99a4d6532:0:1,664067171cd1bbc5ce837d235ed3ea23011690faf92d70710e11636621c1b115,True,828.255414031446,30,15618.42431640625,15810.0,2,360.08415604010224,40.8747810870409,,
monitor,0,22,c6050fe51d3408b1eaef27e08e7f1956:e4e99a4d6532:0:2,c6b78a53ab1e086ea1b1d04c24bdf6d361a4c414a514fa6f179a43df6e2fb518,True,878.4101048950106,33,15618.42431640625,15810.0,2,359.37459697015584,40.689334040507674,,
monitor,0,23,c6050fe51d3408b1eaef27e08e7f1956:e4e99a4d6532:0:3,76081f5fd3a7d2fecc5219b9f1a003927ab2f0a03cbcea2809aa13575b12704d,True,528.4590149531141,12,15618.42431640625,15810.0,2,361.00439191795886,41.0704369423911,,
monitor,0,24,c6050fe51d3408b1eaef27e08e7f1956:e4e99a4d6532:0:4,ad3a25be620e9e8363cf8b064f96e3948b2c3e9ae99d2778aa19fe9e3c58386a,True,928.281239932403,36,15618.42431640625,15810.0,2,360.45866494532675,40.69567599799484,,
monitor,0,25,bb98dd0bceac09d24db1ecb2af549a92:377f7f0dd150:0:0,c7fdec5fa5d5e1adf291637b9bb1fe8f118cbb3eb57af7ef76921e247600c9c6,True,643.4811900835484,19,15618.02099609375,15810.0,2,359.85119198448956,40.60157493222505,,
monitor,0,26,bb98dd0bceac09d24db1ecb2af549a92:377f7f0dd150:0:1,4af9997807defa232e553246d42901a0d746fdbefff91462d7ee0c1a91ca74e4,True,760.0068219471723,26,15618.02099609375,15810.0,2,360.29310896992683,40.822774986736476,,
monitor,0,27,bb98dd0bceac09d24db1ecb2af549a92:377f7f0dd150:0:2,75d13c8ce97c12289f2430a015d1d7989bcb997955ebfd456b23a70f3283334e,True,728.5076760454103,24,15618.02099609375,15810.0,2,361.5537149598822,41.69141792226583,,
monitor,0,28,bb98dd0bceac09d24db1ecb2af549a92:377f7f0dd150:0:3,07076b19c18093e788139445acd32421179c80fb131abb5020ab511b244dfaf3,True,544.5353660034016,13,15618.02099609375,15810.0,2,360.6510820100084,40.69669602904469,,
monitor,0,29,bb98dd0bceac09d24db1ecb2af549a92:377f7f0dd150:0:4,07076b19c18093e788139445acd32421179c80fb131abb5020ab511b244dfaf3,True,543.4082531137392,13,15618.02099609375,15810.0,2,360.22409808356315,40.5534440651536,,
monitor,0,30,bb98dd0bceac09d24db1ecb2af549a92:2cf3a7a3a65c:0:0,c7fdec5fa5d5e1adf291637b9bb1fe8f118cbb3eb57af7ef76921e247600c9c6,True,643.1228730361909,19,15618.02099609375,15810.0,2,359.99357502441853,40.42736301198602,,
monitor,0,31,bb98dd0bceac09d24db1ecb2af549a92:2cf3a7a3a65c:0:1,4af9997807defa232e553246d42901a0d746fdbefff91462d7ee0c1a91ca74e4,True,760.1928169606254,26,15618.02099609375,15810.0,2,359.8361350595951,40.66751105710864,,
monitor,0,32,bb98dd0bceac09d24db1ecb2af549a92:2cf3a7a3a65c:0:2,75d13c8ce97c12289f2430a015d1d7989bcb997955ebfd456b23a70f3283334e,True,727.7192970504984,24,15618.02099609375,15810.0,2,359.4715689541772,40.564697002992034,,
monitor,0,33,bb98dd0bceac09d24db1ecb2af549a92:2cf3a7a3a65c:0:3,07076b19c18093e788139445acd32421179c80fb131abb5020ab511b244dfaf3,True,543.5670730657876,13,15618.02099609375,15810.0,2,359.4057019799948,40.39760597515851,,
monitor,0,34,bb98dd0bceac09d24db1ecb2af549a92:2cf3a7a3a65c:0:4,07076b19c18093e788139445acd32421179c80fb131abb5020ab511b244dfaf3,True,543.1903860298917,13,15618.02099609375,15810.0,2,359.0932859806344,40.44982395134866,,
monitor,0,35,b877dd782edba758ab429e3ee3de3329:97e16cc551e4:0:0,62517bae74e7259c57a7da56e4f54b797cf2a664727fb53fe05de2f3598ea92d,True,692.6243939669803,22,15618.09423828125,15810.0,2,359.6510939532891,40.388683904893696,,
monitor,0,36,b877dd782edba758ab429e3ee3de3329:97e16cc551e4:0:1,d84210bceb3038c1ed37c6ee7bc057db462ddedaa6823742af8a6d297cb431da,True,760.1573299616575,26,15618.09423828125,15810.0,2,359.87143695820123,40.7157150330022,,
monitor,0,37,b877dd782edba758ab429e3ee3de3329:97e16cc551e4:0:2,e2d8c9e2e95c4938f7be5f7610f5dd612f23c22b2461cafe849ff52d619824cd,True,760.8968570129946,26,15618.09423828125,15810.0,2,360.7779210433364,40.770960971713066,,
monitor,0,38,b877dd782edba758ab429e3ee3de3329:97e16cc551e4:0:3,94d4ffe585b52d02528404f4f0629286595977610fc216797666ffe14a17ed0c,True,626.7719810130075,18,15618.09423828125,15810.0,2,360.28423404786736,40.42301105801016,,
monitor,0,39,b877dd782edba758ab429e3ee3de3329:97e16cc551e4:0:4,aba8c2cf6367e2e8a95bb52794ddcb426d595fad022cf2d457da88045f881ed0,True,592.9390350356698,16,15618.09423828125,15810.0,2,360.29934708494693,40.464941994287074,,
monitor,0,40,b877dd782edba758ab429e3ee3de3329:dd7f6c9e007d:0:0,62517bae74e7259c57a7da56e4f54b797cf2a664727fb53fe05de2f3598ea92d,True,693.9596800366417,22,15618.09423828125,15810.0,2,359.5745270140469,40.57834995910525,,
monitor,0,41,b877dd782edba758ab429e3ee3de3329:dd7f6c9e007d:0:1,d84210bceb3038c1ed37c6ee7bc057db462ddedaa6823742af8a6d297cb431da,True,759.7293999278918,26,15618.09423828125,15810.0,2,359.7403259482235,40.70141399279237,,
monitor,0,42,b877dd782edba758ab429e3ee3de3329:dd7f6c9e007d:0:2,e2d8c9e2e95c4938f7be5f7610f5dd612f23c22b2461cafe849ff52d619824cd,True,760.4148029349744,26,15618.09423828125,15810.0,2,360.1930169388652,40.71653797291219,,
monitor,0,43,b877dd782edba758ab429e3ee3de3329:dd7f6c9e007d:0:3,94d4ffe585b52d02528404f4f0629286595977610fc216797666ffe14a17ed0c,True,627.187606994994,18,15618.09423828125,15810.0,2,359.7884849878028,40.67304695490748,,
monitor,0,44,b877dd782edba758ab429e3ee3de3329:dd7f6c9e007d:0:4,aba8c2cf6367e2e8a95bb52794ddcb426d595fad022cf2d457da88045f881ed0,True,592.7616050466895,16,15618.09423828125,15810.0,2,359.65876397676766,40.634447010234,,
monitor,0,45,4f59fbf51a0a5bfb4dc5af02cf294693:993dac5396a0:0:0,aa1f1fd8a9efcb963811de5e984dc16d83696aa7e913ba6980ace9aa76b7f7a3,True,625.563143985346,18,15618.27783203125,15810.0,2,359.7494689747691,40.467764949426055,,
monitor,0,46,4f59fbf51a0a5bfb4dc5af02cf294693:993dac5396a0:0:1,bdcb900eea2a0e63a259e4fe2376f8cc3aec08e4611682d3f4ee038edca9d017,True,493.2540589943528,10,15618.27783203125,15810.0,2,358.92889101523906,40.394718991592526,,
monitor,0,47,4f59fbf51a0a5bfb4dc5af02cf294693:993dac5396a0:0:2,f3e746a5a573b9140378e527f40ef9a01e1da198199bb2597c74356d9befd366,True,759.0624219737947,26,15618.27783203125,15810.0,2,359.21756899915636,40.614714031107724,,
monitor,0,48,4f59fbf51a0a5bfb4dc5af02cf294693:993dac5396a0:0:3,f77a4c18118683cabf2ce423b4a1474e9a020c00dc184984ee227d2432eaaeca,True,761.4616169594228,26,15618.27783203125,15810.0,2,360.0345900049433,40.5861270846799,,
monitor,0,49,4f59fbf51a0a5bfb4dc5af02cf294693:993dac5396a0:0:4,082a3f27a64a793001365f40fd7d76058660d5148036e68127b7775445e5f79a,True,494.78313501458615,10,15618.27783203125,15810.0,2,359.88521797116846,40.607131901197135,,
monitor,1,0,1a938d25604410ccd63b60285919eaec:c627e50da685:0:0,ad7432ad3647d5979a4c8f07ea59db904408a5ca59b44fc807019ff723c8fe9d,True,527.0876660943031,12,15618.27783203125,15810.0,2,359.68674707692116,40.642266045324504,,
monitor,1,1,1a938d25604410ccd63b60285919eaec:c627e50da685:0:1,ad7432ad3647d5979a4c8f07ea59db904408a5ca59b44fc807019ff723c8fe9d,True,527.0978539483622,12,15618.27783203125,15810.0,2,359.7050770185888,41.13034810870886,,
monitor,1,2,1a938d25604410ccd63b60285919eaec:c627e50da685:0:2,45b29a4f9a357408272a3d9ee292dd9f825df58412a294bc76edad70933ff8f3,True,526.5193299856037,12,15618.27783203125,15810.0,2,359.2309419764206,40.45578604564071,,
monitor,1,3,1a938d25604410ccd63b60285919eaec:c627e50da685:0:3,8f13312bc57593ae709f0e55a18489d480c2a86c8038ac06144174a3f51b5600,True,527.2797059733421,12,15618.27783203125,15810.0,2,359.9662210326642,40.83987406920642,,
monitor,1,4,1a938d25604410ccd63b60285919eaec:c627e50da685:0:4,8f13312bc57593ae709f0e55a18489d480c2a86c8038ac06144174a3f51b5600,True,527.7894680621102,12,15618.27783203125,15810.0,2,361.0984410624951,40.61995609663427,,
monitor,1,5,49cd6149f02ec01ee03a6eb8287ab2df:f982e9dfaf25:0:0,dfa96710626dd8454b20bab58edadf81faa7374948fab10c0910e55037cea818,True,660.9981729416177,20,15618.02099609375,15810.0,2,360.3768969187513,40.560049936175346,,
monitor,1,6,49cd6149f02ec01ee03a6eb8287ab2df:f982e9dfaf25:0:1,86024a4fa91c4b919c6bf7d14d030232d1b278e47a39c03efbe698cebb092a16,True,646.0146779427305,19,15618.02099609375,15810.0,2,360.3925679344684,40.7257869374007,,
monitor,1,7,49cd6149f02ec01ee03a6eb8287ab2df:f982e9dfaf25:0:2,cf7957792cc42aad7f2f87beb1240027c78a84aebb3babafec5afeab6040dc38,True,627.3989740293473,18,15618.02099609375,15810.0,2,359.6983780153096,40.892345015890896,,
monitor,1,8,49cd6149f02ec01ee03a6eb8287ab2df:f982e9dfaf25:0:3,e62c1d2a0e028a848bf11c6aee602c7b04b7c5d57080024b56092666b47f8121,True,692.572689964436,22,15618.02099609375,15810.0,2,359.2129830503836,40.34631105605513,,
monitor,1,9,49cd6149f02ec01ee03a6eb8287ab2df:f982e9dfaf25:0:4,f9472589f3263b5d01f4798bd4b1db08a9f8d5bfd4a7de1f6a20d7afa4d2fc9d,True,655.7291190838441,17,15618.02099609375,15810.0,2,404.02141597587615,40.87222588714212,,
monitor,1,10,49cd6149f02ec01ee03a6eb8287ab2df:81739d7eb99c:0:0,dfa96710626dd8454b20bab58edadf81faa7374948fab10c0910e55037cea818,True,660.0025030784309,20,15618.02099609375,15810.0,2,358.99038903880864,40.62208998948336,,
monitor,1,11,49cd6149f02ec01ee03a6eb8287ab2df:81739d7eb99c:0:1,86024a4fa91c4b919c6bf7d14d030232d1b278e47a39c03efbe698cebb092a16,True,643.5461710207164,19,15618.02099609375,15810.0,2,359.57422899082303,40.52798298653215,,
monitor,1,12,49cd6149f02ec01ee03a6eb8287ab2df:81739d7eb99c:0:2,cf7957792cc42aad7f2f87beb1240027c78a84aebb3babafec5afeab6040dc38,True,628.3868839964271,18,15618.02099609375,15810.0,2,360.88931502308697,40.60046200174838,,
monitor,1,13,49cd6149f02ec01ee03a6eb8287ab2df:81739d7eb99c:0:3,e62c1d2a0e028a848bf11c6aee602c7b04b7c5d57080024b56092666b47f8121,True,695.8367970073596,22,15618.02099609375,15810.0,2,360.16620602458715,40.21682508755475,,
monitor,1,14,49cd6149f02ec01ee03a6eb8287ab2df:81739d7eb99c:0:4,f9472589f3263b5d01f4798bd4b1db08a9f8d5bfd4a7de1f6a20d7afa4d2fc9d,True,612.550854915753,17,15618.02099609375,15810.0,2,361.82594497222453,41.454195976257324,,
monitor,1,15,c6050fe51d3408b1eaef27e08e7f1956:1458b54ae2f6:0:0,0c2763434c50e20730f49847263ef9024806cb1a0560c523ed77737027dc7584,True,610.2207350777462,17,15618.42431640625,15810.0,2,359.82019209768623,40.547287091612816,,
monitor,1,16,c6050fe51d3408b1eaef27e08e7f1956:1458b54ae2f6:0:1,664067171cd1bbc5ce837d235ed3ea23011690faf92d70710e11636621c1b115,True,825.117815984413,30,15618.42431640625,15810.0,2,358.9991049375385,40.42520001530647,,
monitor,1,17,c6050fe51d3408b1eaef27e08e7f1956:1458b54ae2f6:0:2,c6b78a53ab1e086ea1b1d04c24bdf6d361a4c414a514fa6f179a43df6e2fb518,True,878.4595250617713,33,15618.42431640625,15810.0,2,359.5218360424042,40.812782011926174,,
monitor,1,18,c6050fe51d3408b1eaef27e08e7f1956:1458b54ae2f6:0:3,76081f5fd3a7d2fecc5219b9f1a003927ab2f0a03cbcea2809aa13575b12704d,True,529.8790760571137,12,15618.42431640625,15810.0,2,361.19747709017247,41.155414073728025,,
monitor,1,19,c6050fe51d3408b1eaef27e08e7f1956:1458b54ae2f6:0:4,ad3a25be620e9e8363cf8b064f96e3948b2c3e9ae99d2778aa19fe9e3c58386a,True,931.5318620065227,36,15618.42431640625,15810.0,2,361.4540760172531,41.1460290197283,,
monitor,1,20,c6050fe51d3408b1eaef27e08e7f1956:e4e99a4d6532:0:0,0c2763434c50e20730f49847263ef9024806cb1a0560c523ed77737027dc7584,True,611.6115530021489,17,15618.42431640625,15810.0,2,360.81336508505046,40.81853001844138,,
monitor,1,21,c6050fe51d3408b1eaef27e08e7f1956:e4e99a4d6532:0:1,664067171cd1bbc5ce837d235ed3ea23011690faf92d70710e11636621c1b115,True,828.8057929603383,30,15618.42431640625,15810.0,2,360.89085997082293,40.97709897905588,,
monitor,1,22,c6050fe51d3408b1eaef27e08e7f1956:e4e99a4d6532:0:2,c6b78a53ab1e086ea1b1d04c24bdf6d361a4c414a514fa6f179a43df6e2fb518,True,875.7677270332351,33,15618.42431640625,15810.0,2,359.93805492762476,40.598157909698784,,
monitor,1,23,c6050fe51d3408b1eaef27e08e7f1956:e4e99a4d6532:0:3,76081f5fd3a7d2fecc5219b9f1a003927ab2f0a03cbcea2809aa13575b12704d,True,526.4995370525867,12,15618.42431640625,15810.0,2,359.5246970653534,40.52655503619462,,
monitor,1,24,c6050fe51d3408b1eaef27e08e7f1956:e4e99a4d6532:0:4,ad3a25be620e9e8363cf8b064f96e3948b2c3e9ae99d2778aa19fe9e3c58386a,True,925.1986059825867,36,15618.42431640625,15810.0,2,359.22607698012143,40.49344395752996,,
monitor,1,25,bb98dd0bceac09d24db1ecb2af549a92:377f7f0dd150:0:0,c7fdec5fa5d5e1adf291637b9bb1fe8f118cbb3eb57af7ef76921e247600c9c6,True,643.8660790445283,19,15618.02099609375,15810.0,2,359.7561239730567,40.83369497675449,,
monitor,1,26,bb98dd0bceac09d24db1ecb2af549a92:377f7f0dd150:0:1,4af9997807defa232e553246d42901a0d746fdbefff91462d7ee0c1a91ca74e4,True,758.5393829504028,26,15618.02099609375,15810.0,2,358.9040479855612,40.246680029667914,,
monitor,1,27,bb98dd0bceac09d24db1ecb2af549a92:377f7f0dd150:0:2,75d13c8ce97c12289f2430a015d1d7989bcb997955ebfd456b23a70f3283334e,True,726.338200038299,24,15618.02099609375,15810.0,2,360.4133710032329,40.788810001686215,,
monitor,1,28,bb98dd0bceac09d24db1ecb2af549a92:377f7f0dd150:0:3,07076b19c18093e788139445acd32421179c80fb131abb5020ab511b244dfaf3,True,542.8982130251825,13,15618.02099609375,15810.0,2,359.29692001082003,40.741447010077536,,
monitor,1,29,bb98dd0bceac09d24db1ecb2af549a92:377f7f0dd150:0:4,07076b19c18093e788139445acd32421179c80fb131abb5020ab511b244dfaf3,True,544.2167680012062,13,15618.02099609375,15810.0,2,359.8412089049816,40.628946968354285,,
monitor,1,30,bb98dd0bceac09d24db1ecb2af549a92:2cf3a7a3a65c:0:0,c7fdec5fa5d5e1adf291637b9bb1fe8f118cbb3eb57af7ef76921e247600c9c6,True,642.9894940229133,19,15618.02099609375,15810.0,2,359.3186220386997,40.386997046880424,,
monitor,1,31,bb98dd0bceac09d24db1ecb2af549a92:2cf3a7a3a65c:0:1,4af9997807defa232e553246d42901a0d746fdbefff91462d7ee0c1a91ca74e4,True,759.8828639602289,26,15618.02099609375,15810.0,2,360.18144502304494,41.22208303306252,,
monitor,1,32,bb98dd0bceac09d24db1ecb2af549a92:2cf3a7a3a65c:0:2,75d13c8ce97c12289f2430a015d1d7989bcb997955ebfd456b23a70f3283334e,True,726.8177520018071,24,15618.02099609375,15810.0,2,359.5527979778126,40.61112797353417,,
monitor,1,33,bb98dd0bceac09d24db1ecb2af549a92:2cf3a7a3a65c:0:3,07076b19c18093e788139445acd32421179c80fb131abb5020ab511b244dfaf3,True,545.1471160631627,13,15618.02099609375,15810.0,2,360.2801780216396,40.67685594782233,,
monitor,1,34,bb98dd0bceac09d24db1ecb2af549a92:2cf3a7a3a65c:0:4,07076b19c18093e788139445acd32421179c80fb131abb5020ab511b244dfaf3,True,543.8139870529994,13,15618.02099609375,15810.0,2,359.3394620111212,40.58480903040618,,
monitor,1,35,b877dd782edba758ab429e3ee3de3329:97e16cc551e4:0:0,62517bae74e7259c57a7da56e4f54b797cf2a664727fb53fe05de2f3598ea92d,True,694.4409850984812,22,15618.09423828125,15810.0,2,360.57823803275824,41.65502800606191,,
monitor,1,36,b877dd782edba758ab429e3ee3de3329:97e16cc551e4:0:1,d84210bceb3038c1ed37c6ee7bc057db462ddedaa6823742af8a6d297cb431da,True,762.727672001347,26,15618.09423828125,15810.0,2,360.09408498648554,40.66150693688542,,
monitor,1,37,b877dd782edba758ab429e3ee3de3329:97e16cc551e4:0:2,e2d8c9e2e95c4938f7be5f7610f5dd612f23c22b2461cafe849ff52d619824cd,True,761.5992949577048,26,15618.09423828125,15810.0,2,359.99678599182516,40.771694970317185,,
monitor,1,38,b877dd782edba758ab429e3ee3de3329:97e16cc551e4:0:3,94d4ffe585b52d02528404f4f0629286595977610fc216797666ffe14a17ed0c,True,627.5855819694698,18,15618.09423828125,15810.0,2,359.5662290463224,40.63084605149925,,
monitor,1,39,b877dd782edba758ab429e3ee3de3329:97e16cc551e4:0:4,aba8c2cf6367e2e8a95bb52794ddcb426d595fad022cf2d457da88045f881ed0,True,594.2897669738159,16,15618.09423828125,15810.0,2,359.7263469127938,40.69609590806067,,
monitor,1,40,b877dd782edba758ab429e3ee3de3329:dd7f6c9e007d:0:0,62517bae74e7259c57a7da56e4f54b797cf2a664727fb53fe05de2f3598ea92d,True,694.2162750056013,22,15618.09423828125,15810.0,2,359.8300559679046,41.24978696927428,,
monitor,1,41,b877dd782edba758ab429e3ee3de3329:dd7f6c9e007d:0:1,d84210bceb3038c1ed37c6ee7bc057db462ddedaa6823742af8a6d297cb431da,True,761.8096109945327,26,15618.09423828125,15810.0,2,359.54550094902515,40.76724103651941,,
monitor,1,42,b877dd782edba758ab429e3ee3de3329:dd7f6c9e007d:0:2,e2d8c9e2e95c4938f7be5f7610f5dd612f23c22b2461cafe849ff52d619824cd,True,761.9134139968082,26,15618.09423828125,15810.0,2,360.7192470226437,40.98457901272923,,
monitor,1,43,b877dd782edba758ab429e3ee3de3329:dd7f6c9e007d:0:3,94d4ffe585b52d02528404f4f0629286595977610fc216797666ffe14a17ed0c,True,628.3421459374949,18,15618.09423828125,15810.0,2,360.42018490843475,40.69738194812089,,
monitor,1,44,b877dd782edba758ab429e3ee3de3329:dd7f6c9e007d:0:4,aba8c2cf6367e2e8a95bb52794ddcb426d595fad022cf2d457da88045f881ed0,True,593.6532920459285,16,15618.09423828125,15810.0,2,359.7707609878853,40.54497496690601,,
monitor,1,45,4f59fbf51a0a5bfb4dc5af02cf294693:993dac5396a0:0:0,aa1f1fd8a9efcb963811de5e984dc16d83696aa7e913ba6980ace9aa76b7f7a3,True,626.5246480470523,18,15618.27783203125,15810.0,2,359.7092389827594,40.596539969556034,,
monitor,1,46,4f59fbf51a0a5bfb4dc5af02cf294693:993dac5396a0:0:1,bdcb900eea2a0e63a259e4fe2376f8cc3aec08e4611682d3f4ee038edca9d017,True,492.8936769720167,10,15618.27783203125,15810.0,2,359.26921002101153,40.46650405507535,,
monitor,1,47,4f59fbf51a0a5bfb4dc5af02cf294693:993dac5396a0:0:2,f3e746a5a573b9140378e527f40ef9a01e1da198199bb2597c74356d9befd366,True,761.155643966049,26,15618.27783203125,15810.0,2,359.468293027021,40.64922803081572,,
monitor,1,48,4f59fbf51a0a5bfb4dc5af02cf294693:993dac5396a0:0:3,f77a4c18118683cabf2ce423b4a1474e9a020c00dc184984ee227d2432eaaeca,True,761.804961017333,26,15618.27783203125,15810.0,2,360.30681198462844,40.540660033002496,,
monitor,1,49,4f59fbf51a0a5bfb4dc5af02cf294693:993dac5396a0:0:4,082a3f27a64a793001365f40fd7d76058660d5148036e68127b7775445e5f79a,True,494.9374970747158,10,15618.27783203125,15810.0,2,360.91553908772767,41.18051903788,,
predictor,0,0,1a938d25604410ccd63b60285919eaec:c627e50da685:0:0,ad7432ad3647d5979a4c8f07ea59db904408a5ca59b44fc807019ff723c8fe9d,True,527.2920770803466,12,15618.58154296875,15810.0,2,360.66642799414694,41.909747989848256,,
predictor,0,1,1a938d25604410ccd63b60285919eaec:c627e50da685:0:1,ad7432ad3647d5979a4c8f07ea59db904408a5ca59b44fc807019ff723c8fe9d,True,528.3397660823539,12,15618.58154296875,15810.0,2,361.2664790125564,42.10910596884787,,
predictor,0,2,1a938d25604410ccd63b60285919eaec:c627e50da685:0:2,45b29a4f9a357408272a3d9ee292dd9f825df58412a294bc76edad70933ff8f3,True,528.7605279590935,12,15618.58154296875,15810.0,2,362.0114360237494,42.12922498118132,,
predictor,0,3,1a938d25604410ccd63b60285919eaec:c627e50da685:0:3,8f13312bc57593ae709f0e55a18489d480c2a86c8038ac06144174a3f51b5600,True,528.3055319450796,12,15618.58154296875,15810.0,2,360.92001700308174,42.052534059621394,,
predictor,0,4,1a938d25604410ccd63b60285919eaec:c627e50da685:0:4,8f13312bc57593ae709f0e55a18489d480c2a86c8038ac06144174a3f51b5600,True,526.5549840405583,12,15618.58154296875,15810.0,2,360.43691798113286,41.635025991126895,,
predictor,0,5,49cd6149f02ec01ee03a6eb8287ab2df:f982e9dfaf25:0:0,dfa96710626dd8454b20bab58edadf81faa7374948fab10c0910e55037cea818,True,660.3801019955426,20,15618.32470703125,15810.0,2,361.3824329804629,42.415185016579926,,
predictor,0,6,49cd6149f02ec01ee03a6eb8287ab2df:f982e9dfaf25:0:1,86024a4fa91c4b919c6bf7d14d030232d1b278e47a39c03efbe698cebb092a16,True,642.2241450054571,19,15618.32470703125,15810.0,2,361.1554690869525,41.95211105979979,,
predictor,0,7,49cd6149f02ec01ee03a6eb8287ab2df:f982e9dfaf25:0:2,cf7957792cc42aad7f2f87beb1240027c78a84aebb3babafec5afeab6040dc38,True,628.1850630184636,18,15618.32470703125,15810.0,2,361.5091299870983,42.18322702217847,,
predictor,0,8,49cd6149f02ec01ee03a6eb8287ab2df:f982e9dfaf25:0:3,e62c1d2a0e028a848bf11c6aee602c7b04b7c5d57080024b56092666b47f8121,True,692.9843629477546,22,15618.32470703125,15810.0,2,360.4750899830833,41.742511093616486,,
predictor,0,9,49cd6149f02ec01ee03a6eb8287ab2df:f982e9dfaf25:0:4,f9472589f3263b5d01f4798bd4b1db08a9f8d5bfd4a7de1f6a20d7afa4d2fc9d,True,609.8859038902447,17,15618.32470703125,15810.0,2,360.90159695595503,41.989863966591656,,
predictor,0,10,49cd6149f02ec01ee03a6eb8287ab2df:81739d7eb99c:0:0,dfa96710626dd8454b20bab58edadf81faa7374948fab10c0910e55037cea818,True,662.1443439507857,20,15618.32470703125,15810.0,2,362.2239580145106,42.280290042981505,,
predictor,0,11,49cd6149f02ec01ee03a6eb8287ab2df:81739d7eb99c:0:1,86024a4fa91c4b919c6bf7d14d030232d1b278e47a39c03efbe698cebb092a16,True,644.2117700353265,19,15618.32470703125,15810.0,2,361.5718969376758,41.79833992384374,,
predictor,0,12,49cd6149f02ec01ee03a6eb8287ab2df:81739d7eb99c:0:2,cf7957792cc42aad7f2f87beb1240027c78a84aebb3babafec5afeab6040dc38,True,626.7606480978429,18,15618.32470703125,15810.0,2,360.5261630145833,41.94802092388272,,
predictor,0,13,49cd6149f02ec01ee03a6eb8287ab2df:81739d7eb99c:0:3,e62c1d2a0e028a848bf11c6aee602c7b04b7c5d57080024b56092666b47f8121,True,691.9651560019702,22,15618.32470703125,15810.0,2,361.39405600260943,42.4127490259707,,
predictor,0,14,49cd6149f02ec01ee03a6eb8287ab2df:81739d7eb99c:0:4,f9472589f3263b5d01f4798bd4b1db08a9f8d5bfd4a7de1f6a20d7afa4d2fc9d,True,610.0669850129634,17,15618.32470703125,15810.0,2,360.0656100315973,41.85511393006891,,
predictor,0,15,c6050fe51d3408b1eaef27e08e7f1956:1458b54ae2f6:0:0,0c2763434c50e20730f49847263ef9024806cb1a0560c523ed77737027dc7584,True,610.9428299823776,17,15618.72802734375,15810.0,2,360.9742099652067,42.078866972588,,
predictor,0,16,c6050fe51d3408b1eaef27e08e7f1956:1458b54ae2f6:0:1,664067171cd1bbc5ce837d235ed3ea23011690faf92d70710e11636621c1b115,True,826.3803879963234,30,15618.72802734375,15810.0,2,360.8714940492064,42.47610701713711,,
predictor,0,17,c6050fe51d3408b1eaef27e08e7f1956:1458b54ae2f6:0:2,c6b78a53ab1e086ea1b1d04c24bdf6d361a4c414a514fa6f179a43df6e2fb518,True,877.8206849237904,33,15618.72802734375,15810.0,2,360.62693991698325,41.93647892680019,,
predictor,0,18,c6050fe51d3408b1eaef27e08e7f1956:1458b54ae2f6:0:3,76081f5fd3a7d2fecc5219b9f1a003927ab2f0a03cbcea2809aa13575b12704d,True,529.4418759876862,12,15618.72802734375,15810.0,2,361.5421619033441,42.09772194735706,,
predictor,0,19,c6050fe51d3408b1eaef27e08e7f1956:1458b54ae2f6:0:4,ad3a25be620e9e8363cf8b064f96e3948b2c3e9ae99d2778aa19fe9e3c58386a,True,928.3690840238705,36,15618.72802734375,15810.0,2,361.2560019828379,42.12393891066313,,
predictor,0,20,c6050fe51d3408b1eaef27e08e7f1956:e4e99a4d6532:0:0,0c2763434c50e20730f49847263ef9024806cb1a0560c523ed77737027dc7584,True,611.722782952711,17,15618.72802734375,15810.0,2,360.7599809765816,42.03679505735636,,
predictor,0,21,c6050fe51d3408b1eaef27e08e7f1956:e4e99a4d6532:0:1,664067171cd1bbc5ce837d235ed3ea23011690faf92d70710e11636621c1b115,True,824.3324640206993,30,15618.72802734375,15810.0,2,360.4910169960931,42.08804189693183,,
predictor,0,22,c6050fe51d3408b1eaef27e08e7f1956:e4e99a4d6532:0:2,c6b78a53ab1e086ea1b1d04c24bdf6d361a4c414a514fa6f179a43df6e2fb518,True,877.5399560108781,33,15618.72802734375,15810.0,2,360.7329120859504,41.96220904123038,,
predictor,0,23,c6050fe51d3408b1eaef27e08e7f1956:e4e99a4d6532:0:3,76081f5fd3a7d2fecc5219b9f1a003927ab2f0a03cbcea2809aa13575b12704d,True,528.1455210642889,12,15618.72802734375,15810.0,2,361.0588350566104,42.07557300105691,,
predictor,0,24,c6050fe51d3408b1eaef27e08e7f1956:e4e99a4d6532:0:4,ad3a25be620e9e8363cf8b064f96e3948b2c3e9ae99d2778aa19fe9e3c58386a,True,927.6361820520833,36,15618.72802734375,15810.0,2,360.6390190543607,42.14710497763008,,
predictor,0,25,bb98dd0bceac09d24db1ecb2af549a92:377f7f0dd150:0:0,c7fdec5fa5d5e1adf291637b9bb1fe8f118cbb3eb57af7ef76921e247600c9c6,True,645.828822045587,19,15618.32470703125,15810.0,2,361.475836019963,42.13710897602141,,
predictor,0,26,bb98dd0bceac09d24db1ecb2af549a92:377f7f0dd150:0:1,4af9997807defa232e553246d42901a0d746fdbefff91462d7ee0c1a91ca74e4,True,761.3231510622427,26,15618.32470703125,15810.0,2,361.05294909793884,42.361170053482056,,
predictor,0,27,bb98dd0bceac09d24db1ecb2af549a92:377f7f0dd150:0:2,75d13c8ce97c12289f2430a015d1d7989bcb997955ebfd456b23a70f3283334e,True,727.3070440860465,24,15618.32470703125,15810.0,2,362.69358708523214,42.87276905961335,,
predictor,0,28,bb98dd0bceac09d24db1ecb2af549a92:377f7f0dd150:0:3,07076b19c18093e788139445acd32421179c80fb131abb5020ab511b244dfaf3,True,544.765210011974,13,15618.32470703125,15810.0,2,360.84417602978647,41.9960580766201,,
predictor,0,29,bb98dd0bceac09d24db1ecb2af549a92:377f7f0dd150:0:4,07076b19c18093e788139445acd32421179c80fb131abb5020ab511b244dfaf3,True,572.146323043853,13,15618.32470703125,15810.0,2,387.65392208006233,42.55460505373776,,
predictor,0,30,bb98dd0bceac09d24db1ecb2af549a92:2cf3a7a3a65c:0:0,c7fdec5fa5d5e1adf291637b9bb1fe8f118cbb3eb57af7ef76921e247600c9c6,True,648.2782899402082,19,15618.32470703125,15810.0,2,362.9258949076757,42.5642259651795,,
predictor,0,31,bb98dd0bceac09d24db1ecb2af549a92:2cf3a7a3a65c:0:1,4af9997807defa232e553246d42901a0d746fdbefff91462d7ee0c1a91ca74e4,True,765.1684540323913,26,15618.32470703125,15810.0,2,362.6433339668438,42.36589896026999,,
predictor,0,32,bb98dd0bceac09d24db1ecb2af549a92:2cf3a7a3a65c:0:2,75d13c8ce97c12289f2430a015d1d7989bcb997955ebfd456b23a70f3283334e,True,728.9317019749433,24,15618.32470703125,15810.0,2,361.60004895646125,42.30407893192023,,
predictor,0,33,bb98dd0bceac09d24db1ecb2af549a92:2cf3a7a3a65c:0:3,07076b19c18093e788139445acd32421179c80fb131abb5020ab511b244dfaf3,True,546.4688009815291,13,15618.32470703125,15810.0,2,361.705663963221,42.15131199453026,,
predictor,0,34,bb98dd0bceac09d24db1ecb2af549a92:2cf3a7a3a65c:0:4,07076b19c18093e788139445acd32421179c80fb131abb5020ab511b244dfaf3,True,545.9398260572925,13,15618.32470703125,15810.0,2,360.6179520720616,42.1004380332306,,
predictor,0,35,b877dd782edba758ab429e3ee3de3329:97e16cc551e4:0:0,62517bae74e7259c57a7da56e4f54b797cf2a664727fb53fe05de2f3598ea92d,True,693.3507970534265,22,15618.39794921875,15810.0,2,361.4320500055328,42.49250004068017,,
predictor,0,36,b877dd782edba758ab429e3ee3de3329:97e16cc551e4:0:1,d84210bceb3038c1ed37c6ee7bc057db462ddedaa6823742af8a6d297cb431da,True,760.8929260168225,26,15618.39794921875,15810.0,2,361.18787492159754,42.03991999384016,,
predictor,0,37,b877dd782edba758ab429e3ee3de3329:97e16cc551e4:0:2,e2d8c9e2e95c4938f7be5f7610f5dd612f23c22b2461cafe849ff52d619824cd,True,763.812766992487,26,15618.39794921875,15810.0,2,361.8886359035969,42.58643591310829,,
predictor,0,38,b877dd782edba758ab429e3ee3de3329:97e16cc551e4:0:3,94d4ffe585b52d02528404f4f0629286595977610fc216797666ffe14a17ed0c,True,648.7950780428946,18,15618.39794921875,15810.0,2,380.50914101768285,42.77595900930464,,
predictor,0,39,b877dd782edba758ab429e3ee3de3329:97e16cc551e4:0:4,aba8c2cf6367e2e8a95bb52794ddcb426d595fad022cf2d457da88045f881ed0,True,597.0303619978949,16,15618.39794921875,15810.0,2,363.02888696081936,42.84303693566471,,
predictor,0,40,b877dd782edba758ab429e3ee3de3329:dd7f6c9e007d:0:0,62517bae74e7259c57a7da56e4f54b797cf2a664727fb53fe05de2f3598ea92d,True,695.6442630616948,22,15618.39794921875,15810.0,2,361.9214710779488,42.13479103054851,,
predictor,0,41,b877dd782edba758ab429e3ee3de3329:dd7f6c9e007d:0:1,d84210bceb3038c1ed37c6ee7bc057db462ddedaa6823742af8a6d297cb431da,True,778.5538280149922,26,15618.39794921875,15810.0,2,379.2968599591404,42.10018599405885,,
predictor,0,42,b877dd782edba758ab429e3ee3de3329:dd7f6c9e007d:0:2,e2d8c9e2e95c4938f7be5f7610f5dd612f23c22b2461cafe849ff52d619824cd,True,760.1796250091866,26,15618.39794921875,15810.0,2,361.0594180645421,42.02594002708793,,
predictor,0,43,b877dd782edba758ab429e3ee3de3329:dd7f6c9e007d:0:3,94d4ffe585b52d02528404f4f0629286595977610fc216797666ffe14a17ed0c,True,624.76910604164,18,15618.39794921875,15810.0,2,360.40800902992487,41.70114698354155,,
predictor,0,44,b877dd782edba758ab429e3ee3de3329:dd7f6c9e007d:0:4,aba8c2cf6367e2e8a95bb52794ddcb426d595fad022cf2d457da88045f881ed0,True,593.127207015641,16,15618.39794921875,15810.0,2,360.330960014835,41.76167701371014,,
predictor,0,45,4f59fbf51a0a5bfb4dc5af02cf294693:993dac5396a0:0:0,aa1f1fd8a9efcb963811de5e984dc16d83696aa7e913ba6980ace9aa76b7f7a3,True,627.2027039667591,18,15618.58154296875,15810.0,2,360.7798860175535,41.82193800806999,,
predictor,0,46,4f59fbf51a0a5bfb4dc5af02cf294693:993dac5396a0:0:1,bdcb900eea2a0e63a259e4fe2376f8cc3aec08e4611682d3f4ee038edca9d017,True,497.38132301717997,10,15618.58154296875,15810.0,2,362.1866920730099,42.762171011418104,,
predictor,0,47,4f59fbf51a0a5bfb4dc5af02cf294693:993dac5396a0:0:2,f3e746a5a573b9140378e527f40ef9a01e1da198199bb2597c74356d9befd366,True,763.5757409734651,26,15618.58154296875,15810.0,2,362.5766569748521,42.67640900798142,,
predictor,0,48,4f59fbf51a0a5bfb4dc5af02cf294693:993dac5396a0:0:3,f77a4c18118683cabf2ce423b4a1474e9a020c00dc184984ee227d2432eaaeca,True,779.6522179851308,26,15618.58154296875,15810.0,2,379.87730908207595,42.37250308506191,,
predictor,0,49,4f59fbf51a0a5bfb4dc5af02cf294693:993dac5396a0:0:4,082a3f27a64a793001365f40fd7d76058660d5148036e68127b7775445e5f79a,True,496.494619990699,10,15618.58154296875,15810.0,2,362.6491209724918,42.32233599759638,,
predictor,1,0,1a938d25604410ccd63b60285919eaec:c627e50da685:0:0,ad7432ad3647d5979a4c8f07ea59db904408a5ca59b44fc807019ff723c8fe9d,True,531.1478710500523,12,15618.58154296875,15810.0,2,363.26336907222867,43.002429069019854,,
predictor,1,1,1a938d25604410ccd63b60285919eaec:c627e50da685:0:1,ad7432ad3647d5979a4c8f07ea59db904408a5ca59b44fc807019ff723c8fe9d,True,530.6790060130879,12,15618.58154296875,15810.0,2,363.08797099627554,43.10528002679348,,
predictor,1,2,1a938d25604410ccd63b60285919eaec:c627e50da685:0:2,45b29a4f9a357408272a3d9ee292dd9f825df58412a294bc76edad70933ff8f3,True,530.6996389990672,12,15618.58154296875,15810.0,2,363.2300189929083,42.955760029144585,,
predictor,1,3,1a938d25604410ccd63b60285919eaec:c627e50da685:0:3,8f13312bc57593ae709f0e55a18489d480c2a86c8038ac06144174a3f51b5600,True,530.2716370206326,12,15618.58154296875,15810.0,2,362.69736499525607,42.487249011173844,,
predictor,1,4,1a938d25604410ccd63b60285919eaec:c627e50da685:0:4,8f13312bc57593ae709f0e55a18489d480c2a86c8038ac06144174a3f51b5600,True,530.0807979656383,12,15618.58154296875,15810.0,2,362.39170900080353,42.46671695727855,,
predictor,1,5,49cd6149f02ec01ee03a6eb8287ab2df:f982e9dfaf25:0:0,dfa96710626dd8454b20bab58edadf81faa7374948fab10c0910e55037cea818,True,664.289541891776,20,15618.32470703125,15810.0,2,363.0967019125819,42.85974591039121,,
predictor,1,6,49cd6149f02ec01ee03a6eb8287ab2df:f982e9dfaf25:0:1,86024a4fa91c4b919c6bf7d14d030232d1b278e47a39c03efbe698cebb092a16,True,672.74314397946,19,15618.32470703125,15810.0,2,387.4520029639825,42.73017297964543,,
predictor,1,7,49cd6149f02ec01ee03a6eb8287ab2df:f982e9dfaf25:0:2,cf7957792cc42aad7f2f87beb1240027c78a84aebb3babafec5afeab6040dc38,True,629.7246769536287,18,15618.32470703125,15810.0,2,362.6319880131632,42.64083201996982,,
predictor,1,8,49cd6149f02ec01ee03a6eb8287ab2df:f982e9dfaf25:0:3,e62c1d2a0e028a848bf11c6aee602c7b04b7c5d57080024b56092666b47f8121,True,695.8495010621846,22,15618.32470703125,15810.0,2,362.4307740246877,42.56203304976225,,
predictor,1,9,49cd6149f02ec01ee03a6eb8287ab2df:f982e9dfaf25:0:4,f9472589f3263b5d01f4798bd4b1db08a9f8d5bfd4a7de1f6a20d7afa4d2fc9d,True,610.920664970763,17,15618.32470703125,15810.0,2,361.7054120404646,42.206283076666296,,
predictor,1,10,49cd6149f02ec01ee03a6eb8287ab2df:81739d7eb99c:0:0,dfa96710626dd8454b20bab58edadf81faa7374948fab10c0910e55037cea818,True,662.5370520632714,20,15618.32470703125,15810.0,2,361.16459500044584,42.062851949594915,,
predictor,1,11,49cd6149f02ec01ee03a6eb8287ab2df:81739d7eb99c:0:1,86024a4fa91c4b919c6bf7d14d030232d1b278e47a39c03efbe698cebb092a16,True,645.3823209740222,19,15618.32470703125,15810.0,2,361.2371169729158,42.163270991295576,,
predictor,1,12,49cd6149f02ec01ee03a6eb8287ab2df:81739d7eb99c:0:2,cf7957792cc42aad7f2f87beb1240027c78a84aebb3babafec5afeab6040dc38,True,666.9630549149588,18,15618.32470703125,15810.0,2,399.35551898088306,42.43956599384546,,
predictor,1,13,49cd6149f02ec01ee03a6eb8287ab2df:81739d7eb99c:0:3,e62c1d2a0e028a848bf11c6aee602c7b04b7c5d57080024b56092666b47f8121,True,694.3252939963713,22,15618.32470703125,15810.0,2,360.98846700042486,42.09223797079176,,
predictor,1,14,49cd6149f02ec01ee03a6eb8287ab2df:81739d7eb99c:0:4,f9472589f3263b5d01f4798bd4b1db08a9f8d5bfd4a7de1f6a20d7afa4d2fc9d,True,611.7527459282428,17,15618.32470703125,15810.0,2,361.97929992340505,42.22184489481151,,
predictor,1,15,c6050fe51d3408b1eaef27e08e7f1956:1458b54ae2f6:0:0,0c2763434c50e20730f49847263ef9024806cb1a0560c523ed77737027dc7584,True,612.0554050430655,17,15618.72802734375,15810.0,2,361.4133750088513,42.172010987997055,,
predictor,1,16,c6050fe51d3408b1eaef27e08e7f1956:1458b54ae2f6:0:1,664067171cd1bbc5ce837d235ed3ea23011690faf92d70710e11636621c1b115,True,827.7943109860644,30,15618.72802734375,15810.0,2,362.5206520082429,42.84169094171375,,
predictor,1,17,c6050fe51d3408b1eaef27e08e7f1956:1458b54ae2f6:0:2,c6b78a53ab1e086ea1b1d04c24bdf6d361a4c414a514fa6f179a43df6e2fb518,True,877.7438349789008,33,15618.72802734375,15810.0,2,361.0462759388611,42.13166190311313,,
predictor,1,18,c6050fe51d3408b1eaef27e08e7f1956:1458b54ae2f6:0:3,76081f5fd3a7d2fecc5219b9f1a003927ab2f0a03cbcea2809aa13575b12704d,True,528.3783850027248,12,15618.72802734375,15810.0,2,361.24626407399774,42.1810990665108,,
predictor,1,19,c6050fe51d3408b1eaef27e08e7f1956:1458b54ae2f6:0:4,ad3a25be620e9e8363cf8b064f96e3948b2c3e9ae99d2778aa19fe9e3c58386a,True,930.5944900261238,36,15618.72802734375,15810.0,2,360.646930988878,42.09298500791192,,
predictor,1,20,c6050fe51d3408b1eaef27e08e7f1956:e4e99a4d6532:0:0,0c2763434c50e20730f49847263ef9024806cb1a0560c523ed77737027dc7584,True,612.3635129770264,17,15618.72802734375,15810.0,2,362.00349300634116,42.088216985575855,,
predictor,1,21,c6050fe51d3408b1eaef27e08e7f1956:e4e99a4d6532:0:1,664067171cd1bbc5ce837d235ed3ea23011690faf92d70710e11636621c1b115,True,827.5668170535937,30,15618.72802734375,15810.0,2,361.18109605740756,42.13524598162621,,
predictor,1,22,c6050fe51d3408b1eaef27e08e7f1956:e4e99a4d6532:0:2,c6b78a53ab1e086ea1b1d04c24bdf6d361a4c414a514fa6f179a43df6e2fb518,True,878.7463289918378,33,15618.72802734375,15810.0,2,361.5522349718958,42.08424489479512,,
predictor,1,23,c6050fe51d3408b1eaef27e08e7f1956:e4e99a4d6532:0:3,76081f5fd3a7d2fecc5219b9f1a003927ab2f0a03cbcea2809aa13575b12704d,True,528.7374310428277,12,15618.72802734375,15810.0,2,361.78428505081683,42.51882899552584,,
predictor,1,24,c6050fe51d3408b1eaef27e08e7f1956:e4e99a4d6532:0:4,ad3a25be620e9e8363cf8b064f96e3948b2c3e9ae99d2778aa19fe9e3c58386a,True,927.2251450456679,36,15618.72802734375,15810.0,2,360.35995301790535,41.850364999845624,,
predictor,1,25,bb98dd0bceac09d24db1ecb2af549a92:377f7f0dd150:0:0,c7fdec5fa5d5e1adf291637b9bb1fe8f118cbb3eb57af7ef76921e247600c9c6,True,644.4358680164441,19,15618.32470703125,15810.0,2,360.67285400349647,42.02309902757406,,
predictor,1,26,bb98dd0bceac09d24db1ecb2af549a92:377f7f0dd150:0:1,4af9997807defa232e553246d42901a0d746fdbefff91462d7ee0c1a91ca74e4,True,773.7141229445115,26,15618.32470703125,15810.0,2,372.50359798781574,42.44347498752177,,
predictor,1,27,bb98dd0bceac09d24db1ecb2af549a92:377f7f0dd150:0:2,75d13c8ce97c12289f2430a015d1d7989bcb997955ebfd456b23a70f3283334e,True,729.5567959081382,24,15618.32470703125,15810.0,2,362.52932099159807,42.56481002084911,,
predictor,1,28,bb98dd0bceac09d24db1ecb2af549a92:377f7f0dd150:0:3,07076b19c18093e788139445acd32421179c80fb131abb5020ab511b244dfaf3,True,546.6018880251795,13,15618.32470703125,15810.0,2,361.8191130226478,42.33353701420128,,
predictor,1,29,bb98dd0bceac09d24db1ecb2af549a92:377f7f0dd150:0:4,07076b19c18093e788139445acd32421179c80fb131abb5020ab511b244dfaf3,True,546.2624880019575,13,15618.32470703125,15810.0,2,362.3323419597,42.239381931722164,,
predictor,1,30,bb98dd0bceac09d24db1ecb2af549a92:2cf3a7a3a65c:0:0,c7fdec5fa5d5e1adf291637b9bb1fe8f118cbb3eb57af7ef76921e247600c9c6,True,643.5200050473213,19,15618.32470703125,15810.0,2,360.396972973831,42.02400997746736,,
predictor,1,31,bb98dd0bceac09d24db1ecb2af549a92:2cf3a7a3a65c:0:1,4af9997807defa232e553246d42901a0d746fdbefff91462d7ee0c1a91ca74e4,True,760.0637780269608,26,15618.32470703125,15810.0,2,360.92301609460264,41.869911015965044,,
predictor,1,32,bb98dd0bceac09d24db1ecb2af549a92:2cf3a7a3a65c:0:2,75d13c8ce97c12289f2430a015d1d7989bcb997955ebfd456b23a70f3283334e,True,726.6342339571565,24,15618.32470703125,15810.0,2,360.81132804974914,42.054505087435246,,
predictor,1,33,bb98dd0bceac09d24db1ecb2af549a92:2cf3a7a3a65c:0:3,07076b19c18093e788139445acd32421179c80fb131abb5020ab511b244dfaf3,True,544.8177199577913,13,15618.32470703125,15810.0,2,361.0471859574318,42.06681193318218,,
predictor,1,34,bb98dd0bceac09d24db1ecb2af549a92:2cf3a7a3a65c:0:4,07076b19c18093e788139445acd32421179c80fb131abb5020ab511b244dfaf3,True,546.4772649575025,13,15618.32470703125,15810.0,2,362.048359005712,42.603427078574896,,
predictor,1,35,b877dd782edba758ab429e3ee3de3329:97e16cc551e4:0:0,62517bae74e7259c57a7da56e4f54b797cf2a664727fb53fe05de2f3598ea92d,True,694.4500599056482,22,15618.39794921875,15810.0,2,361.24011396896094,42.0030519599095,,
predictor,1,36,b877dd782edba758ab429e3ee3de3329:97e16cc551e4:0:1,d84210bceb3038c1ed37c6ee7bc057db462ddedaa6823742af8a6d297cb431da,True,761.4366640336812,26,15618.39794921875,15810.0,2,361.04216997046024,41.984713985584676,,
predictor,1,37,b877dd782edba758ab429e3ee3de3329:97e16cc551e4:0:2,e2d8c9e2e95c4938f7be5f7610f5dd612f23c22b2461cafe849ff52d619824cd,True,761.3746660063043,26,15618.39794921875,15810.0,2,360.8356839977205,41.77142400294542,,
predictor,1,38,b877dd782edba758ab429e3ee3de3329:97e16cc551e4:0:3,94d4ffe585b52d02528404f4f0629286595977610fc216797666ffe14a17ed0c,True,627.852238016203,18,15618.39794921875,15810.0,2,360.5789910070598,41.93688102532178,,
predictor,1,39,b877dd782edba758ab429e3ee3de3329:97e16cc551e4:0:4,aba8c2cf6367e2e8a95bb52794ddcb426d595fad022cf2d457da88045f881ed0,True,595.3749110922217,16,15618.39794921875,15810.0,2,361.7288700770587,42.37713199108839,,
predictor,1,40,b877dd782edba758ab429e3ee3de3329:dd7f6c9e007d:0:0,62517bae74e7259c57a7da56e4f54b797cf2a664727fb53fe05de2f3598ea92d,True,694.1808520350605,22,15618.39794921875,15810.0,2,361.6607650183141,42.19784901943058,,
predictor,1,41,b877dd782edba758ab429e3ee3de3329:dd7f6c9e007d:0:1,d84210bceb3038c1ed37c6ee7bc057db462ddedaa6823742af8a6d297cb431da,True,761.9701749645174,26,15618.39794921875,15810.0,2,361.05570604559034,42.09069500211626,,
predictor,1,42,b877dd782edba758ab429e3ee3de3329:dd7f6c9e007d:0:2,e2d8c9e2e95c4938f7be5f7610f5dd612f23c22b2461cafe849ff52d619824cd,True,760.967412032187,26,15618.39794921875,15810.0,2,361.0631440533325,42.10337495896965,,
predictor,1,43,b877dd782edba758ab429e3ee3de3329:dd7f6c9e007d:0:3,94d4ffe585b52d02528404f4f0629286595977610fc216797666ffe14a17ed0c,True,628.5877500195056,18,15618.39794921875,15810.0,2,360.8116820687428,41.94704699330032,,
predictor,1,44,b877dd782edba758ab429e3ee3de3329:dd7f6c9e007d:0:4,aba8c2cf6367e2e8a95bb52794ddcb426d595fad022cf2d457da88045f881ed0,True,596.6113400645554,16,15618.39794921875,15810.0,2,362.4259859789163,42.251824983395636,,
predictor,1,45,4f59fbf51a0a5bfb4dc5af02cf294693:993dac5396a0:0:0,aa1f1fd8a9efcb963811de5e984dc16d83696aa7e913ba6980ace9aa76b7f7a3,True,628.2570121111348,18,15618.58154296875,15810.0,2,361.37236503418535,42.095170938409865,,
predictor,1,46,4f59fbf51a0a5bfb4dc5af02cf294693:993dac5396a0:0:1,bdcb900eea2a0e63a259e4fe2376f8cc3aec08e4611682d3f4ee038edca9d017,True,494.46989595890045,10,15618.58154296875,15810.0,2,360.69803801365197,42.019836022518575,,
predictor,1,47,4f59fbf51a0a5bfb4dc5af02cf294693:993dac5396a0:0:2,f3e746a5a573b9140378e527f40ef9a01e1da198199bb2597c74356d9befd366,True,760.8938820194453,26,15618.58154296875,15810.0,2,360.8520230045542,41.63980600424111,,
predictor,1,48,4f59fbf51a0a5bfb4dc5af02cf294693:993dac5396a0:0:3,f77a4c18118683cabf2ce423b4a1474e9a020c00dc184984ee227d2432eaaeca,True,762.6337999245152,26,15618.58154296875,15810.0,2,361.3234079675749,42.15191106777638,,
predictor,1,49,4f59fbf51a0a5bfb4dc5af02cf294693:993dac5396a0:0:4,082a3f27a64a793001365f40fd7d76058660d5148036e68127b7775445e5f79a,True,526.8765459768474,10,15618.58154296875,15810.0,2,392.24406995344907,42.32337197754532,,
sieve,0,0,1a938d25604410ccd63b60285919eaec:c627e50da685:0:0,ad7432ad3647d5979a4c8f07ea59db904408a5ca59b44fc807019ff723c8fe9d,True,528.6829380784184,12,15618.58154296875,15810.0,2,361.40372906811535,42.49616398010403,0.001441578264348209,0
sieve,0,1,1a938d25604410ccd63b60285919eaec:c627e50da685:0:1,ad7432ad3647d5979a4c8f07ea59db904408a5ca59b44fc807019ff723c8fe9d,True,529.5697039691731,12,15618.58154296875,15810.0,2,361.68670398183167,42.749796994030476,0.0014565684832632542,0
sieve,0,2,1a938d25604410ccd63b60285919eaec:c627e50da685:0:2,45b29a4f9a357408272a3d9ee292dd9f825df58412a294bc76edad70933ff8f3,True,529.6768849948421,12,15618.58154296875,15810.0,2,361.7184330942109,42.727328022010624,0.0013233129866421223,0
sieve,0,3,1a938d25604410ccd63b60285919eaec:c627e50da685:0:3,8f13312bc57593ae709f0e55a18489d480c2a86c8038ac06144174a3f51b5600,True,528.7410150049254,12,15618.58154296875,15810.0,2,361.9181859539822,42.48912399634719,0.002346249995753169,0
sieve,0,4,1a938d25604410ccd63b60285919eaec:c627e50da685:0:4,8f13312bc57593ae709f0e55a18489d480c2a86c8038ac06144174a3f51b5600,True,527.7445480460301,12,15618.58154296875,15810.0,2,361.2834360683337,42.530792066827416,0.001890652347356081,0
sieve,0,5,49cd6149f02ec01ee03a6eb8287ab2df:f982e9dfaf25:0:0,dfa96710626dd8454b20bab58edadf81faa7374948fab10c0910e55037cea818,True,662.2004490345716,20,15618.32470703125,15810.0,2,361.8416269309819,42.584279901348054,0.05192802846431732,0
sieve,0,6,49cd6149f02ec01ee03a6eb8287ab2df:f982e9dfaf25:0:1,86024a4fa91c4b919c6bf7d14d030232d1b278e47a39c03efbe698cebb092a16,True,643.5618080431595,19,15618.32470703125,15810.0,2,361.19336704723537,42.42772003635764,0.04848470538854599,0
sieve,0,7,49cd6149f02ec01ee03a6eb8287ab2df:f982e9dfaf25:0:2,cf7957792cc42aad7f2f87beb1240027c78a84aebb3babafec5afeab6040dc38,True,627.593279001303,18,15618.32470703125,15810.0,2,361.0871579730883,42.61946293991059,0.043015409260988235,0
sieve,0,8,49cd6149f02ec01ee03a6eb8287ab2df:f982e9dfaf25:0:3,e62c1d2a0e028a848bf11c6aee602c7b04b7c5d57080024b56092666b47f8121,True,695.9554160712287,22,15618.32470703125,15810.0,2,362.02818201854825,42.69921395462006,0.05549753084778786,0
sieve,0,9,49cd6149f02ec01ee03a6eb8287ab2df:f982e9dfaf25:0:4,f9472589f3263b5d01f4798bd4b1db08a9f8d5bfd4a7de1f6a20d7afa4d2fc9d,True,611.6767509374768,17,15618.32470703125,15810.0,2,361.3720720168203,42.57379507180303,0.0285521000623703,0
sieve,0,10,49cd6149f02ec01ee03a6eb8287ab2df:81739d7eb99c:0:0,dfa96710626dd8454b20bab58edadf81faa7374948fab10c0910e55037cea818,True,662.4829330248758,20,15618.32470703125,15810.0,2,360.98725302144885,42.441601981408894,0.05192802846431732,0
sieve,0,11,49cd6149f02ec01ee03a6eb8287ab2df:81739d7eb99c:0:1,86024a4fa91c4b919c6bf7d14d030232d1b278e47a39c03efbe698cebb092a16,True,646.9707869691774,19,15618.32470703125,15810.0,2,361.62171501200646,42.86776506341994,0.04848470538854599,0
sieve,0,12,49cd6149f02ec01ee03a6eb8287ab2df:81739d7eb99c:0:2,cf7957792cc42aad7f2f87beb1240027c78a84aebb3babafec5afeab6040dc38,True,629.4652560027316,18,15618.32470703125,15810.0,2,361.78243695758283,42.93056996539235,0.043015409260988235,0
sieve,0,13,49cd6149f02ec01ee03a6eb8287ab2df:81739d7eb99c:0:3,e62c1d2a0e028a848bf11c6aee602c7b04b7c5d57080024b56092666b47f8121,True,697.6181429345161,22,15618.32470703125,15810.0,2,362.35125397797674,42.80454106628895,0.05549753084778786,0
sieve,0,14,49cd6149f02ec01ee03a6eb8287ab2df:81739d7eb99c:0:4,f9472589f3263b5d01f4798bd4b1db08a9f8d5bfd4a7de1f6a20d7afa4d2fc9d,True,611.8866209872067,17,15618.32470703125,15810.0,2,361.33777000941336,42.600551969371736,0.0285521000623703,0
sieve,0,15,c6050fe51d3408b1eaef27e08e7f1956:1458b54ae2f6:0:0,0c2763434c50e20730f49847263ef9024806cb1a0560c523ed77737027dc7584,True,613.2174970116466,17,15618.72802734375,15810.0,2,361.79631599225104,42.58514801040292,0.0020904913544654846,0
sieve,0,16,c6050fe51d3408b1eaef27e08e7f1956:1458b54ae2f6:0:1,664067171cd1bbc5ce837d235ed3ea23011690faf92d70710e11636621c1b115,True,828.3252089750022,30,15618.72802734375,15810.0,2,361.4106229506433,42.60951897595078,0.0053342110477387905,0
sieve,0,17,c6050fe51d3408b1eaef27e08e7f1956:1458b54ae2f6:0:2,c6b78a53ab1e086ea1b1d04c24bdf6d361a4c414a514fa6f179a43df6e2fb518,True,880.626944010146,33,15618.72802734375,15810.0,2,361.4569139899686,42.62405599001795,0.0022993695456534624,0
sieve,0,18,c6050fe51d3408b1eaef27e08e7f1956:1458b54ae2f6:0:3,76081f5fd3a7d2fecc5219b9f1a003927ab2f0a03cbcea2809aa13575b12704d,True,531.2683659140021,12,15618.72802734375,15810.0,2,363.7212199391797,43.772137025371194,0.007372488267719746,0
sieve,0,19,c6050fe51d3408b1eaef27e08e7f1956:1458b54ae2f6:0:4,ad3a25be620e9e8363cf8b064f96e3948b2c3e9ae99d2778aa19fe9e3c58386a,True,929.5731160091236,36,15618.72802734375,15810.0,2,362.3639189172536,42.68850397784263,0.007676506415009499,0
sieve,0,20,c6050fe51d3408b1eaef27e08e7f1956:e4e99a4d6532:0:0,0c2763434c50e20730f49847263ef9024806cb1a0560c523ed77737027dc7584,True,612.9651529481634,17,15618.72802734375,15810.0,2,361.9464950170368,42.543631978332996,0.0020904913544654846,0
sieve,0,21,c6050fe51d3408b1eaef27e08e7f1956:e4e99a4d6532:0:1,664067171cd1bbc5ce837d235ed3ea23011690faf92d70710e11636621c1b115,True,828.0596419936046,30,15618.72802734375,15810.0,2,361.3903319928795,42.56055399309844,0.0053342110477387905,0
sieve,0,22,c6050fe51d3408b1eaef27e08e7f1956:e4e99a4d6532:0:2,c6b78a53ab1e086ea1b1d04c24bdf6d361a4c414a514fa6f179a43df6e2fb518,True,878.4254878992215,33,15618.72802734375,15810.0,2,361.4163459278643,42.462987010367215,0.0022993695456534624,0
sieve,0,23,c6050fe51d3408b1eaef27e08e7f1956:e4e99a4d6532:0:3,76081f5fd3a7d2fecc5219b9f1a003927ab2f0a03cbcea2809aa13575b12704d,True,528.9332419633865,12,15618.72802734375,15810.0,2,361.3764379406348,42.522007948718965,0.007372488267719746,0
sieve,0,24,c6050fe51d3408b1eaef27e08e7f1956:e4e99a4d6532:0:4,ad3a25be620e9e8363cf8b064f96e3948b2c3e9ae99d2778aa19fe9e3c58386a,True,931.0522970044985,36,15618.72802734375,15810.0,2,363.1610390730202,43.43620908912271,0.007676506415009499,0
sieve,0,25,bb98dd0bceac09d24db1ecb2af549a92:377f7f0dd150:0:0,c7fdec5fa5d5e1adf291637b9bb1fe8f118cbb3eb57af7ef76921e247600c9c6,True,646.7823190614581,19,15618.32470703125,15810.0,2,362.47324000578374,43.145979987457395,0.003970200661569834,0
sieve,0,26,bb98dd0bceac09d24db1ecb2af549a92:377f7f0dd150:0:1,4af9997807defa232e553246d42901a0d746fdbefff91462d7ee0c1a91ca74e4,True,762.394007993862,26,15618.32470703125,15810.0,2,362.2920059133321,42.85885498393327,0.0026383507065474987,0
sieve,0,27,bb98dd0bceac09d24db1ecb2af549a92:377f7f0dd150:0:2,75d13c8ce97c12289f2430a015d1d7989bcb997955ebfd456b23a70f3283334e,True,729.4290200807154,24,15618.32470703125,15810.0,2,362.23700910340995,42.83101903274655,0.0030297916382551193,0
sieve,0,28,bb98dd0bceac09d24db1ecb2af549a92:377f7f0dd150:0:3,07076b19c18093e788139445acd32421179c80fb131abb5020ab511b244dfaf3,True,546.4385959785432,13,15618.32470703125,15810.0,2,362.0814860332757,42.71875601261854,0.00216131703928113,0
sieve,0,29,bb98dd0bceac09d24db1ecb2af549a92:377f7f0dd150:0:4,07076b19c18093e788139445acd32421179c80fb131abb5020ab511b244dfaf3,True,545.769012067467,13,15618.32470703125,15810.0,2,361.432600999251,42.65047702938318,0.0020931698381900787,0
sieve,0,30,bb98dd0bceac09d24db1ecb2af549a92:2cf3a7a3a65c:0:0,c7fdec5fa5d5e1adf291637b9bb1fe8f118cbb3eb57af7ef76921e247600c9c6,True,645.0749259674922,19,15618.32470703125,15810.0,2,361.12012795638293,42.372485040687025,0.003970200661569834,0
sieve,0,31,bb98dd0bceac09d24db1ecb2af549a92:2cf3a7a3a65c:0:1,4af9997807defa232e553246d42901a0d746fdbefff91462d7ee0c1a91ca74e4,True,759.8493309924379,26,15618.32470703125,15810.0,2,361.14745191298425,42.32821497134864,0.0026383507065474987,0
sieve,0,32,bb98dd0bceac09d24db1ecb2af549a92:2cf3a7a3a65c:0:2,75d13c8ce97c12289f2430a015d1d7989bcb997955ebfd456b23a70f3283334e,True,728.6007819930092,24,15618.32470703125,15810.0,2,361.3778150174767,42.586290976032615,0.0030297916382551193,0
sieve,0,33,bb98dd0bceac09d24db1ecb2af549a92:2cf3a7a3a65c:0:3,07076b19c18093e788139445acd32421179c80fb131abb5020ab511b244dfaf3,True,545.8862889790908,13,15618.32470703125,15810.0,2,362.1586939552799,42.69393102731556,0.00216131703928113,0
sieve,0,34,bb98dd0bceac09d24db1ecb2af549a92:2cf3a7a3a65c:0:4,07076b19c18093e788139445acd32421179c80fb131abb5020ab511b244dfaf3,True,546.643368084915,13,15618.32470703125,15810.0,2,362.13223403319716,42.95616096351296,0.0020931698381900787,0
sieve,0,35,b877dd782edba758ab429e3ee3de3329:97e16cc551e4:0:0,62517bae74e7259c57a7da56e4f54b797cf2a664727fb53fe05de2f3598ea92d,True,701.158597948961,22,15618.39794921875,15810.0,2,367.5208119675517,42.97192906960845,0.037946414202451706,0
sieve,0,36,b877dd782edba758ab429e3ee3de3329:97e16cc551e4:0:1,d84210bceb3038c1ed37c6ee7bc057db462ddedaa6823742af8a6d297cb431da,True,763.0487120477483,26,15618.39794921875,15810.0,2,362.83152003306895,43.45575603656471,0.027391323819756508,0
sieve,0,37,b877dd782edba758ab429e3ee3de3329:97e16cc551e4:0:2,e2d8c9e2e95c4938f7be5f7610f5dd612f23c22b2461cafe849ff52d619824cd,True,763.1703560473397,26,15618.39794921875,15810.0,2,362.5446860678494,42.95421403367072,0.019767725840210915,0
sieve,0,38,b877dd782edba758ab429e3ee3de3329:97e16cc551e4:0:3,94d4ffe585b52d02528404f4f0629286595977610fc216797666ffe14a17ed0c,True,630.2860919386148,18,15618.39794921875,15810.0,2,362.3582220170647,42.690625065006316,0.019493475556373596,0
sieve,0,39,b877dd782edba758ab429e3ee3de3329:97e16cc551e4:0:4,aba8c2cf6367e2e8a95bb52794ddcb426d595fad022cf2d457da88045f881ed0,True,596.7946900054812,16,15618.39794921875,15810.0,2,361.7867920547724,42.61161701288074,0.00852806307375431,0
sieve,0,40,b877dd782edba758ab429e3ee3de3329:dd7f6c9e007d:0:0,62517bae74e7259c57a7da56e4f54b797cf2a664727fb53fe05de2f3598ea92d,True,695.5402430612594,22,15618.39794921875,15810.0,2,361.42872809432447,42.60176804382354,0.037946414202451706,0
sieve,0,41,b877dd782edba758ab429e3ee3de3329:dd7f6c9e007d:0:1,d84210bceb3038c1ed37c6ee7bc057db462ddedaa6823742af8a6d297cb431da,True,761.4733050577343,26,15618.39794921875,15810.0,2,361.8919560685754,42.72353800479323,0.027391323819756508,0
sieve,0,42,b877dd782edba758ab429e3ee3de3329:dd7f6c9e007d:0:2,e2d8c9e2e95c4938f7be5f7610f5dd612f23c22b2461cafe849ff52d619824cd,True,798.0849640443921,26,15618.39794921875,15810.0,2,397.45977497659624,43.132883962243795,0.019767725840210915,0
sieve,0,43,b877dd782edba758ab429e3ee3de3329:dd7f6c9e007d:0:3,94d4ffe585b52d02528404f4f0629286595977610fc216797666ffe14a17ed0c,True,628.4027069341391,18,15618.39794921875,15810.0,2,361.74732993822545,42.43573697749525,0.019493475556373596,0
sieve,0,44,b877dd782edba758ab429e3ee3de3329:dd7f6c9e007d:0:4,aba8c2cf6367e2e8a95bb52794ddcb426d595fad022cf2d457da88045f881ed0,True,595.6911629764363,16,15618.39794921875,15810.0,2,361.6550639271736,42.46105998754501,0.00852806307375431,0
sieve,0,45,4f59fbf51a0a5bfb4dc5af02cf294693:993dac5396a0:0:0,aa1f1fd8a9efcb963811de5e984dc16d83696aa7e913ba6980ace9aa76b7f7a3,True,628.4275320358574,18,15618.58154296875,15810.0,2,361.6876760497689,42.539235088042915,0.007280491758137941,0
sieve,0,46,4f59fbf51a0a5bfb4dc5af02cf294693:993dac5396a0:0:1,bdcb900eea2a0e63a259e4fe2376f8cc3aec08e4611682d3f4ee038edca9d017,True,495.1955999713391,10,15618.58154296875,15810.0,2,360.94712803605944,42.670605005696416,0.009271140210330486,0
sieve,0,47,4f59fbf51a0a5bfb4dc5af02cf294693:993dac5396a0:0:2,f3e746a5a573b9140378e527f40ef9a01e1da198199bb2597c74356d9befd366,True,761.636930052191,26,15618.58154296875,15810.0,2,361.4313880680129,42.623486020602286,0.0014965962618589401,0
sieve,0,48,4f59fbf51a0a5bfb4dc5af02cf294693:993dac5396a0:0:3,f77a4c18118683cabf2ce423b4a1474e9a020c00dc184984ee227d2432eaaeca,True,773.9702840335667,26,15618.58154296875,15810.0,2,371.9120390014723,52.07905697170645,0.0013029209803789854,0
sieve,0,49,4f59fbf51a0a5bfb4dc5af02cf294693:993dac5396a0:0:4,082a3f27a64a793001365f40fd7d76058660d5148036e68127b7775445e5f79a,True,497.2589990356937,10,15618.58154296875,15810.0,2,362.52663494087756,43.117110966704786,0.0012908137869089842,0
sieve,1,0,1a938d25604410ccd63b60285919eaec:c627e50da685:0:0,ad7432ad3647d5979a4c8f07ea59db904408a5ca59b44fc807019ff723c8fe9d,True,530.3062099264935,12,15618.58154296875,15810.0,2,362.2339229332283,42.80228400602937,0.001441578264348209,0
sieve,1,1,1a938d25604410ccd63b60285919eaec:c627e50da685:0:1,ad7432ad3647d5979a4c8f07ea59db904408a5ca59b44fc807019ff723c8fe9d,True,529.4910080265254,12,15618.58154296875,15810.0,2,361.5183950169012,42.75894304737449,0.0014565684832632542,0
sieve,1,2,1a938d25604410ccd63b60285919eaec:c627e50da685:0:2,45b29a4f9a357408272a3d9ee292dd9f825df58412a294bc76edad70933ff8f3,True,530.3685649996623,12,15618.58154296875,15810.0,2,361.82963906321675,42.743419064208865,0.0013233129866421223,0
sieve,1,3,1a938d25604410ccd63b60285919eaec:c627e50da685:0:3,8f13312bc57593ae709f0e55a18489d480c2a86c8038ac06144174a3f51b5600,True,530.1289620110765,12,15618.58154296875,15810.0,2,361.90357396844774,42.633914039470255,0.002346249995753169,0
sieve,1,4,1a938d25604410ccd63b60285919eaec:c627e50da685:0:4,8f13312bc57593ae709f0e55a18489d480c2a86c8038ac06144174a3f51b5600,True,530.0846599275246,12,15618.58154296875,15810.0,2,361.678789020516,42.9389791097492,0.001890652347356081,0
sieve,1,5,49cd6149f02ec01ee03a6eb8287ab2df:f982e9dfaf25:0:0,dfa96710626dd8454b20bab58edadf81faa7374948fab10c0910e55037cea818,True,661.9273249525577,20,15618.32470703125,15810.0,2,361.14523792639375,42.256181011907756,0.05192802846431732,0
sieve,1,6,49cd6149f02ec01ee03a6eb8287ab2df:f982e9dfaf25:0:1,86024a4fa91c4b919c6bf7d14d030232d1b278e47a39c03efbe698cebb092a16,True,646.2706159800291,19,15618.32470703125,15810.0,2,361.561132944189,42.908568982966244,0.04848470538854599,0
sieve,1,7,49cd6149f02ec01ee03a6eb8287ab2df:f982e9dfaf25:0:2,cf7957792cc42aad7f2f87beb1240027c78a84aebb3babafec5afeab6040dc38,True,630.7135800598189,18,15618.32470703125,15810.0,2,361.9522820226848,42.77009598445147,0.043015409260988235,0
sieve,1,8,49cd6149f02ec01ee03a6eb8287ab2df:f982e9dfaf25:0:3,e62c1d2a0e028a848bf11c6aee602c7b04b7c5d57080024b56092666b47f8121,True,696.0366310086101,22,15618.32470703125,15810.0,2,361.2232180312276,42.54509403835982,0.05549753084778786,0
sieve,1,9,49cd6149f02ec01ee03a6eb8287ab2df:f982e9dfaf25:0:4,f9472589f3263b5d01f4798bd4b1db08a9f8d5bfd4a7de1f6a20d7afa4d2fc9d,True,613.9366460265592,17,15618.32470703125,15810.0,2,361.38189607299864,43.01338002551347,0.0285521000623703,0
sieve,1,10,49cd6149f02ec01ee03a6eb8287ab2df:81739d7eb99c:0:0,dfa96710626dd8454b20bab58edadf81faa7374948fab10c0910e55037cea818,True,664.6943170344457,20,15618.32470703125,15810.0,2,362.79383406508714,43.09007106348872,0.05192802846431732,0
sieve,1,11,49cd6149f02ec01ee03a6eb8287ab2df:81739d7eb99c:0:1,86024a4fa91c4b919c6bf7d14d030232d1b278e47a39c03efbe698cebb092a16,True,646.2045629741624,19,15618.32470703125,15810.0,2,361.0284690512344,42.60356700979173,0.04848470538854599,0
sieve,1,12,49cd6149f02ec01ee03a6eb8287ab2df:81739d7eb99c:0:2,cf7957792cc42aad7f2f87beb1240027c78a84aebb3babafec5afeab6040dc38,True,629.7099490184337,18,15618.32470703125,15810.0,2,361.95964296348393,42.82605892512947,0.043015409260988235,0
sieve,1,13,49cd6149f02ec01ee03a6eb8287ab2df:81739d7eb99c:0:3,e62c1d2a0e028a848bf11c6aee602c7b04b7c5d57080024b56092666b47f8121,True,698.9563609240577,22,15618.32470703125,15810.0,2,362.7739109797403,43.25435997452587,0.05549753084778786,0
sieve,1,14,49cd6149f02ec01ee03a6eb8287ab2df:81739d7eb99c:0:4,f9472589f3263b5d01f4798bd4b1db08a9f8d5bfd4a7de1f6a20d7afa4d2fc9d,True,613.6357960058376,17,15618.32470703125,15810.0,2,362.00582701712847,43.002307997085154,0.0285521000623703,0
sieve,1,15,c6050fe51d3408b1eaef27e08e7f1956:1458b54ae2f6:0:0,0c2763434c50e20730f49847263ef9024806cb1a0560c523ed77737027dc7584,True,613.6270220158622,17,15618.72802734375,15810.0,2,361.4792530424893,42.79600502923131,0.0020904913544654846,0
sieve,1,16,c6050fe51d3408b1eaef27e08e7f1956:1458b54ae2f6:0:1,664067171cd1bbc5ce837d235ed3ea23011690faf92d70710e11636621c1b115,True,829.9406899604946,30,15618.72802734375,15810.0,2,362.0499219978228,42.930516065098345,0.0053342110477387905,0
sieve,1,17,c6050fe51d3408b1eaef27e08e7f1956:1458b54ae2f6:0:2,c6b78a53ab1e086ea1b1d04c24bdf6d361a4c414a514fa6f179a43df6e2fb518,True,883.3420729497448,33,15618.72802734375,15810.0,2,362.04319493845105,42.972716968506575,0.0022993695456534624,0
sieve,1,18,c6050fe51d3408b1eaef27e08e7f1956:1458b54ae2f6:0:3,76081f5fd3a7d2fecc5219b9f1a003927ab2f0a03cbcea2809aa13575b12704d,True,528.8115559378639,12,15618.72802734375,15810.0,2,361.49212101008743,42.700872058048844,0.007372488267719746,0
sieve,1,19,c6050fe51d3408b1eaef27e08e7f1956:1458b54ae2f6:0:4,ad3a25be620e9e8363cf8b064f96e3948b2c3e9ae99d2778aa19fe9e3c58386a,True,930.4601240437478,36,15618.72802734375,15810.0,2,361.20501602999866,42.61161992326379,0.007676506415009499,0
sieve,1,20,c6050fe51d3408b1eaef27e08e7f1956:e4e99a4d6532:0:0,0c2763434c50e20730f49847263ef9024806cb1a0560c523ed77737027dc7584,True,613.9151820680127,17,15618.72802734375,15810.0,2,361.9034690782428,42.80303104314953,0.0020904913544654846,0
sieve,1,21,c6050fe51d3408b1eaef27e08e7f1956:e4e99a4d6532:0:1,664067171cd1bbc5ce837d235ed3ea23011690faf92d70710e11636621c1b115,True,831.20252401568,30,15618.72802734375,15810.0,2,362.0166400214657,43.16046496387571,0.0053342110477387905,0
sieve,1,22,c6050fe51d3408b1eaef27e08e7f1956:e4e99a4d6532:0:2,c6b78a53ab1e086ea1b1d04c24bdf6d361a4c414a514fa6f179a43df6e2fb518,True,883.2917159888893,33,15618.72802734375,15810.0,2,362.5357300043106,43.054540059529245,0.0022993695456534624,0
sieve,1,23,c6050fe51d3408b1eaef27e08e7f1956:e4e99a4d6532:0:3,76081f5fd3a7d2fecc5219b9f1a003927ab2f0a03cbcea2809aa13575b12704d,True,530.5603210581467,12,15618.72802734375,15810.0,2,362.11129499133676,43.434347957372665,0.007372488267719746,0
sieve,1,24,c6050fe51d3408b1eaef27e08e7f1956:e4e99a4d6532:0:4,ad3a25be620e9e8363cf8b064f96e3948b2c3e9ae99d2778aa19fe9e3c58386a,True,931.6212269477546,36,15618.72802734375,15810.0,2,361.51463899295777,42.85192000679672,0.007676506415009499,0
sieve,1,25,bb98dd0bceac09d24db1ecb2af549a92:377f7f0dd150:0:0,c7fdec5fa5d5e1adf291637b9bb1fe8f118cbb3eb57af7ef76921e247600c9c6,True,648.3286409638822,19,15618.32470703125,15810.0,2,362.9474110202864,43.03278599400073,0.003970200661569834,0
sieve,1,26,bb98dd0bceac09d24db1ecb2af549a92:377f7f0dd150:0:1,4af9997807defa232e553246d42901a0d746fdbefff91462d7ee0c1a91ca74e4,True,764.2339790472761,26,15618.32470703125,15810.0,2,361.6790900705382,42.66246105544269,0.0026383507065474987,0
sieve,1,27,bb98dd0bceac09d24db1ecb2af549a92:377f7f0dd150:0:2,75d13c8ce97c12289f2430a015d1d7989bcb997955ebfd456b23a70f3283334e,True,730.5664829909801,24,15618.32470703125,15810.0,2,361.3236569799483,42.65712795313448,0.0030297916382551193,0
sieve,1,28,bb98dd0bceac09d24db1ecb2af549a92:377f7f0dd150:0:3,07076b19c18093e788139445acd32421179c80fb131abb5020ab511b244dfaf3,True,546.6438661096618,13,15618.32470703125,15810.0,2,361.4383020903915,42.85554902162403,0.00216131703928113,0
sieve,1,29,bb98dd0bceac09d24db1ecb2af549a92:377f7f0dd150:0:4,07076b19c18093e788139445acd32421179c80fb131abb5020ab511b244dfaf3,True,546.5048210462555,13,15618.32470703125,15810.0,2,361.991330049932,43.556745047681034,0.0020931698381900787,0
sieve,1,30,bb98dd0bceac09d24db1ecb2af549a92:2cf3a7a3a65c:0:0,c7fdec5fa5d5e1adf291637b9bb1fe8f118cbb3eb57af7ef76921e247600c9c6,True,649.1156410193071,19,15618.32470703125,15810.0,2,363.52217907551676,43.49957196973264,0.003970200661569834,0
sieve,1,31,bb98dd0bceac09d24db1ecb2af549a92:2cf3a7a3a65c:0:1,4af9997807defa232e553246d42901a0d746fdbefff91462d7ee0c1a91ca74e4,True,765.5837109778076,26,15618.32470703125,15810.0,2,362.21349996048957,42.865333962254226,0.0026383507065474987,0
sieve,1,32,bb98dd0bceac09d24db1ecb2af549a92:2cf3a7a3a65c:0:2,75d13c8ce97c12289f2430a015d1d7989bcb997955ebfd456b23a70f3283334e,True,730.4934218991548,24,15618.32470703125,15810.0,2,361.4468069281429,42.756258975714445,0.0030297916382551193,0
sieve,1,33,bb98dd0bceac09d24db1ecb2af549a92:2cf3a7a3a65c:0:3,07076b19c18093e788139445acd32421179c80fb131abb5020ab511b244dfaf3,True,547.0126079162583,13,15618.32470703125,15810.0,2,361.62463400978595,42.680789018049836,0.00216131703928113,0
sieve,1,34,bb98dd0bceac09d24db1ecb2af549a92:2cf3a7a3a65c:0:4,07076b19c18093e788139445acd32421179c80fb131abb5020ab511b244dfaf3,True,545.7227249862626,13,15618.32470703125,15810.0,2,360.9161130152643,42.59324597660452,0.0020931698381900787,0
sieve,1,35,b877dd782edba758ab429e3ee3de3329:97e16cc551e4:0:0,62517bae74e7259c57a7da56e4f54b797cf2a664727fb53fe05de2f3598ea92d,True,695.2588729327545,22,15618.39794921875,15810.0,2,361.0373130068183,42.680792044848204,0.037946414202451706,0
sieve,1,36,b877dd782edba758ab429e3ee3de3329:97e16cc551e4:0:1,d84210bceb3038c1ed37c6ee7bc057db462ddedaa6823742af8a6d297cb431da,True,764.2870940035209,26,15618.39794921875,15810.0,2,361.2655559554696,42.679887963458896,0.027391323819756508,0
sieve,1,37,b877dd782edba758ab429e3ee3de3329:97e16cc551e4:0:2,e2d8c9e2e95c4938f7be5f7610f5dd612f23c22b2461cafe849ff52d619824cd,True,766.2127759540454,26,15618.39794921875,15810.0,2,362.8296270035207,43.33820904139429,0.019767725840210915,0
sieve,1,38,b877dd782edba758ab429e3ee3de3329:97e16cc551e4:0:3,94d4ffe585b52d02528404f4f0629286595977610fc216797666ffe14a17ed0c,True,629.7696740366518,18,15618.39794921875,15810.0,2,361.90957098733634,42.800556984730065,0.019493475556373596,0
sieve,1,39,b877dd782edba758ab429e3ee3de3329:97e16cc551e4:0:4,aba8c2cf6367e2e8a95bb52794ddcb426d595fad022cf2d457da88045f881ed0,True,596.0807360243052,16,15618.39794921875,15810.0,2,361.14299204200506,42.622087989002466,0.00852806307375431,0
sieve,1,40,b877dd782edba758ab429e3ee3de3329:dd7f6c9e007d:0:0,62517bae74e7259c57a7da56e4f54b797cf2a664727fb53fe05de2f3598ea92d,True,697.925798012875,22,15618.39794921875,15810.0,2,361.2416720716283,42.749203043058515,0.037946414202451706,0
sieve,1,41,b877dd782edba758ab429e3ee3de3329:dd7f6c9e007d:0:1,d84210bceb3038c1ed37c6ee7bc057db462ddedaa6823742af8a6d297cb431da,True,762.9342139698565,26,15618.39794921875,15810.0,2,362.26279998663813,43.220794992521405,0.027391323819756508,0
sieve,1,42,b877dd782edba758ab429e3ee3de3329:dd7f6c9e007d:0:2,e2d8c9e2e95c4938f7be5f7610f5dd612f23c22b2461cafe849ff52d619824cd,True,762.9722700221464,26,15618.39794921875,15810.0,2,361.04628001339734,42.73558803834021,0.019767725840210915,0
sieve,1,43,b877dd782edba758ab429e3ee3de3329:dd7f6c9e007d:0:3,94d4ffe585b52d02528404f4f0629286595977610fc216797666ffe14a17ed0c,True,631.6691330866888,18,15618.39794921875,15810.0,2,362.17273701913655,42.815775028429925,0.019493475556373596,0
sieve,1,44,b877dd782edba758ab429e3ee3de3329:dd7f6c9e007d:0:4,aba8c2cf6367e2e8a95bb52794ddcb426d595fad022cf2d457da88045f881ed0,True,605.0297849578783,16,15618.39794921875,15810.0,2,370.1477369759232,42.770994012244046,0.00852806307375431,0
sieve,1,45,4f59fbf51a0a5bfb4dc5af02cf294693:993dac5396a0:0:0,aa1f1fd8a9efcb963811de5e984dc16d83696aa7e913ba6980ace9aa76b7f7a3,True,630.5374839575961,18,15618.58154296875,15810.0,2,362.51679598353803,42.979790014214814,0.007280491758137941,0
sieve,1,46,4f59fbf51a0a5bfb4dc5af02cf294693:993dac5396a0:0:1,bdcb900eea2a0e63a259e4fe2376f8cc3aec08e4611682d3f4ee038edca9d017,True,495.8446229575202,10,15618.58154296875,15810.0,2,361.2863519228995,42.65133396256715,0.009271140210330486,0
sieve,1,47,4f59fbf51a0a5bfb4dc5af02cf294693:993dac5396a0:0:2,f3e746a5a573b9140378e527f40ef9a01e1da198199bb2597c74356d9befd366,True,761.7931769927964,26,15618.58154296875,15810.0,2,360.9940139576793,42.54397202748805,0.0014965962618589401,0
sieve,1,48,4f59fbf51a0a5bfb4dc5af02cf294693:993dac5396a0:0:3,f77a4c18118683cabf2ce423b4a1474e9a020c00dc184984ee227d2432eaaeca,True,763.5387670015916,26,15618.58154296875,15810.0,2,361.1119670094922,42.546750977635384,0.0013029209803789854,0
sieve,1,49,4f59fbf51a0a5bfb4dc5af02cf294693:993dac5396a0:0:4,082a3f27a64a793001365f40fd7d76058660d5148036e68127b7775445e5f79a,True,498.87699098326266,10,15618.58154296875,15810.0,2,361.85372702311724,42.84726805053651,0.0012908137869089842,0
