mode,repeat,sample_index,orig_id,answer_sha256,answer_matches_vanilla,latency_ms,tokens,peak_allocated_mb,peak_reserved_mb,steps_processed,detection_ready_ms,detection_after_prefill_ms,detector_probability,detector_prediction
sieve,0,0,1a938d25604410ccd63b60285919eaec:c627e50da685:0:0,ad7432ad3647d5979a4c8f07ea59db904408a5ca59b44fc807019ff723c8fe9d,True,557.8396630007774,12,15618.58154296875,15810.0,2,380.78996702097356,45.177107909694314,0.011923828162252903,0
sieve,0,1,1a938d25604410ccd63b60285919eaec:c627e50da685:0:1,ad7432ad3647d5979a4c8f07ea59db904408a5ca59b44fc807019ff723c8fe9d,True,547.0511610619724,12,15618.58154296875,15810.0,2,370.70081708952785,44.5297381374985,0.013695897534489632,0
sieve,0,2,1a938d25604410ccd63b60285919eaec:c627e50da685:0:2,45b29a4f9a357408272a3d9ee292dd9f825df58412a294bc76edad70933ff8f3,True,563.2696028333157,12,15618.58154296875,15810.0,2,391.5439888369292,43.807461857795715,0.013688511215150356,0
sieve,0,3,1a938d25604410ccd63b60285919eaec:c627e50da685:0:3,8f13312bc57593ae709f0e55a18489d480c2a86c8038ac06144174a3f51b5600,True,535.8169779647142,12,15618.58154296875,15810.0,2,364.934858167544,43.72464818879962,0.012492770329117775,0
sieve,0,4,1a938d25604410ccd63b60285919eaec:c627e50da685:0:4,8f13312bc57593ae709f0e55a18489d480c2a86c8038ac06144174a3f51b5600,True,549.5677390135825,12,15618.58154296875,15810.0,2,378.2054209150374,44.00786594487727,0.01208481751382351,0
sieve,0,5,49cd6149f02ec01ee03a6eb8287ab2df:f982e9dfaf25:0:0,dfa96710626dd8454b20bab58edadf81faa7374948fab10c0910e55037cea818,True,675.5801979452372,20,15618.32470703125,15810.0,2,368.93452191725373,43.62616688013077,0.04598546028137207,0
sieve,0,6,49cd6149f02ec01ee03a6eb8287ab2df:f982e9dfaf25:0:1,86024a4fa91c4b919c6bf7d14d030232d1b278e47a39c03efbe698cebb092a16,True,655.7692419737577,19,15618.32470703125,15810.0,2,365.5699919909239,43.54934487491846,0.047764893621206284,0
sieve,0,7,49cd6149f02ec01ee03a6eb8287ab2df:f982e9dfaf25:0:2,cf7957792cc42aad7f2f87beb1240027c78a84aebb3babafec5afeab6040dc38,True,655.3547610528767,18,15618.32470703125,15810.0,2,382.22622498869896,43.80203480832279,0.047251708805561066,0
sieve,0,8,49cd6149f02ec01ee03a6eb8287ab2df:f982e9dfaf25:0:3,e62c1d2a0e028a848bf11c6aee602c7b04b7c5d57080024b56092666b47f8121,True,729.1906659957021,22,15618.32470703125,15810.0,2,387.4552738852799,43.93727006390691,0.09023633599281311,0
sieve,0,9,49cd6149f02ec01ee03a6eb8287ab2df:f982e9dfaf25:0:4,f9472589f3263b5d01f4798bd4b1db08a9f8d5bfd4a7de1f6a20d7afa4d2fc9d,True,655.1749159116298,17,15618.32470703125,15810.0,2,392.11562485434115,44.001638889312744,0.050221387296915054,0
sieve,0,10,49cd6149f02ec01ee03a6eb8287ab2df:81739d7eb99c:0:0,dfa96710626dd8454b20bab58edadf81faa7374948fab10c0910e55037cea818,True,698.229355039075,20,15618.32470703125,15810.0,2,380.7199609000236,45.047729974612594,0.04598546028137207,0
sieve,0,11,49cd6149f02ec01ee03a6eb8287ab2df:81739d7eb99c:0:1,86024a4fa91c4b919c6bf7d14d030232d1b278e47a39c03efbe698cebb092a16,True,676.1477298568934,19,15618.32470703125,15810.0,2,375.15906407497823,44.78582902811468,0.047764893621206284,0
sieve,0,12,49cd6149f02ec01ee03a6eb8287ab2df:81739d7eb99c:0:2,cf7957792cc42aad7f2f87beb1240027c78a84aebb3babafec5afeab6040dc38,True,650.2788080833852,18,15618.32470703125,15810.0,2,371.20653316378593,45.17773608677089,0.047251708805561066,0
sieve,0,13,49cd6149f02ec01ee03a6eb8287ab2df:81739d7eb99c:0:3,e62c1d2a0e028a848bf11c6aee602c7b04b7c5d57080024b56092666b47f8121,True,728.972096927464,22,15618.32470703125,15810.0,2,375.1959048677236,45.2118709217757,0.09023633599281311,0
sieve,0,14,49cd6149f02ec01ee03a6eb8287ab2df:81739d7eb99c:0:4,f9472589f3263b5d01f4798bd4b1db08a9f8d5bfd4a7de1f6a20d7afa4d2fc9d,True,646.8059809412807,17,15618.32470703125,15810.0,2,380.3029269911349,44.868869008496404,0.050221387296915054,0
sieve,0,15,c6050fe51d3408b1eaef27e08e7f1956:1458b54ae2f6:0:0,0c2763434c50e20730f49847263ef9024806cb1a0560c523ed77737027dc7584,True,649.6448579709977,17,15618.72802734375,15810.0,2,384.1469129547477,44.845842057839036,0.026362335309386253,0
sieve,0,16,c6050fe51d3408b1eaef27e08e7f1956:1458b54ae2f6:0:1,664067171cd1bbc5ce837d235ed3ea23011690faf92d70710e11636621c1b115,True,863.242554012686,30,15618.72802734375,15810.0,2,374.62593894451857,44.03900005854666,0.025893716141581535,0
sieve,0,17,c6050fe51d3408b1eaef27e08e7f1956:1458b54ae2f6:0:2,c6b78a53ab1e086ea1b1d04c24bdf6d361a4c414a514fa6f179a43df6e2fb518,True,915.1789639145136,33,15618.72802734375,15810.0,2,372.0285869203508,45.51482782699168,0.026893166825175285,0
sieve,0,18,c6050fe51d3408b1eaef27e08e7f1956:1458b54ae2f6:0:3,76081f5fd3a7d2fecc5219b9f1a003927ab2f0a03cbcea2809aa13575b12704d,True,554.651693906635,12,15618.72802734375,15810.0,2,376.199449878186,45.230421936139464,0.03979818522930145,0
sieve,0,19,c6050fe51d3408b1eaef27e08e7f1956:1458b54ae2f6:0:4,ad3a25be620e9e8363cf8b064f96e3948b2c3e9ae99d2778aa19fe9e3c58386a,True,971.0970961023122,36,15618.72802734375,15810.0,2,379.88861300982535,45.141404028981924,0.038352321833372116,0
sieve,0,20,c6050fe51d3408b1eaef27e08e7f1956:e4e99a4d6532:0:0,0c2763434c50e20730f49847263ef9024806cb1a0560c523ed77737027dc7584,True,632.1862160693854,17,15618.72802734375,15810.0,2,365.96767301671207,45.549673959612846,0.026362335309386253,0
sieve,0,21,c6050fe51d3408b1eaef27e08e7f1956:e4e99a4d6532:0:1,664067171cd1bbc5ce837d235ed3ea23011690faf92d70710e11636621c1b115,True,869.3403259385377,30,15618.72802734375,15810.0,2,382.6904599554837,44.73649710416794,0.025893716141581535,0
sieve,0,22,c6050fe51d3408b1eaef27e08e7f1956:e4e99a4d6532:0:2,c6b78a53ab1e086ea1b1d04c24bdf6d361a4c414a514fa6f179a43df6e2fb518,True,916.7996901087463,33,15618.72802734375,15810.0,2,374.46973705664277,45.02096911892295,0.026893166825175285,0
sieve,0,23,c6050fe51d3408b1eaef27e08e7f1956:e4e99a4d6532:0:3,76081f5fd3a7d2fecc5219b9f1a003927ab2f0a03cbcea2809aa13575b12704d,True,551.8369579222053,12,15618.72802734375,15810.0,2,374.5962819084525,45.34069704823196,0.03979818522930145,0
sieve,0,24,c6050fe51d3408b1eaef27e08e7f1956:e4e99a4d6532:0:4,ad3a25be620e9e8363cf8b064f96e3948b2c3e9ae99d2778aa19fe9e3c58386a,True,974.867784883827,36,15618.72802734375,15810.0,2,374.7426320333034,45.3100111335516,0.038352321833372116,0
sieve,0,25,bb98dd0bceac09d24db1ecb2af549a92:377f7f0dd150:0:0,c7fdec5fa5d5e1adf291637b9bb1fe8f118cbb3eb57af7ef76921e247600c9c6,True,671.820200048387,19,15618.32470703125,15810.0,2,376.9274188671261,45.166166964918375,0.07945575565099716,0
sieve,0,26,bb98dd0bceac09d24db1ecb2af549a92:377f7f0dd150:0:1,4af9997807defa232e553246d42901a0d746fdbefff91462d7ee0c1a91ca74e4,True,791.4686140138656,26,15618.32470703125,15810.0,2,374.44576201960444,45.26819591410458,0.06443959474563599,0
sieve,0,27,bb98dd0bceac09d24db1ecb2af549a92:377f7f0dd150:0:2,75d13c8ce97c12289f2430a015d1d7989bcb997955ebfd456b23a70f3283334e,True,769.859332125634,24,15618.32470703125,15810.0,2,385.92956215143204,43.8149671535939,0.027460724115371704,0
sieve,0,28,bb98dd0bceac09d24db1ecb2af549a92:377f7f0dd150:0:3,07076b19c18093e788139445acd32421179c80fb131abb5020ab511b244dfaf3,True,564.641309902072,13,15618.32470703125,15810.0,2,368.900045985356,44.48423604480922,0.07362283021211624,0
sieve,0,29,bb98dd0bceac09d24db1ecb2af549a92:377f7f0dd150:0:4,07076b19c18093e788139445acd32421179c80fb131abb5020ab511b244dfaf3,True,566.5586208924651,13,15618.32470703125,15810.0,2,374.5492410380393,45.36014096811414,0.060885488986968994,0
sieve,0,30,bb98dd0bceac09d24db1ecb2af549a92:2cf3a7a3a65c:0:0,c7fdec5fa5d5e1adf291637b9bb1fe8f118cbb3eb57af7ef76921e247600c9c6,True,664.1889370512217,19,15618.32470703125,15810.0,2,364.15081401355565,43.96357899531722,0.07945575565099716,0
sieve,0,31,bb98dd0bceac09d24db1ecb2af549a92:2cf3a7a3a65c:0:1,4af9997807defa232e553246d42901a0d746fdbefff91462d7ee0c1a91ca74e4,True,801.3380230404437,26,15618.32470703125,15810.0,2,381.7073830869049,45.557216042652726,0.06443959474563599,0
sieve,0,32,bb98dd0bceac09d24db1ecb2af549a92:2cf3a7a3a65c:0:2,75d13c8ce97c12289f2430a015d1d7989bcb997955ebfd456b23a70f3283334e,True,757.5010119471699,24,15618.32470703125,15810.0,2,369.02942485176027,44.11603999324143,0.027460724115371704,0
sieve,0,33,bb98dd0bceac09d24db1ecb2af549a92:2cf3a7a3a65c:0:3,07076b19c18093e788139445acd32421179c80fb131abb5020ab511b244dfaf3,True,570.9397972095758,13,15618.32470703125,15810.0,2,378.39730898849666,45.171267818659544,0.07362283021211624,0
sieve,0,34,bb98dd0bceac09d24db1ecb2af549a92:2cf3a7a3a65c:0:4,07076b19c18093e788139445acd32421179c80fb131abb5020ab511b244dfaf3,True,565.5777489300817,13,15618.32470703125,15810.0,2,369.9781890027225,45.15233705751598,0.060885488986968994,0
sieve,0,35,b877dd782edba758ab429e3ee3de3329:97e16cc551e4:0:0,62517bae74e7259c57a7da56e4f54b797cf2a664727fb53fe05de2f3598ea92d,True,732.0059919729829,22,15618.39794921875,15810.0,2,385.85995114408433,44.22042309306562,0.08612550050020218,0
sieve,0,36,b877dd782edba758ab429e3ee3de3329:97e16cc551e4:0:1,d84210bceb3038c1ed37c6ee7bc057db462ddedaa6823742af8a6d297cb431da,True,790.5766221228987,26,15618.39794921875,15810.0,2,373.2883050106466,44.63000502437353,0.07399764657020569,0
sieve,0,37,b877dd782edba758ab429e3ee3de3329:97e16cc551e4:0:2,e2d8c9e2e95c4938f7be5f7610f5dd612f23c22b2461cafe849ff52d619824cd,True,785.8359599485993,26,15618.39794921875,15810.0,2,365.19834608770907,44.44171721115708,0.09093106538057327,0
sieve,0,38,b877dd782edba758ab429e3ee3de3329:97e16cc551e4:0:3,94d4ffe585b52d02528404f4f0629286595977610fc216797666ffe14a17ed0c,True,651.4785899780691,18,15618.39794921875,15810.0,2,372.94346606358886,44.28300308063626,0.06772638857364655,0
sieve,0,39,b877dd782edba758ab429e3ee3de3329:97e16cc551e4:0:4,aba8c2cf6367e2e8a95bb52794ddcb426d595fad022cf2d457da88045f881ed0,True,621.6094281990081,16,15618.39794921875,15810.0,2,373.6357071902603,44.837474124506116,0.13132111728191376,0
sieve,0,40,b877dd782edba758ab429e3ee3de3329:dd7f6c9e007d:0:0,62517bae74e7259c57a7da56e4f54b797cf2a664727fb53fe05de2f3598ea92d,True,716.2087089382112,22,15618.39794921875,15810.0,2,369.51460782438517,44.823966920375824,0.08612550050020218,0
sieve,0,41,b877dd782edba758ab429e3ee3de3329:dd7f6c9e007d:0:1,d84210bceb3038c1ed37c6ee7bc057db462ddedaa6823742af8a6d297cb431da,True,795.9997900761664,26,15618.39794921875,15810.0,2,373.8119709305465,45.003742910921574,0.07399764657020569,0
sieve,0,42,b877dd782edba758ab429e3ee3de3329:dd7f6c9e007d:0:2,e2d8c9e2e95c4938f7be5f7610f5dd612f23c22b2461cafe849ff52d619824cd,True,780.8416818734258,26,15618.39794921875,15810.0,2,365.5597830656916,44.853698229417205,0.09093106538057327,0
sieve,0,43,b877dd782edba758ab429e3ee3de3329:dd7f6c9e007d:0:3,94d4ffe585b52d02528404f4f0629286595977610fc216797666ffe14a17ed0c,True,652.0520232152194,18,15618.39794921875,15810.0,2,373.8571060821414,44.25343102775514,0.06772638857364655,0
sieve,0,44,b877dd782edba758ab429e3ee3de3329:dd7f6c9e007d:0:4,aba8c2cf6367e2e8a95bb52794ddcb426d595fad022cf2d457da88045f881ed0,True,632.486378075555,16,15618.39794921875,15810.0,2,387.4610490165651,45.10559304617345,0.13132111728191376,0
sieve,0,45,4f59fbf51a0a5bfb4dc5af02cf294693:993dac5396a0:0:0,aa1f1fd8a9efcb963811de5e984dc16d83696aa7e913ba6980ace9aa76b7f7a3,True,652.7627690229565,18,15618.58154296875,15810.0,2,368.49295487627387,44.09050499089062,0.0412035807967186,0
sieve,0,46,4f59fbf51a0a5bfb4dc5af02cf294693:993dac5396a0:0:1,bdcb900eea2a0e63a259e4fe2376f8cc3aec08e4611682d3f4ee038edca9d017,True,502.9724279884249,10,15618.58154296875,15810.0,2,364.08677394501865,43.88143797405064,0.044068578630685806,0
sieve,0,47,4f59fbf51a0a5bfb4dc5af02cf294693:993dac5396a0:0:2,f3e746a5a573b9140378e527f40ef9a01e1da198199bb2597c74356d9befd366,True,788.2561471778899,26,15618.58154296875,15810.0,2,364.5208771340549,44.56515307538211,0.012164697051048279,0
sieve,0,48,4f59fbf51a0a5bfb4dc5af02cf294693:993dac5396a0:0:3,f77a4c18118683cabf2ce423b4a1474e9a020c00dc184984ee227d2432eaaeca,True,793.0089770816267,26,15618.58154296875,15810.0,2,369.4854211062193,45.18640600144863,0.012001994997262955,0
sieve,0,49,4f59fbf51a0a5bfb4dc5af02cf294693:993dac5396a0:0:4,082a3f27a64a793001365f40fd7d76058660d5148036e68127b7775445e5f79a,True,511.2515930086374,10,15618.58154296875,15810.0,2,369.0438070334494,44.641795102506876,0.017937535420060158,0
sieve,1,0,1a938d25604410ccd63b60285919eaec:c627e50da685:0:0,ad7432ad3647d5979a4c8f07ea59db904408a5ca59b44fc807019ff723c8fe9d,True,547.1528698690236,12,15618.58154296875,15810.0,2,369.494013953954,44.680762104690075,0.011923828162252903,0
sieve,1,1,1a938d25604410ccd63b60285919eaec:c627e50da685:0:1,ad7432ad3647d5979a4c8f07ea59db904408a5ca59b44fc807019ff723c8fe9d,True,560.7070361729711,12,15618.58154296875,15810.0,2,382.9653391148895,44.96025410480797,0.013695897534489632,0
sieve,1,2,1a938d25604410ccd63b60285919eaec:c627e50da685:0:2,45b29a4f9a357408272a3d9ee292dd9f825df58412a294bc76edad70933ff8f3,True,553.6357839591801,12,15618.58154296875,15810.0,2,377.6849480345845,44.59717916324735,0.013688511215150356,0
sieve,1,3,1a938d25604410ccd63b60285919eaec:c627e50da685:0:3,8f13312bc57593ae709f0e55a18489d480c2a86c8038ac06144174a3f51b5600,True,538.8832879252732,12,15618.58154296875,15810.0,2,365.45237386599183,44.67601189389825,0.012492770329117775,0
sieve,1,4,1a938d25604410ccd63b60285919eaec:c627e50da685:0:4,8f13312bc57593ae709f0e55a18489d480c2a86c8038ac06144174a3f51b5600,True,553.9210210554302,12,15618.58154296875,15810.0,2,376.7645910847932,45.14562897384167,0.01208481751382351,0
sieve,1,5,49cd6149f02ec01ee03a6eb8287ab2df:f982e9dfaf25:0:0,dfa96710626dd8454b20bab58edadf81faa7374948fab10c0910e55037cea818,True,693.8915099017322,20,15618.32470703125,15810.0,2,374.33071294799447,45.2198360580951,0.04598546028137207,0
sieve,1,6,49cd6149f02ec01ee03a6eb8287ab2df:f982e9dfaf25:0:1,86024a4fa91c4b919c6bf7d14d030232d1b278e47a39c03efbe698cebb092a16,True,690.9779098350555,19,15618.32470703125,15810.0,2,391.7119458783418,44.79302489198744,0.047764893621206284,0
sieve,1,7,49cd6149f02ec01ee03a6eb8287ab2df:f982e9dfaf25:0:2,cf7957792cc42aad7f2f87beb1240027c78a84aebb3babafec5afeab6040dc38,True,642.0410359278321,18,15618.32470703125,15810.0,2,365.68318610079587,45.44654814526439,0.047251708805561066,0
sieve,1,8,49cd6149f02ec01ee03a6eb8287ab2df:f982e9dfaf25:0:3,e62c1d2a0e028a848bf11c6aee602c7b04b7c5d57080024b56092666b47f8121,True,707.8218089882284,22,15618.32470703125,15810.0,2,364.62566000409424,43.852927163243294,0.09023633599281311,0
sieve,1,9,49cd6149f02ec01ee03a6eb8287ab2df:f982e9dfaf25:0:4,f9472589f3263b5d01f4798bd4b1db08a9f8d5bfd4a7de1f6a20d7afa4d2fc9d,True,627.4096700362861,17,15618.32470703125,15810.0,2,368.30201488919556,44.187254970893264,0.050221387296915054,0
sieve,1,10,49cd6149f02ec01ee03a6eb8287ab2df:81739d7eb99c:0:0,dfa96710626dd8454b20bab58edadf81faa7374948fab10c0910e55037cea818,True,688.1097019650042,20,15618.32470703125,15810.0,2,377.1743969991803,44.10125711001456,0.04598546028137207,0
sieve,1,11,49cd6149f02ec01ee03a6eb8287ab2df:81739d7eb99c:0:1,86024a4fa91c4b919c6bf7d14d030232d1b278e47a39c03efbe698cebb092a16,True,656.8013629876077,19,15618.32470703125,15810.0,2,363.6738450732082,43.66844007745385,0.047764893621206284,0
sieve,1,12,49cd6149f02ec01ee03a6eb8287ab2df:81739d7eb99c:0:2,cf7957792cc42aad7f2f87beb1240027c78a84aebb3babafec5afeab6040dc38,True,643.1670968886465,18,15618.32470703125,15810.0,2,368.21218905970454,44.26167416386306,0.047251708805561066,0
sieve,1,13,49cd6149f02ec01ee03a6eb8287ab2df:81739d7eb99c:0:3,e62c1d2a0e028a848bf11c6aee602c7b04b7c5d57080024b56092666b47f8121,True,725.6964819971472,22,15618.32470703125,15810.0,2,381.44772802479565,44.11451704800129,0.09023633599281311,0
sieve,1,14,49cd6149f02ec01ee03a6eb8287ab2df:81739d7eb99c:0:4,f9472589f3263b5d01f4798bd4b1db08a9f8d5bfd4a7de1f6a20d7afa4d2fc9d,True,635.3596949484199,17,15618.32470703125,15810.0,2,375.80924900248647,43.8249921426177,0.050221387296915054,0
sieve,1,15,c6050fe51d3408b1eaef27e08e7f1956:1458b54ae2f6:0:0,0c2763434c50e20730f49847263ef9024806cb1a0560c523ed77737027dc7584,True,628.49454395473,17,15618.72802734375,15810.0,2,368.788146879524,44.10357400774956,0.026362335309386253,0
sieve,1,16,c6050fe51d3408b1eaef27e08e7f1956:1458b54ae2f6:0:1,664067171cd1bbc5ce837d235ed3ea23011690faf92d70710e11636621c1b115,True,853.8143869955093,30,15618.72802734375,15810.0,2,372.1776900347322,43.678542133420706,0.025893716141581535,0
sieve,1,17,c6050fe51d3408b1eaef27e08e7f1956:1458b54ae2f6:0:2,c6b78a53ab1e086ea1b1d04c24bdf6d361a4c414a514fa6f179a43df6e2fb518,True,918.4199061710387,33,15618.72802734375,15810.0,2,386.33973500691354,44.076325837522745,0.026893166825175285,0
sieve,1,18,c6050fe51d3408b1eaef27e08e7f1956:1458b54ae2f6:0:3,76081f5fd3a7d2fecc5219b9f1a003927ab2f0a03cbcea2809aa13575b12704d,True,545.316725037992,12,15618.72802734375,15810.0,2,373.6694830004126,44.88931689411402,0.03979818522930145,0
sieve,1,19,c6050fe51d3408b1eaef27e08e7f1956:1458b54ae2f6:0:4,ad3a25be620e9e8363cf8b064f96e3948b2c3e9ae99d2778aa19fe9e3c58386a,True,947.462665848434,36,15618.72802734375,15810.0,2,364.11770479753613,44.132165843620896,0.038352321833372116,0
sieve,1,20,c6050fe51d3408b1eaef27e08e7f1956:e4e99a4d6532:0:0,0c2763434c50e20730f49847263ef9024806cb1a0560c523ed77737027dc7584,True,628.0087970662862,17,15618.72802734375,15810.0,2,369.37294295057654,43.908620020374656,0.026362335309386253,0
sieve,1,21,c6050fe51d3408b1eaef27e08e7f1956:e4e99a4d6532:0:1,664067171cd1bbc5ce837d235ed3ea23011690faf92d70710e11636621c1b115,True,859.2965579591691,30,15618.72802734375,15810.0,2,377.0593518856913,44.003465911373496,0.025893716141581535,0
sieve,1,22,c6050fe51d3408b1eaef27e08e7f1956:e4e99a4d6532:0:2,c6b78a53ab1e086ea1b1d04c24bdf6d361a4c414a514fa6f179a43df6e2fb518,True,905.2013289183378,33,15618.72802734375,15810.0,2,372.62838892638683,43.756467988714576,0.026893166825175285,0
sieve,1,23,c6050fe51d3408b1eaef27e08e7f1956:e4e99a4d6532:0:3,76081f5fd3a7d2fecc5219b9f1a003927ab2f0a03cbcea2809aa13575b12704d,True,546.0318520199507,12,15618.72802734375,15810.0,2,373.2584840618074,44.306786032393575,0.03979818522930145,0
sieve,1,24,c6050fe51d3408b1eaef27e08e7f1956:e4e99a4d6532:0:4,ad3a25be620e9e8363cf8b064f96e3948b2c3e9ae99d2778aa19fe9e3c58386a,True,951.9452909007668,36,15618.72802734375,15810.0,2,368.8828048761934,44.731757836416364,0.038352321833372116,0
sieve,1,25,bb98dd0bceac09d24db1ecb2af549a92:377f7f0dd150:0:0,c7fdec5fa5d5e1adf291637b9bb1fe8f118cbb3eb57af7ef76921e247600c9c6,True,666.3071732036769,19,15618.32470703125,15810.0,2,372.1669411752373,43.79837401211262,0.07945575565099716,0
sieve,1,26,bb98dd0bceac09d24db1ecb2af549a92:377f7f0dd150:0:1,4af9997807defa232e553246d42901a0d746fdbefff91462d7ee0c1a91ca74e4,True,791.3539411965758,26,15618.32470703125,15810.0,2,376.24356406740844,43.67707995697856,0.06443959474563599,0
sieve,1,27,bb98dd0bceac09d24db1ecb2af549a92:377f7f0dd150:0:2,75d13c8ce97c12289f2430a015d1d7989bcb997955ebfd456b23a70f3283334e,True,741.3697300944477,24,15618.32470703125,15810.0,2,363.75063890591264,44.208250008523464,0.027460724115371704,0
sieve,1,28,bb98dd0bceac09d24db1ecb2af549a92:377f7f0dd150:0:3,07076b19c18093e788139445acd32421179c80fb131abb5020ab511b244dfaf3,True,567.7157819736749,13,15618.32470703125,15810.0,2,377.9652810189873,44.21063605695963,0.07362283021211624,0
sieve,1,29,bb98dd0bceac09d24db1ecb2af549a92:377f7f0dd150:0:4,07076b19c18093e788139445acd32421179c80fb131abb5020ab511b244dfaf3,True,571.6650150716305,13,15618.32470703125,15810.0,2,381.73619215376675,43.787430971860886,0.060885488986968994,0
sieve,1,30,bb98dd0bceac09d24db1ecb2af549a92:2cf3a7a3a65c:0:0,c7fdec5fa5d5e1adf291637b9bb1fe8f118cbb3eb57af7ef76921e247600c9c6,True,669.5806421339512,19,15618.32470703125,15810.0,2,377.18222313560545,44.087533140555024,0.07945575565099716,0
sieve,1,31,bb98dd0bceac09d24db1ecb2af549a92:2cf3a7a3a65c:0:1,4af9997807defa232e553246d42901a0d746fdbefff91462d7ee0c1a91ca74e4,True,786.0407780390233,26,15618.32470703125,15810.0,2,372.2012641374022,43.71413611806929,0.06443959474563599,0
sieve,1,32,bb98dd0bceac09d24db1ecb2af549a92:2cf3a7a3a65c:0:2,75d13c8ce97c12289f2430a015d1d7989bcb997955ebfd456b23a70f3283334e,True,751.4446259010583,24,15618.32470703125,15810.0,2,372.4323068745434,44.16881804354489,0.027460724115371704,0
sieve,1,33,bb98dd0bceac09d24db1ecb2af549a92:2cf3a7a3a65c:0:3,07076b19c18093e788139445acd32421179c80fb131abb5020ab511b244dfaf3,True,559.5846509095281,13,15618.32470703125,15810.0,2,368.5426728334278,44.301694026216865,0.07362283021211624,0
sieve,1,34,bb98dd0bceac09d24db1ecb2af549a92:2cf3a7a3a65c:0:4,07076b19c18093e788139445acd32421179c80fb131abb5020ab511b244dfaf3,True,586.3073440268636,13,15618.32470703125,15810.0,2,395.4241219907999,44.49798911809921,0.060885488986968994,0
sieve,1,35,b877dd782edba758ab429e3ee3de3329:97e16cc551e4:0:0,62517bae74e7259c57a7da56e4f54b797cf2a664727fb53fe05de2f3598ea92d,True,732.2043529711664,22,15618.39794921875,15810.0,2,386.2677440047264,44.080778025090694,0.08612550050020218,0
sieve,1,36,b877dd782edba758ab429e3ee3de3329:97e16cc551e4:0:1,d84210bceb3038c1ed37c6ee7bc057db462ddedaa6823742af8a6d297cb431da,True,781.8460348062217,26,15618.39794921875,15810.0,2,368.31428785808384,43.79745898768306,0.07399764657020569,0
sieve,1,37,b877dd782edba758ab429e3ee3de3329:97e16cc551e4:0:2,e2d8c9e2e95c4938f7be5f7610f5dd612f23c22b2461cafe849ff52d619824cd,True,790.1630541309714,26,15618.39794921875,15810.0,2,377.18418100848794,44.07493188045919,0.09093106538057327,0
sieve,1,38,b877dd782edba758ab429e3ee3de3329:97e16cc551e4:0:3,94d4ffe585b52d02528404f4f0629286595977610fc216797666ffe14a17ed0c,True,649.1007539443672,18,15618.39794921875,15810.0,2,372.45062296278775,43.66322001442313,0.06772638857364655,0
sieve,1,39,b877dd782edba758ab429e3ee3de3329:97e16cc551e4:0:4,aba8c2cf6367e2e8a95bb52794ddcb426d595fad022cf2d457da88045f881ed0,True,614.1815681476146,16,15618.39794921875,15810.0,2,373.3754539862275,43.99669379927218,0.13132111728191376,0
sieve,1,40,b877dd782edba758ab429e3ee3de3329:dd7f6c9e007d:0:0,62517bae74e7259c57a7da56e4f54b797cf2a664727fb53fe05de2f3598ea92d,True,715.1420810259879,22,15618.39794921875,15810.0,2,372.5011700298637,44.21126493252814,0.08612550050020218,0
sieve,1,41,b877dd782edba758ab429e3ee3de3329:dd7f6c9e007d:0:1,d84210bceb3038c1ed37c6ee7bc057db462ddedaa6823742af8a6d297cb431da,True,781.599696027115,26,15618.39794921875,15810.0,2,372.5763668771833,43.582631973549724,0.07399764657020569,0
sieve,1,42,b877dd782edba758ab429e3ee3de3329:dd7f6c9e007d:0:2,e2d8c9e2e95c4938f7be5f7610f5dd612f23c22b2461cafe849ff52d619824cd,True,788.5381891392171,26,15618.39794921875,15810.0,2,381.7585960496217,44.7006169706583,0.09093106538057327,0
sieve,1,43,b877dd782edba758ab429e3ee3de3329:dd7f6c9e007d:0:3,94d4ffe585b52d02528404f4f0629286595977610fc216797666ffe14a17ed0c,True,648.0395568069071,18,15618.39794921875,15810.0,2,373.4188377857208,43.81900583393872,0.06772638857364655,0
sieve,1,44,b877dd782edba758ab429e3ee3de3329:dd7f6c9e007d:0:4,aba8c2cf6367e2e8a95bb52794ddcb426d595fad022cf2d457da88045f881ed0,True,622.3886720836163,16,15618.39794921875,15810.0,2,381.21346407569945,43.96019596606493,0.13132111728191376,0
sieve,1,45,4f59fbf51a0a5bfb4dc5af02cf294693:993dac5396a0:0:0,aa1f1fd8a9efcb963811de5e984dc16d83696aa7e913ba6980ace9aa76b7f7a3,True,645.4164648894221,18,15618.58154296875,15810.0,2,372.1972960047424,43.8488470390439,0.0412035807967186,0
sieve,1,46,4f59fbf51a0a5bfb4dc5af02cf294693:993dac5396a0:0:1,bdcb900eea2a0e63a259e4fe2376f8cc3aec08e4611682d3f4ee038edca9d017,True,525.7011649664491,10,15618.58154296875,15810.0,2,386.51818386279047,44.19044894166291,0.044068578630685806,0
sieve,1,47,4f59fbf51a0a5bfb4dc5af02cf294693:993dac5396a0:0:2,f3e746a5a573b9140378e527f40ef9a01e1da198199bb2597c74356d9befd366,True,787.9069859627634,26,15618.58154296875,15810.0,2,373.4213439747691,44.067920884117484,0.012164697051048279,0
sieve,1,48,4f59fbf51a0a5bfb4dc5af02cf294693:993dac5396a0:0:3,f77a4c18118683cabf2ce423b4a1474e9a020c00dc184984ee227d2432eaaeca,True,786.4968439098448,26,15618.58154296875,15810.0,2,373.6462648957968,44.276246801018715,0.012001994997262955,0
sieve,1,49,4f59fbf51a0a5bfb4dc5af02cf294693:993dac5396a0:0:4,082a3f27a64a793001365f40fd7d76058660d5148036e68127b7775445e5f79a,True,508.7180808186531,10,15618.58154296875,15810.0,2,369.32256584987044,44.308584881946445,0.017937535420060158,0
predictor,0,0,1a938d25604410ccd63b60285919eaec:c627e50da685:0:0,ad7432ad3647d5979a4c8f07ea59db904408a5ca59b44fc807019ff723c8fe9d,True,535.99439910613,12,15618.58154296875,15810.0,2,362.8599029034376,43.21738192811608,,
predictor,0,1,1a938d25604410ccd63b60285919eaec:c627e50da685:0:1,ad7432ad3647d5979a4c8f07ea59db904408a5ca59b44fc807019ff723c8fe9d,True,537.5667179469019,12,15618.58154296875,15810.0,2,364.0670389868319,43.84110798127949,,
predictor,0,2,1a938d25604410ccd63b60285919eaec:c627e50da685:0:2,45b29a4f9a357408272a3d9ee292dd9f825df58412a294bc76edad70933ff8f3,True,536.4673589356244,12,15618.58154296875,15810.0,2,363.5439439676702,43.407476041466,,
predictor,0,3,1a938d25604410ccd63b60285919eaec:c627e50da685:0:3,8f13312bc57593ae709f0e55a18489d480c2a86c8038ac06144174a3f51b5600,True,536.4964350592345,12,15618.58154296875,15810.0,2,363.5839910712093,43.46498101949692,,
predictor,0,4,1a938d25604410ccd63b60285919eaec:c627e50da685:0:4,8f13312bc57593ae709f0e55a18489d480c2a86c8038ac06144174a3f51b5600,True,537.2422628570348,12,15618.58154296875,15810.0,2,363.9549978543073,43.29952085390687,,
predictor,0,5,49cd6149f02ec01ee03a6eb8287ab2df:f982e9dfaf25:0:0,dfa96710626dd8454b20bab58edadf81faa7374948fab10c0910e55037cea818,True,674.8036369681358,20,15618.32470703125,15810.0,2,363.65210195071995,43.1494249496609,,
predictor,0,6,49cd6149f02ec01ee03a6eb8287ab2df:f982e9dfaf25:0:1,86024a4fa91c4b919c6bf7d14d030232d1b278e47a39c03efbe698cebb092a16,True,654.7096469439566,19,15618.32470703125,15810.0,2,362.954577896744,43.63075806759298,,
predictor,0,7,49cd6149f02ec01ee03a6eb8287ab2df:f982e9dfaf25:0:2,cf7957792cc42aad7f2f87beb1240027c78a84aebb3babafec5afeab6040dc38,True,638.2715690415353,18,15618.32470703125,15810.0,2,362.6870468724519,43.11613994650543,,
predictor,0,8,49cd6149f02ec01ee03a6eb8287ab2df:f982e9dfaf25:0:3,e62c1d2a0e028a848bf11c6aee602c7b04b7c5d57080024b56092666b47f8121,True,707.1765700820833,22,15618.32470703125,15810.0,2,363.27998293563724,43.73759496957064,,
predictor,0,9,49cd6149f02ec01ee03a6eb8287ab2df:f982e9dfaf25:0:4,f9472589f3263b5d01f4798bd4b1db08a9f8d5bfd4a7de1f6a20d7afa4d2fc9d,True,622.3866860382259,17,15618.32470703125,15810.0,2,363.77992993220687,44.37108593992889,,
predictor,0,10,49cd6149f02ec01ee03a6eb8287ab2df:81739d7eb99c:0:0,dfa96710626dd8454b20bab58edadf81faa7374948fab10c0910e55037cea818,True,673.2702078297734,20,15618.32470703125,15810.0,2,362.9543739371002,43.603050988167524,,
predictor,0,11,49cd6149f02ec01ee03a6eb8287ab2df:81739d7eb99c:0:1,86024a4fa91c4b919c6bf7d14d030232d1b278e47a39c03efbe698cebb092a16,True,657.9022358637303,19,15618.32470703125,15810.0,2,364.0305788721889,43.751108925789595,,
predictor,0,12,49cd6149f02ec01ee03a6eb8287ab2df:81739d7eb99c:0:2,cf7957792cc42aad7f2f87beb1240027c78a84aebb3babafec5afeab6040dc38,True,638.9498761855066,18,15618.32470703125,15810.0,2,362.8798960708082,43.29966101795435,,
predictor,0,13,49cd6149f02ec01ee03a6eb8287ab2df:81739d7eb99c:0:3,e62c1d2a0e028a848bf11c6aee602c7b04b7c5d57080024b56092666b47f8121,True,709.1541311237961,22,15618.32470703125,15810.0,2,363.7663230765611,43.223445070907474,,
predictor,0,14,49cd6149f02ec01ee03a6eb8287ab2df:81739d7eb99c:0:4,f9472589f3263b5d01f4798bd4b1db08a9f8d5bfd4a7de1f6a20d7afa4d2fc9d,True,623.766244854778,17,15618.32470703125,15810.0,2,363.3385088760406,43.24322892352939,,
predictor,0,15,c6050fe51d3408b1eaef27e08e7f1956:1458b54ae2f6:0:0,0c2763434c50e20730f49847263ef9024806cb1a0560c523ed77737027dc7584,True,622.1037581562996,17,15618.72802734375,15810.0,2,362.8647201694548,43.2536939624697,,
predictor,0,16,c6050fe51d3408b1eaef27e08e7f1956:1458b54ae2f6:0:1,664067171cd1bbc5ce837d235ed3ea23011690faf92d70710e11636621c1b115,True,846.7379780486226,30,15618.72802734375,15810.0,2,362.74422612041235,43.00826811231673,,
predictor,0,17,c6050fe51d3408b1eaef27e08e7f1956:1458b54ae2f6:0:2,c6b78a53ab1e086ea1b1d04c24bdf6d361a4c414a514fa6f179a43df6e2fb518,True,899.9004289507866,33,15618.72802734375,15810.0,2,363.98844909854233,43.54402609169483,,
predictor,0,18,c6050fe51d3408b1eaef27e08e7f1956:1458b54ae2f6:0:3,76081f5fd3a7d2fecc5219b9f1a003927ab2f0a03cbcea2809aa13575b12704d,True,537.3728808481246,12,15618.72802734375,15810.0,2,363.36142383515835,43.129639932885766,,
predictor,0,19,c6050fe51d3408b1eaef27e08e7f1956:1458b54ae2f6:0:4,ad3a25be620e9e8363cf8b064f96e3948b2c3e9ae99d2778aa19fe9e3c58386a,True,950.4375720862299,36,15618.72802734375,15810.0,2,362.6977039966732,43.21631696075201,,
predictor,0,20,c6050fe51d3408b1eaef27e08e7f1956:e4e99a4d6532:0:0,0c2763434c50e20730f49847263ef9024806cb1a0560c523ed77737027dc7584,True,624.2792019620538,17,15618.72802734375,15810.0,2,364.33311901055276,43.53048210032284,,
predictor,0,21,c6050fe51d3408b1eaef27e08e7f1956:e4e99a4d6532:0:1,664067171cd1bbc5ce837d235ed3ea23011690faf92d70710e11636621c1b115,True,841.7097791098058,30,15618.72802734375,15810.0,2,362.8769931383431,43.06199704296887,,
predictor,0,22,c6050fe51d3408b1eaef27e08e7f1956:e4e99a4d6532:0:2,c6b78a53ab1e086ea1b1d04c24bdf6d361a4c414a514fa6f179a43df6e2fb518,True,895.8658780902624,33,15618.72802734375,15810.0,2,362.92091803625226,43.151904130354524,,
predictor,0,23,c6050fe51d3408b1eaef27e08e7f1956:e4e99a4d6532:0:3,76081f5fd3a7d2fecc5219b9f1a003927ab2f0a03cbcea2809aa13575b12704d,True,535.4113921057433,12,15618.72802734375,15810.0,2,363.8936700299382,43.48605405539274,,
predictor,0,24,c6050fe51d3408b1eaef27e08e7f1956:e4e99a4d6532:0:4,ad3a25be620e9e8363cf8b064f96e3948b2c3e9ae99d2778aa19fe9e3c58386a,True,949.0427339915186,36,15618.72802734375,15810.0,2,363.0905111785978,43.43666601926088,,
predictor,0,25,bb98dd0bceac09d24db1ecb2af549a92:377f7f0dd150:0:0,c7fdec5fa5d5e1adf291637b9bb1fe8f118cbb3eb57af7ef76921e247600c9c6,True,656.4303680788726,19,15618.32470703125,15810.0,2,362.9698751028627,43.20938000455499,,
predictor,0,26,bb98dd0bceac09d24db1ecb2af549a92:377f7f0dd150:0:1,4af9997807defa232e553246d42901a0d746fdbefff91462d7ee0c1a91ca74e4,True,778.2143680378795,26,15618.32470703125,15810.0,2,363.21923905052245,43.58828184194863,,
predictor,0,27,bb98dd0bceac09d24db1ecb2af549a92:377f7f0dd150:0:2,75d13c8ce97c12289f2430a015d1d7989bcb997955ebfd456b23a70f3283334e,True,743.183831917122,24,15618.32470703125,15810.0,2,362.9975749645382,43.10850496403873,,
predictor,0,28,bb98dd0bceac09d24db1ecb2af549a92:377f7f0dd150:0:3,07076b19c18093e788139445acd32421179c80fb131abb5020ab511b244dfaf3,True,554.3445320799947,13,15618.32470703125,15810.0,2,363.3494139648974,43.75879606232047,,
predictor,0,29,bb98dd0bceac09d24db1ecb2af549a92:377f7f0dd150:0:4,07076b19c18093e788139445acd32421179c80fb131abb5020ab511b244dfaf3,True,553.3019350841641,13,15618.32470703125,15810.0,2,363.41484007425606,43.57877001166344,,
predictor,0,30,bb98dd0bceac09d24db1ecb2af549a92:2cf3a7a3a65c:0:0,c7fdec5fa5d5e1adf291637b9bb1fe8f118cbb3eb57af7ef76921e247600c9c6,True,656.5227678511292,19,15618.32470703125,15810.0,2,363.047017948702,43.60410594381392,,
predictor,0,31,bb98dd0bceac09d24db1ecb2af549a92:2cf3a7a3a65c:0:1,4af9997807defa232e553246d42901a0d746fdbefff91462d7ee0c1a91ca74e4,True,792.1111169271171,26,15618.32470703125,15810.0,2,377.15975381433964,43.500420870259404,,
predictor,0,32,bb98dd0bceac09d24db1ecb2af549a92:2cf3a7a3a65c:0:2,75d13c8ce97c12289f2430a015d1d7989bcb997955ebfd456b23a70f3283334e,True,743.3470119722188,24,15618.32470703125,15810.0,2,363.7485110666603,43.479434913024306,,
predictor,0,33,bb98dd0bceac09d24db1ecb2af549a92:2cf3a7a3a65c:0:3,07076b19c18093e788139445acd32421179c80fb131abb5020ab511b244dfaf3,True,554.3802371248603,13,15618.32470703125,15810.0,2,363.4819961152971,43.86657616123557,,
predictor,0,34,bb98dd0bceac09d24db1ecb2af549a92:2cf3a7a3a65c:0:4,07076b19c18093e788139445acd32421179c80fb131abb5020ab511b244dfaf3,True,554.6923479996622,13,15618.32470703125,15810.0,2,363.8168170582503,43.770163087174296,,
predictor,0,35,b877dd782edba758ab429e3ee3de3329:97e16cc551e4:0:0,62517bae74e7259c57a7da56e4f54b797cf2a664727fb53fe05de2f3598ea92d,True,708.711767103523,22,15618.39794921875,15810.0,2,363.44758211635053,43.684985022991896,,
predictor,0,36,b877dd782edba758ab429e3ee3de3329:97e16cc551e4:0:1,d84210bceb3038c1ed37c6ee7bc057db462ddedaa6823742af8a6d297cb431da,True,776.5357550233603,26,15618.39794921875,15810.0,2,362.8096431493759,42.97351813875139,,
predictor,0,37,b877dd782edba758ab429e3ee3de3329:97e16cc551e4:0:2,e2d8c9e2e95c4938f7be5f7610f5dd612f23c22b2461cafe849ff52d619824cd,True,777.3084540385753,26,15618.39794921875,15810.0,2,363.2904270198196,43.387464014813304,,
predictor,0,38,b877dd782edba758ab429e3ee3de3329:97e16cc551e4:0:3,94d4ffe585b52d02528404f4f0629286595977610fc216797666ffe14a17ed0c,True,637.3733878135681,18,15618.39794921875,15810.0,2,362.7585358917713,43.31833892501891,,
predictor,0,39,b877dd782edba758ab429e3ee3de3329:97e16cc551e4:0:4,aba8c2cf6367e2e8a95bb52794ddcb426d595fad022cf2d457da88045f881ed0,True,604.6040048822761,16,15618.39794921875,15810.0,2,363.2493519689888,43.429377023130655,,
predictor,0,40,b877dd782edba758ab429e3ee3de3329:dd7f6c9e007d:0:0,62517bae74e7259c57a7da56e4f54b797cf2a664727fb53fe05de2f3598ea92d,True,706.2971580307931,22,15618.39794921875,15810.0,2,364.24230108968914,43.6845060903579,,
predictor,0,41,b877dd782edba758ab429e3ee3de3329:dd7f6c9e007d:0:1,d84210bceb3038c1ed37c6ee7bc057db462ddedaa6823742af8a6d297cb431da,True,776.4507429674268,26,15618.39794921875,15810.0,2,362.91494593024254,43.39452204294503,,
predictor,0,42,b877dd782edba758ab429e3ee3de3329:dd7f6c9e007d:0:2,e2d8c9e2e95c4938f7be5f7610f5dd612f23c22b2461cafe849ff52d619824cd,True,778.9838078897446,26,15618.39794921875,15810.0,2,363.37353894487023,43.77097892574966,,
predictor,0,43,b877dd782edba758ab429e3ee3de3329:dd7f6c9e007d:0:3,94d4ffe585b52d02528404f4f0629286595977610fc216797666ffe14a17ed0c,True,639.5412290003151,18,15618.39794921875,15810.0,2,362.5953160226345,43.0754660628736,,
predictor,0,44,b877dd782edba758ab429e3ee3de3329:dd7f6c9e007d:0:4,aba8c2cf6367e2e8a95bb52794ddcb426d595fad022cf2d457da88045f881ed0,True,605.4209459107369,16,15618.39794921875,15810.0,2,363.0531739909202,43.290456058457494,,
predictor,0,45,4f59fbf51a0a5bfb4dc5af02cf294693:993dac5396a0:0:0,aa1f1fd8a9efcb963811de5e984dc16d83696aa7e913ba6980ace9aa76b7f7a3,True,638.99179501459,18,15618.58154296875,15810.0,2,362.6027361024171,43.41952013783157,,
predictor,0,46,4f59fbf51a0a5bfb4dc5af02cf294693:993dac5396a0:0:1,bdcb900eea2a0e63a259e4fe2376f8cc3aec08e4611682d3f4ee038edca9d017,True,501.8902230076492,10,15618.58154296875,15810.0,2,363.1987860426307,43.636898044496775,,
predictor,0,47,4f59fbf51a0a5bfb4dc5af02cf294693:993dac5396a0:0:2,f3e746a5a573b9140378e527f40ef9a01e1da198199bb2597c74356d9befd366,True,778.0547249130905,26,15618.58154296875,15810.0,2,362.8194888588041,43.10560179874301,,
predictor,0,48,4f59fbf51a0a5bfb4dc5af02cf294693:993dac5396a0:0:3,f77a4c18118683cabf2ce423b4a1474e9a020c00dc184984ee227d2432eaaeca,True,777.3629990406334,26,15618.58154296875,15810.0,2,363.9314810279757,43.40475099161267,,
predictor,0,49,4f59fbf51a0a5bfb4dc5af02cf294693:993dac5396a0:0:4,082a3f27a64a793001365f40fd7d76058660d5148036e68127b7775445e5f79a,True,502.8511779382825,10,15618.58154296875,15810.0,2,363.5932351462543,43.485525995492935,,
predictor,1,0,1a938d25604410ccd63b60285919eaec:c627e50da685:0:0,ad7432ad3647d5979a4c8f07ea59db904408a5ca59b44fc807019ff723c8fe9d,True,536.9936341885477,12,15618.58154296875,15810.0,2,363.2519990205765,43.587696040049195,,
predictor,1,1,1a938d25604410ccd63b60285919eaec:c627e50da685:0:1,ad7432ad3647d5979a4c8f07ea59db904408a5ca59b44fc807019ff723c8fe9d,True,537.0162511244416,12,15618.58154296875,15810.0,2,363.65353805013,43.506561079993844,,
predictor,1,2,1a938d25604410ccd63b60285919eaec:c627e50da685:0:2,45b29a4f9a357408272a3d9ee292dd9f825df58412a294bc76edad70933ff8f3,True,535.9311290085316,12,15618.58154296875,15810.0,2,362.76045884005725,43.11656393110752,,
predictor,1,3,1a938d25604410ccd63b60285919eaec:c627e50da685:0:3,8f13312bc57593ae709f0e55a18489d480c2a86c8038ac06144174a3f51b5600,True,536.3535440992564,12,15618.58154296875,15810.0,2,362.4601271003485,43.08473505079746,,
predictor,1,4,1a938d25604410ccd63b60285919eaec:c627e50da685:0:4,8f13312bc57593ae709f0e55a18489d480c2a86c8038ac06144174a3f51b5600,True,536.9151348713785,12,15618.58154296875,15810.0,2,363.3706080727279,43.40424505062401,,
predictor,1,5,49cd6149f02ec01ee03a6eb8287ab2df:f982e9dfaf25:0:0,dfa96710626dd8454b20bab58edadf81faa7374948fab10c0910e55037cea818,True,671.800403855741,20,15618.32470703125,15810.0,2,362.21242789179087,43.10563183389604,,
predictor,1,6,49cd6149f02ec01ee03a6eb8287ab2df:f982e9dfaf25:0:1,86024a4fa91c4b919c6bf7d14d030232d1b278e47a39c03efbe698cebb092a16,True,655.1274030935019,19,15618.32470703125,15810.0,2,362.05185391008854,42.99121489748359,,
predictor,1,7,49cd6149f02ec01ee03a6eb8287ab2df:f982e9dfaf25:0:2,cf7957792cc42aad7f2f87beb1240027c78a84aebb3babafec5afeab6040dc38,True,638.4908361360431,18,15618.32470703125,15810.0,2,362.79043019749224,43.38411916978657,,
predictor,1,8,49cd6149f02ec01ee03a6eb8287ab2df:f982e9dfaf25:0:3,e62c1d2a0e028a848bf11c6aee602c7b04b7c5d57080024b56092666b47f8121,True,704.3187660165131,22,15618.32470703125,15810.0,2,362.664211075753,43.41080808080733,,
predictor,1,9,49cd6149f02ec01ee03a6eb8287ab2df:f982e9dfaf25:0:4,f9472589f3263b5d01f4798bd4b1db08a9f8d5bfd4a7de1f6a20d7afa4d2fc9d,True,622.3311340436339,17,15618.32470703125,15810.0,2,363.51729091256857,43.44398295506835,,
predictor,1,10,49cd6149f02ec01ee03a6eb8287ab2df:81739d7eb99c:0:0,dfa96710626dd8454b20bab58edadf81faa7374948fab10c0910e55037cea818,True,674.6965451166034,20,15618.32470703125,15810.0,2,363.57880709692836,43.36344311013818,,
predictor,1,11,49cd6149f02ec01ee03a6eb8287ab2df:81739d7eb99c:0:1,86024a4fa91c4b919c6bf7d14d030232d1b278e47a39c03efbe698cebb092a16,True,654.828088125214,19,15618.32470703125,15810.0,2,362.55851201713085,43.414803920313716,,
predictor,1,12,49cd6149f02ec01ee03a6eb8287ab2df:81739d7eb99c:0:2,cf7957792cc42aad7f2f87beb1240027c78a84aebb3babafec5afeab6040dc38,True,639.6776170004159,18,15618.32470703125,15810.0,2,363.2180951535702,43.47879812121391,,
predictor,1,13,49cd6149f02ec01ee03a6eb8287ab2df:81739d7eb99c:0:3,e62c1d2a0e028a848bf11c6aee602c7b04b7c5d57080024b56092666b47f8121,True,708.7995600886643,22,15618.32470703125,15810.0,2,364.0858840662986,43.31594402901828,,
predictor,1,14,49cd6149f02ec01ee03a6eb8287ab2df:81739d7eb99c:0:4,f9472589f3263b5d01f4798bd4b1db08a9f8d5bfd4a7de1f6a20d7afa4d2fc9d,True,622.6409431546926,17,15618.32470703125,15810.0,2,363.15197800286114,42.74383303709328,,
predictor,1,15,c6050fe51d3408b1eaef27e08e7f1956:1458b54ae2f6:0:0,0c2763434c50e20730f49847263ef9024806cb1a0560c523ed77737027dc7584,True,622.8491440415382,17,15618.72802734375,15810.0,2,363.5029890574515,43.79237396642566,,
predictor,1,16,c6050fe51d3408b1eaef27e08e7f1956:1458b54ae2f6:0:1,664067171cd1bbc5ce837d235ed3ea23011690faf92d70710e11636621c1b115,True,848.723703995347,30,15618.72802734375,15810.0,2,364.50343183241785,44.09864288754761,,
predictor,1,17,c6050fe51d3408b1eaef27e08e7f1956:1458b54ae2f6:0:2,c6b78a53ab1e086ea1b1d04c24bdf6d361a4c414a514fa6f179a43df6e2fb518,True,898.9311929326504,33,15618.72802734375,15810.0,2,363.7771038338542,43.59077196568251,,
predictor,1,18,c6050fe51d3408b1eaef27e08e7f1956:1458b54ae2f6:0:3,76081f5fd3a7d2fecc5219b9f1a003927ab2f0a03cbcea2809aa13575b12704d,True,534.4435682054609,12,15618.72802734375,15810.0,2,362.63307998888195,43.11173292808235,,
predictor,1,19,c6050fe51d3408b1eaef27e08e7f1956:1458b54ae2f6:0:4,ad3a25be620e9e8363cf8b064f96e3948b2c3e9ae99d2778aa19fe9e3c58386a,True,946.2979291565716,36,15618.72802734375,15810.0,2,362.8636079374701,43.18619496189058,,
predictor,1,20,c6050fe51d3408b1eaef27e08e7f1956:e4e99a4d6532:0:0,0c2763434c50e20730f49847263ef9024806cb1a0560c523ed77737027dc7584,True,619.6264068130404,17,15618.72802734375,15810.0,2,362.7917729318142,42.893660021945834,,
predictor,1,21,c6050fe51d3408b1eaef27e08e7f1956:e4e99a4d6532:0:1,664067171cd1bbc5ce837d235ed3ea23011690faf92d70710e11636621c1b115,True,841.4185049477965,30,15618.72802734375,15810.0,2,363.33793797530234,43.29567193053663,,
predictor,1,22,c6050fe51d3408b1eaef27e08e7f1956:e4e99a4d6532:0:2,c6b78a53ab1e086ea1b1d04c24bdf6d361a4c414a514fa6f179a43df6e2fb518,True,894.1758899018168,33,15618.72802734375,15810.0,2,362.88178083486855,43.02911483682692,,
predictor,1,23,c6050fe51d3408b1eaef27e08e7f1956:e4e99a4d6532:0:3,76081f5fd3a7d2fecc5219b9f1a003927ab2f0a03cbcea2809aa13575b12704d,True,534.1973919421434,12,15618.72802734375,15810.0,2,363.5168478358537,43.17273595370352,,
predictor,1,24,c6050fe51d3408b1eaef27e08e7f1956:e4e99a4d6532:0:4,ad3a25be620e9e8363cf8b064f96e3948b2c3e9ae99d2778aa19fe9e3c58386a,True,944.911755155772,36,15618.72802734375,15810.0,2,363.91611211001873,43.29409194178879,,
predictor,1,25,bb98dd0bceac09d24db1ecb2af549a92:377f7f0dd150:0:0,c7fdec5fa5d5e1adf291637b9bb1fe8f118cbb3eb57af7ef76921e247600c9c6,True,653.6475759930909,19,15618.32470703125,15810.0,2,363.3810030296445,43.31052186898887,,
predictor,1,26,bb98dd0bceac09d24db1ecb2af549a92:377f7f0dd150:0:1,4af9997807defa232e553246d42901a0d746fdbefff91462d7ee0c1a91ca74e4,True,772.1285878214985,26,15618.32470703125,15810.0,2,363.81718795746565,42.949168011546135,,
predictor,1,27,bb98dd0bceac09d24db1ecb2af549a92:377f7f0dd150:0:2,75d13c8ce97c12289f2430a015d1d7989bcb997955ebfd456b23a70f3283334e,True,737.277849111706,24,15618.32470703125,15810.0,2,362.84645716659725,43.10532915405929,,
predictor,1,28,bb98dd0bceac09d24db1ecb2af549a92:377f7f0dd150:0:3,07076b19c18093e788139445acd32421179c80fb131abb5020ab511b244dfaf3,True,552.2223950829357,13,15618.32470703125,15810.0,2,363.3476390969008,43.609522050246596,,
predictor,1,29,bb98dd0bceac09d24db1ecb2af549a92:377f7f0dd150:0:4,07076b19c18093e788139445acd32421179c80fb131abb5020ab511b244dfaf3,True,549.6993588749319,13,15618.32470703125,15810.0,2,362.39675199612975,43.10123296454549,,
predictor,1,30,bb98dd0bceac09d24db1ecb2af549a92:2cf3a7a3a65c:0:0,c7fdec5fa5d5e1adf291637b9bb1fe8f118cbb3eb57af7ef76921e247600c9c6,True,655.0120871979743,19,15618.32470703125,15810.0,2,363.2946200668812,43.10237686149776,,
predictor,1,31,bb98dd0bceac09d24db1ecb2af549a92:2cf3a7a3a65c:0:1,4af9997807defa232e553246d42901a0d746fdbefff91462d7ee0c1a91ca74e4,True,772.9151560924947,26,15618.32470703125,15810.0,2,362.7274581231177,42.994837975129485,,
predictor,1,32,bb98dd0bceac09d24db1ecb2af549a92:2cf3a7a3a65c:0:2,75d13c8ce97c12289f2430a015d1d7989bcb997955ebfd456b23a70f3283334e,True,739.971823990345,24,15618.32470703125,15810.0,2,363.25423093512654,43.51993789896369,,
predictor,1,33,bb98dd0bceac09d24db1ecb2af549a92:2cf3a7a3a65c:0:3,07076b19c18093e788139445acd32421179c80fb131abb5020ab511b244dfaf3,True,552.170064067468,13,15618.32470703125,15810.0,2,362.60752100497484,42.98315988853574,,
predictor,1,34,bb98dd0bceac09d24db1ecb2af549a92:2cf3a7a3a65c:0:4,07076b19c18093e788139445acd32421179c80fb131abb5020ab511b244dfaf3,True,550.9809949435294,13,15618.32470703125,15810.0,2,362.2906308155507,43.08953881263733,,
predictor,1,35,b877dd782edba758ab429e3ee3de3329:97e16cc551e4:0:0,62517bae74e7259c57a7da56e4f54b797cf2a664727fb53fe05de2f3598ea92d,True,706.1327709816396,22,15618.39794921875,15810.0,2,363.73579199425876,42.92663396336138,,
predictor,1,36,b877dd782edba758ab429e3ee3de3329:97e16cc551e4:0:1,d84210bceb3038c1ed37c6ee7bc057db462ddedaa6823742af8a6d297cb431da,True,773.4873159788549,26,15618.39794921875,15810.0,2,363.5422319639474,43.96584699861705,,
predictor,1,37,b877dd782edba758ab429e3ee3de3329:97e16cc551e4:0:2,e2d8c9e2e95c4938f7be5f7610f5dd612f23c22b2461cafe849ff52d619824cd,True,773.4666229225695,26,15618.39794921875,15810.0,2,363.38255694136024,43.47717296332121,,
predictor,1,38,b877dd782edba758ab429e3ee3de3329:97e16cc551e4:0:3,94d4ffe585b52d02528404f4f0629286595977610fc216797666ffe14a17ed0c,True,637.5551358796656,18,15618.39794921875,15810.0,2,362.7888709306717,43.00694284029305,,
predictor,1,39,b877dd782edba758ab429e3ee3de3329:97e16cc551e4:0:4,aba8c2cf6367e2e8a95bb52794ddcb426d595fad022cf2d457da88045f881ed0,True,602.8698738664389,16,15618.39794921875,15810.0,2,363.09017706662416,43.47453615628183,,
predictor,1,40,b877dd782edba758ab429e3ee3de3329:dd7f6c9e007d:0:0,62517bae74e7259c57a7da56e4f54b797cf2a664727fb53fe05de2f3598ea92d,True,704.4259461108595,22,15618.39794921875,15810.0,2,361.97891598567367,42.91815799660981,,
predictor,1,41,b877dd782edba758ab429e3ee3de3329:dd7f6c9e007d:0:1,d84210bceb3038c1ed37c6ee7bc057db462ddedaa6823742af8a6d297cb431da,True,773.3928421512246,26,15618.39794921875,15810.0,2,363.5798799805343,43.74892986379564,,
predictor,1,42,b877dd782edba758ab429e3ee3de3329:dd7f6c9e007d:0:2,e2d8c9e2e95c4938f7be5f7610f5dd612f23c22b2461cafe849ff52d619824cd,True,774.8866879846901,26,15618.39794921875,15810.0,2,363.88090811669827,43.1445490103215,,
predictor,1,43,b877dd782edba758ab429e3ee3de3329:dd7f6c9e007d:0:3,94d4ffe585b52d02528404f4f0629286595977610fc216797666ffe14a17ed0c,True,635.3202529717237,18,15618.39794921875,15810.0,2,362.1008559130132,42.687872890383005,,
predictor,1,44,b877dd782edba758ab429e3ee3de3329:dd7f6c9e007d:0:4,aba8c2cf6367e2e8a95bb52794ddcb426d595fad022cf2d457da88045f881ed0,True,602.0110219251364,16,15618.39794921875,15810.0,2,362.17434401623905,42.73111303336918,,
predictor,1,45,4f59fbf51a0a5bfb4dc5af02cf294693:993dac5396a0:0:0,aa1f1fd8a9efcb963811de5e984dc16d83696aa7e913ba6980ace9aa76b7f7a3,True,634.7478539682925,18,15618.58154296875,15810.0,2,362.5026901718229,42.664843145757914,,
predictor,1,46,4f59fbf51a0a5bfb4dc5af02cf294693:993dac5396a0:0:1,bdcb900eea2a0e63a259e4fe2376f8cc3aec08e4611682d3f4ee038edca9d017,True,498.6458809580654,10,15618.58154296875,15810.0,2,361.9379559531808,42.8865950088948,,
predictor,1,47,4f59fbf51a0a5bfb4dc5af02cf294693:993dac5396a0:0:2,f3e746a5a573b9140378e527f40ef9a01e1da198199bb2597c74356d9befd366,True,773.2537749689072,26,15618.58154296875,15810.0,2,362.8988261334598,42.969499016180634,,
predictor,1,48,4f59fbf51a0a5bfb4dc5af02cf294693:993dac5396a0:0:3,f77a4c18118683cabf2ce423b4a1474e9a020c00dc184984ee227d2432eaaeca,True,773.1606778688729,26,15618.58154296875,15810.0,2,362.6066870056093,43.08885312639177,,
predictor,1,49,4f59fbf51a0a5bfb4dc5af02cf294693:993dac5396a0:0:4,082a3f27a64a793001365f40fd7d76058660d5148036e68127b7775445e5f79a,True,500.4876309540123,10,15618.58154296875,15810.0,2,363.18978504277766,43.194168945774436,,
monitor,0,0,1a938d25604410ccd63b60285919eaec:c627e50da685:0:0,ad7432ad3647d5979a4c8f07ea59db904408a5ca59b44fc807019ff723c8fe9d,True,532.3571288026869,12,15618.58154296875,15810.0,2,361.5615628659725,41.32614401169121,,
monitor,0,1,1a938d25604410ccd63b60285919eaec:c627e50da685:0:1,ad7432ad3647d5979a4c8f07ea59db904408a5ca59b44fc807019ff723c8fe9d,True,532.625560183078,12,15618.58154296875,15810.0,2,361.36748106218874,41.47155396640301,,
monitor,0,2,1a938d25604410ccd63b60285919eaec:c627e50da685:0:2,45b29a4f9a357408272a3d9ee292dd9f825df58412a294bc76edad70933ff8f3,True,531.4927857834846,12,15618.58154296875,15810.0,2,361.2613689620048,41.24258109368384,,
monitor,0,3,1a938d25604410ccd63b60285919eaec:c627e50da685:0:3,8f13312bc57593ae709f0e55a18489d480c2a86c8038ac06144174a3f51b5600,True,532.1683811489493,12,15618.58154296875,15810.0,2,360.9969229437411,41.309849824756384,,
monitor,0,4,1a938d25604410ccd63b60285919eaec:c627e50da685:0:4,8f13312bc57593ae709f0e55a18489d480c2a86c8038ac06144174a3f51b5600,True,532.1859470568597,12,15618.58154296875,15810.0,2,360.99609383381903,41.357736801728606,,
monitor,0,5,49cd6149f02ec01ee03a6eb8287ab2df:f982e9dfaf25:0:0,dfa96710626dd8454b20bab58edadf81faa7374948fab10c0910e55037cea818,True,668.7343458179384,20,15618.32470703125,15810.0,2,361.13701993599534,41.524169966578484,,
monitor,0,6,49cd6149f02ec01ee03a6eb8287ab2df:f982e9dfaf25:0:1,86024a4fa91c4b919c6bf7d14d030232d1b278e47a39c03efbe698cebb092a16,True,650.9117980021983,19,15618.32470703125,15810.0,2,360.61009392142296,41.590731823816895,,
monitor,0,7,49cd6149f02ec01ee03a6eb8287ab2df:f982e9dfaf25:0:2,cf7957792cc42aad7f2f87beb1240027c78a84aebb3babafec5afeab6040dc38,True,633.7280899751931,18,15618.32470703125,15810.0,2,360.87803984992206,41.25663195736706,,
monitor,0,8,49cd6149f02ec01ee03a6eb8287ab2df:f982e9dfaf25:0:3,e62c1d2a0e028a848bf11c6aee602c7b04b7c5d57080024b56092666b47f8121,True,703.0231601092964,22,15618.32470703125,15810.0,2,361.3205370493233,41.62803990766406,,
monitor,0,9,49cd6149f02ec01ee03a6eb8287ab2df:f982e9dfaf25:0:4,f9472589f3263b5d01f4798bd4b1db08a9f8d5bfd4a7de1f6a20d7afa4d2fc9d,True,617.0656750909984,17,15618.32470703125,15810.0,2,361.24564008787274,41.81374795734882,,
monitor,0,10,49cd6149f02ec01ee03a6eb8287ab2df:81739d7eb99c:0:0,dfa96710626dd8454b20bab58edadf81faa7374948fab10c0910e55037cea818,True,667.4859730992466,20,15618.32470703125,15810.0,2,360.6532569974661,41.40806896612048,,
monitor,0,11,49cd6149f02ec01ee03a6eb8287ab2df:81739d7eb99c:0:1,86024a4fa91c4b919c6bf7d14d030232d1b278e47a39c03efbe698cebb092a16,True,651.5880201477557,19,15618.32470703125,15810.0,2,361.73762008547783,41.45223693922162,,
monitor,0,12,49cd6149f02ec01ee03a6eb8287ab2df:81739d7eb99c:0:2,cf7957792cc42aad7f2f87beb1240027c78a84aebb3babafec5afeab6040dc38,True,633.6398648563772,18,15618.32470703125,15810.0,2,361.3441188354045,41.63849400356412,,
monitor,0,13,49cd6149f02ec01ee03a6eb8287ab2df:81739d7eb99c:0:3,e62c1d2a0e028a848bf11c6aee602c7b04b7c5d57080024b56092666b47f8121,True,701.530208112672,22,15618.32470703125,15810.0,2,361.3679490517825,41.564496932551265,,
monitor,0,14,49cd6149f02ec01ee03a6eb8287ab2df:81739d7eb99c:0:4,f9472589f3263b5d01f4798bd4b1db08a9f8d5bfd4a7de1f6a20d7afa4d2fc9d,True,616.0584299359471,17,15618.32470703125,15810.0,2,360.93693296425045,41.6927570477128,,
monitor,0,15,c6050fe51d3408b1eaef27e08e7f1956:1458b54ae2f6:0:0,0c2763434c50e20730f49847263ef9024806cb1a0560c523ed77737027dc7584,True,615.911218104884,17,15618.72802734375,15810.0,2,360.87912204675376,41.429867036640644,,
monitor,0,16,c6050fe51d3408b1eaef27e08e7f1956:1458b54ae2f6:0:1,664067171cd1bbc5ce837d235ed3ea23011690faf92d70710e11636621c1b115,True,838.2131338585168,30,15618.72802734375,15810.0,2,361.49312392808497,41.39450006186962,,
monitor,0,17,c6050fe51d3408b1eaef27e08e7f1956:1458b54ae2f6:0:2,c6b78a53ab1e086ea1b1d04c24bdf6d361a4c414a514fa6f179a43df6e2fb518,True,888.740009162575,33,15618.72802734375,15810.0,2,362.4702850356698,41.29242291674018,,
monitor,0,18,c6050fe51d3408b1eaef27e08e7f1956:1458b54ae2f6:0:3,76081f5fd3a7d2fecc5219b9f1a003927ab2f0a03cbcea2809aa13575b12704d,True,532.0240589790046,12,15618.72802734375,15810.0,2,361.3753190729767,41.79157316684723,,
monitor,0,19,c6050fe51d3408b1eaef27e08e7f1956:1458b54ae2f6:0:4,ad3a25be620e9e8363cf8b064f96e3948b2c3e9ae99d2778aa19fe9e3c58386a,True,941.2689511664212,36,15618.72802734375,15810.0,2,361.5086411591619,41.701587149873376,,
monitor,0,20,c6050fe51d3408b1eaef27e08e7f1956:e4e99a4d6532:0:0,0c2763434c50e20730f49847263ef9024806cb1a0560c523ed77737027dc7584,True,624.9310788698494,17,15618.72802734375,15810.0,2,369.39845606684685,41.25022399239242,,
monitor,0,21,c6050fe51d3408b1eaef27e08e7f1956:e4e99a4d6532:0:1,664067171cd1bbc5ce837d235ed3ea23011690faf92d70710e11636621c1b115,True,838.3711280766875,30,15618.72802734375,15810.0,2,361.13881110213697,41.73800302669406,,
monitor,0,22,c6050fe51d3408b1eaef27e08e7f1956:e4e99a4d6532:0:2,c6b78a53ab1e086ea1b1d04c24bdf6d361a4c414a514fa6f179a43df6e2fb518,True,887.876481981948,33,15618.72802734375,15810.0,2,360.4229809716344,41.06046399101615,,
monitor,0,23,c6050fe51d3408b1eaef27e08e7f1956:e4e99a4d6532:0:3,76081f5fd3a7d2fecc5219b9f1a003927ab2f0a03cbcea2809aa13575b12704d,True,532.7491550706327,12,15618.72802734375,15810.0,2,362.0290360413492,42.00393403880298,,
monitor,0,24,c6050fe51d3408b1eaef27e08e7f1956:e4e99a4d6532:0:4,ad3a25be620e9e8363cf8b064f96e3948b2c3e9ae99d2778aa19fe9e3c58386a,True,940.0440040044487,36,15618.72802734375,15810.0,2,361.05356994085014,41.638942901045084,,
monitor,0,25,bb98dd0bceac09d24db1ecb2af549a92:377f7f0dd150:0:0,c7fdec5fa5d5e1adf291637b9bb1fe8f118cbb3eb57af7ef76921e247600c9c6,True,652.1795860026032,19,15618.32470703125,15810.0,2,361.27406312152743,41.336140129715204,,
monitor,0,26,bb98dd0bceac09d24db1ecb2af549a92:377f7f0dd150:0:1,4af9997807defa232e553246d42901a0d746fdbefff91462d7ee0c1a91ca74e4,True,769.6825880557299,26,15618.32470703125,15810.0,2,360.768566140905,41.44839500077069,,
monitor,0,27,bb98dd0bceac09d24db1ecb2af549a92:377f7f0dd150:0:2,75d13c8ce97c12289f2430a015d1d7989bcb997955ebfd456b23a70f3283334e,True,735.1171320769936,24,15618.32470703125,15810.0,2,361.21747200377285,41.680971859022975,,
monitor,0,28,bb98dd0bceac09d24db1ecb2af549a92:377f7f0dd150:0:3,07076b19c18093e788139445acd32421179c80fb131abb5020ab511b244dfaf3,True,549.7495629824698,13,15618.32470703125,15810.0,2,361.63581698201597,41.63927584886551,,
monitor,0,29,bb98dd0bceac09d24db1ecb2af549a92:377f7f0dd150:0:4,07076b19c18093e788139445acd32421179c80fb131abb5020ab511b244dfaf3,True,548.4866891056299,13,15618.32470703125,15810.0,2,360.9916940331459,41.4827021304518,,
monitor,0,30,bb98dd0bceac09d24db1ecb2af549a92:2cf3a7a3a65c:0:0,c7fdec5fa5d5e1adf291637b9bb1fe8f118cbb3eb57af7ef76921e247600c9c6,True,650.4819560796022,19,15618.32470703125,15810.0,2,360.98161106929183,41.69920505955815,,
monitor,0,31,bb98dd0bceac09d24db1ecb2af549a92:2cf3a7a3a65c:0:1,4af9997807defa232e553246d42901a0d746fdbefff91462d7ee0c1a91ca74e4,True,769.6236160118133,26,15618.32470703125,15810.0,2,360.7360329478979,41.5994031354785,,
monitor,0,32,bb98dd0bceac09d24db1ecb2af549a92:2cf3a7a3a65c:0:2,75d13c8ce97c12289f2430a015d1d7989bcb997955ebfd456b23a70f3283334e,True,735.8550948556513,24,15618.32470703125,15810.0,2,360.91655190102756,41.30447097122669,,
monitor,0,33,bb98dd0bceac09d24db1ecb2af549a92:2cf3a7a3a65c:0:3,07076b19c18093e788139445acd32421179c80fb131abb5020ab511b244dfaf3,True,549.4197199586779,13,15618.32470703125,15810.0,2,361.0793568659574,41.40551993623376,,
monitor,0,34,bb98dd0bceac09d24db1ecb2af549a92:2cf3a7a3a65c:0:4,07076b19c18093e788139445acd32421179c80fb131abb5020ab511b244dfaf3,True,549.1525209508836,13,15618.32470703125,15810.0,2,360.8658239245415,41.40740493312478,,
monitor,0,35,b877dd782edba758ab429e3ee3de3329:97e16cc551e4:0:0,62517bae74e7259c57a7da56e4f54b797cf2a664727fb53fe05de2f3598ea92d,True,700.7582010701299,22,15618.39794921875,15810.0,2,361.0213228967041,41.26167297363281,,
monitor,0,36,b877dd782edba758ab429e3ee3de3329:97e16cc551e4:0:1,d84210bceb3038c1ed37c6ee7bc057db462ddedaa6823742af8a6d297cb431da,True,769.6214779280126,26,15618.39794921875,15810.0,2,361.84183205477893,42.15268208645284,,
monitor,0,37,b877dd782edba758ab429e3ee3de3329:97e16cc551e4:0:2,e2d8c9e2e95c4938f7be5f7610f5dd612f23c22b2461cafe849ff52d619824cd,True,767.7905950695276,26,15618.39794921875,15810.0,2,361.26468307338655,41.45301412791014,,
monitor,0,38,b877dd782edba758ab429e3ee3de3329:97e16cc551e4:0:3,94d4ffe585b52d02528404f4f0629286595977610fc216797666ffe14a17ed0c,True,632.6518871355802,18,15618.39794921875,15810.0,2,361.07962601818144,41.59232601523399,,
monitor,0,39,b877dd782edba758ab429e3ee3de3329:97e16cc551e4:0:4,aba8c2cf6367e2e8a95bb52794ddcb426d595fad022cf2d457da88045f881ed0,True,601.3351920992136,16,15618.39794921875,15810.0,2,361.687193159014,41.650672210380435,,
monitor,0,40,b877dd782edba758ab429e3ee3de3329:dd7f6c9e007d:0:0,62517bae74e7259c57a7da56e4f54b797cf2a664727fb53fe05de2f3598ea92d,True,701.8057550303638,22,15618.39794921875,15810.0,2,361.205164110288,41.53253906406462,,
monitor,0,41,b877dd782edba758ab429e3ee3de3329:dd7f6c9e007d:0:1,d84210bceb3038c1ed37c6ee7bc057db462ddedaa6823742af8a6d297cb431da,True,769.6747209411114,26,15618.39794921875,15810.0,2,361.0081998631358,41.595055954530835,,
monitor,0,42,b877dd782edba758ab429e3ee3de3329:dd7f6c9e007d:0:2,e2d8c9e2e95c4938f7be5f7610f5dd612f23c22b2461cafe849ff52d619824cd,True,767.6899251528084,26,15618.39794921875,15810.0,2,360.7067880220711,41.32658801972866,,
monitor,0,43,b877dd782edba758ab429e3ee3de3329:dd7f6c9e007d:0:3,94d4ffe585b52d02528404f4f0629286595977610fc216797666ffe14a17ed0c,True,634.0477268677205,18,15618.39794921875,15810.0,2,361.6680388804525,41.79136082530022,,
monitor,0,44,b877dd782edba758ab429e3ee3de3329:dd7f6c9e007d:0:4,aba8c2cf6367e2e8a95bb52794ddcb426d595fad022cf2d457da88045f881ed0,True,599.2203180212528,16,15618.39794921875,15810.0,2,361.72462394461036,41.286789113655686,,
monitor,0,45,4f59fbf51a0a5bfb4dc5af02cf294693:993dac5396a0:0:0,aa1f1fd8a9efcb963811de5e984dc16d83696aa7e913ba6980ace9aa76b7f7a3,True,632.5781899504364,18,15618.58154296875,15810.0,2,360.8823891263455,41.38349508866668,,
monitor,0,46,4f59fbf51a0a5bfb4dc5af02cf294693:993dac5396a0:0:1,bdcb900eea2a0e63a259e4fe2376f8cc3aec08e4611682d3f4ee038edca9d017,True,497.8849471081048,10,15618.58154296875,15810.0,2,360.84433598443866,41.539667872712016,,
monitor,0,47,4f59fbf51a0a5bfb4dc5af02cf294693:993dac5396a0:0:2,f3e746a5a573b9140378e527f40ef9a01e1da198199bb2597c74356d9befd366,True,769.3133880384266,26,15618.58154296875,15810.0,2,360.4679929558188,41.19028989225626,,
monitor,0,48,4f59fbf51a0a5bfb4dc5af02cf294693:993dac5396a0:0:3,f77a4c18118683cabf2ce423b4a1474e9a020c00dc184984ee227d2432eaaeca,True,769.604837987572,26,15618.58154296875,15810.0,2,360.9251470770687,41.59999103285372,,
monitor,0,49,4f59fbf51a0a5bfb4dc5af02cf294693:993dac5396a0:0:4,082a3f27a64a793001365f40fd7d76058660d5148036e68127b7775445e5f79a,True,497.4496827926487,10,15618.58154296875,15810.0,2,360.7357498258352,41.20514588430524,,
monitor,1,0,1a938d25604410ccd63b60285919eaec:c627e50da685:0:0,ad7432ad3647d5979a4c8f07ea59db904408a5ca59b44fc807019ff723c8fe9d,True,531.3466880470514,12,15618.58154296875,15810.0,2,360.75589805841446,41.245856089517474,,
monitor,1,1,1a938d25604410ccd63b60285919eaec:c627e50da685:0:1,ad7432ad3647d5979a4c8f07ea59db904408a5ca59b44fc807019ff723c8fe9d,True,530.6643571238965,12,15618.58154296875,15810.0,2,360.9070049133152,41.30526492372155,,
monitor,1,2,1a938d25604410ccd63b60285919eaec:c627e50da685:0:2,45b29a4f9a357408272a3d9ee292dd9f825df58412a294bc76edad70933ff8f3,True,553.2000940293074,12,15618.58154296875,15810.0,2,379.55163000151515,42.22170612774789,,
monitor,1,3,1a938d25604410ccd63b60285919eaec:c627e50da685:0:3,8f13312bc57593ae709f0e55a18489d480c2a86c8038ac06144174a3f51b5600,True,535.361137939617,12,15618.58154296875,15810.0,2,362.2437668964267,42.121333070099354,,
monitor,1,4,1a938d25604410ccd63b60285919eaec:c627e50da685:0:4,8f13312bc57593ae709f0e55a18489d480c2a86c8038ac06144174a3f51b5600,True,535.1818108465523,12,15618.58154296875,15810.0,2,361.6767048370093,42.06334985792637,,
monitor,1,5,49cd6149f02ec01ee03a6eb8287ab2df:f982e9dfaf25:0:0,dfa96710626dd8454b20bab58edadf81faa7374948fab10c0910e55037cea818,True,671.6158769559115,20,15618.32470703125,15810.0,2,361.33401887491345,41.83801799081266,,
monitor,1,6,49cd6149f02ec01ee03a6eb8287ab2df:f982e9dfaf25:0:1,86024a4fa91c4b919c6bf7d14d030232d1b278e47a39c03efbe698cebb092a16,True,653.8859819993377,19,15618.32470703125,15810.0,2,361.6699951235205,42.227903148159385,,
monitor,1,7,49cd6149f02ec01ee03a6eb8287ab2df:f982e9dfaf25:0:2,cf7957792cc42aad7f2f87beb1240027c78a84aebb3babafec5afeab6040dc38,True,636.3739029038697,18,15618.32470703125,15810.0,2,361.13589094020426,42.07894508726895,,
monitor,1,8,49cd6149f02ec01ee03a6eb8287ab2df:f982e9dfaf25:0:3,e62c1d2a0e028a848bf11c6aee602c7b04b7c5d57080024b56092666b47f8121,True,705.7885101530701,22,15618.32470703125,15810.0,2,361.6682421416044,41.78183595649898,,
monitor,1,9,49cd6149f02ec01ee03a6eb8287ab2df:f982e9dfaf25:0:4,f9472589f3263b5d01f4798bd4b1db08a9f8d5bfd4a7de1f6a20d7afa4d2fc9d,True,621.2079629767686,17,15618.32470703125,15810.0,2,362.7804371062666,42.3992951400578,,
monitor,1,10,49cd6149f02ec01ee03a6eb8287ab2df:81739d7eb99c:0:0,dfa96710626dd8454b20bab58edadf81faa7374948fab10c0910e55037cea818,True,673.4291310422122,20,15618.32470703125,15810.0,2,363.163836998865,42.734840884804726,,
monitor,1,11,49cd6149f02ec01ee03a6eb8287ab2df:81739d7eb99c:0:1,86024a4fa91c4b919c6bf7d14d030232d1b278e47a39c03efbe698cebb092a16,True,651.41238598153,19,15618.32470703125,15810.0,2,360.50737579353154,41.38754680752754,,
monitor,1,12,49cd6149f02ec01ee03a6eb8287ab2df:81739d7eb99c:0:2,cf7957792cc42aad7f2f87beb1240027c78a84aebb3babafec5afeab6040dc38,True,637.9941699560732,18,15618.32470703125,15810.0,2,361.6007030941546,41.897754184901714,,
monitor,1,13,49cd6149f02ec01ee03a6eb8287ab2df:81739d7eb99c:0:3,e62c1d2a0e028a848bf11c6aee602c7b04b7c5d57080024b56092666b47f8121,True,706.6395578440279,22,15618.32470703125,15810.0,2,361.94264981895685,42.13128983974457,,
monitor,1,14,49cd6149f02ec01ee03a6eb8287ab2df:81739d7eb99c:0:4,f9472589f3263b5d01f4798bd4b1db08a9f8d5bfd4a7de1f6a20d7afa4d2fc9d,True,620.976695092395,17,15618.32470703125,15810.0,2,361.41787096858025,41.79118177853525,,
monitor,1,15,c6050fe51d3408b1eaef27e08e7f1956:1458b54ae2f6:0:0,0c2763434c50e20730f49847263ef9024806cb1a0560c523ed77737027dc7584,True,618.2613889686763,17,15618.72802734375,15810.0,2,360.8299980405718,41.383967036381364,,
monitor,1,16,c6050fe51d3408b1eaef27e08e7f1956:1458b54ae2f6:0:1,664067171cd1bbc5ce837d235ed3ea23011690faf92d70710e11636621c1b115,True,845.0422999449074,30,15618.72802734375,15810.0,2,361.0195468645543,41.6100169532001,,
monitor,1,17,c6050fe51d3408b1eaef27e08e7f1956:1458b54ae2f6:0:2,c6b78a53ab1e086ea1b1d04c24bdf6d361a4c414a514fa6f179a43df6e2fb518,True,892.8938850294799,33,15618.72802734375,15810.0,2,361.2904101610184,41.84963018633425,,
monitor,1,18,c6050fe51d3408b1eaef27e08e7f1956:1458b54ae2f6:0:3,76081f5fd3a7d2fecc5219b9f1a003927ab2f0a03cbcea2809aa13575b12704d,True,532.2861101012677,12,15618.72802734375,15810.0,2,361.24177905730903,41.92770691588521,,
monitor,1,19,c6050fe51d3408b1eaef27e08e7f1956:1458b54ae2f6:0:4,ad3a25be620e9e8363cf8b064f96e3948b2c3e9ae99d2778aa19fe9e3c58386a,True,942.689104937017,36,15618.72802734375,15810.0,2,360.5907498858869,41.641199961304665,,
monitor,1,20,c6050fe51d3408b1eaef27e08e7f1956:e4e99a4d6532:0:0,0c2763434c50e20730f49847263ef9024806cb1a0560c523ed77737027dc7584,True,619.0383450593799,17,15618.72802734375,15810.0,2,361.9726800825447,41.87463317066431,,
monitor,1,21,c6050fe51d3408b1eaef27e08e7f1956:e4e99a4d6532:0:1,664067171cd1bbc5ce837d235ed3ea23011690faf92d70710e11636621c1b115,True,844.8032359592617,30,15618.72802734375,15810.0,2,361.7348310071975,41.86481307260692,,
monitor,1,22,c6050fe51d3408b1eaef27e08e7f1956:e4e99a4d6532:0:2,c6b78a53ab1e086ea1b1d04c24bdf6d361a4c414a514fa6f179a43df6e2fb518,True,891.9046551454812,33,15618.72802734375,15810.0,2,361.3893890287727,41.67499300092459,,
monitor,1,23,c6050fe51d3408b1eaef27e08e7f1956:e4e99a4d6532:0:3,76081f5fd3a7d2fecc5219b9f1a003927ab2f0a03cbcea2809aa13575b12704d,True,534.6600499469787,12,15618.72802734375,15810.0,2,362.013503909111,42.00341086834669,,
monitor,1,24,c6050fe51d3408b1eaef27e08e7f1956:e4e99a4d6532:0:4,ad3a25be620e9e8363cf8b064f96e3948b2c3e9ae99d2778aa19fe9e3c58386a,True,946.8208709731698,36,15618.72802734375,15810.0,2,361.7937071248889,42.174814036116004,,
monitor,1,25,bb98dd0bceac09d24db1ecb2af549a92:377f7f0dd150:0:0,c7fdec5fa5d5e1adf291637b9bb1fe8f118cbb3eb57af7ef76921e247600c9c6,True,653.4486948512495,19,15618.32470703125,15810.0,2,361.1237509176135,41.65407991968095,,
monitor,1,26,bb98dd0bceac09d24db1ecb2af549a92:377f7f0dd150:0:1,4af9997807defa232e553246d42901a0d746fdbefff91462d7ee0c1a91ca74e4,True,772.8847519028932,26,15618.32470703125,15810.0,2,360.59402395039797,41.60998808220029,,
monitor,1,27,bb98dd0bceac09d24db1ecb2af549a92:377f7f0dd150:0:2,75d13c8ce97c12289f2430a015d1d7989bcb997955ebfd456b23a70f3283334e,True,738.394932821393,24,15618.32470703125,15810.0,2,361.2428968772292,41.83897585608065,,
monitor,1,28,bb98dd0bceac09d24db1ecb2af549a92:377f7f0dd150:0:3,07076b19c18093e788139445acd32421179c80fb131abb5020ab511b244dfaf3,True,550.647582160309,13,15618.32470703125,15810.0,2,360.91931513510644,41.52480512857437,,
monitor,1,29,bb98dd0bceac09d24db1ecb2af549a92:377f7f0dd150:0:4,07076b19c18093e788139445acd32421179c80fb131abb5020ab511b244dfaf3,True,552.0330590661615,13,15618.32470703125,15810.0,2,361.1773510929197,41.81957198306918,,
monitor,1,30,bb98dd0bceac09d24db1ecb2af549a92:2cf3a7a3a65c:0:0,c7fdec5fa5d5e1adf291637b9bb1fe8f118cbb3eb57af7ef76921e247600c9c6,True,653.2685998827219,19,15618.32470703125,15810.0,2,361.31545482203364,41.647244011983275,,
monitor,1,31,bb98dd0bceac09d24db1ecb2af549a92:2cf3a7a3a65c:0:1,4af9997807defa232e553246d42901a0d746fdbefff91462d7ee0c1a91ca74e4,True,773.1697780545801,26,15618.32470703125,15810.0,2,361.66779790073633,42.2414040658623,,
monitor,1,32,bb98dd0bceac09d24db1ecb2af549a92:2cf3a7a3a65c:0:2,75d13c8ce97c12289f2430a015d1d7989bcb997955ebfd456b23a70f3283334e,True,737.3958809766918,24,15618.32470703125,15810.0,2,361.52091482654214,41.6420279070735,,
monitor,1,33,bb98dd0bceac09d24db1ecb2af549a92:2cf3a7a3a65c:0:3,07076b19c18093e788139445acd32421179c80fb131abb5020ab511b244dfaf3,True,549.1842939518392,13,15618.32470703125,15810.0,2,360.96394900232553,41.78229416720569,,
monitor,1,34,bb98dd0bceac09d24db1ecb2af549a92:2cf3a7a3a65c:0:4,07076b19c18093e788139445acd32421179c80fb131abb5020ab511b244dfaf3,True,551.5062930062413,13,15618.32470703125,15810.0,2,362.03226796351373,41.93589789792895,,
monitor,1,35,b877dd782edba758ab429e3ee3de3329:97e16cc551e4:0:0,62517bae74e7259c57a7da56e4f54b797cf2a664727fb53fe05de2f3598ea92d,True,705.960551975295,22,15618.39794921875,15810.0,2,361.6105290129781,42.10890387184918,,
monitor,1,36,b877dd782edba758ab429e3ee3de3329:97e16cc551e4:0:1,d84210bceb3038c1ed37c6ee7bc057db462ddedaa6823742af8a6d297cb431da,True,773.3595101162791,26,15618.39794921875,15810.0,2,361.55223194509745,41.88526188954711,,
monitor,1,37,b877dd782edba758ab429e3ee3de3329:97e16cc551e4:0:2,e2d8c9e2e95c4938f7be5f7610f5dd612f23c22b2461cafe849ff52d619824cd,True,771.5446350630373,26,15618.39794921875,15810.0,2,360.6989220716059,41.67400090955198,,
monitor,1,38,b877dd782edba758ab429e3ee3de3329:97e16cc551e4:0:3,94d4ffe585b52d02528404f4f0629286595977610fc216797666ffe14a17ed0c,True,635.8702639117837,18,15618.39794921875,15810.0,2,361.3100058864802,41.455070953816175,,
monitor,1,39,b877dd782edba758ab429e3ee3de3329:97e16cc551e4:0:4,aba8c2cf6367e2e8a95bb52794ddcb426d595fad022cf2d457da88045f881ed0,True,601.2610499747097,16,15618.39794921875,15810.0,2,360.8197378925979,41.36956203728914,,
monitor,1,40,b877dd782edba758ab429e3ee3de3329:dd7f6c9e007d:0:0,62517bae74e7259c57a7da56e4f54b797cf2a664727fb53fe05de2f3598ea92d,True,705.228463979438,22,15618.39794921875,15810.0,2,361.27254203893244,41.38528509065509,,
monitor,1,41,b877dd782edba758ab429e3ee3de3329:dd7f6c9e007d:0:1,d84210bceb3038c1ed37c6ee7bc057db462ddedaa6823742af8a6d297cb431da,True,774.0682028234005,26,15618.39794921875,15810.0,2,361.50946095585823,41.905597085133195,,
monitor,1,42,b877dd782edba758ab429e3ee3de3329:dd7f6c9e007d:0:2,e2d8c9e2e95c4938f7be5f7610f5dd612f23c22b2461cafe849ff52d619824cd,True,772.6502940058708,26,15618.39794921875,15810.0,2,362.06657695584,42.19689196906984,,
monitor,1,43,b877dd782edba758ab429e3ee3de3329:dd7f6c9e007d:0:3,94d4ffe585b52d02528404f4f0629286595977610fc216797666ffe14a17ed0c,True,635.4942158795893,18,15618.39794921875,15810.0,2,361.62326694466174,41.83629294857383,,
monitor,1,44,b877dd782edba758ab429e3ee3de3329:dd7f6c9e007d:0:4,aba8c2cf6367e2e8a95bb52794ddcb426d595fad022cf2d457da88045f881ed0,True,603.0500740744174,16,15618.39794921875,15810.0,2,361.26964911818504,41.77836002781987,,
monitor,1,45,4f59fbf51a0a5bfb4dc5af02cf294693:993dac5396a0:0:0,aa1f1fd8a9efcb963811de5e984dc16d83696aa7e913ba6980ace9aa76b7f7a3,True,637.8519739955664,18,15618.58154296875,15810.0,2,362.1167622040957,41.8682920280844,,
monitor,1,46,4f59fbf51a0a5bfb4dc5af02cf294693:993dac5396a0:0:1,bdcb900eea2a0e63a259e4fe2376f8cc3aec08e4611682d3f4ee038edca9d017,True,500.0556029845029,10,15618.58154296875,15810.0,2,361.4706168882549,41.877897921949625,,
monitor,1,47,4f59fbf51a0a5bfb4dc5af02cf294693:993dac5396a0:0:2,f3e746a5a573b9140378e527f40ef9a01e1da198199bb2597c74356d9befd366,True,775.8250220213085,26,15618.58154296875,15810.0,2,362.025119131431,42.316529201343656,,
monitor,1,48,4f59fbf51a0a5bfb4dc5af02cf294693:993dac5396a0:0:3,f77a4c18118683cabf2ce423b4a1474e9a020c00dc184984ee227d2432eaaeca,True,774.7128279879689,26,15618.58154296875,15810.0,2,362.0003641117364,41.797246085479856,,
monitor,1,49,4f59fbf51a0a5bfb4dc5af02cf294693:993dac5396a0:0:4,082a3f27a64a793001365f40fd7d76058660d5148036e68127b7775445e5f79a,True,500.1740369480103,10,15618.58154296875,15810.0,2,361.7584111634642,42.08783619105816,,
step_hook,0,0,1a938d25604410ccd63b60285919eaec:c627e50da685:0:0,ad7432ad3647d5979a4c8f07ea59db904408a5ca59b44fc807019ff723c8fe9d,True,531.5483149606735,12,15617.70556640625,15810.0,0,,,,
step_hook,0,1,1a938d25604410ccd63b60285919eaec:c627e50da685:0:1,ad7432ad3647d5979a4c8f07ea59db904408a5ca59b44fc807019ff723c8fe9d,True,531.1410950962454,12,15617.70556640625,15810.0,0,,,,
step_hook,0,2,1a938d25604410ccd63b60285919eaec:c627e50da685:0:2,45b29a4f9a357408272a3d9ee292dd9f825df58412a294bc76edad70933ff8f3,True,531.3722249120474,12,15617.70556640625,15810.0,0,,,,
step_hook,0,3,1a938d25604410ccd63b60285919eaec:c627e50da685:0:3,8f13312bc57593ae709f0e55a18489d480c2a86c8038ac06144174a3f51b5600,True,531.6771920770407,12,15617.70556640625,15810.0,0,,,,
step_hook,0,4,1a938d25604410ccd63b60285919eaec:c627e50da685:0:4,8f13312bc57593ae709f0e55a18489d480c2a86c8038ac06144174a3f51b5600,True,530.9581919573247,12,15617.70556640625,15810.0,0,,,,
step_hook,0,5,49cd6149f02ec01ee03a6eb8287ab2df:f982e9dfaf25:0:0,dfa96710626dd8454b20bab58edadf81faa7374948fab10c0910e55037cea818,True,667.5431909970939,20,15617.44873046875,15810.0,0,,,,
step_hook,0,6,49cd6149f02ec01ee03a6eb8287ab2df:f982e9dfaf25:0:1,86024a4fa91c4b919c6bf7d14d030232d1b278e47a39c03efbe698cebb092a16,True,651.6504939645529,19,15617.44873046875,15810.0,0,,,,
step_hook,0,7,49cd6149f02ec01ee03a6eb8287ab2df:f982e9dfaf25:0:2,cf7957792cc42aad7f2f87beb1240027c78a84aebb3babafec5afeab6040dc38,True,632.6605409849435,18,15617.44873046875,15810.0,0,,,,
step_hook,0,8,49cd6149f02ec01ee03a6eb8287ab2df:f982e9dfaf25:0:3,e62c1d2a0e028a848bf11c6aee602c7b04b7c5d57080024b56092666b47f8121,True,702.1880969405174,22,15617.44873046875,15810.0,0,,,,
step_hook,0,9,49cd6149f02ec01ee03a6eb8287ab2df:f982e9dfaf25:0:4,f9472589f3263b5d01f4798bd4b1db08a9f8d5bfd4a7de1f6a20d7afa4d2fc9d,True,615.39545096457,17,15617.44873046875,15810.0,0,,,,
step_hook,0,10,49cd6149f02ec01ee03a6eb8287ab2df:81739d7eb99c:0:0,dfa96710626dd8454b20bab58edadf81faa7374948fab10c0910e55037cea818,True,666.5931809693575,20,15617.44873046875,15810.0,0,,,,
step_hook,0,11,49cd6149f02ec01ee03a6eb8287ab2df:81739d7eb99c:0:1,86024a4fa91c4b919c6bf7d14d030232d1b278e47a39c03efbe698cebb092a16,True,651.4790309593081,19,15617.44873046875,15810.0,0,,,,
step_hook,0,12,49cd6149f02ec01ee03a6eb8287ab2df:81739d7eb99c:0:2,cf7957792cc42aad7f2f87beb1240027c78a84aebb3babafec5afeab6040dc38,True,632.8365358058363,18,15617.44873046875,15810.0,0,,,,
step_hook,0,13,49cd6149f02ec01ee03a6eb8287ab2df:81739d7eb99c:0:3,e62c1d2a0e028a848bf11c6aee602c7b04b7c5d57080024b56092666b47f8121,True,702.7461118996143,22,15617.44873046875,15810.0,0,,,,
step_hook,0,14,49cd6149f02ec01ee03a6eb8287ab2df:81739d7eb99c:0:4,f9472589f3263b5d01f4798bd4b1db08a9f8d5bfd4a7de1f6a20d7afa4d2fc9d,True,616.7459308635443,17,15617.44873046875,15810.0,0,,,,
step_hook,0,15,c6050fe51d3408b1eaef27e08e7f1956:1458b54ae2f6:0:0,0c2763434c50e20730f49847263ef9024806cb1a0560c523ed77737027dc7584,True,617.290882859379,17,15617.85205078125,15810.0,0,,,,
step_hook,0,16,c6050fe51d3408b1eaef27e08e7f1956:1458b54ae2f6:0:1,664067171cd1bbc5ce837d235ed3ea23011690faf92d70710e11636621c1b115,True,838.8727891724557,30,15617.85205078125,15810.0,0,,,,
step_hook,0,17,c6050fe51d3408b1eaef27e08e7f1956:1458b54ae2f6:0:2,c6b78a53ab1e086ea1b1d04c24bdf6d361a4c414a514fa6f179a43df6e2fb518,True,888.3164250291884,33,15617.85205078125,15810.0,0,,,,
step_hook,0,18,c6050fe51d3408b1eaef27e08e7f1956:1458b54ae2f6:0:3,76081f5fd3a7d2fecc5219b9f1a003927ab2f0a03cbcea2809aa13575b12704d,True,531.4022698439658,12,15617.85205078125,15810.0,0,,,,
step_hook,0,19,c6050fe51d3408b1eaef27e08e7f1956:1458b54ae2f6:0:4,ad3a25be620e9e8363cf8b064f96e3948b2c3e9ae99d2778aa19fe9e3c58386a,True,941.370451124385,36,15617.85205078125,15810.0,0,,,,
step_hook,0,20,c6050fe51d3408b1eaef27e08e7f1956:e4e99a4d6532:0:0,0c2763434c50e20730f49847263ef9024806cb1a0560c523ed77737027dc7584,True,615.713985869661,17,15617.85205078125,15810.0,0,,,,
step_hook,0,21,c6050fe51d3408b1eaef27e08e7f1956:e4e99a4d6532:0:1,664067171cd1bbc5ce837d235ed3ea23011690faf92d70710e11636621c1b115,True,837.1703079901636,30,15617.85205078125,15810.0,0,,,,
step_hook,0,22,c6050fe51d3408b1eaef27e08e7f1956:e4e99a4d6532:0:2,c6b78a53ab1e086ea1b1d04c24bdf6d361a4c414a514fa6f179a43df6e2fb518,True,889.7381629794836,33,15617.85205078125,15810.0,0,,,,
step_hook,0,23,c6050fe51d3408b1eaef27e08e7f1956:e4e99a4d6532:0:3,76081f5fd3a7d2fecc5219b9f1a003927ab2f0a03cbcea2809aa13575b12704d,True,532.3165270965546,12,15617.85205078125,15810.0,0,,,,
step_hook,0,24,c6050fe51d3408b1eaef27e08e7f1956:e4e99a4d6532:0:4,ad3a25be620e9e8363cf8b064f96e3948b2c3e9ae99d2778aa19fe9e3c58386a,True,940.3477481100708,36,15617.85205078125,15810.0,0,,,,
step_hook,0,25,bb98dd0bceac09d24db1ecb2af549a92:377f7f0dd150:0:0,c7fdec5fa5d5e1adf291637b9bb1fe8f118cbb3eb57af7ef76921e247600c9c6,True,649.9234209768474,19,15617.44873046875,15810.0,0,,,,
step_hook,0,26,bb98dd0bceac09d24db1ecb2af549a92:377f7f0dd150:0:1,4af9997807defa232e553246d42901a0d746fdbefff91462d7ee0c1a91ca74e4,True,770.1883488334715,26,15617.44873046875,15810.0,0,,,,
step_hook,0,27,bb98dd0bceac09d24db1ecb2af549a92:377f7f0dd150:0:2,75d13c8ce97c12289f2430a015d1d7989bcb997955ebfd456b23a70f3283334e,True,734.7440710291266,24,15617.44873046875,15810.0,0,,,,
step_hook,0,28,bb98dd0bceac09d24db1ecb2af549a92:377f7f0dd150:0:3,07076b19c18093e788139445acd32421179c80fb131abb5020ab511b244dfaf3,True,548.2894107699394,13,15617.44873046875,15810.0,0,,,,
step_hook,0,29,bb98dd0bceac09d24db1ecb2af549a92:377f7f0dd150:0:4,07076b19c18093e788139445acd32421179c80fb131abb5020ab511b244dfaf3,True,548.6064760480076,13,15617.44873046875,15810.0,0,,,,
step_hook,0,30,bb98dd0bceac09d24db1ecb2af549a92:2cf3a7a3a65c:0:0,c7fdec5fa5d5e1adf291637b9bb1fe8f118cbb3eb57af7ef76921e247600c9c6,True,649.0371159743518,19,15617.44873046875,15810.0,0,,,,
step_hook,0,31,bb98dd0bceac09d24db1ecb2af549a92:2cf3a7a3a65c:0:1,4af9997807defa232e553246d42901a0d746fdbefff91462d7ee0c1a91ca74e4,True,768.6461680568755,26,15617.44873046875,15810.0,0,,,,
step_hook,0,32,bb98dd0bceac09d24db1ecb2af549a92:2cf3a7a3a65c:0:2,75d13c8ce97c12289f2430a015d1d7989bcb997955ebfd456b23a70f3283334e,True,736.1734530422837,24,15617.44873046875,15810.0,0,,,,
step_hook,0,33,bb98dd0bceac09d24db1ecb2af549a92:2cf3a7a3a65c:0:3,07076b19c18093e788139445acd32421179c80fb131abb5020ab511b244dfaf3,True,548.87500195764,13,15617.44873046875,15810.0,0,,,,
step_hook,0,34,bb98dd0bceac09d24db1ecb2af549a92:2cf3a7a3a65c:0:4,07076b19c18093e788139445acd32421179c80fb131abb5020ab511b244dfaf3,True,549.031076952815,13,15617.44873046875,15810.0,0,,,,
step_hook,0,35,b877dd782edba758ab429e3ee3de3329:97e16cc551e4:0:0,62517bae74e7259c57a7da56e4f54b797cf2a664727fb53fe05de2f3598ea92d,True,700.2308401279151,22,15617.52197265625,15810.0,0,,,,
step_hook,0,36,b877dd782edba758ab429e3ee3de3329:97e16cc551e4:0:1,d84210bceb3038c1ed37c6ee7bc057db462ddedaa6823742af8a6d297cb431da,True,769.7935439646244,26,15617.52197265625,15810.0,0,,,,
step_hook,0,37,b877dd782edba758ab429e3ee3de3329:97e16cc551e4:0:2,e2d8c9e2e95c4938f7be5f7610f5dd612f23c22b2461cafe849ff52d619824cd,True,771.1953918915242,26,15617.52197265625,15810.0,0,,,,
step_hook,0,38,b877dd782edba758ab429e3ee3de3329:97e16cc551e4:0:3,94d4ffe585b52d02528404f4f0629286595977610fc216797666ffe14a17ed0c,True,633.7099908851087,18,15617.52197265625,15810.0,0,,,,
step_hook,0,39,b877dd782edba758ab429e3ee3de3329:97e16cc551e4:0:4,aba8c2cf6367e2e8a95bb52794ddcb426d595fad022cf2d457da88045f881ed0,True,598.1834549456835,16,15617.52197265625,15810.0,0,,,,
step_hook,0,40,b877dd782edba758ab429e3ee3de3329:dd7f6c9e007d:0:0,62517bae74e7259c57a7da56e4f54b797cf2a664727fb53fe05de2f3598ea92d,True,700.9491620119661,22,15617.52197265625,15810.0,0,,,,
step_hook,0,41,b877dd782edba758ab429e3ee3de3329:dd7f6c9e007d:0:1,d84210bceb3038c1ed37c6ee7bc057db462ddedaa6823742af8a6d297cb431da,True,776.8675610423088,26,15617.52197265625,15810.0,0,,,,
step_hook,0,42,b877dd782edba758ab429e3ee3de3329:dd7f6c9e007d:0:2,e2d8c9e2e95c4938f7be5f7610f5dd612f23c22b2461cafe849ff52d619824cd,True,770.2743920963258,26,15617.52197265625,15810.0,0,,,,
step_hook,0,43,b877dd782edba758ab429e3ee3de3329:dd7f6c9e007d:0:3,94d4ffe585b52d02528404f4f0629286595977610fc216797666ffe14a17ed0c,True,633.9609411079437,18,15617.52197265625,15810.0,0,,,,
step_hook,0,44,b877dd782edba758ab429e3ee3de3329:dd7f6c9e007d:0:4,aba8c2cf6367e2e8a95bb52794ddcb426d595fad022cf2d457da88045f881ed0,True,598.607145017013,16,15617.52197265625,15810.0,0,,,,
step_hook,0,45,4f59fbf51a0a5bfb4dc5af02cf294693:993dac5396a0:0:0,aa1f1fd8a9efcb963811de5e984dc16d83696aa7e913ba6980ace9aa76b7f7a3,True,634.2129909899086,18,15617.70556640625,15810.0,0,,,,
step_hook,0,46,4f59fbf51a0a5bfb4dc5af02cf294693:993dac5396a0:0:1,bdcb900eea2a0e63a259e4fe2376f8cc3aec08e4611682d3f4ee038edca9d017,True,496.94665404967964,10,15617.70556640625,15810.0,0,,,,
step_hook,0,47,4f59fbf51a0a5bfb4dc5af02cf294693:993dac5396a0:0:2,f3e746a5a573b9140378e527f40ef9a01e1da198199bb2597c74356d9befd366,True,770.2537621371448,26,15617.70556640625,15810.0,0,,,,
step_hook,0,48,4f59fbf51a0a5bfb4dc5af02cf294693:993dac5396a0:0:3,f77a4c18118683cabf2ce423b4a1474e9a020c00dc184984ee227d2432eaaeca,True,769.9683180544525,26,15617.70556640625,15810.0,0,,,,
step_hook,0,49,4f59fbf51a0a5bfb4dc5af02cf294693:993dac5396a0:0:4,082a3f27a64a793001365f40fd7d76058660d5148036e68127b7775445e5f79a,True,498.3242410235107,10,15617.70556640625,15810.0,0,,,,
step_hook,1,0,1a938d25604410ccd63b60285919eaec:c627e50da685:0:0,ad7432ad3647d5979a4c8f07ea59db904408a5ca59b44fc807019ff723c8fe9d,True,531.3467669766396,12,15617.70556640625,15810.0,0,,,,
step_hook,1,1,1a938d25604410ccd63b60285919eaec:c627e50da685:0:1,ad7432ad3647d5979a4c8f07ea59db904408a5ca59b44fc807019ff723c8fe9d,True,531.2796260695904,12,15617.70556640625,15810.0,0,,,,
step_hook,1,2,1a938d25604410ccd63b60285919eaec:c627e50da685:0:2,45b29a4f9a357408272a3d9ee292dd9f825df58412a294bc76edad70933ff8f3,True,532.0931258611381,12,15617.70556640625,15810.0,0,,,,
step_hook,1,3,1a938d25604410ccd63b60285919eaec:c627e50da685:0:3,8f13312bc57593ae709f0e55a18489d480c2a86c8038ac06144174a3f51b5600,True,531.4140899572521,12,15617.70556640625,15810.0,0,,,,
step_hook,1,4,1a938d25604410ccd63b60285919eaec:c627e50da685:0:4,8f13312bc57593ae709f0e55a18489d480c2a86c8038ac06144174a3f51b5600,True,531.593888066709,12,15617.70556640625,15810.0,0,,,,
step_hook,1,5,49cd6149f02ec01ee03a6eb8287ab2df:f982e9dfaf25:0:0,dfa96710626dd8454b20bab58edadf81faa7374948fab10c0910e55037cea818,True,669.4712019525468,20,15617.44873046875,15810.0,0,,,,
step_hook,1,6,49cd6149f02ec01ee03a6eb8287ab2df:f982e9dfaf25:0:1,86024a4fa91c4b919c6bf7d14d030232d1b278e47a39c03efbe698cebb092a16,True,648.2554129324853,19,15617.44873046875,15810.0,0,,,,
step_hook,1,7,49cd6149f02ec01ee03a6eb8287ab2df:f982e9dfaf25:0:2,cf7957792cc42aad7f2f87beb1240027c78a84aebb3babafec5afeab6040dc38,True,632.682119961828,18,15617.44873046875,15810.0,0,,,,
step_hook,1,8,49cd6149f02ec01ee03a6eb8287ab2df:f982e9dfaf25:0:3,e62c1d2a0e028a848bf11c6aee602c7b04b7c5d57080024b56092666b47f8121,True,701.5960400458425,22,15617.44873046875,15810.0,0,,,,
step_hook,1,9,49cd6149f02ec01ee03a6eb8287ab2df:f982e9dfaf25:0:4,f9472589f3263b5d01f4798bd4b1db08a9f8d5bfd4a7de1f6a20d7afa4d2fc9d,True,616.5126331616193,17,15617.44873046875,15810.0,0,,,,
step_hook,1,10,49cd6149f02ec01ee03a6eb8287ab2df:81739d7eb99c:0:0,dfa96710626dd8454b20bab58edadf81faa7374948fab10c0910e55037cea818,True,666.4261440746486,20,15617.44873046875,15810.0,0,,,,
step_hook,1,11,49cd6149f02ec01ee03a6eb8287ab2df:81739d7eb99c:0:1,86024a4fa91c4b919c6bf7d14d030232d1b278e47a39c03efbe698cebb092a16,True,652.0720231346786,19,15617.44873046875,15810.0,0,,,,
step_hook,1,12,49cd6149f02ec01ee03a6eb8287ab2df:81739d7eb99c:0:2,cf7957792cc42aad7f2f87beb1240027c78a84aebb3babafec5afeab6040dc38,True,633.7986690923572,18,15617.44873046875,15810.0,0,,,,
step_hook,1,13,49cd6149f02ec01ee03a6eb8287ab2df:81739d7eb99c:0:3,e62c1d2a0e028a848bf11c6aee602c7b04b7c5d57080024b56092666b47f8121,True,700.9262200444937,22,15617.44873046875,15810.0,0,,,,
step_hook,1,14,49cd6149f02ec01ee03a6eb8287ab2df:81739d7eb99c:0:4,f9472589f3263b5d01f4798bd4b1db08a9f8d5bfd4a7de1f6a20d7afa4d2fc9d,True,617.2545140143484,17,15617.44873046875,15810.0,0,,,,
step_hook,1,15,c6050fe51d3408b1eaef27e08e7f1956:1458b54ae2f6:0:0,0c2763434c50e20730f49847263ef9024806cb1a0560c523ed77737027dc7584,True,615.6631791964173,17,15617.85205078125,15810.0,0,,,,
step_hook,1,16,c6050fe51d3408b1eaef27e08e7f1956:1458b54ae2f6:0:1,664067171cd1bbc5ce837d235ed3ea23011690faf92d70710e11636621c1b115,True,838.0430031102151,30,15617.85205078125,15810.0,0,,,,
step_hook,1,17,c6050fe51d3408b1eaef27e08e7f1956:1458b54ae2f6:0:2,c6b78a53ab1e086ea1b1d04c24bdf6d361a4c414a514fa6f179a43df6e2fb518,True,889.7268150467426,33,15617.85205078125,15810.0,0,,,,
step_hook,1,18,c6050fe51d3408b1eaef27e08e7f1956:1458b54ae2f6:0:3,76081f5fd3a7d2fecc5219b9f1a003927ab2f0a03cbcea2809aa13575b12704d,True,532.5140790082514,12,15617.85205078125,15810.0,0,,,,
step_hook,1,19,c6050fe51d3408b1eaef27e08e7f1956:1458b54ae2f6:0:4,ad3a25be620e9e8363cf8b064f96e3948b2c3e9ae99d2778aa19fe9e3c58386a,True,941.1119078285992,36,15617.85205078125,15810.0,0,,,,
step_hook,1,20,c6050fe51d3408b1eaef27e08e7f1956:e4e99a4d6532:0:0,0c2763434c50e20730f49847263ef9024806cb1a0560c523ed77737027dc7584,True,616.6818130295724,17,15617.85205078125,15810.0,0,,,,
step_hook,1,21,c6050fe51d3408b1eaef27e08e7f1956:e4e99a4d6532:0:1,664067171cd1bbc5ce837d235ed3ea23011690faf92d70710e11636621c1b115,True,839.0851218719035,30,15617.85205078125,15810.0,0,,,,
step_hook,1,22,c6050fe51d3408b1eaef27e08e7f1956:e4e99a4d6532:0:2,c6b78a53ab1e086ea1b1d04c24bdf6d361a4c414a514fa6f179a43df6e2fb518,True,888.927886961028,33,15617.85205078125,15810.0,0,,,,
step_hook,1,23,c6050fe51d3408b1eaef27e08e7f1956:e4e99a4d6532:0:3,76081f5fd3a7d2fecc5219b9f1a003927ab2f0a03cbcea2809aa13575b12704d,True,531.2262249644846,12,15617.85205078125,15810.0,0,,,,
step_hook,1,24,c6050fe51d3408b1eaef27e08e7f1956:e4e99a4d6532:0:4,ad3a25be620e9e8363cf8b064f96e3948b2c3e9ae99d2778aa19fe9e3c58386a,True,940.689031034708,36,15617.85205078125,15810.0,0,,,,
step_hook,1,25,bb98dd0bceac09d24db1ecb2af549a92:377f7f0dd150:0:0,c7fdec5fa5d5e1adf291637b9bb1fe8f118cbb3eb57af7ef76921e247600c9c6,True,652.0195051562041,19,15617.44873046875,15810.0,0,,,,
step_hook,1,26,bb98dd0bceac09d24db1ecb2af549a92:377f7f0dd150:0:1,4af9997807defa232e553246d42901a0d746fdbefff91462d7ee0c1a91ca74e4,True,769.3022179882973,26,15617.44873046875,15810.0,0,,,,
step_hook,1,27,bb98dd0bceac09d24db1ecb2af549a92:377f7f0dd150:0:2,75d13c8ce97c12289f2430a015d1d7989bcb997955ebfd456b23a70f3283334e,True,735.7995568308979,24,15617.44873046875,15810.0,0,,,,
step_hook,1,28,bb98dd0bceac09d24db1ecb2af549a92:377f7f0dd150:0:3,07076b19c18093e788139445acd32421179c80fb131abb5020ab511b244dfaf3,True,548.3835099730641,13,15617.44873046875,15810.0,0,,,,
step_hook,1,29,bb98dd0bceac09d24db1ecb2af549a92:377f7f0dd150:0:4,07076b19c18093e788139445acd32421179c80fb131abb5020ab511b244dfaf3,True,557.2851379401982,13,15617.44873046875,15810.0,0,,,,
step_hook,1,30,bb98dd0bceac09d24db1ecb2af549a92:2cf3a7a3a65c:0:0,c7fdec5fa5d5e1adf291637b9bb1fe8f118cbb3eb57af7ef76921e247600c9c6,True,654.7578510362655,19,15617.44873046875,15810.0,0,,,,
step_hook,1,31,bb98dd0bceac09d24db1ecb2af549a92:2cf3a7a3a65c:0:1,4af9997807defa232e553246d42901a0d746fdbefff91462d7ee0c1a91ca74e4,True,769.1115629859269,26,15617.44873046875,15810.0,0,,,,
step_hook,1,32,bb98dd0bceac09d24db1ecb2af549a92:2cf3a7a3a65c:0:2,75d13c8ce97c12289f2430a015d1d7989bcb997955ebfd456b23a70f3283334e,True,733.5837921127677,24,15617.44873046875,15810.0,0,,,,
step_hook,1,33,bb98dd0bceac09d24db1ecb2af549a92:2cf3a7a3a65c:0:3,07076b19c18093e788139445acd32421179c80fb131abb5020ab511b244dfaf3,True,549.635173054412,13,15617.44873046875,15810.0,0,,,,
step_hook,1,34,bb98dd0bceac09d24db1ecb2af549a92:2cf3a7a3a65c:0:4,07076b19c18093e788139445acd32421179c80fb131abb5020ab511b244dfaf3,True,548.2394150458276,13,15617.44873046875,15810.0,0,,,,
step_hook,1,35,b877dd782edba758ab429e3ee3de3329:97e16cc551e4:0:0,62517bae74e7259c57a7da56e4f54b797cf2a664727fb53fe05de2f3598ea92d,True,703.0846769921482,22,15617.52197265625,15810.0,0,,,,
step_hook,1,36,b877dd782edba758ab429e3ee3de3329:97e16cc551e4:0:1,d84210bceb3038c1ed37c6ee7bc057db462ddedaa6823742af8a6d297cb431da,True,770.939142908901,26,15617.52197265625,15810.0,0,,,,
step_hook,1,37,b877dd782edba758ab429e3ee3de3329:97e16cc551e4:0:2,e2d8c9e2e95c4938f7be5f7610f5dd612f23c22b2461cafe849ff52d619824cd,True,769.0097391605377,26,15617.52197265625,15810.0,0,,,,
step_hook,1,38,b877dd782edba758ab429e3ee3de3329:97e16cc551e4:0:3,94d4ffe585b52d02528404f4f0629286595977610fc216797666ffe14a17ed0c,True,634.3222609721124,18,15617.52197265625,15810.0,0,,,,
step_hook,1,39,b877dd782edba758ab429e3ee3de3329:97e16cc551e4:0:4,aba8c2cf6367e2e8a95bb52794ddcb426d595fad022cf2d457da88045f881ed0,True,600.3827259410173,16,15617.52197265625,15810.0,0,,,,
step_hook,1,40,b877dd782edba758ab429e3ee3de3329:dd7f6c9e007d:0:0,62517bae74e7259c57a7da56e4f54b797cf2a664727fb53fe05de2f3598ea92d,True,702.1620790474117,22,15617.52197265625,15810.0,0,,,,
step_hook,1,41,b877dd782edba758ab429e3ee3de3329:dd7f6c9e007d:0:1,d84210bceb3038c1ed37c6ee7bc057db462ddedaa6823742af8a6d297cb431da,True,770.04787302576,26,15617.52197265625,15810.0,0,,,,
step_hook,1,42,b877dd782edba758ab429e3ee3de3329:dd7f6c9e007d:0:2,e2d8c9e2e95c4938f7be5f7610f5dd612f23c22b2461cafe849ff52d619824cd,True,770.0544209219515,26,15617.52197265625,15810.0,0,,,,
step_hook,1,43,b877dd782edba758ab429e3ee3de3329:dd7f6c9e007d:0:3,94d4ffe585b52d02528404f4f0629286595977610fc216797666ffe14a17ed0c,True,632.6939989812672,18,15617.52197265625,15810.0,0,,,,
step_hook,1,44,b877dd782edba758ab429e3ee3de3329:dd7f6c9e007d:0:4,aba8c2cf6367e2e8a95bb52794ddcb426d595fad022cf2d457da88045f881ed0,True,598.5665479674935,16,15617.52197265625,15810.0,0,,,,
step_hook,1,45,4f59fbf51a0a5bfb4dc5af02cf294693:993dac5396a0:0:0,aa1f1fd8a9efcb963811de5e984dc16d83696aa7e913ba6980ace9aa76b7f7a3,True,634.2131299898028,18,15617.70556640625,15810.0,0,,,,
step_hook,1,46,4f59fbf51a0a5bfb4dc5af02cf294693:993dac5396a0:0:1,bdcb900eea2a0e63a259e4fe2376f8cc3aec08e4611682d3f4ee038edca9d017,True,496.8465310521424,10,15617.70556640625,15810.0,0,,,,
step_hook,1,47,4f59fbf51a0a5bfb4dc5af02cf294693:993dac5396a0:0:2,f3e746a5a573b9140378e527f40ef9a01e1da198199bb2597c74356d9befd366,True,768.5106710996479,26,15617.70556640625,15810.0,0,,,,
step_hook,1,48,4f59fbf51a0a5bfb4dc5af02cf294693:993dac5396a0:0:3,f77a4c18118683cabf2ce423b4a1474e9a020c00dc184984ee227d2432eaaeca,True,773.282895796001,26,15617.70556640625,15810.0,0,,,,
step_hook,1,49,4f59fbf51a0a5bfb4dc5af02cf294693:993dac5396a0:0:4,082a3f27a64a793001365f40fd7d76058660d5148036e68127b7775445e5f79a,True,495.48796098679304,10,15617.70556640625,15810.0,0,,,,
vanilla,0,0,1a938d25604410ccd63b60285919eaec:c627e50da685:0:0,ad7432ad3647d5979a4c8f07ea59db904408a5ca59b44fc807019ff723c8fe9d,True,528.4125290345401,12,15617.70556640625,15810.0,,,,,
vanilla,0,1,1a938d25604410ccd63b60285919eaec:c627e50da685:0:1,ad7432ad3647d5979a4c8f07ea59db904408a5ca59b44fc807019ff723c8fe9d,True,526.6182878986001,12,15617.70556640625,15810.0,,,,,
vanilla,0,2,1a938d25604410ccd63b60285919eaec:c627e50da685:0:2,45b29a4f9a357408272a3d9ee292dd9f825df58412a294bc76edad70933ff8f3,True,527.914514997974,12,15617.70556640625,15810.0,,,,,
vanilla,0,3,1a938d25604410ccd63b60285919eaec:c627e50da685:0:3,8f13312bc57593ae709f0e55a18489d480c2a86c8038ac06144174a3f51b5600,True,537.6282178331167,12,15617.70556640625,15810.0,,,,,
vanilla,0,4,1a938d25604410ccd63b60285919eaec:c627e50da685:0:4,8f13312bc57593ae709f0e55a18489d480c2a86c8038ac06144174a3f51b5600,True,528.984387172386,12,15617.70556640625,15810.0,,,,,
vanilla,0,5,49cd6149f02ec01ee03a6eb8287ab2df:f982e9dfaf25:0:0,dfa96710626dd8454b20bab58edadf81faa7374948fab10c0910e55037cea818,True,662.2367931995541,20,15617.44873046875,15810.0,,,,,
vanilla,0,6,49cd6149f02ec01ee03a6eb8287ab2df:f982e9dfaf25:0:1,86024a4fa91c4b919c6bf7d14d030232d1b278e47a39c03efbe698cebb092a16,True,645.5135908909142,19,15617.44873046875,15810.0,,,,,
vanilla,0,7,49cd6149f02ec01ee03a6eb8287ab2df:f982e9dfaf25:0:2,cf7957792cc42aad7f2f87beb1240027c78a84aebb3babafec5afeab6040dc38,True,629.3823609594256,18,15617.44873046875,15810.0,,,,,
vanilla,0,8,49cd6149f02ec01ee03a6eb8287ab2df:f982e9dfaf25:0:3,e62c1d2a0e028a848bf11c6aee602c7b04b7c5d57080024b56092666b47f8121,True,697.4464559461921,22,15617.44873046875,15810.0,,,,,
vanilla,0,9,49cd6149f02ec01ee03a6eb8287ab2df:f982e9dfaf25:0:4,f9472589f3263b5d01f4798bd4b1db08a9f8d5bfd4a7de1f6a20d7afa4d2fc9d,True,612.7969629596919,17,15617.44873046875,15810.0,,,,,
vanilla,0,10,49cd6149f02ec01ee03a6eb8287ab2df:81739d7eb99c:0:0,dfa96710626dd8454b20bab58edadf81faa7374948fab10c0910e55037cea818,True,663.6083759367466,20,15617.44873046875,15810.0,,,,,
vanilla,0,11,49cd6149f02ec01ee03a6eb8287ab2df:81739d7eb99c:0:1,86024a4fa91c4b919c6bf7d14d030232d1b278e47a39c03efbe698cebb092a16,True,646.2367239873856,19,15617.44873046875,15810.0,,,,,
vanilla,0,12,49cd6149f02ec01ee03a6eb8287ab2df:81739d7eb99c:0:2,cf7957792cc42aad7f2f87beb1240027c78a84aebb3babafec5afeab6040dc38,True,629.0870250668377,18,15617.44873046875,15810.0,,,,,
vanilla,0,13,49cd6149f02ec01ee03a6eb8287ab2df:81739d7eb99c:0:3,e62c1d2a0e028a848bf11c6aee602c7b04b7c5d57080024b56092666b47f8121,True,697.5341311190277,22,15617.44873046875,15810.0,,,,,
vanilla,0,14,49cd6149f02ec01ee03a6eb8287ab2df:81739d7eb99c:0:4,f9472589f3263b5d01f4798bd4b1db08a9f8d5bfd4a7de1f6a20d7afa4d2fc9d,True,612.1996941510588,17,15617.44873046875,15810.0,,,,,
vanilla,0,15,c6050fe51d3408b1eaef27e08e7f1956:1458b54ae2f6:0:0,0c2763434c50e20730f49847263ef9024806cb1a0560c523ed77737027dc7584,True,612.560017965734,17,15617.85205078125,15810.0,,,,,
vanilla,0,16,c6050fe51d3408b1eaef27e08e7f1956:1458b54ae2f6:0:1,664067171cd1bbc5ce837d235ed3ea23011690faf92d70710e11636621c1b115,True,831.341405864805,30,15617.85205078125,15810.0,,,,,
vanilla,0,17,c6050fe51d3408b1eaef27e08e7f1956:1458b54ae2f6:0:2,c6b78a53ab1e086ea1b1d04c24bdf6d361a4c414a514fa6f179a43df6e2fb518,True,880.3669239860028,33,15617.85205078125,15810.0,,,,,
vanilla,0,18,c6050fe51d3408b1eaef27e08e7f1956:1458b54ae2f6:0:3,76081f5fd3a7d2fecc5219b9f1a003927ab2f0a03cbcea2809aa13575b12704d,True,527.7724959887564,12,15617.85205078125,15810.0,,,,,
vanilla,0,19,c6050fe51d3408b1eaef27e08e7f1956:1458b54ae2f6:0:4,ad3a25be620e9e8363cf8b064f96e3948b2c3e9ae99d2778aa19fe9e3c58386a,True,931.7232919856906,36,15617.85205078125,15810.0,,,,,
vanilla,0,20,c6050fe51d3408b1eaef27e08e7f1956:e4e99a4d6532:0:0,0c2763434c50e20730f49847263ef9024806cb1a0560c523ed77737027dc7584,True,612.9227972123772,17,15617.85205078125,15810.0,,,,,
vanilla,0,21,c6050fe51d3408b1eaef27e08e7f1956:e4e99a4d6532:0:1,664067171cd1bbc5ce837d235ed3ea23011690faf92d70710e11636621c1b115,True,830.4034869652241,30,15617.85205078125,15810.0,,,,,
vanilla,0,22,c6050fe51d3408b1eaef27e08e7f1956:e4e99a4d6532:0:2,c6b78a53ab1e086ea1b1d04c24bdf6d361a4c414a514fa6f179a43df6e2fb518,True,881.6976218950003,33,15617.85205078125,15810.0,,,,,
vanilla,0,23,c6050fe51d3408b1eaef27e08e7f1956:e4e99a4d6532:0:3,76081f5fd3a7d2fecc5219b9f1a003927ab2f0a03cbcea2809aa13575b12704d,True,528.5558789037168,12,15617.85205078125,15810.0,,,,,
vanilla,0,24,c6050fe51d3408b1eaef27e08e7f1956:e4e99a4d6532:0:4,ad3a25be620e9e8363cf8b064f96e3948b2c3e9ae99d2778aa19fe9e3c58386a,True,931.8017871119082,36,15617.85205078125,15810.0,,,,,
vanilla,0,25,bb98dd0bceac09d24db1ecb2af549a92:377f7f0dd150:0:0,c7fdec5fa5d5e1adf291637b9bb1fe8f118cbb3eb57af7ef76921e247600c9c6,True,646.95889595896,19,15617.44873046875,15810.0,,,,,
vanilla,0,26,bb98dd0bceac09d24db1ecb2af549a92:377f7f0dd150:0:1,4af9997807defa232e553246d42901a0d746fdbefff91462d7ee0c1a91ca74e4,True,763.097207993269,26,15617.44873046875,15810.0,,,,,
vanilla,0,27,bb98dd0bceac09d24db1ecb2af549a92:377f7f0dd150:0:2,75d13c8ce97c12289f2430a015d1d7989bcb997955ebfd456b23a70f3283334e,True,728.7448481656611,24,15617.44873046875,15810.0,,,,,
vanilla,0,28,bb98dd0bceac09d24db1ecb2af549a92:377f7f0dd150:0:3,07076b19c18093e788139445acd32421179c80fb131abb5020ab511b244dfaf3,True,544.0593059174716,13,15617.44873046875,15810.0,,,,,
vanilla,0,29,bb98dd0bceac09d24db1ecb2af549a92:377f7f0dd150:0:4,07076b19c18093e788139445acd32421179c80fb131abb5020ab511b244dfaf3,True,545.666883001104,13,15617.44873046875,15810.0,,,,,
vanilla,0,30,bb98dd0bceac09d24db1ecb2af549a92:2cf3a7a3a65c:0:0,c7fdec5fa5d5e1adf291637b9bb1fe8f118cbb3eb57af7ef76921e247600c9c6,True,645.6529709976166,19,15617.44873046875,15810.0,,,,,
vanilla,0,31,bb98dd0bceac09d24db1ecb2af549a92:2cf3a7a3a65c:0:1,4af9997807defa232e553246d42901a0d746fdbefff91462d7ee0c1a91ca74e4,True,762.9856991115957,26,15617.44873046875,15810.0,,,,,
vanilla,0,32,bb98dd0bceac09d24db1ecb2af549a92:2cf3a7a3a65c:0:2,75d13c8ce97c12289f2430a015d1d7989bcb997955ebfd456b23a70f3283334e,True,728.8231060374528,24,15617.44873046875,15810.0,,,,,
vanilla,0,33,bb98dd0bceac09d24db1ecb2af549a92:2cf3a7a3a65c:0:3,07076b19c18093e788139445acd32421179c80fb131abb5020ab511b244dfaf3,True,545.2031570021063,13,15617.44873046875,15810.0,,,,,
vanilla,0,34,bb98dd0bceac09d24db1ecb2af549a92:2cf3a7a3a65c:0:4,07076b19c18093e788139445acd32421179c80fb131abb5020ab511b244dfaf3,True,543.6676880344748,13,15617.44873046875,15810.0,,,,,
vanilla,0,35,b877dd782edba758ab429e3ee3de3329:97e16cc551e4:0:0,62517bae74e7259c57a7da56e4f54b797cf2a664727fb53fe05de2f3598ea92d,True,695.8115920424461,22,15617.52197265625,15810.0,,,,,
vanilla,0,36,b877dd782edba758ab429e3ee3de3329:97e16cc551e4:0:1,d84210bceb3038c1ed37c6ee7bc057db462ddedaa6823742af8a6d297cb431da,True,761.1736578401178,26,15617.52197265625,15810.0,,,,,
vanilla,0,37,b877dd782edba758ab429e3ee3de3329:97e16cc551e4:0:2,e2d8c9e2e95c4938f7be5f7610f5dd612f23c22b2461cafe849ff52d619824cd,True,761.2641179002821,26,15617.52197265625,15810.0,,,,,
vanilla,0,38,b877dd782edba758ab429e3ee3de3329:97e16cc551e4:0:3,94d4ffe585b52d02528404f4f0629286595977610fc216797666ffe14a17ed0c,True,626.9061998464167,18,15617.52197265625,15810.0,,,,,
vanilla,0,39,b877dd782edba758ab429e3ee3de3329:97e16cc551e4:0:4,aba8c2cf6367e2e8a95bb52794ddcb426d595fad022cf2d457da88045f881ed0,True,594.0681269858032,16,15617.52197265625,15810.0,,,,,
vanilla,0,40,b877dd782edba758ab429e3ee3de3329:dd7f6c9e007d:0:0,62517bae74e7259c57a7da56e4f54b797cf2a664727fb53fe05de2f3598ea92d,True,693.0512578692287,22,15617.52197265625,15810.0,,,,,
vanilla,0,41,b877dd782edba758ab429e3ee3de3329:dd7f6c9e007d:0:1,d84210bceb3038c1ed37c6ee7bc057db462ddedaa6823742af8a6d297cb431da,True,759.3622819986194,26,15617.52197265625,15810.0,,,,,
vanilla,0,42,b877dd782edba758ab429e3ee3de3329:dd7f6c9e007d:0:2,e2d8c9e2e95c4938f7be5f7610f5dd612f23c22b2461cafe849ff52d619824cd,True,763.1394930649549,26,15617.52197265625,15810.0,,,,,
vanilla,0,43,b877dd782edba758ab429e3ee3de3329:dd7f6c9e007d:0:3,94d4ffe585b52d02528404f4f0629286595977610fc216797666ffe14a17ed0c,True,628.5458919592202,18,15617.52197265625,15810.0,,,,,
vanilla,0,44,b877dd782edba758ab429e3ee3de3329:dd7f6c9e007d:0:4,aba8c2cf6367e2e8a95bb52794ddcb426d595fad022cf2d457da88045f881ed0,True,595.7628730684519,16,15617.52197265625,15810.0,,,,,
vanilla,0,45,4f59fbf51a0a5bfb4dc5af02cf294693:993dac5396a0:0:0,aa1f1fd8a9efcb963811de5e984dc16d83696aa7e913ba6980ace9aa76b7f7a3,True,629.7659969422966,18,15617.70556640625,15810.0,,,,,
vanilla,0,46,4f59fbf51a0a5bfb4dc5af02cf294693:993dac5396a0:0:1,bdcb900eea2a0e63a259e4fe2376f8cc3aec08e4611682d3f4ee038edca9d017,True,493.4631159994751,10,15617.70556640625,15810.0,,,,,
vanilla,0,47,4f59fbf51a0a5bfb4dc5af02cf294693:993dac5396a0:0:2,f3e746a5a573b9140378e527f40ef9a01e1da198199bb2597c74356d9befd366,True,765.4443529900163,26,15617.70556640625,15810.0,,,,,
vanilla,0,48,4f59fbf51a0a5bfb4dc5af02cf294693:993dac5396a0:0:3,f77a4c18118683cabf2ce423b4a1474e9a020c00dc184984ee227d2432eaaeca,True,764.6919819526374,26,15617.70556640625,15810.0,,,,,
vanilla,0,49,4f59fbf51a0a5bfb4dc5af02cf294693:993dac5396a0:0:4,082a3f27a64a793001365f40fd7d76058660d5148036e68127b7775445e5f79a,True,494.557686150074,10,15617.70556640625,15810.0,,,,,
vanilla,1,0,1a938d25604410ccd63b60285919eaec:c627e50da685:0:0,ad7432ad3647d5979a4c8f07ea59db904408a5ca59b44fc807019ff723c8fe9d,True,528.7040260154754,12,15617.70556640625,15810.0,,,,,
vanilla,1,1,1a938d25604410ccd63b60285919eaec:c627e50da685:0:1,ad7432ad3647d5979a4c8f07ea59db904408a5ca59b44fc807019ff723c8fe9d,True,528.2998259644955,12,15617.70556640625,15810.0,,,,,
vanilla,1,2,1a938d25604410ccd63b60285919eaec:c627e50da685:0:2,45b29a4f9a357408272a3d9ee292dd9f825df58412a294bc76edad70933ff8f3,True,529.0054751094431,12,15617.70556640625,15810.0,,,,,
vanilla,1,3,1a938d25604410ccd63b60285919eaec:c627e50da685:0:3,8f13312bc57593ae709f0e55a18489d480c2a86c8038ac06144174a3f51b5600,True,529.4118209276348,12,15617.70556640625,15810.0,,,,,
vanilla,1,4,1a938d25604410ccd63b60285919eaec:c627e50da685:0:4,8f13312bc57593ae709f0e55a18489d480c2a86c8038ac06144174a3f51b5600,True,528.1767279375345,12,15617.70556640625,15810.0,,,,,
vanilla,1,5,49cd6149f02ec01ee03a6eb8287ab2df:f982e9dfaf25:0:0,dfa96710626dd8454b20bab58edadf81faa7374948fab10c0910e55037cea818,True,663.5300479829311,20,15617.44873046875,15810.0,,,,,
vanilla,1,6,49cd6149f02ec01ee03a6eb8287ab2df:f982e9dfaf25:0:1,86024a4fa91c4b919c6bf7d14d030232d1b278e47a39c03efbe698cebb092a16,True,647.0109999645501,19,15617.44873046875,15810.0,,,,,
vanilla,1,7,49cd6149f02ec01ee03a6eb8287ab2df:f982e9dfaf25:0:2,cf7957792cc42aad7f2f87beb1240027c78a84aebb3babafec5afeab6040dc38,True,629.782437114045,18,15617.44873046875,15810.0,,,,,
vanilla,1,8,49cd6149f02ec01ee03a6eb8287ab2df:f982e9dfaf25:0:3,e62c1d2a0e028a848bf11c6aee602c7b04b7c5d57080024b56092666b47f8121,True,696.325559169054,22,15617.44873046875,15810.0,,,,,
vanilla,1,9,49cd6149f02ec01ee03a6eb8287ab2df:f982e9dfaf25:0:4,f9472589f3263b5d01f4798bd4b1db08a9f8d5bfd4a7de1f6a20d7afa4d2fc9d,True,612.2941458597779,17,15617.44873046875,15810.0,,,,,
vanilla,1,10,49cd6149f02ec01ee03a6eb8287ab2df:81739d7eb99c:0:0,dfa96710626dd8454b20bab58edadf81faa7374948fab10c0910e55037cea818,True,662.5341118779033,20,15617.44873046875,15810.0,,,,,
vanilla,1,11,49cd6149f02ec01ee03a6eb8287ab2df:81739d7eb99c:0:1,86024a4fa91c4b919c6bf7d14d030232d1b278e47a39c03efbe698cebb092a16,True,646.5326969046146,19,15617.44873046875,15810.0,,,,,
vanilla,1,12,49cd6149f02ec01ee03a6eb8287ab2df:81739d7eb99c:0:2,cf7957792cc42aad7f2f87beb1240027c78a84aebb3babafec5afeab6040dc38,True,629.114291863516,18,15617.44873046875,15810.0,,,,,
vanilla,1,13,49cd6149f02ec01ee03a6eb8287ab2df:81739d7eb99c:0:3,e62c1d2a0e028a848bf11c6aee602c7b04b7c5d57080024b56092666b47f8121,True,697.41673883982,22,15617.44873046875,15810.0,,,,,
vanilla,1,14,49cd6149f02ec01ee03a6eb8287ab2df:81739d7eb99c:0:4,f9472589f3263b5d01f4798bd4b1db08a9f8d5bfd4a7de1f6a20d7afa4d2fc9d,True,612.5979039352387,17,15617.44873046875,15810.0,,,,,
vanilla,1,15,c6050fe51d3408b1eaef27e08e7f1956:1458b54ae2f6:0:0,0c2763434c50e20730f49847263ef9024806cb1a0560c523ed77737027dc7584,True,612.5865208450705,17,15617.85205078125,15810.0,,,,,
vanilla,1,16,c6050fe51d3408b1eaef27e08e7f1956:1458b54ae2f6:0:1,664067171cd1bbc5ce837d235ed3ea23011690faf92d70710e11636621c1b115,True,830.4167659953237,30,15617.85205078125,15810.0,,,,,
vanilla,1,17,c6050fe51d3408b1eaef27e08e7f1956:1458b54ae2f6:0:2,c6b78a53ab1e086ea1b1d04c24bdf6d361a4c414a514fa6f179a43df6e2fb518,True,884.2939350288361,33,15617.85205078125,15810.0,,,,,
vanilla,1,18,c6050fe51d3408b1eaef27e08e7f1956:1458b54ae2f6:0:3,76081f5fd3a7d2fecc5219b9f1a003927ab2f0a03cbcea2809aa13575b12704d,True,529.8303868621588,12,15617.85205078125,15810.0,,,,,
vanilla,1,19,c6050fe51d3408b1eaef27e08e7f1956:1458b54ae2f6:0:4,ad3a25be620e9e8363cf8b064f96e3948b2c3e9ae99d2778aa19fe9e3c58386a,True,929.3071317952126,36,15617.85205078125,15810.0,,,,,
vanilla,1,20,c6050fe51d3408b1eaef27e08e7f1956:e4e99a4d6532:0:0,0c2763434c50e20730f49847263ef9024806cb1a0560c523ed77737027dc7584,True,611.4040929824114,17,15617.85205078125,15810.0,,,,,
vanilla,1,21,c6050fe51d3408b1eaef27e08e7f1956:e4e99a4d6532:0:1,664067171cd1bbc5ce837d235ed3ea23011690faf92d70710e11636621c1b115,True,826.1753080878407,30,15617.85205078125,15810.0,,,,,
vanilla,1,22,c6050fe51d3408b1eaef27e08e7f1956:e4e99a4d6532:0:2,c6b78a53ab1e086ea1b1d04c24bdf6d361a4c414a514fa6f179a43df6e2fb518,True,879.4772671535611,33,15617.85205078125,15810.0,,,,,
vanilla,1,23,c6050fe51d3408b1eaef27e08e7f1956:e4e99a4d6532:0:3,76081f5fd3a7d2fecc5219b9f1a003927ab2f0a03cbcea2809aa13575b12704d,True,526.6434329096228,12,15617.85205078125,15810.0,,,,,
vanilla,1,24,c6050fe51d3408b1eaef27e08e7f1956:e4e99a4d6532:0:4,ad3a25be620e9e8363cf8b064f96e3948b2c3e9ae99d2778aa19fe9e3c58386a,True,933.0147479195148,36,15617.85205078125,15810.0,,,,,
vanilla,1,25,bb98dd0bceac09d24db1ecb2af549a92:377f7f0dd150:0:0,c7fdec5fa5d5e1adf291637b9bb1fe8f118cbb3eb57af7ef76921e247600c9c6,True,644.8181630112231,19,15617.44873046875,15810.0,,,,,
vanilla,1,26,bb98dd0bceac09d24db1ecb2af549a92:377f7f0dd150:0:1,4af9997807defa232e553246d42901a0d746fdbefff91462d7ee0c1a91ca74e4,True,759.1165699996054,26,15617.44873046875,15810.0,,,,,
vanilla,1,27,bb98dd0bceac09d24db1ecb2af549a92:377f7f0dd150:0:2,75d13c8ce97c12289f2430a015d1d7989bcb997955ebfd456b23a70f3283334e,True,725.3162849228829,24,15617.44873046875,15810.0,,,,,
vanilla,1,28,bb98dd0bceac09d24db1ecb2af549a92:377f7f0dd150:0:3,07076b19c18093e788139445acd32421179c80fb131abb5020ab511b244dfaf3,True,542.9289978928864,13,15617.44873046875,15810.0,,,,,
vanilla,1,29,bb98dd0bceac09d24db1ecb2af549a92:377f7f0dd150:0:4,07076b19c18093e788139445acd32421179c80fb131abb5020ab511b244dfaf3,True,541.9434711802751,13,15617.44873046875,15810.0,,,,,
vanilla,1,30,bb98dd0bceac09d24db1ecb2af549a92:2cf3a7a3a65c:0:0,c7fdec5fa5d5e1adf291637b9bb1fe8f118cbb3eb57af7ef76921e247600c9c6,True,646.194261033088,19,15617.44873046875,15810.0,,,,,
vanilla,1,31,bb98dd0bceac09d24db1ecb2af549a92:2cf3a7a3a65c:0:1,4af9997807defa232e553246d42901a0d746fdbefff91462d7ee0c1a91ca74e4,True,762.6406671479344,26,15617.44873046875,15810.0,,,,,
vanilla,1,32,bb98dd0bceac09d24db1ecb2af549a92:2cf3a7a3a65c:0:2,75d13c8ce97c12289f2430a015d1d7989bcb997955ebfd456b23a70f3283334e,True,731.1393490526825,24,15617.44873046875,15810.0,,,,,
vanilla,1,33,bb98dd0bceac09d24db1ecb2af549a92:2cf3a7a3a65c:0:3,07076b19c18093e788139445acd32421179c80fb131abb5020ab511b244dfaf3,True,545.1041320338845,13,15617.44873046875,15810.0,,,,,
vanilla,1,34,bb98dd0bceac09d24db1ecb2af549a92:2cf3a7a3a65c:0:4,07076b19c18093e788139445acd32421179c80fb131abb5020ab511b244dfaf3,True,544.2093810997903,13,15617.44873046875,15810.0,,,,,
vanilla,1,35,b877dd782edba758ab429e3ee3de3329:97e16cc551e4:0:0,62517bae74e7259c57a7da56e4f54b797cf2a664727fb53fe05de2f3598ea92d,True,694.9868330266327,22,15617.52197265625,15810.0,,,,,
vanilla,1,36,b877dd782edba758ab429e3ee3de3329:97e16cc551e4:0:1,d84210bceb3038c1ed37c6ee7bc057db462ddedaa6823742af8a6d297cb431da,True,762.0164570398629,26,15617.52197265625,15810.0,,,,,
vanilla,1,37,b877dd782edba758ab429e3ee3de3329:97e16cc551e4:0:2,e2d8c9e2e95c4938f7be5f7610f5dd612f23c22b2461cafe849ff52d619824cd,True,762.433327967301,26,15617.52197265625,15810.0,,,,,
vanilla,1,38,b877dd782edba758ab429e3ee3de3329:97e16cc551e4:0:3,94d4ffe585b52d02528404f4f0629286595977610fc216797666ffe14a17ed0c,True,627.9266071505845,18,15617.52197265625,15810.0,,,,,
vanilla,1,39,b877dd782edba758ab429e3ee3de3329:97e16cc551e4:0:4,aba8c2cf6367e2e8a95bb52794ddcb426d595fad022cf2d457da88045f881ed0,True,593.968627974391,16,15617.52197265625,15810.0,,,,,
vanilla,1,40,b877dd782edba758ab429e3ee3de3329:dd7f6c9e007d:0:0,62517bae74e7259c57a7da56e4f54b797cf2a664727fb53fe05de2f3598ea92d,True,692.7433449309319,22,15617.52197265625,15810.0,,,,,
vanilla,1,41,b877dd782edba758ab429e3ee3de3329:dd7f6c9e007d:0:1,d84210bceb3038c1ed37c6ee7bc057db462ddedaa6823742af8a6d297cb431da,True,761.779204942286,26,15617.52197265625,15810.0,,,,,
vanilla,1,42,b877dd782edba758ab429e3ee3de3329:dd7f6c9e007d:0:2,e2d8c9e2e95c4938f7be5f7610f5dd612f23c22b2461cafe849ff52d619824cd,True,759.4659000169486,26,15617.52197265625,15810.0,,,,,
vanilla,1,43,b877dd782edba758ab429e3ee3de3329:dd7f6c9e007d:0:3,94d4ffe585b52d02528404f4f0629286595977610fc216797666ffe14a17ed0c,True,626.3440719339997,18,15617.52197265625,15810.0,,,,,
vanilla,1,44,b877dd782edba758ab429e3ee3de3329:dd7f6c9e007d:0:4,aba8c2cf6367e2e8a95bb52794ddcb426d595fad022cf2d457da88045f881ed0,True,593.8720379490405,16,15617.52197265625,15810.0,,,,,
vanilla,1,45,4f59fbf51a0a5bfb4dc5af02cf294693:993dac5396a0:0:0,aa1f1fd8a9efcb963811de5e984dc16d83696aa7e913ba6980ace9aa76b7f7a3,True,625.7565401028842,18,15617.70556640625,15810.0,,,,,
vanilla,1,46,4f59fbf51a0a5bfb4dc5af02cf294693:993dac5396a0:0:1,bdcb900eea2a0e63a259e4fe2376f8cc3aec08e4611682d3f4ee038edca9d017,True,493.1384320370853,10,15617.70556640625,15810.0,,,,,
vanilla,1,47,4f59fbf51a0a5bfb4dc5af02cf294693:993dac5396a0:0:2,f3e746a5a573b9140378e527f40ef9a01e1da198199bb2597c74356d9befd366,True,761.000202037394,26,15617.70556640625,15810.0,,,,,
vanilla,1,48,4f59fbf51a0a5bfb4dc5af02cf294693:993dac5396a0:0:3,f77a4c18118683cabf2ce423b4a1474e9a020c00dc184984ee227d2432eaaeca,True,762.2800848912448,26,15617.70556640625,15810.0,,,,,
vanilla,1,49,4f59fbf51a0a5bfb4dc5af02cf294693:993dac5396a0:0:4,082a3f27a64a793001365f40fd7d76058660d5148036e68127b7775445e5f79a,True,494.5471379905939,10,15617.70556640625,15810.0,,,,,
