mode,repeat,sample_index,orig_id,answer_sha256,answer_matches_vanilla,latency_ms,tokens,peak_allocated_mb,peak_reserved_mb,steps_processed,detection_ready_ms,detection_after_prefill_ms,detector_probability,detector_prediction
sieve,0,0,1a938d25604410ccd63b60285919eaec:c627e50da685:0:0,70f89282fb4200d4c7cb83660e5e90d9cf2d989cdecf70c1f868239e5f542294,True,287.7803259762004,7,15021.759765625,15234.0,2,218.64134399220347,102.16421890072525,0.001296577276661992,0
sieve,0,1,1a938d25604410ccd63b60285919eaec:c627e50da685:0:1,c709293d644a54f3b0d6270fc879317ff277c06c090c03c30f721b08140bbe7b,True,400.6216899724677,15,15021.759765625,15234.0,2,221.94121894426644,102.4318439885974,0.0008500770782120526,0
sieve,0,2,1a938d25604410ccd63b60285919eaec:c627e50da685:0:2,c709293d644a54f3b0d6270fc879317ff277c06c090c03c30f721b08140bbe7b,True,399.3716510012746,15,15021.759765625,15234.0,2,220.07706703152508,102.84254897851497,0.0007360265008173883,0
sieve,0,3,1a938d25604410ccd63b60285919eaec:c627e50da685:0:3,c709293d644a54f3b0d6270fc879317ff277c06c090c03c30f721b08140bbe7b,True,399.25643196329474,15,15021.759765625,15234.0,2,220.1377380406484,102.59274102281779,0.0008054252248257399,0
sieve,0,4,1a938d25604410ccd63b60285919eaec:c627e50da685:0:4,15905afe25f3666163b46d6b6948b985a7debd874743ae398a264536e830ec1f,True,289.63328106328845,7,15021.759765625,15234.0,2,220.29172803740948,102.33800706919283,0.001649687997996807,0
sieve,0,5,49cd6149f02ec01ee03a6eb8287ab2df:f982e9dfaf25:0:0,5feceb66ffc86f38d952786c6d696c79c2dbc239dd4e91b46729d73a27fb57e9,True,204.99718200881034,2,15017.73974609375,15234.0,2,204.215049976483,92.55099599249661,0.0009303856641054153,0
sieve,0,6,49cd6149f02ec01ee03a6eb8287ab2df:f982e9dfaf25:0:1,5feceb66ffc86f38d952786c6d696c79c2dbc239dd4e91b46729d73a27fb57e9,True,207.4878109851852,2,15017.73974609375,15234.0,2,206.72143099363893,91.98049898259342,0.0008635543053969741,0
sieve,0,7,49cd6149f02ec01ee03a6eb8287ab2df:f982e9dfaf25:0:2,5feceb66ffc86f38d952786c6d696c79c2dbc239dd4e91b46729d73a27fb57e9,True,206.85884705744684,2,15017.73974609375,15234.0,2,206.10500103794038,91.80039493367076,0.0008286391966976225,0
sieve,0,8,49cd6149f02ec01ee03a6eb8287ab2df:f982e9dfaf25:0:3,5feceb66ffc86f38d952786c6d696c79c2dbc239dd4e91b46729d73a27fb57e9,True,206.28589706029743,2,15017.73974609375,15234.0,2,205.50598204135895,92.05154201481491,0.0008765733218751848,0
sieve,0,9,49cd6149f02ec01ee03a6eb8287ab2df:f982e9dfaf25:0:4,5feceb66ffc86f38d952786c6d696c79c2dbc239dd4e91b46729d73a27fb57e9,True,207.55621301941574,2,15017.73974609375,15234.0,2,206.79883402772248,92.11346600204706,0.0011846692068502307,0
sieve,0,10,49cd6149f02ec01ee03a6eb8287ab2df:81739d7eb99c:0:0,5feceb66ffc86f38d952786c6d696c79c2dbc239dd4e91b46729d73a27fb57e9,True,206.27018599770963,2,15017.73974609375,15234.0,2,205.54471691139042,91.50134690571576,0.0009303856641054153,0
sieve,0,11,49cd6149f02ec01ee03a6eb8287ab2df:81739d7eb99c:0:1,5feceb66ffc86f38d952786c6d696c79c2dbc239dd4e91b46729d73a27fb57e9,True,204.6932390658185,2,15017.73974609375,15234.0,2,203.94024206325412,91.64754499215633,0.0008635543053969741,0
sieve,0,12,49cd6149f02ec01ee03a6eb8287ab2df:81739d7eb99c:0:2,5feceb66ffc86f38d952786c6d696c79c2dbc239dd4e91b46729d73a27fb57e9,True,206.46952092647552,2,15017.73974609375,15234.0,2,205.7439349591732,91.65154595393687,0.0008286391966976225,0
sieve,0,13,49cd6149f02ec01ee03a6eb8287ab2df:81739d7eb99c:0:3,5feceb66ffc86f38d952786c6d696c79c2dbc239dd4e91b46729d73a27fb57e9,True,204.51090205460787,2,15017.73974609375,15234.0,2,203.80304800346494,91.3741399999708,0.0008765733218751848,0
sieve,0,14,49cd6149f02ec01ee03a6eb8287ab2df:81739d7eb99c:0:4,5feceb66ffc86f38d952786c6d696c79c2dbc239dd4e91b46729d73a27fb57e9,True,206.06122503522784,2,15017.73974609375,15234.0,2,205.32900199759752,91.57498995773494,0.0011846692068502307,0
sieve,0,15,c6050fe51d3408b1eaef27e08e7f1956:1458b54ae2f6:0:0,d656de69c0da6209d397a8d5f7affee137ddc3be7811a9522dee62d3b10d52c8,True,303.5509689943865,8,15028.443359375,15234.0,2,220.14879004564136,102.63118601869792,0.0013521448709070683,0
sieve,0,16,c6050fe51d3408b1eaef27e08e7f1956:1458b54ae2f6:0:1,cdb81c63cda0b6ef0b2a1260fb987458ab47d5bebf8b78c6355a3a6dc164506d,True,334.1818730114028,10,15028.443359375,15234.0,2,222.87584806326777,102.89735102560371,0.0015045803738757968,0
sieve,0,17,c6050fe51d3408b1eaef27e08e7f1956:1458b54ae2f6:0:2,fe50179dd819d03ae1216ed234b97e224965b782031f3c44efdb45fd96b23cd1,True,316.1157889990136,9,15028.443359375,15234.0,2,219.44326697848737,102.39058290608227,0.0020630694925785065,0
sieve,0,18,c6050fe51d3408b1eaef27e08e7f1956:1458b54ae2f6:0:3,193405ed8b35f3ee7bb64910e10c564fde35fef8c1a936749daf66c5d021ba99,True,259.90168505813926,5,15028.443359375,15234.0,2,217.98100206069648,102.70081309136003,0.0020035181660205126,0
sieve,0,19,c6050fe51d3408b1eaef27e08e7f1956:1458b54ae2f6:0:4,b95e2705d5a356fbf1413fffbb51166a15189a8408c65518ca1e169bb0b681ec,True,345.0753279030323,11,15028.443359375,15234.0,2,220.6793469376862,102.88143996149302,0.00254463660530746,0
sieve,0,20,c6050fe51d3408b1eaef27e08e7f1956:e4e99a4d6532:0:0,d656de69c0da6209d397a8d5f7affee137ddc3be7811a9522dee62d3b10d52c8,True,303.48919599782676,8,15028.443359375,15234.0,2,219.93911999743432,102.76840697042644,0.0013521448709070683,0
sieve,0,21,c6050fe51d3408b1eaef27e08e7f1956:e4e99a4d6532:0:1,cdb81c63cda0b6ef0b2a1260fb987458ab47d5bebf8b78c6355a3a6dc164506d,True,330.70171694271266,10,15028.443359375,15234.0,2,219.8936709901318,102.41790500003844,0.0015045803738757968,0
sieve,0,22,c6050fe51d3408b1eaef27e08e7f1956:e4e99a4d6532:0:2,fe50179dd819d03ae1216ed234b97e224965b782031f3c44efdb45fd96b23cd1,True,316.8281120015308,9,15028.443359375,15234.0,2,219.8246109765023,102.6676920009777,0.0020630694925785065,0
sieve,0,23,c6050fe51d3408b1eaef27e08e7f1956:e4e99a4d6532:0:3,193405ed8b35f3ee7bb64910e10c564fde35fef8c1a936749daf66c5d021ba99,True,261.64218597114086,5,15028.443359375,15234.0,2,219.6127240313217,102.40050009451807,0.0020035181660205126,0
sieve,0,24,c6050fe51d3408b1eaef27e08e7f1956:e4e99a4d6532:0:4,b95e2705d5a356fbf1413fffbb51166a15189a8408c65518ca1e169bb0b681ec,True,343.45136501360685,11,15028.443359375,15234.0,2,219.04631901998073,103.4700470045209,0.00254463660530746,0
sieve,0,25,bb98dd0bceac09d24db1ecb2af549a92:377f7f0dd150:0:0,1ea442a134b2a184bd5d40104401f2a37fbc09ccf3f4bc9da161c6099be3691d,True,192.03797297086567,1,15000.8271484375,15234.0,1,191.9697109842673,77.71635800600052,0.0007730806246399879,0
sieve,0,26,bb98dd0bceac09d24db1ecb2af549a92:377f7f0dd150:0:1,1ea442a134b2a184bd5d40104401f2a37fbc09ccf3f4bc9da161c6099be3691d,True,189.57102403510362,1,15000.8271484375,15234.0,1,189.4877509912476,77.91581703349948,0.0008408288122154772,0
sieve,0,27,bb98dd0bceac09d24db1ecb2af549a92:377f7f0dd150:0:2,1ea442a134b2a184bd5d40104401f2a37fbc09ccf3f4bc9da161c6099be3691d,True,191.88085896894336,1,15000.8271484375,15234.0,1,191.81253900751472,77.42730295285583,0.000750106293708086,0
sieve,0,28,bb98dd0bceac09d24db1ecb2af549a92:377f7f0dd150:0:3,85a39ab345d672ff8ca9b9c6876f3adcacf45ee7c1e2dbd2408fd338bd55e07e,True,188.700592960231,1,15000.8271484375,15234.0,1,188.63526603672653,77.23964808974415,0.0017266965005546808,0
sieve,0,29,bb98dd0bceac09d24db1ecb2af549a92:377f7f0dd150:0:4,85a39ab345d672ff8ca9b9c6876f3adcacf45ee7c1e2dbd2408fd338bd55e07e,True,188.79032996483147,1,15000.8271484375,15234.0,1,188.72495798859745,77.29049399495125,0.001063638017512858,0
sieve,0,30,bb98dd0bceac09d24db1ecb2af549a92:2cf3a7a3a65c:0:0,1ea442a134b2a184bd5d40104401f2a37fbc09ccf3f4bc9da161c6099be3691d,True,189.53007203526795,1,15000.8271484375,15234.0,1,189.458666020073,77.71769596729428,0.0007730806246399879,0
sieve,0,31,bb98dd0bceac09d24db1ecb2af549a92:2cf3a7a3a65c:0:1,1ea442a134b2a184bd5d40104401f2a37fbc09ccf3f4bc9da161c6099be3691d,True,191.82720396202058,1,15000.8271484375,15234.0,1,191.75910390913486,77.62414298485965,0.0008408288122154772,0
sieve,0,32,bb98dd0bceac09d24db1ecb2af549a92:2cf3a7a3a65c:0:2,1ea442a134b2a184bd5d40104401f2a37fbc09ccf3f4bc9da161c6099be3691d,True,190.3848850633949,1,15000.8271484375,15234.0,1,190.3180310036987,77.51704996917397,0.000750106293708086,0
sieve,0,33,bb98dd0bceac09d24db1ecb2af549a92:2cf3a7a3a65c:0:3,85a39ab345d672ff8ca9b9c6876f3adcacf45ee7c1e2dbd2408fd338bd55e07e,True,190.86313399020582,1,15000.8271484375,15234.0,1,190.78784505836666,77.96667702496052,0.0017266965005546808,0
sieve,0,34,bb98dd0bceac09d24db1ecb2af549a92:2cf3a7a3a65c:0:4,85a39ab345d672ff8ca9b9c6876f3adcacf45ee7c1e2dbd2408fd338bd55e07e,True,191.47907907608896,1,15000.8271484375,15234.0,1,191.4114550454542,77.25416298490018,0.001063638017512858,0
sieve,0,35,b877dd782edba758ab429e3ee3de3329:97e16cc551e4:0:0,5feceb66ffc86f38d952786c6d696c79c2dbc239dd4e91b46729d73a27fb57e9,True,204.5691009843722,2,15017.73974609375,15234.0,2,203.86005099862814,91.67761809658259,0.0009652683511376381,0
sieve,0,36,b877dd782edba758ab429e3ee3de3329:97e16cc551e4:0:1,5feceb66ffc86f38d952786c6d696c79c2dbc239dd4e91b46729d73a27fb57e9,True,227.4012400303036,2,15017.73974609375,15234.0,2,226.59267601557076,114.4242900190875,0.0009677513735368848,0
sieve,0,37,b877dd782edba758ab429e3ee3de3329:97e16cc551e4:0:2,5feceb66ffc86f38d952786c6d696c79c2dbc239dd4e91b46729d73a27fb57e9,True,211.93054295144975,2,15017.73974609375,15234.0,2,211.19242697022855,91.81739704217762,0.0008905075956135988,0
sieve,0,38,b877dd782edba758ab429e3ee3de3329:97e16cc551e4:0:3,5feceb66ffc86f38d952786c6d696c79c2dbc239dd4e91b46729d73a27fb57e9,True,205.2731130970642,2,15017.73974609375,15234.0,2,204.54543200321496,91.67038497980684,0.0009053370449692011,0
sieve,0,39,b877dd782edba758ab429e3ee3de3329:97e16cc551e4:0:4,6b86b273ff34fce19d6b804eff5a3f5747ada4eaa22f1d49c01e52ddb7875b4b,True,205.45895700342953,2,15017.73974609375,15234.0,2,204.67084099072963,92.21430798061192,0.0034974473528563976,0
sieve,0,40,b877dd782edba758ab429e3ee3de3329:dd7f6c9e007d:0:0,5feceb66ffc86f38d952786c6d696c79c2dbc239dd4e91b46729d73a27fb57e9,True,206.3721539452672,2,15017.73974609375,15234.0,2,205.63295600004494,91.34038107004017,0.0009652683511376381,0
sieve,0,41,b877dd782edba758ab429e3ee3de3329:dd7f6c9e007d:0:1,5feceb66ffc86f38d952786c6d696c79c2dbc239dd4e91b46729d73a27fb57e9,True,204.42959107458591,2,15017.73974609375,15234.0,2,203.71493801940233,91.43950801808387,0.0009677513735368848,0
sieve,0,42,b877dd782edba758ab429e3ee3de3329:dd7f6c9e007d:0:2,5feceb66ffc86f38d952786c6d696c79c2dbc239dd4e91b46729d73a27fb57e9,True,231.84644896537066,2,15017.73974609375,15234.0,2,231.0571389971301,118.73855895828456,0.0008905075956135988,0
sieve,0,43,b877dd782edba758ab429e3ee3de3329:dd7f6c9e007d:0:3,5feceb66ffc86f38d952786c6d696c79c2dbc239dd4e91b46729d73a27fb57e9,True,212.18575909733772,2,15017.73974609375,15234.0,2,211.44497010391206,91.97088808286935,0.0009053370449692011,0
sieve,0,44,b877dd782edba758ab429e3ee3de3329:dd7f6c9e007d:0:4,6b86b273ff34fce19d6b804eff5a3f5747ada4eaa22f1d49c01e52ddb7875b4b,True,206.22959197498858,2,15017.73974609375,15234.0,2,205.43563994579017,91.89253195654601,0.0034974473528563976,0
sieve,0,45,4f59fbf51a0a5bfb4dc5af02cf294693:993dac5396a0:0:0,082a3f27a64a793001365f40fd7d76058660d5148036e68127b7775445e5f79a,True,373.4448500908911,13,15024.7744140625,15234.0,2,221.35882603470236,102.66853799112141,0.0012076320126652718,0
sieve,0,46,4f59fbf51a0a5bfb4dc5af02cf294693:993dac5396a0:0:1,082a3f27a64a793001365f40fd7d76058660d5148036e68127b7775445e5f79a,True,371.29760696552694,13,15024.7744140625,15234.0,2,218.8740159617737,103.1016920460388,0.000960337754804641,0
sieve,0,47,4f59fbf51a0a5bfb4dc5af02cf294693:993dac5396a0:0:2,082a3f27a64a793001365f40fd7d76058660d5148036e68127b7775445e5f79a,True,373.50857607088983,13,15024.7744140625,15234.0,2,220.8705689990893,103.16552594304085,0.0008838935755193233,0
sieve,0,48,4f59fbf51a0a5bfb4dc5af02cf294693:993dac5396a0:0:3,082a3f27a64a793001365f40fd7d76058660d5148036e68127b7775445e5f79a,True,372.3520990461111,13,15024.7744140625,15234.0,2,220.29967396520078,102.66161791514605,0.0010109232971444726,0
sieve,0,49,4f59fbf51a0a5bfb4dc5af02cf294693:993dac5396a0:0:4,cb1d05299ff18cc4eb1eafa80966fcf02838d32be4a86d290ced7caf197919ad,True,330.8585479389876,10,15024.7744140625,15234.0,2,219.84898601658642,103.35816210135818,0.0017339661717414856,0
sieve,1,0,1a938d25604410ccd63b60285919eaec:c627e50da685:0:0,70f89282fb4200d4c7cb83660e5e90d9cf2d989cdecf70c1f868239e5f542294,True,289.95036298874766,7,15021.759765625,15234.0,2,220.41405702475458,102.40846103988588,0.001296577276661992,0
sieve,1,1,1a938d25604410ccd63b60285919eaec:c627e50da685:0:1,c709293d644a54f3b0d6270fc879317ff277c06c090c03c30f721b08140bbe7b,True,402.62384503148496,15,15021.759765625,15234.0,2,222.968626068905,102.54825407173485,0.0008500770782120526,0
sieve,1,2,1a938d25604410ccd63b60285919eaec:c627e50da685:0:2,c709293d644a54f3b0d6270fc879317ff277c06c090c03c30f721b08140bbe7b,True,400.6907509174198,15,15021.759765625,15234.0,2,220.11254692915827,103.20702102035284,0.0007360265008173883,0
sieve,1,3,1a938d25604410ccd63b60285919eaec:c627e50da685:0:3,c709293d644a54f3b0d6270fc879317ff277c06c090c03c30f721b08140bbe7b,True,401.2629840290174,15,15021.759765625,15234.0,2,221.589024993591,102.97297593206167,0.0008054252248257399,0
sieve,1,4,1a938d25604410ccd63b60285919eaec:c627e50da685:0:4,15905afe25f3666163b46d6b6948b985a7debd874743ae398a264536e830ec1f,True,304.8045659670606,7,15021.759765625,15234.0,2,234.82787003740668,102.38974902313203,0.001649687997996807,0
sieve,1,5,49cd6149f02ec01ee03a6eb8287ab2df:f982e9dfaf25:0:0,5feceb66ffc86f38d952786c6d696c79c2dbc239dd4e91b46729d73a27fb57e9,True,207.04368699807674,2,15017.73974609375,15234.0,2,206.32430398836732,91.62082499824464,0.0009303856641054153,0
sieve,1,6,49cd6149f02ec01ee03a6eb8287ab2df:f982e9dfaf25:0:1,5feceb66ffc86f38d952786c6d696c79c2dbc239dd4e91b46729d73a27fb57e9,True,204.41956003196537,2,15017.73974609375,15234.0,2,203.6989809712395,91.91852901130915,0.0008635543053969741,0
sieve,1,7,49cd6149f02ec01ee03a6eb8287ab2df:f982e9dfaf25:0:2,5feceb66ffc86f38d952786c6d696c79c2dbc239dd4e91b46729d73a27fb57e9,True,205.00093896407634,2,15017.73974609375,15234.0,2,204.22268100082874,92.10839797742665,0.0008286391966976225,0
sieve,1,8,49cd6149f02ec01ee03a6eb8287ab2df:f982e9dfaf25:0:3,5feceb66ffc86f38d952786c6d696c79c2dbc239dd4e91b46729d73a27fb57e9,True,207.2705359896645,2,15017.73974609375,15234.0,2,206.5397349651903,91.88301803078502,0.0008765733218751848,0
sieve,1,9,49cd6149f02ec01ee03a6eb8287ab2df:f982e9dfaf25:0:4,5feceb66ffc86f38d952786c6d696c79c2dbc239dd4e91b46729d73a27fb57e9,True,204.55191691871732,2,15017.73974609375,15234.0,2,203.8176628993824,91.87098289839923,0.0011846692068502307,0
sieve,1,10,49cd6149f02ec01ee03a6eb8287ab2df:81739d7eb99c:0:0,5feceb66ffc86f38d952786c6d696c79c2dbc239dd4e91b46729d73a27fb57e9,True,208.92172399908304,2,15017.73974609375,15234.0,2,208.2028640434146,92.05935499630868,0.0009303856641054153,0
sieve,1,11,49cd6149f02ec01ee03a6eb8287ab2df:81739d7eb99c:0:1,5feceb66ffc86f38d952786c6d696c79c2dbc239dd4e91b46729d73a27fb57e9,True,204.28314700257033,2,15017.73974609375,15234.0,2,203.56546400580555,91.36030694935471,0.0008635543053969741,0
sieve,1,12,49cd6149f02ec01ee03a6eb8287ab2df:81739d7eb99c:0:2,5feceb66ffc86f38d952786c6d696c79c2dbc239dd4e91b46729d73a27fb57e9,True,205.18338296096772,2,15017.73974609375,15234.0,2,204.3829819886014,92.66207600012422,0.0008286391966976225,0
sieve,1,13,49cd6149f02ec01ee03a6eb8287ab2df:81739d7eb99c:0:3,5feceb66ffc86f38d952786c6d696c79c2dbc239dd4e91b46729d73a27fb57e9,True,206.79000101517886,2,15017.73974609375,15234.0,2,206.05591603089124,91.60326700657606,0.0008765733218751848,0
sieve,1,14,49cd6149f02ec01ee03a6eb8287ab2df:81739d7eb99c:0:4,5feceb66ffc86f38d952786c6d696c79c2dbc239dd4e91b46729d73a27fb57e9,True,204.47114401031286,2,15017.73974609375,15234.0,2,203.74777098186314,91.71719092410058,0.0011846692068502307,0
sieve,1,15,c6050fe51d3408b1eaef27e08e7f1956:1458b54ae2f6:0:0,d656de69c0da6209d397a8d5f7affee137ddc3be7811a9522dee62d3b10d52c8,True,302.28868790436536,8,15028.443359375,15234.0,2,218.88118493370712,103.22033800184727,0.0013521448709070683,0
sieve,1,16,c6050fe51d3408b1eaef27e08e7f1956:1458b54ae2f6:0:1,cdb81c63cda0b6ef0b2a1260fb987458ab47d5bebf8b78c6355a3a6dc164506d,True,331.9243179867044,10,15028.443359375,15234.0,2,220.74299096129835,102.40394296124578,0.0015045803738757968,0
sieve,1,17,c6050fe51d3408b1eaef27e08e7f1956:1458b54ae2f6:0:2,fe50179dd819d03ae1216ed234b97e224965b782031f3c44efdb45fd96b23cd1,True,318.12614505179226,9,15028.443359375,15234.0,2,221.03909798897803,102.78068296611309,0.0020630694925785065,0
sieve,1,18,c6050fe51d3408b1eaef27e08e7f1956:1458b54ae2f6:0:3,193405ed8b35f3ee7bb64910e10c564fde35fef8c1a936749daf66c5d021ba99,True,260.7819290133193,5,15028.443359375,15234.0,2,218.3376159518957,102.61926392558962,0.0020035181660205126,0
sieve,1,19,c6050fe51d3408b1eaef27e08e7f1956:1458b54ae2f6:0:4,b95e2705d5a356fbf1413fffbb51166a15189a8408c65518ca1e169bb0b681ec,True,345.98334797192365,11,15028.443359375,15234.0,2,220.973136019893,102.57692902814597,0.00254463660530746,0
sieve,1,20,c6050fe51d3408b1eaef27e08e7f1956:e4e99a4d6532:0:0,d656de69c0da6209d397a8d5f7affee137ddc3be7811a9522dee62d3b10d52c8,True,302.39063198678195,8,15028.443359375,15234.0,2,218.5410939855501,102.58953494485468,0.0013521448709070683,0
sieve,1,21,c6050fe51d3408b1eaef27e08e7f1956:e4e99a4d6532:0:1,cdb81c63cda0b6ef0b2a1260fb987458ab47d5bebf8b78c6355a3a6dc164506d,True,331.78142888937145,10,15028.443359375,15234.0,2,220.46962496824563,102.35836799256504,0.0015045803738757968,0
sieve,1,22,c6050fe51d3408b1eaef27e08e7f1956:e4e99a4d6532:0:2,fe50179dd819d03ae1216ed234b97e224965b782031f3c44efdb45fd96b23cd1,True,318.62910196650773,9,15028.443359375,15234.0,2,221.56728792469949,103.10344898607582,0.0020630694925785065,0
sieve,1,23,c6050fe51d3408b1eaef27e08e7f1956:e4e99a4d6532:0:3,193405ed8b35f3ee7bb64910e10c564fde35fef8c1a936749daf66c5d021ba99,True,261.6561100585386,5,15028.443359375,15234.0,2,219.482560059987,102.26641700137407,0.0020035181660205126,0
sieve,1,24,c6050fe51d3408b1eaef27e08e7f1956:e4e99a4d6532:0:4,b95e2705d5a356fbf1413fffbb51166a15189a8408c65518ca1e169bb0b681ec,True,344.6065110620111,11,15028.443359375,15234.0,2,219.40914809238166,102.51559899188578,0.00254463660530746,0
sieve,1,25,bb98dd0bceac09d24db1ecb2af549a92:377f7f0dd150:0:0,1ea442a134b2a184bd5d40104401f2a37fbc09ccf3f4bc9da161c6099be3691d,True,191.86298293061554,1,15000.8271484375,15234.0,1,191.7812880128622,78.00283806864172,0.0007730806246399879,0
sieve,1,26,bb98dd0bceac09d24db1ecb2af549a92:377f7f0dd150:0:1,1ea442a134b2a184bd5d40104401f2a37fbc09ccf3f4bc9da161c6099be3691d,True,191.82210694998503,1,15000.8271484375,15234.0,1,191.7536410037428,77.43460696656257,0.0008408288122154772,0
sieve,1,27,bb98dd0bceac09d24db1ecb2af549a92:377f7f0dd150:0:2,1ea442a134b2a184bd5d40104401f2a37fbc09ccf3f4bc9da161c6099be3691d,True,189.06410702038556,1,15000.8271484375,15234.0,1,188.99931898340583,77.29758496861905,0.000750106293708086,0
sieve,1,28,bb98dd0bceac09d24db1ecb2af549a92:377f7f0dd150:0:3,85a39ab345d672ff8ca9b9c6876f3adcacf45ee7c1e2dbd2408fd338bd55e07e,True,191.43486907705665,1,15000.8271484375,15234.0,1,191.35828805156052,78.90472805593163,0.0017266965005546808,0
sieve,1,29,bb98dd0bceac09d24db1ecb2af549a92:377f7f0dd150:0:4,85a39ab345d672ff8ca9b9c6876f3adcacf45ee7c1e2dbd2408fd338bd55e07e,True,191.91121507901698,1,15000.8271484375,15234.0,1,191.84166402556002,77.65031198505312,0.001063638017512858,0
sieve,1,30,bb98dd0bceac09d24db1ecb2af549a92:2cf3a7a3a65c:0:0,1ea442a134b2a184bd5d40104401f2a37fbc09ccf3f4bc9da161c6099be3691d,True,189.18590003158897,1,15000.8271484375,15234.0,1,189.11643500905484,77.45792099740356,0.0007730806246399879,0
sieve,1,31,bb98dd0bceac09d24db1ecb2af549a92:2cf3a7a3a65c:0:1,1ea442a134b2a184bd5d40104401f2a37fbc09ccf3f4bc9da161c6099be3691d,True,193.93429206684232,1,15000.8271484375,15234.0,1,193.86422401294112,77.70806399639696,0.0008408288122154772,0
sieve,1,32,bb98dd0bceac09d24db1ecb2af549a92:2cf3a7a3a65c:0:2,1ea442a134b2a184bd5d40104401f2a37fbc09ccf3f4bc9da161c6099be3691d,True,192.23202404100448,1,15000.8271484375,15234.0,1,192.16270500328392,77.7262729825452,0.000750106293708086,0
sieve,1,33,bb98dd0bceac09d24db1ecb2af549a92:2cf3a7a3a65c:0:3,85a39ab345d672ff8ca9b9c6876f3adcacf45ee7c1e2dbd2408fd338bd55e07e,True,189.81991906184703,1,15000.8271484375,15234.0,1,189.74641396198422,77.83222699072212,0.0017266965005546808,0
sieve,1,34,bb98dd0bceac09d24db1ecb2af549a92:2cf3a7a3a65c:0:4,85a39ab345d672ff8ca9b9c6876f3adcacf45ee7c1e2dbd2408fd338bd55e07e,True,192.34175002202392,1,15000.8271484375,15234.0,1,192.2775920247659,78.22772499639541,0.001063638017512858,0
sieve,1,35,b877dd782edba758ab429e3ee3de3329:97e16cc551e4:0:0,5feceb66ffc86f38d952786c6d696c79c2dbc239dd4e91b46729d73a27fb57e9,True,204.7307329485193,2,15017.73974609375,15234.0,2,203.92881403677166,91.86874108854681,0.0009652683511376381,0
sieve,1,36,b877dd782edba758ab429e3ee3de3329:97e16cc551e4:0:1,5feceb66ffc86f38d952786c6d696c79c2dbc239dd4e91b46729d73a27fb57e9,True,208.37623497936875,2,15017.73974609375,15234.0,2,207.6128670014441,92.27819903753698,0.0009677513735368848,0
sieve,1,37,b877dd782edba758ab429e3ee3de3329:97e16cc551e4:0:2,5feceb66ffc86f38d952786c6d696c79c2dbc239dd4e91b46729d73a27fb57e9,True,206.740005989559,2,15017.73974609375,15234.0,2,205.94085892662406,92.33926492743194,0.0008905075956135988,0
sieve,1,38,b877dd782edba758ab429e3ee3de3329:97e16cc551e4:0:3,5feceb66ffc86f38d952786c6d696c79c2dbc239dd4e91b46729d73a27fb57e9,True,206.78902207873762,2,15017.73974609375,15234.0,2,206.06278302147985,91.73121303319931,0.0009053370449692011,0
sieve,1,39,b877dd782edba758ab429e3ee3de3329:97e16cc551e4:0:4,6b86b273ff34fce19d6b804eff5a3f5747ada4eaa22f1d49c01e52ddb7875b4b,True,204.04605905059725,2,15017.73974609375,15234.0,2,203.3308739773929,91.80906298570335,0.0034974473528563976,0
sieve,1,40,b877dd782edba758ab429e3ee3de3329:dd7f6c9e007d:0:0,5feceb66ffc86f38d952786c6d696c79c2dbc239dd4e91b46729d73a27fb57e9,True,206.52296300977468,2,15017.73974609375,15234.0,2,205.77589003369212,92.76160108856857,0.0009652683511376381,0
sieve,1,41,b877dd782edba758ab429e3ee3de3329:dd7f6c9e007d:0:1,5feceb66ffc86f38d952786c6d696c79c2dbc239dd4e91b46729d73a27fb57e9,True,206.26761706080288,2,15017.73974609375,15234.0,2,205.5530200013891,91.76126797683537,0.0009677513735368848,0
sieve,1,42,b877dd782edba758ab429e3ee3de3329:dd7f6c9e007d:0:2,5feceb66ffc86f38d952786c6d696c79c2dbc239dd4e91b46729d73a27fb57e9,True,205.5634449934587,2,15017.73974609375,15234.0,2,204.78586305398494,92.80068997759372,0.0008905075956135988,0
sieve,1,43,b877dd782edba758ab429e3ee3de3329:dd7f6c9e007d:0:3,5feceb66ffc86f38d952786c6d696c79c2dbc239dd4e91b46729d73a27fb57e9,True,206.3835950102657,2,15017.73974609375,15234.0,2,205.65527700819075,91.52947599068284,0.0009053370449692011,0
sieve,1,44,b877dd782edba758ab429e3ee3de3329:dd7f6c9e007d:0:4,6b86b273ff34fce19d6b804eff5a3f5747ada4eaa22f1d49c01e52ddb7875b4b,True,204.96578293386847,2,15017.73974609375,15234.0,2,204.1559839854017,92.2924029873684,0.0034974473528563976,0
sieve,1,45,4f59fbf51a0a5bfb4dc5af02cf294693:993dac5396a0:0:0,082a3f27a64a793001365f40fd7d76058660d5148036e68127b7775445e5f79a,True,372.3921390483156,13,15024.7744140625,15234.0,2,220.24826298002154,102.36019897274673,0.0012076320126652718,0
sieve,1,46,4f59fbf51a0a5bfb4dc5af02cf294693:993dac5396a0:0:1,082a3f27a64a793001365f40fd7d76058660d5148036e68127b7775445e5f79a,True,372.09194304887205,13,15024.7744140625,15234.0,2,219.96466803830117,103.77608798444271,0.000960337754804641,0
sieve,1,47,4f59fbf51a0a5bfb4dc5af02cf294693:993dac5396a0:0:2,082a3f27a64a793001365f40fd7d76058660d5148036e68127b7775445e5f79a,True,372.95579793863,13,15024.7744140625,15234.0,2,220.6746229203418,103.08201296720654,0.0008838935755193233,0
sieve,1,48,4f59fbf51a0a5bfb4dc5af02cf294693:993dac5396a0:0:3,082a3f27a64a793001365f40fd7d76058660d5148036e68127b7775445e5f79a,True,372.91272601578385,13,15024.7744140625,15234.0,2,220.32207704614848,102.62126300949603,0.0010109232971444726,0
sieve,1,49,4f59fbf51a0a5bfb4dc5af02cf294693:993dac5396a0:0:4,cb1d05299ff18cc4eb1eafa80966fcf02838d32be4a86d290ced7caf197919ad,True,331.3804869540036,10,15024.7744140625,15234.0,2,220.36993398796767,102.53432102035731,0.0017339661717414856,0
predictor,0,0,1a938d25604410ccd63b60285919eaec:c627e50da685:0:0,70f89282fb4200d4c7cb83660e5e90d9cf2d989cdecf70c1f868239e5f542294,True,289.13781594019383,7,15021.759765625,15234.0,2,219.5065189152956,101.8537109484896,,
predictor,0,1,1a938d25604410ccd63b60285919eaec:c627e50da685:0:1,c709293d644a54f3b0d6270fc879317ff277c06c090c03c30f721b08140bbe7b,True,398.20545399561524,15,15021.759765625,15234.0,2,217.94469002634287,101.9589320058003,,
predictor,0,2,1a938d25604410ccd63b60285919eaec:c627e50da685:0:2,c709293d644a54f3b0d6270fc879317ff277c06c090c03c30f721b08140bbe7b,True,399.4108149781823,15,15021.759765625,15234.0,2,219.43306096363813,101.60050599370152,,
predictor,0,3,1a938d25604410ccd63b60285919eaec:c627e50da685:0:3,c709293d644a54f3b0d6270fc879317ff277c06c090c03c30f721b08140bbe7b,True,400.9558940306306,15,15021.759765625,15234.0,2,221.59323503728956,102.0813500508666,,
predictor,0,4,1a938d25604410ccd63b60285919eaec:c627e50da685:0:4,15905afe25f3666163b46d6b6948b985a7debd874743ae398a264536e830ec1f,True,289.6886670496315,7,15021.759765625,15234.0,2,220.18008399754763,101.88880597706884,,
predictor,0,5,49cd6149f02ec01ee03a6eb8287ab2df:f982e9dfaf25:0:0,5feceb66ffc86f38d952786c6d696c79c2dbc239dd4e91b46729d73a27fb57e9,True,205.1825299859047,2,15017.73974609375,15234.0,2,204.55916796345264,90.54263902362436,,
predictor,0,6,49cd6149f02ec01ee03a6eb8287ab2df:f982e9dfaf25:0:1,5feceb66ffc86f38d952786c6d696c79c2dbc239dd4e91b46729d73a27fb57e9,True,203.14526103902608,2,15017.73974609375,15234.0,2,202.5275439955294,90.82929894793779,,
predictor,0,7,49cd6149f02ec01ee03a6eb8287ab2df:f982e9dfaf25:0:2,5feceb66ffc86f38d952786c6d696c79c2dbc239dd4e91b46729d73a27fb57e9,True,204.5958690578118,2,15017.73974609375,15234.0,2,203.92188394907862,91.91479894798249,,
predictor,0,8,49cd6149f02ec01ee03a6eb8287ab2df:f982e9dfaf25:0:3,5feceb66ffc86f38d952786c6d696c79c2dbc239dd4e91b46729d73a27fb57e9,True,205.80758806318045,2,15017.73974609375,15234.0,2,205.17526601906866,90.81600897479802,,
predictor,0,9,49cd6149f02ec01ee03a6eb8287ab2df:f982e9dfaf25:0:4,5feceb66ffc86f38d952786c6d696c79c2dbc239dd4e91b46729d73a27fb57e9,True,203.76023603603244,2,15017.73974609375,15234.0,2,203.1458809506148,90.72426694910973,,
predictor,0,10,49cd6149f02ec01ee03a6eb8287ab2df:81739d7eb99c:0:0,5feceb66ffc86f38d952786c6d696c79c2dbc239dd4e91b46729d73a27fb57e9,True,203.64837301895022,2,15017.73974609375,15234.0,2,202.97430700156838,91.14411799237132,,
predictor,0,11,49cd6149f02ec01ee03a6eb8287ab2df:81739d7eb99c:0:1,5feceb66ffc86f38d952786c6d696c79c2dbc239dd4e91b46729d73a27fb57e9,True,205.97798202652484,2,15017.73974609375,15234.0,2,205.351694021374,90.84884903859347,,
predictor,0,12,49cd6149f02ec01ee03a6eb8287ab2df:81739d7eb99c:0:2,5feceb66ffc86f38d952786c6d696c79c2dbc239dd4e91b46729d73a27fb57e9,True,203.62672698684037,2,15017.73974609375,15234.0,2,202.98812293913215,91.12787793856114,,
predictor,0,13,49cd6149f02ec01ee03a6eb8287ab2df:81739d7eb99c:0:3,5feceb66ffc86f38d952786c6d696c79c2dbc239dd4e91b46729d73a27fb57e9,True,205.94707306008786,2,15017.73974609375,15234.0,2,205.30572801362723,90.8329359954223,,
predictor,0,14,49cd6149f02ec01ee03a6eb8287ab2df:81739d7eb99c:0:4,5feceb66ffc86f38d952786c6d696c79c2dbc239dd4e91b46729d73a27fb57e9,True,205.95096598844975,2,15017.73974609375,15234.0,2,205.31906094402075,91.50480292737484,,
predictor,0,15,c6050fe51d3408b1eaef27e08e7f1956:1458b54ae2f6:0:0,d656de69c0da6209d397a8d5f7affee137ddc3be7811a9522dee62d3b10d52c8,True,302.017995971255,8,15028.443359375,15234.0,2,218.73558801598847,102.23986196797341,,
predictor,0,16,c6050fe51d3408b1eaef27e08e7f1956:1458b54ae2f6:0:1,cdb81c63cda0b6ef0b2a1260fb987458ab47d5bebf8b78c6355a3a6dc164506d,True,330.34661202691495,10,15028.443359375,15234.0,2,219.39649200066924,101.56316799111664,,
predictor,0,17,c6050fe51d3408b1eaef27e08e7f1956:1458b54ae2f6:0:2,fe50179dd819d03ae1216ed234b97e224965b782031f3c44efdb45fd96b23cd1,True,315.93139795586467,9,15028.443359375,15234.0,2,217.87195303477347,102.18063904903829,,
predictor,0,18,c6050fe51d3408b1eaef27e08e7f1956:1458b54ae2f6:0:3,193405ed8b35f3ee7bb64910e10c564fde35fef8c1a936749daf66c5d021ba99,True,261.5404139505699,5,15028.443359375,15234.0,2,219.643704011105,101.85144806746393,,
predictor,0,19,c6050fe51d3408b1eaef27e08e7f1956:1458b54ae2f6:0:4,b95e2705d5a356fbf1413fffbb51166a15189a8408c65518ca1e169bb0b681ec,True,341.4681409485638,11,15028.443359375,15234.0,2,217.3147809226066,101.98459192179143,,
predictor,0,20,c6050fe51d3408b1eaef27e08e7f1956:e4e99a4d6532:0:0,d656de69c0da6209d397a8d5f7affee137ddc3be7811a9522dee62d3b10d52c8,True,303.4102818928659,8,15028.443359375,15234.0,2,220.53872188553214,102.23155398853123,,
predictor,0,21,c6050fe51d3408b1eaef27e08e7f1956:e4e99a4d6532:0:1,cdb81c63cda0b6ef0b2a1260fb987458ab47d5bebf8b78c6355a3a6dc164506d,True,329.1859289165586,10,15028.443359375,15234.0,2,218.53375399950892,102.3357150843367,,
predictor,0,22,c6050fe51d3408b1eaef27e08e7f1956:e4e99a4d6532:0:2,fe50179dd819d03ae1216ed234b97e224965b782031f3c44efdb45fd96b23cd1,True,316.4609030354768,9,15028.443359375,15234.0,2,219.48853402864188,101.5920180361718,,
predictor,0,23,c6050fe51d3408b1eaef27e08e7f1956:e4e99a4d6532:0:3,193405ed8b35f3ee7bb64910e10c564fde35fef8c1a936749daf66c5d021ba99,True,259.9552220199257,5,15028.443359375,15234.0,2,218.0726130027324,102.39446396008134,,
predictor,0,24,c6050fe51d3408b1eaef27e08e7f1956:e4e99a4d6532:0:4,b95e2705d5a356fbf1413fffbb51166a15189a8408c65518ca1e169bb0b681ec,True,344.2403810331598,11,15028.443359375,15234.0,2,219.90511799231172,101.69175395276397,,
predictor,0,25,bb98dd0bceac09d24db1ecb2af549a92:377f7f0dd150:0:0,1ea442a134b2a184bd5d40104401f2a37fbc09ccf3f4bc9da161c6099be3691d,True,189.0793580096215,1,15000.8271484375,15234.0,1,189.01600094977766,77.01986096799374,,
predictor,0,26,bb98dd0bceac09d24db1ecb2af549a92:377f7f0dd150:0:1,1ea442a134b2a184bd5d40104401f2a37fbc09ccf3f4bc9da161c6099be3691d,True,191.4432339835912,1,15000.8271484375,15234.0,1,191.38816301710904,77.15212705079466,,
predictor,0,27,bb98dd0bceac09d24db1ecb2af549a92:377f7f0dd150:0:2,1ea442a134b2a184bd5d40104401f2a37fbc09ccf3f4bc9da161c6099be3691d,True,188.34325997158885,1,15000.8271484375,15234.0,1,188.29112395178527,76.59635099116713,,
predictor,0,28,bb98dd0bceac09d24db1ecb2af549a92:377f7f0dd150:0:3,85a39ab345d672ff8ca9b9c6876f3adcacf45ee7c1e2dbd2408fd338bd55e07e,True,188.1162830395624,1,15000.8271484375,15234.0,1,188.06501803919673,76.64971798658371,,
predictor,0,29,bb98dd0bceac09d24db1ecb2af549a92:377f7f0dd150:0:4,85a39ab345d672ff8ca9b9c6876f3adcacf45ee7c1e2dbd2408fd338bd55e07e,True,188.48541099578142,1,15000.8271484375,15234.0,1,188.42821998987347,76.59295294433832,,
predictor,0,30,bb98dd0bceac09d24db1ecb2af549a92:2cf3a7a3a65c:0:0,1ea442a134b2a184bd5d40104401f2a37fbc09ccf3f4bc9da161c6099be3691d,True,190.5452369246632,1,15000.8271484375,15234.0,1,190.49135595560074,76.60509494598955,,
predictor,0,31,bb98dd0bceac09d24db1ecb2af549a92:2cf3a7a3a65c:0:1,1ea442a134b2a184bd5d40104401f2a37fbc09ccf3f4bc9da161c6099be3691d,True,188.38911806233227,1,15000.8271484375,15234.0,1,188.33670997992158,76.60739601124078,,
predictor,0,32,bb98dd0bceac09d24db1ecb2af549a92:2cf3a7a3a65c:0:2,1ea442a134b2a184bd5d40104401f2a37fbc09ccf3f4bc9da161c6099be3691d,True,188.864010036923,1,15000.8271484375,15234.0,1,188.80501703824848,77.12052401620895,,
predictor,0,33,bb98dd0bceac09d24db1ecb2af549a92:2cf3a7a3a65c:0:3,85a39ab345d672ff8ca9b9c6876f3adcacf45ee7c1e2dbd2408fd338bd55e07e,True,190.99291693419218,1,15000.8271484375,15234.0,1,190.93840999994427,76.64935209322721,,
predictor,0,34,bb98dd0bceac09d24db1ecb2af549a92:2cf3a7a3a65c:0:4,85a39ab345d672ff8ca9b9c6876f3adcacf45ee7c1e2dbd2408fd338bd55e07e,True,188.16695001441985,1,15000.8271484375,15234.0,1,188.11666499823332,76.58973790239543,,
predictor,0,35,b877dd782edba758ab429e3ee3de3329:97e16cc551e4:0:0,5feceb66ffc86f38d952786c6d696c79c2dbc239dd4e91b46729d73a27fb57e9,True,203.45483999699354,2,15017.73974609375,15234.0,2,202.77556602377445,91.2138739367947,,
predictor,0,36,b877dd782edba758ab429e3ee3de3329:97e16cc551e4:0:1,5feceb66ffc86f38d952786c6d696c79c2dbc239dd4e91b46729d73a27fb57e9,True,205.64626902341843,2,15017.73974609375,15234.0,2,205.0069449469447,91.01054293569177,,
predictor,0,37,b877dd782edba758ab429e3ee3de3329:97e16cc551e4:0:2,5feceb66ffc86f38d952786c6d696c79c2dbc239dd4e91b46729d73a27fb57e9,True,203.57261097524315,2,15017.73974609375,15234.0,2,202.96160003636032,91.23784897383302,,
predictor,0,38,b877dd782edba758ab429e3ee3de3329:97e16cc551e4:0:3,5feceb66ffc86f38d952786c6d696c79c2dbc239dd4e91b46729d73a27fb57e9,True,219.59390095435083,2,15017.73974609375,15234.0,2,218.9070408931002,91.4508729474619,,
predictor,0,39,b877dd782edba758ab429e3ee3de3329:97e16cc551e4:0:4,6b86b273ff34fce19d6b804eff5a3f5747ada4eaa22f1d49c01e52ddb7875b4b,True,206.79731492418796,2,15017.73974609375,15234.0,2,206.12910599447787,91.42745903227478,,
predictor,0,40,b877dd782edba758ab429e3ee3de3329:dd7f6c9e007d:0:0,5feceb66ffc86f38d952786c6d696c79c2dbc239dd4e91b46729d73a27fb57e9,True,206.66590391192585,2,15017.73974609375,15234.0,2,206.0065029654652,91.49381099268794,,
predictor,0,41,b877dd782edba758ab429e3ee3de3329:dd7f6c9e007d:0:1,5feceb66ffc86f38d952786c6d696c79c2dbc239dd4e91b46729d73a27fb57e9,True,206.80427900515497,2,15017.73974609375,15234.0,2,206.12608606461436,91.98242099955678,,
predictor,0,42,b877dd782edba758ab429e3ee3de3329:dd7f6c9e007d:0:2,5feceb66ffc86f38d952786c6d696c79c2dbc239dd4e91b46729d73a27fb57e9,True,205.77339397277683,2,15017.73974609375,15234.0,2,205.15190390869975,90.99763596896082,,
predictor,0,43,b877dd782edba758ab429e3ee3de3329:dd7f6c9e007d:0:3,5feceb66ffc86f38d952786c6d696c79c2dbc239dd4e91b46729d73a27fb57e9,True,204.8376720631495,2,15017.73974609375,15234.0,2,204.2108690366149,90.7448889920488,,
predictor,0,44,b877dd782edba758ab429e3ee3de3329:dd7f6c9e007d:0:4,6b86b273ff34fce19d6b804eff5a3f5747ada4eaa22f1d49c01e52ddb7875b4b,True,204.9064269522205,2,15017.73974609375,15234.0,2,204.2471170425415,91.14267607219517,,
predictor,0,45,4f59fbf51a0a5bfb4dc5af02cf294693:993dac5396a0:0:0,082a3f27a64a793001365f40fd7d76058660d5148036e68127b7775445e5f79a,True,370.8509779535234,13,15024.7744140625,15234.0,2,219.58994294982404,101.48222302086651,,
predictor,0,46,4f59fbf51a0a5bfb4dc5af02cf294693:993dac5396a0:0:1,082a3f27a64a793001365f40fd7d76058660d5148036e68127b7775445e5f79a,True,371.50879902765155,13,15024.7744140625,15234.0,2,220.5656630685553,101.43655899446458,,
predictor,0,47,4f59fbf51a0a5bfb4dc5af02cf294693:993dac5396a0:0:2,082a3f27a64a793001365f40fd7d76058660d5148036e68127b7775445e5f79a,True,369.84348902478814,13,15024.7744140625,15234.0,2,218.7063080491498,102.79051901306957,,
predictor,0,48,4f59fbf51a0a5bfb4dc5af02cf294693:993dac5396a0:0:3,082a3f27a64a793001365f40fd7d76058660d5148036e68127b7775445e5f79a,True,370.83901406731457,13,15024.7744140625,15234.0,2,219.46482302155346,101.77481197752059,,
predictor,0,49,4f59fbf51a0a5bfb4dc5af02cf294693:993dac5396a0:0:4,cb1d05299ff18cc4eb1eafa80966fcf02838d32be4a86d290ced7caf197919ad,True,331.46701205987483,10,15024.7744140625,15234.0,2,220.65692208707333,101.71054909005761,,
predictor,1,0,1a938d25604410ccd63b60285919eaec:c627e50da685:0:0,70f89282fb4200d4c7cb83660e5e90d9cf2d989cdecf70c1f868239e5f542294,True,289.56716193351895,7,15021.759765625,15234.0,2,219.78800697252154,102.07687597721815,,
predictor,1,1,1a938d25604410ccd63b60285919eaec:c627e50da685:0:1,c709293d644a54f3b0d6270fc879317ff277c06c090c03c30f721b08140bbe7b,True,399.6924039674923,15,15021.759765625,15234.0,2,220.09266098029912,101.78133193403482,,
predictor,1,2,1a938d25604410ccd63b60285919eaec:c627e50da685:0:2,c709293d644a54f3b0d6270fc879317ff277c06c090c03c30f721b08140bbe7b,True,399.94573406875134,15,15021.759765625,15234.0,2,220.51182109862566,101.84058803133667,,
predictor,1,3,1a938d25604410ccd63b60285919eaec:c627e50da685:0:3,c709293d644a54f3b0d6270fc879317ff277c06c090c03c30f721b08140bbe7b,True,400.7596579613164,15,15021.759765625,15234.0,2,221.2182879447937,102.45975491125137,,
predictor,1,4,1a938d25604410ccd63b60285919eaec:c627e50da685:0:4,15905afe25f3666163b46d6b6948b985a7debd874743ae398a264536e830ec1f,True,290.03868298605084,7,15021.759765625,15234.0,2,220.16341297421604,101.74126096535474,,
predictor,1,5,49cd6149f02ec01ee03a6eb8287ab2df:f982e9dfaf25:0:0,5feceb66ffc86f38d952786c6d696c79c2dbc239dd4e91b46729d73a27fb57e9,True,206.84366498608142,2,15017.73974609375,15234.0,2,206.20795292779803,91.07204189058393,,
predictor,1,6,49cd6149f02ec01ee03a6eb8287ab2df:f982e9dfaf25:0:1,5feceb66ffc86f38d952786c6d696c79c2dbc239dd4e91b46729d73a27fb57e9,True,203.26552004553378,2,15017.73974609375,15234.0,2,202.65099103562534,90.90123197529465,,
predictor,1,7,49cd6149f02ec01ee03a6eb8287ab2df:f982e9dfaf25:0:2,5feceb66ffc86f38d952786c6d696c79c2dbc239dd4e91b46729d73a27fb57e9,True,204.023067955859,2,15017.73974609375,15234.0,2,203.34463205654174,91.49321005679667,,
predictor,1,8,49cd6149f02ec01ee03a6eb8287ab2df:f982e9dfaf25:0:3,5feceb66ffc86f38d952786c6d696c79c2dbc239dd4e91b46729d73a27fb57e9,True,228.26149908360094,2,15017.73974609375,15234.0,2,227.61610499583185,91.30003093741834,,
predictor,1,9,49cd6149f02ec01ee03a6eb8287ab2df:f982e9dfaf25:0:4,5feceb66ffc86f38d952786c6d696c79c2dbc239dd4e91b46729d73a27fb57e9,True,219.49868299998343,2,15017.73974609375,15234.0,2,218.81189697887748,91.40705899335444,,
predictor,1,10,49cd6149f02ec01ee03a6eb8287ab2df:81739d7eb99c:0:0,5feceb66ffc86f38d952786c6d696c79c2dbc239dd4e91b46729d73a27fb57e9,True,206.40876807738096,2,15017.73974609375,15234.0,2,205.7740360032767,90.76029597781599,,
predictor,1,11,49cd6149f02ec01ee03a6eb8287ab2df:81739d7eb99c:0:1,5feceb66ffc86f38d952786c6d696c79c2dbc239dd4e91b46729d73a27fb57e9,True,203.9436399936676,2,15017.73974609375,15234.0,2,203.3206339692697,91.19126398582011,,
predictor,1,12,49cd6149f02ec01ee03a6eb8287ab2df:81739d7eb99c:0:2,5feceb66ffc86f38d952786c6d696c79c2dbc239dd4e91b46729d73a27fb57e9,True,206.5870229853317,2,15017.73974609375,15234.0,2,205.95083897933364,91.21914301067591,,
predictor,1,13,49cd6149f02ec01ee03a6eb8287ab2df:81739d7eb99c:0:3,5feceb66ffc86f38d952786c6d696c79c2dbc239dd4e91b46729d73a27fb57e9,True,205.57622204069048,2,15017.73974609375,15234.0,2,204.96390794869512,90.90163197834045,,
predictor,1,14,49cd6149f02ec01ee03a6eb8287ab2df:81739d7eb99c:0:4,5feceb66ffc86f38d952786c6d696c79c2dbc239dd4e91b46729d73a27fb57e9,True,205.2363350521773,2,15017.73974609375,15234.0,2,204.56371700856835,91.47067903541028,,
predictor,1,15,c6050fe51d3408b1eaef27e08e7f1956:1458b54ae2f6:0:0,d656de69c0da6209d397a8d5f7affee137ddc3be7811a9522dee62d3b10d52c8,True,303.949263994582,8,15028.443359375,15234.0,2,220.81543097738177,102.44063392747194,,
predictor,1,16,c6050fe51d3408b1eaef27e08e7f1956:1458b54ae2f6:0:1,cdb81c63cda0b6ef0b2a1260fb987458ab47d5bebf8b78c6355a3a6dc164506d,True,329.09101399127394,10,15028.443359375,15234.0,2,218.52119895629585,102.31695894617587,,
predictor,1,17,c6050fe51d3408b1eaef27e08e7f1956:1458b54ae2f6:0:2,fe50179dd819d03ae1216ed234b97e224965b782031f3c44efdb45fd96b23cd1,True,316.8323819991201,9,15028.443359375,15234.0,2,219.93332693818957,101.69819893781096,,
predictor,1,18,c6050fe51d3408b1eaef27e08e7f1956:1458b54ae2f6:0:3,193405ed8b35f3ee7bb64910e10c564fde35fef8c1a936749daf66c5d021ba99,True,264.39718599431217,5,15028.443359375,15234.0,2,222.34302898868918,102.12669102475047,,
predictor,1,19,c6050fe51d3408b1eaef27e08e7f1956:1458b54ae2f6:0:4,b95e2705d5a356fbf1413fffbb51166a15189a8408c65518ca1e169bb0b681ec,True,342.66507299616933,11,15028.443359375,15234.0,2,218.08689599856734,101.7101570032537,,
predictor,1,20,c6050fe51d3408b1eaef27e08e7f1956:e4e99a4d6532:0:0,d656de69c0da6209d397a8d5f7affee137ddc3be7811a9522dee62d3b10d52c8,True,302.8684350429103,8,15028.443359375,15234.0,2,219.5434559835121,101.76014294847846,,
predictor,1,21,c6050fe51d3408b1eaef27e08e7f1956:e4e99a4d6532:0:1,cdb81c63cda0b6ef0b2a1260fb987458ab47d5bebf8b78c6355a3a6dc164506d,True,329.62210092227906,10,15028.443359375,15234.0,2,218.56464899610728,102.53066406585276,,
predictor,1,22,c6050fe51d3408b1eaef27e08e7f1956:e4e99a4d6532:0:2,fe50179dd819d03ae1216ed234b97e224965b782031f3c44efdb45fd96b23cd1,True,317.6885889843106,9,15028.443359375,15234.0,2,220.19713500048965,102.02029801439494,,
predictor,1,23,c6050fe51d3408b1eaef27e08e7f1956:e4e99a4d6532:0:3,193405ed8b35f3ee7bb64910e10c564fde35fef8c1a936749daf66c5d021ba99,True,262.0334450621158,5,15028.443359375,15234.0,2,219.81761406641454,102.62576199602336,,
predictor,1,24,c6050fe51d3408b1eaef27e08e7f1956:e4e99a4d6532:0:4,b95e2705d5a356fbf1413fffbb51166a15189a8408c65518ca1e169bb0b681ec,True,346.08614002354443,11,15028.443359375,15234.0,2,221.17412008810788,102.22921206150204,,
predictor,1,25,bb98dd0bceac09d24db1ecb2af549a92:377f7f0dd150:0:0,1ea442a134b2a184bd5d40104401f2a37fbc09ccf3f4bc9da161c6099be3691d,True,192.34561698976904,1,15000.8271484375,15234.0,1,192.2903839731589,76.89726306125522,,
predictor,1,26,bb98dd0bceac09d24db1ecb2af549a92:377f7f0dd150:0:1,1ea442a134b2a184bd5d40104401f2a37fbc09ccf3f4bc9da161c6099be3691d,True,189.90641098935157,1,15000.8271484375,15234.0,1,189.8501489777118,76.75639993976802,,
predictor,1,27,bb98dd0bceac09d24db1ecb2af549a92:377f7f0dd150:0:2,1ea442a134b2a184bd5d40104401f2a37fbc09ccf3f4bc9da161c6099be3691d,True,189.82889398466796,1,15000.8271484375,15234.0,1,189.7743259323761,76.62988698575646,,
predictor,1,28,bb98dd0bceac09d24db1ecb2af549a92:377f7f0dd150:0:3,85a39ab345d672ff8ca9b9c6876f3adcacf45ee7c1e2dbd2408fd338bd55e07e,True,190.5209160177037,1,15000.8271484375,15234.0,1,190.46596193220466,77.44656794238836,,
predictor,1,29,bb98dd0bceac09d24db1ecb2af549a92:377f7f0dd150:0:4,85a39ab345d672ff8ca9b9c6876f3adcacf45ee7c1e2dbd2408fd338bd55e07e,True,190.95188996288925,1,15000.8271484375,15234.0,1,190.90098899323493,76.69930998235941,,
predictor,1,30,bb98dd0bceac09d24db1ecb2af549a92:2cf3a7a3a65c:0:0,1ea442a134b2a184bd5d40104401f2a37fbc09ccf3f4bc9da161c6099be3691d,True,189.91132895462215,1,15000.8271484375,15234.0,1,189.84996201470494,77.20607903320342,,
predictor,1,31,bb98dd0bceac09d24db1ecb2af549a92:2cf3a7a3a65c:0:1,1ea442a134b2a184bd5d40104401f2a37fbc09ccf3f4bc9da161c6099be3691d,True,191.37819996103644,1,15000.8271484375,15234.0,1,191.32636196445674,76.85265399049968,,
predictor,1,32,bb98dd0bceac09d24db1ecb2af549a92:2cf3a7a3a65c:0:2,1ea442a134b2a184bd5d40104401f2a37fbc09ccf3f4bc9da161c6099be3691d,True,188.47117491532117,1,15000.8271484375,15234.0,1,188.41941794380546,76.50347601156682,,
predictor,1,33,bb98dd0bceac09d24db1ecb2af549a92:2cf3a7a3a65c:0:3,85a39ab345d672ff8ca9b9c6876f3adcacf45ee7c1e2dbd2408fd338bd55e07e,True,189.65161603409797,1,15000.8271484375,15234.0,1,189.58489305805415,77.43367797229439,,
predictor,1,34,bb98dd0bceac09d24db1ecb2af549a92:2cf3a7a3a65c:0:4,85a39ab345d672ff8ca9b9c6876f3adcacf45ee7c1e2dbd2408fd338bd55e07e,True,191.14699098281562,1,15000.8271484375,15234.0,1,191.09414494596422,76.64440292865038,,
predictor,1,35,b877dd782edba758ab429e3ee3de3329:97e16cc551e4:0:0,5feceb66ffc86f38d952786c6d696c79c2dbc239dd4e91b46729d73a27fb57e9,True,204.30717105045915,2,15017.73974609375,15234.0,2,203.68204696569592,91.30308695603162,,
predictor,1,36,b877dd782edba758ab429e3ee3de3329:97e16cc551e4:0:1,5feceb66ffc86f38d952786c6d696c79c2dbc239dd4e91b46729d73a27fb57e9,True,204.31072800420225,2,15017.73974609375,15234.0,2,203.63147696480155,91.58452902920544,,
predictor,1,37,b877dd782edba758ab429e3ee3de3329:97e16cc551e4:0:2,5feceb66ffc86f38d952786c6d696c79c2dbc239dd4e91b46729d73a27fb57e9,True,206.46050409413874,2,15017.73974609375,15234.0,2,205.83690609782934,90.97208804450929,,
predictor,1,38,b877dd782edba758ab429e3ee3de3329:97e16cc551e4:0:3,5feceb66ffc86f38d952786c6d696c79c2dbc239dd4e91b46729d73a27fb57e9,True,203.77185998950154,2,15017.73974609375,15234.0,2,203.07918591424823,91.10305900685489,,
predictor,1,39,b877dd782edba758ab429e3ee3de3329:97e16cc551e4:0:4,6b86b273ff34fce19d6b804eff5a3f5747ada4eaa22f1d49c01e52ddb7875b4b,True,206.39108296018094,2,15017.73974609375,15234.0,2,205.76909999363124,90.99886892363429,,
predictor,1,40,b877dd782edba758ab429e3ee3de3329:dd7f6c9e007d:0:0,5feceb66ffc86f38d952786c6d696c79c2dbc239dd4e91b46729d73a27fb57e9,True,203.2226239098236,2,15017.73974609375,15234.0,2,202.60159391909838,90.76120494864881,,
predictor,1,41,b877dd782edba758ab429e3ee3de3329:dd7f6c9e007d:0:1,5feceb66ffc86f38d952786c6d696c79c2dbc239dd4e91b46729d73a27fb57e9,True,204.16855404619128,2,15017.73974609375,15234.0,2,203.48302798811346,91.60672291181982,,
predictor,1,42,b877dd782edba758ab429e3ee3de3329:dd7f6c9e007d:0:2,5feceb66ffc86f38d952786c6d696c79c2dbc239dd4e91b46729d73a27fb57e9,True,206.8633590824902,2,15017.73974609375,15234.0,2,206.23355300631374,91.57521091401577,,
predictor,1,43,b877dd782edba758ab429e3ee3de3329:dd7f6c9e007d:0:3,5feceb66ffc86f38d952786c6d696c79c2dbc239dd4e91b46729d73a27fb57e9,True,203.7066569318995,2,15017.73974609375,15234.0,2,203.04596796631813,91.04093501809984,,
predictor,1,44,b877dd782edba758ab429e3ee3de3329:dd7f6c9e007d:0:4,6b86b273ff34fce19d6b804eff5a3f5747ada4eaa22f1d49c01e52ddb7875b4b,True,207.60637894272804,2,15017.73974609375,15234.0,2,206.96378499269485,91.15203400142491,,
predictor,1,45,4f59fbf51a0a5bfb4dc5af02cf294693:993dac5396a0:0:0,082a3f27a64a793001365f40fd7d76058660d5148036e68127b7775445e5f79a,True,371.5919971000403,13,15024.7744140625,15234.0,2,219.38630798831582,101.93933197297156,,
predictor,1,46,4f59fbf51a0a5bfb4dc5af02cf294693:993dac5396a0:0:1,082a3f27a64a793001365f40fd7d76058660d5148036e68127b7775445e5f79a,True,372.00548697728664,13,15024.7744140625,15234.0,2,219.84993398655206,101.78149794228375,,
predictor,1,47,4f59fbf51a0a5bfb4dc5af02cf294693:993dac5396a0:0:2,082a3f27a64a793001365f40fd7d76058660d5148036e68127b7775445e5f79a,True,372.8161809267476,13,15024.7744140625,15234.0,2,220.31147591769695,102.05780493561178,,
predictor,1,48,4f59fbf51a0a5bfb4dc5af02cf294693:993dac5396a0:0:3,082a3f27a64a793001365f40fd7d76058660d5148036e68127b7775445e5f79a,True,373.0338579043746,13,15024.7744140625,15234.0,2,220.54294892586768,102.56303299684078,,
predictor,1,49,4f59fbf51a0a5bfb4dc5af02cf294693:993dac5396a0:0:4,cb1d05299ff18cc4eb1eafa80966fcf02838d32be4a86d290ced7caf197919ad,True,331.41331700608134,10,15024.7744140625,15234.0,2,220.29993298929185,102.56857902277261,,
monitor,0,0,1a938d25604410ccd63b60285919eaec:c627e50da685:0:0,70f89282fb4200d4c7cb83660e5e90d9cf2d989cdecf70c1f868239e5f542294,True,287.66186302527785,7,15020.76318359375,15234.0,2,218.1613229913637,99.56237697042525,,
monitor,0,1,1a938d25604410ccd63b60285919eaec:c627e50da685:0:1,c709293d644a54f3b0d6270fc879317ff277c06c090c03c30f721b08140bbe7b,True,396.7459349660203,15,15020.76318359375,15234.0,2,216.61926596425474,100.18187295645475,,
monitor,0,2,1a938d25604410ccd63b60285919eaec:c627e50da685:0:2,c709293d644a54f3b0d6270fc879317ff277c06c090c03c30f721b08140bbe7b,True,396.9086779979989,15,15020.76318359375,15234.0,2,217.591235996224,99.2562590399757,,
monitor,0,3,1a938d25604410ccd63b60285919eaec:c627e50da685:0:3,c709293d644a54f3b0d6270fc879317ff277c06c090c03c30f721b08140bbe7b,True,395.76784998644143,15,15020.76318359375,15234.0,2,217.42718294262886,99.31144490838051,,
monitor,0,4,1a938d25604410ccd63b60285919eaec:c627e50da685:0:4,15905afe25f3666163b46d6b6948b985a7debd874743ae398a264536e830ec1f,True,288.20279194042087,7,15020.76318359375,15234.0,2,218.716845032759,99.93317199405283,,
monitor,0,5,49cd6149f02ec01ee03a6eb8287ab2df:f982e9dfaf25:0:0,5feceb66ffc86f38d952786c6d696c79c2dbc239dd4e91b46729d73a27fb57e9,True,201.95439201779664,2,15016.7431640625,15234.0,2,201.3165489770472,88.64586800336838,,
monitor,0,6,49cd6149f02ec01ee03a6eb8287ab2df:f982e9dfaf25:0:1,5feceb66ffc86f38d952786c6d696c79c2dbc239dd4e91b46729d73a27fb57e9,True,202.023294987157,2,15016.7431640625,15234.0,2,201.3073810376227,89.17261299211532,,
monitor,0,7,49cd6149f02ec01ee03a6eb8287ab2df:f982e9dfaf25:0:2,5feceb66ffc86f38d952786c6d696c79c2dbc239dd4e91b46729d73a27fb57e9,True,204.3261049548164,2,15016.7431640625,15234.0,2,203.6776669556275,88.71244895271957,,
monitor,0,8,49cd6149f02ec01ee03a6eb8287ab2df:f982e9dfaf25:0:3,5feceb66ffc86f38d952786c6d696c79c2dbc239dd4e91b46729d73a27fb57e9,True,201.9886439666152,2,15016.7431640625,15234.0,2,201.3412070227787,88.84468697942793,,
monitor,0,9,49cd6149f02ec01ee03a6eb8287ab2df:f982e9dfaf25:0:4,5feceb66ffc86f38d952786c6d696c79c2dbc239dd4e91b46729d73a27fb57e9,True,201.86765200924128,2,15016.7431640625,15234.0,2,201.17380504962057,88.84543599560857,,
monitor,0,10,49cd6149f02ec01ee03a6eb8287ab2df:81739d7eb99c:0:0,5feceb66ffc86f38d952786c6d696c79c2dbc239dd4e91b46729d73a27fb57e9,True,203.9802559884265,2,15016.7431640625,15234.0,2,203.33668496459723,88.73670897446573,,
monitor,0,11,49cd6149f02ec01ee03a6eb8287ab2df:81739d7eb99c:0:1,5feceb66ffc86f38d952786c6d696c79c2dbc239dd4e91b46729d73a27fb57e9,True,201.62933599203825,2,15016.7431640625,15234.0,2,200.9880559053272,88.77264894545078,,
monitor,0,12,49cd6149f02ec01ee03a6eb8287ab2df:81739d7eb99c:0:2,5feceb66ffc86f38d952786c6d696c79c2dbc239dd4e91b46729d73a27fb57e9,True,202.17851700726897,2,15016.7431640625,15234.0,2,201.48198900278658,89.4994749687612,,
monitor,0,13,49cd6149f02ec01ee03a6eb8287ab2df:81739d7eb99c:0:3,5feceb66ffc86f38d952786c6d696c79c2dbc239dd4e91b46729d73a27fb57e9,True,203.26745905913413,2,15016.7431640625,15234.0,2,202.60209206026047,88.31584500148892,,
monitor,0,14,49cd6149f02ec01ee03a6eb8287ab2df:81739d7eb99c:0:4,5feceb66ffc86f38d952786c6d696c79c2dbc239dd4e91b46729d73a27fb57e9,True,202.75108492933214,2,15016.7431640625,15234.0,2,202.02817395329475,88.94748496823013,,
monitor,0,15,c6050fe51d3408b1eaef27e08e7f1956:1458b54ae2f6:0:0,d656de69c0da6209d397a8d5f7affee137ddc3be7811a9522dee62d3b10d52c8,True,301.13251507282257,8,15027.44677734375,15234.0,2,218.06182502768934,99.64771999511868,,
monitor,0,16,c6050fe51d3408b1eaef27e08e7f1956:1458b54ae2f6:0:1,cdb81c63cda0b6ef0b2a1260fb987458ab47d5bebf8b78c6355a3a6dc164506d,True,327.77775707654655,10,15027.44677734375,15234.0,2,216.67906397487968,99.82098697219044,,
monitor,0,17,c6050fe51d3408b1eaef27e08e7f1956:1458b54ae2f6:0:2,fe50179dd819d03ae1216ed234b97e224965b782031f3c44efdb45fd96b23cd1,True,315.4443750390783,9,15027.44677734375,15234.0,2,218.4553729603067,99.7013800079003,,
monitor,0,18,c6050fe51d3408b1eaef27e08e7f1956:1458b54ae2f6:0:3,193405ed8b35f3ee7bb64910e10c564fde35fef8c1a936749daf66c5d021ba99,True,257.7314890222624,5,15027.44677734375,15234.0,2,215.73658101260662,99.83545506838709,,
monitor,0,19,c6050fe51d3408b1eaef27e08e7f1956:1458b54ae2f6:0:4,b95e2705d5a356fbf1413fffbb51166a15189a8408c65518ca1e169bb0b681ec,True,342.30498608667403,11,15027.44677734375,15234.0,2,218.02619902882725,99.94462202303112,,
monitor,0,20,c6050fe51d3408b1eaef27e08e7f1956:e4e99a4d6532:0:0,d656de69c0da6209d397a8d5f7affee137ddc3be7811a9522dee62d3b10d52c8,True,298.9539869595319,8,15027.44677734375,15234.0,2,215.75819700956345,100.05874407943338,,
monitor,0,21,c6050fe51d3408b1eaef27e08e7f1956:e4e99a4d6532:0:1,cdb81c63cda0b6ef0b2a1260fb987458ab47d5bebf8b78c6355a3a6dc164506d,True,328.39550101198256,10,15027.44677734375,15234.0,2,217.6024200161919,99.2424349533394,,
monitor,0,22,c6050fe51d3408b1eaef27e08e7f1956:e4e99a4d6532:0:2,fe50179dd819d03ae1216ed234b97e224965b782031f3c44efdb45fd96b23cd1,True,312.7680430188775,9,15027.44677734375,15234.0,2,215.60325601603836,99.52235291711986,,
monitor,0,23,c6050fe51d3408b1eaef27e08e7f1956:e4e99a4d6532:0:3,193405ed8b35f3ee7bb64910e10c564fde35fef8c1a936749daf66c5d021ba99,True,260.3025439893827,5,15027.44677734375,15234.0,2,218.43130502384156,99.83254200778902,,
monitor,0,24,c6050fe51d3408b1eaef27e08e7f1956:e4e99a4d6532:0:4,b95e2705d5a356fbf1413fffbb51166a15189a8408c65518ca1e169bb0b681ec,True,343.3185269823298,11,15027.44677734375,15234.0,2,219.3668580148369,99.62841810192913,,
monitor,0,25,bb98dd0bceac09d24db1ecb2af549a92:377f7f0dd150:0:0,1ea442a134b2a184bd5d40104401f2a37fbc09ccf3f4bc9da161c6099be3691d,True,190.8097140258178,1,14999.83056640625,15234.0,1,190.7577570527792,75.22268395405263,,
monitor,0,26,bb98dd0bceac09d24db1ecb2af549a92:377f7f0dd150:0:1,1ea442a134b2a184bd5d40104401f2a37fbc09ccf3f4bc9da161c6099be3691d,True,188.8928950065747,1,14999.83056640625,15234.0,1,188.83995804935694,75.66140603739768,,
monitor,0,27,bb98dd0bceac09d24db1ecb2af549a92:377f7f0dd150:0:2,1ea442a134b2a184bd5d40104401f2a37fbc09ccf3f4bc9da161c6099be3691d,True,192.0180319575593,1,14999.83056640625,15234.0,1,191.96313596330583,75.43217402417213,,
monitor,0,28,bb98dd0bceac09d24db1ecb2af549a92:377f7f0dd150:0:3,85a39ab345d672ff8ca9b9c6876f3adcacf45ee7c1e2dbd2408fd338bd55e07e,True,190.0313819060102,1,14999.83056640625,15234.0,1,189.98066999483854,75.12244302779436,,
monitor,0,29,bb98dd0bceac09d24db1ecb2af549a92:377f7f0dd150:0:4,85a39ab345d672ff8ca9b9c6876f3adcacf45ee7c1e2dbd2408fd338bd55e07e,True,188.09231999330223,1,14999.83056640625,15234.0,1,188.0441620014608,75.47072204761207,,
monitor,0,30,bb98dd0bceac09d24db1ecb2af549a92:2cf3a7a3a65c:0:0,1ea442a134b2a184bd5d40104401f2a37fbc09ccf3f4bc9da161c6099be3691d,True,188.3130610221997,1,14999.83056640625,15234.0,1,188.2601750548929,75.29338099993765,,
monitor,0,31,bb98dd0bceac09d24db1ecb2af549a92:2cf3a7a3a65c:0:1,1ea442a134b2a184bd5d40104401f2a37fbc09ccf3f4bc9da161c6099be3691d,True,189.69101400580257,1,14999.83056640625,15234.0,1,189.64056600816548,75.4556170431897,,
monitor,0,32,bb98dd0bceac09d24db1ecb2af549a92:2cf3a7a3a65c:0:2,1ea442a134b2a184bd5d40104401f2a37fbc09ccf3f4bc9da161c6099be3691d,True,188.27224906999618,1,14999.83056640625,15234.0,1,188.2235670927912,75.2768840175122,,
monitor,0,33,bb98dd0bceac09d24db1ecb2af549a92:2cf3a7a3a65c:0:3,85a39ab345d672ff8ca9b9c6876f3adcacf45ee7c1e2dbd2408fd338bd55e07e,True,188.07111296337098,1,14999.83056640625,15234.0,1,188.0151570076123,75.80437196884304,,
monitor,0,34,bb98dd0bceac09d24db1ecb2af549a92:2cf3a7a3a65c:0:4,85a39ab345d672ff8ca9b9c6876f3adcacf45ee7c1e2dbd2408fd338bd55e07e,True,190.75739802792668,1,14999.83056640625,15234.0,1,190.70659903809428,76.00991404615343,,
monitor,0,35,b877dd782edba758ab429e3ee3de3329:97e16cc551e4:0:0,5feceb66ffc86f38d952786c6d696c79c2dbc239dd4e91b46729d73a27fb57e9,True,202.55991898011416,2,15016.7431640625,15234.0,2,201.91532594617456,88.79432396497577,,
monitor,0,36,b877dd782edba758ab429e3ee3de3329:97e16cc551e4:0:1,5feceb66ffc86f38d952786c6d696c79c2dbc239dd4e91b46729d73a27fb57e9,True,203.06081394664943,2,15016.7431640625,15234.0,2,202.33470702078193,89.33524996973574,,
monitor,0,37,b877dd782edba758ab429e3ee3de3329:97e16cc551e4:0:2,5feceb66ffc86f38d952786c6d696c79c2dbc239dd4e91b46729d73a27fb57e9,True,204.48448800016195,2,15016.7431640625,15234.0,2,203.82825005799532,88.98636500816792,,
monitor,0,38,b877dd782edba758ab429e3ee3de3329:97e16cc551e4:0:3,5feceb66ffc86f38d952786c6d696c79c2dbc239dd4e91b46729d73a27fb57e9,True,201.33694796822965,2,15016.7431640625,15234.0,2,200.6851879414171,88.71773793362081,,
monitor,0,39,b877dd782edba758ab429e3ee3de3329:97e16cc551e4:0:4,6b86b273ff34fce19d6b804eff5a3f5747ada4eaa22f1d49c01e52ddb7875b4b,True,202.0153789781034,2,15016.7431640625,15234.0,2,201.29713299684227,89.18702800292522,,
monitor,0,40,b877dd782edba758ab429e3ee3de3329:dd7f6c9e007d:0:0,5feceb66ffc86f38d952786c6d696c79c2dbc239dd4e91b46729d73a27fb57e9,True,205.41336899623275,2,15016.7431640625,15234.0,2,204.7484340146184,88.83395895827562,,
monitor,0,41,b877dd782edba758ab429e3ee3de3329:dd7f6c9e007d:0:1,5feceb66ffc86f38d952786c6d696c79c2dbc239dd4e91b46729d73a27fb57e9,True,202.0394599530846,2,15016.7431640625,15234.0,2,201.38689794111997,88.7731818947941,,
monitor,0,42,b877dd782edba758ab429e3ee3de3329:dd7f6c9e007d:0:2,5feceb66ffc86f38d952786c6d696c79c2dbc239dd4e91b46729d73a27fb57e9,True,202.12118490599096,2,15016.7431640625,15234.0,2,201.47380395792425,89.29091703612357,,
monitor,0,43,b877dd782edba758ab429e3ee3de3329:dd7f6c9e007d:0:3,5feceb66ffc86f38d952786c6d696c79c2dbc239dd4e91b46729d73a27fb57e9,True,203.37872009258717,2,15016.7431640625,15234.0,2,202.71485508419573,88.83215999230742,,
monitor,0,44,b877dd782edba758ab429e3ee3de3329:dd7f6c9e007d:0:4,6b86b273ff34fce19d6b804eff5a3f5747ada4eaa22f1d49c01e52ddb7875b4b,True,203.38353794068098,2,15016.7431640625,15234.0,2,202.74301897734404,88.66553602274507,,
monitor,0,45,4f59fbf51a0a5bfb4dc5af02cf294693:993dac5396a0:0:0,082a3f27a64a793001365f40fd7d76058660d5148036e68127b7775445e5f79a,True,367.3750930465758,13,15023.77783203125,15234.0,2,215.1497610611841,99.60322210099548,,
monitor,0,46,4f59fbf51a0a5bfb4dc5af02cf294693:993dac5396a0:0:1,082a3f27a64a793001365f40fd7d76058660d5148036e68127b7775445e5f79a,True,369.69306704122573,13,15023.77783203125,15234.0,2,217.99218002706766,99.69278203789145,,
monitor,0,47,4f59fbf51a0a5bfb4dc5af02cf294693:993dac5396a0:0:2,082a3f27a64a793001365f40fd7d76058660d5148036e68127b7775445e5f79a,True,367.37402190919966,13,15023.77783203125,15234.0,2,215.76601290144026,99.76588096469641,,
monitor,0,48,4f59fbf51a0a5bfb4dc5af02cf294693:993dac5396a0:0:3,082a3f27a64a793001365f40fd7d76058660d5148036e68127b7775445e5f79a,True,370.7554830471054,13,15023.77783203125,15234.0,2,218.09738501906395,99.90935202222317,,
monitor,0,49,4f59fbf51a0a5bfb4dc5af02cf294693:993dac5396a0:0:4,cb1d05299ff18cc4eb1eafa80966fcf02838d32be4a86d290ced7caf197919ad,True,329.88646801095456,10,15023.77783203125,15234.0,2,218.72664894908667,99.79638492222875,,
monitor,1,0,1a938d25604410ccd63b60285919eaec:c627e50da685:0:0,70f89282fb4200d4c7cb83660e5e90d9cf2d989cdecf70c1f868239e5f542294,True,286.7252759169787,7,15020.76318359375,15234.0,2,217.13905001524836,99.52336305286735,,
monitor,1,1,1a938d25604410ccd63b60285919eaec:c627e50da685:0:1,c709293d644a54f3b0d6270fc879317ff277c06c090c03c30f721b08140bbe7b,True,398.3788340119645,15,15020.76318359375,15234.0,2,219.02931795921177,99.50600296724588,,
monitor,1,2,1a938d25604410ccd63b60285919eaec:c627e50da685:0:2,c709293d644a54f3b0d6270fc879317ff277c06c090c03c30f721b08140bbe7b,True,396.32821397390217,15,15020.76318359375,15234.0,2,216.99350199196488,100.05602508317679,,
monitor,1,3,1a938d25604410ccd63b60285919eaec:c627e50da685:0:3,c709293d644a54f3b0d6270fc879317ff277c06c090c03c30f721b08140bbe7b,True,397.4525110097602,15,15020.76318359375,15234.0,2,217.85060002002865,99.496616050601,,
monitor,1,4,1a938d25604410ccd63b60285919eaec:c627e50da685:0:4,15905afe25f3666163b46d6b6948b985a7debd874743ae398a264536e830ec1f,True,287.4832999659702,7,15020.76318359375,15234.0,2,218.06231199298054,99.43433199077845,,
monitor,1,5,49cd6149f02ec01ee03a6eb8287ab2df:f982e9dfaf25:0:0,5feceb66ffc86f38d952786c6d696c79c2dbc239dd4e91b46729d73a27fb57e9,True,203.823869000189,2,15016.7431640625,15234.0,2,203.0925329308957,89.24422599375248,,
monitor,1,6,49cd6149f02ec01ee03a6eb8287ab2df:f982e9dfaf25:0:1,5feceb66ffc86f38d952786c6d696c79c2dbc239dd4e91b46729d73a27fb57e9,True,204.21591505873948,2,15016.7431640625,15234.0,2,203.56293709482998,88.59337004832923,,
monitor,1,7,49cd6149f02ec01ee03a6eb8287ab2df:f982e9dfaf25:0:2,5feceb66ffc86f38d952786c6d696c79c2dbc239dd4e91b46729d73a27fb57e9,True,201.05919998604804,2,15016.7431640625,15234.0,2,200.41461696382612,88.51729601155967,,
monitor,1,8,49cd6149f02ec01ee03a6eb8287ab2df:f982e9dfaf25:0:3,5feceb66ffc86f38d952786c6d696c79c2dbc239dd4e91b46729d73a27fb57e9,True,201.3916770229116,2,15016.7431640625,15234.0,2,200.66984300501645,88.88932096306235,,
monitor,1,9,49cd6149f02ec01ee03a6eb8287ab2df:f982e9dfaf25:0:4,5feceb66ffc86f38d952786c6d696c79c2dbc239dd4e91b46729d73a27fb57e9,True,204.19806300196797,2,15016.7431640625,15234.0,2,203.54532403871417,88.69448199402541,,
monitor,1,10,49cd6149f02ec01ee03a6eb8287ab2df:81739d7eb99c:0:0,5feceb66ffc86f38d952786c6d696c79c2dbc239dd4e91b46729d73a27fb57e9,True,201.4838419854641,2,15016.7431640625,15234.0,2,200.84739394951612,88.57192599680275,,
monitor,1,11,49cd6149f02ec01ee03a6eb8287ab2df:81739d7eb99c:0:1,5feceb66ffc86f38d952786c6d696c79c2dbc239dd4e91b46729d73a27fb57e9,True,202.29205407667905,2,15016.7431640625,15234.0,2,201.62101404275745,88.63959496375173,,
monitor,1,12,49cd6149f02ec01ee03a6eb8287ab2df:81739d7eb99c:0:2,5feceb66ffc86f38d952786c6d696c79c2dbc239dd4e91b46729d73a27fb57e9,True,203.1506319763139,2,15016.7431640625,15234.0,2,202.5072789983824,88.55500898789614,,
monitor,1,13,49cd6149f02ec01ee03a6eb8287ab2df:81739d7eb99c:0:3,5feceb66ffc86f38d952786c6d696c79c2dbc239dd4e91b46729d73a27fb57e9,True,202.32252101413906,2,15016.7431640625,15234.0,2,201.61175192333758,89.63506598956883,,
monitor,1,14,49cd6149f02ec01ee03a6eb8287ab2df:81739d7eb99c:0:4,5feceb66ffc86f38d952786c6d696c79c2dbc239dd4e91b46729d73a27fb57e9,True,203.77605292014778,2,15016.7431640625,15234.0,2,203.1271749874577,88.52004806976765,,
monitor,1,15,c6050fe51d3408b1eaef27e08e7f1956:1458b54ae2f6:0:0,d656de69c0da6209d397a8d5f7affee137ddc3be7811a9522dee62d3b10d52c8,True,298.5625460278243,8,15027.44677734375,15234.0,2,215.1187650160864,99.39716605003923,,
monitor,1,16,c6050fe51d3408b1eaef27e08e7f1956:1458b54ae2f6:0:1,cdb81c63cda0b6ef0b2a1260fb987458ab47d5bebf8b78c6355a3a6dc164506d,True,328.4023558953777,10,15027.44677734375,15234.0,2,217.60107297450304,99.29749101866037,,
monitor,1,17,c6050fe51d3408b1eaef27e08e7f1956:1458b54ae2f6:0:2,fe50179dd819d03ae1216ed234b97e224965b782031f3c44efdb45fd96b23cd1,True,314.6991799585521,9,15027.44677734375,15234.0,2,217.72977500222623,99.93259003385901,,
monitor,1,18,c6050fe51d3408b1eaef27e08e7f1956:1458b54ae2f6:0:3,193405ed8b35f3ee7bb64910e10c564fde35fef8c1a936749daf66c5d021ba99,True,260.1500649470836,5,15027.44677734375,15234.0,2,218.27225293964148,99.35769601725042,,
monitor,1,19,c6050fe51d3408b1eaef27e08e7f1956:1458b54ae2f6:0:4,b95e2705d5a356fbf1413fffbb51166a15189a8408c65518ca1e169bb0b681ec,True,339.3253240501508,11,15027.44677734375,15234.0,2,215.5056829797104,99.5765159605071,,
monitor,1,20,c6050fe51d3408b1eaef27e08e7f1956:e4e99a4d6532:0:0,d656de69c0da6209d397a8d5f7affee137ddc3be7811a9522dee62d3b10d52c8,True,301.02576699573547,8,15027.44677734375,15234.0,2,218.0415770271793,99.86202605068684,,
monitor,1,21,c6050fe51d3408b1eaef27e08e7f1956:e4e99a4d6532:0:1,cdb81c63cda0b6ef0b2a1260fb987458ab47d5bebf8b78c6355a3a6dc164506d,True,327.9424059437588,10,15027.44677734375,15234.0,2,217.7339899353683,99.37628894113004,,
monitor,1,22,c6050fe51d3408b1eaef27e08e7f1956:e4e99a4d6532:0:2,fe50179dd819d03ae1216ed234b97e224965b782031f3c44efdb45fd96b23cd1,True,312.0279910508543,9,15027.44677734375,15234.0,2,215.59781802352518,99.44268793333322,,
monitor,1,23,c6050fe51d3408b1eaef27e08e7f1956:e4e99a4d6532:0:3,193405ed8b35f3ee7bb64910e10c564fde35fef8c1a936749daf66c5d021ba99,True,260.00462600495666,5,15027.44677734375,15234.0,2,218.264183960855,99.52455596067011,,
monitor,1,24,c6050fe51d3408b1eaef27e08e7f1956:e4e99a4d6532:0:4,b95e2705d5a356fbf1413fffbb51166a15189a8408c65518ca1e169bb0b681ec,True,340.87518602609634,11,15027.44677734375,15234.0,2,216.33918804582208,99.45842297747731,,
monitor,1,25,bb98dd0bceac09d24db1ecb2af549a92:377f7f0dd150:0:0,1ea442a134b2a184bd5d40104401f2a37fbc09ccf3f4bc9da161c6099be3691d,True,189.82008600141853,1,14999.83056640625,15234.0,1,189.7681390400976,75.07748599164188,,
monitor,1,26,bb98dd0bceac09d24db1ecb2af549a92:377f7f0dd150:0:1,1ea442a134b2a184bd5d40104401f2a37fbc09ccf3f4bc9da161c6099be3691d,True,187.5783490249887,1,14999.83056640625,15234.0,1,187.52288597170264,75.58945892378688,,
monitor,1,27,bb98dd0bceac09d24db1ecb2af549a92:377f7f0dd150:0:2,1ea442a134b2a184bd5d40104401f2a37fbc09ccf3f4bc9da161c6099be3691d,True,190.1907470310107,1,14999.83056640625,15234.0,1,190.1417690096423,75.77663601841778,,
monitor,1,28,bb98dd0bceac09d24db1ecb2af549a92:377f7f0dd150:0:3,85a39ab345d672ff8ca9b9c6876f3adcacf45ee7c1e2dbd2408fd338bd55e07e,True,187.2403520392254,1,14999.83056640625,15234.0,1,187.19165900256485,75.35742002073675,,
monitor,1,29,bb98dd0bceac09d24db1ecb2af549a92:377f7f0dd150:0:4,85a39ab345d672ff8ca9b9c6876f3adcacf45ee7c1e2dbd2408fd338bd55e07e,True,188.3256359724328,1,14999.83056640625,15234.0,1,188.26833402272314,75.85408096201718,,
monitor,1,30,bb98dd0bceac09d24db1ecb2af549a92:2cf3a7a3a65c:0:0,1ea442a134b2a184bd5d40104401f2a37fbc09ccf3f4bc9da161c6099be3691d,True,190.09237200953066,1,14999.83056640625,15234.0,1,190.04309095907956,75.35639498382807,,
monitor,1,31,bb98dd0bceac09d24db1ecb2af549a92:2cf3a7a3a65c:0:1,1ea442a134b2a184bd5d40104401f2a37fbc09ccf3f4bc9da161c6099be3691d,True,187.17150099109858,1,14999.83056640625,15234.0,1,187.12320504710078,75.18846599850804,,
monitor,1,32,bb98dd0bceac09d24db1ecb2af549a92:2cf3a7a3a65c:0:2,1ea442a134b2a184bd5d40104401f2a37fbc09ccf3f4bc9da161c6099be3691d,True,189.58273495081812,1,14999.83056640625,15234.0,1,189.52967098448426,75.10325394105166,,
monitor,1,33,bb98dd0bceac09d24db1ecb2af549a92:2cf3a7a3a65c:0:3,85a39ab345d672ff8ca9b9c6876f3adcacf45ee7c1e2dbd2408fd338bd55e07e,True,188.63364006392658,1,14999.83056640625,15234.0,1,188.58361605089158,75.1521090278402,,
monitor,1,34,bb98dd0bceac09d24db1ecb2af549a92:2cf3a7a3a65c:0:4,85a39ab345d672ff8ca9b9c6876f3adcacf45ee7c1e2dbd2408fd338bd55e07e,True,188.10876097995788,1,14999.83056640625,15234.0,1,188.0612139357254,75.09257399942726,,
monitor,1,35,b877dd782edba758ab429e3ee3de3329:97e16cc551e4:0:0,5feceb66ffc86f38d952786c6d696c79c2dbc239dd4e91b46729d73a27fb57e9,True,202.58929999545217,2,15016.7431640625,15234.0,2,201.91514503676444,89.28956196177751,,
monitor,1,36,b877dd782edba758ab429e3ee3de3329:97e16cc551e4:0:1,5feceb66ffc86f38d952786c6d696c79c2dbc239dd4e91b46729d73a27fb57e9,True,203.52069207001477,2,15016.7431640625,15234.0,2,202.8610820416361,88.3855209685862,,
monitor,1,37,b877dd782edba758ab429e3ee3de3329:97e16cc551e4:0:2,5feceb66ffc86f38d952786c6d696c79c2dbc239dd4e91b46729d73a27fb57e9,True,201.65296900086105,2,15016.7431640625,15234.0,2,201.00987900514156,88.57819507829845,,
monitor,1,38,b877dd782edba758ab429e3ee3de3329:97e16cc551e4:0:3,5feceb66ffc86f38d952786c6d696c79c2dbc239dd4e91b46729d73a27fb57e9,True,202.43832503911108,2,15016.7431640625,15234.0,2,201.7714809626341,88.8074889080599,,
monitor,1,39,b877dd782edba758ab429e3ee3de3329:97e16cc551e4:0:4,6b86b273ff34fce19d6b804eff5a3f5747ada4eaa22f1d49c01e52ddb7875b4b,True,203.96552793681622,2,15016.7431640625,15234.0,2,203.3146359026432,88.78448698669672,,
monitor,1,40,b877dd782edba758ab429e3ee3de3329:dd7f6c9e007d:0:0,5feceb66ffc86f38d952786c6d696c79c2dbc239dd4e91b46729d73a27fb57e9,True,202.11689500138164,2,15016.7431640625,15234.0,2,201.4195859665051,88.88348890468478,,
monitor,1,41,b877dd782edba758ab429e3ee3de3329:dd7f6c9e007d:0:1,5feceb66ffc86f38d952786c6d696c79c2dbc239dd4e91b46729d73a27fb57e9,True,204.0453338995576,2,15016.7431640625,15234.0,2,203.3930189209059,88.62277097068727,,
monitor,1,42,b877dd782edba758ab429e3ee3de3329:dd7f6c9e007d:0:2,5feceb66ffc86f38d952786c6d696c79c2dbc239dd4e91b46729d73a27fb57e9,True,201.32115797605366,2,15016.7431640625,15234.0,2,200.67483698949218,88.46937492489815,,
monitor,1,43,b877dd782edba758ab429e3ee3de3329:dd7f6c9e007d:0:3,5feceb66ffc86f38d952786c6d696c79c2dbc239dd4e91b46729d73a27fb57e9,True,206.0925579862669,2,15016.7431640625,15234.0,2,205.43388894293457,89.14766903035343,,
monitor,1,44,b877dd782edba758ab429e3ee3de3329:dd7f6c9e007d:0:4,6b86b273ff34fce19d6b804eff5a3f5747ada4eaa22f1d49c01e52ddb7875b4b,True,202.85498001612723,2,15016.7431640625,15234.0,2,202.20962504390627,88.4797970065847,,
monitor,1,45,4f59fbf51a0a5bfb4dc5af02cf294693:993dac5396a0:0:0,082a3f27a64a793001365f40fd7d76058660d5148036e68127b7775445e5f79a,True,368.20005695335567,13,15023.77783203125,15234.0,2,215.9253569552675,99.45712494663894,,
monitor,1,46,4f59fbf51a0a5bfb4dc5af02cf294693:993dac5396a0:0:1,082a3f27a64a793001365f40fd7d76058660d5148036e68127b7775445e5f79a,True,371.31888698786497,13,15023.77783203125,15234.0,2,218.62783399410546,100.2780880080536,,
monitor,1,47,4f59fbf51a0a5bfb4dc5af02cf294693:993dac5396a0:0:2,082a3f27a64a793001365f40fd7d76058660d5148036e68127b7775445e5f79a,True,369.5101150078699,13,15023.77783203125,15234.0,2,217.7168830530718,99.35959405265749,,
monitor,1,48,4f59fbf51a0a5bfb4dc5af02cf294693:993dac5396a0:0:3,082a3f27a64a793001365f40fd7d76058660d5148036e68127b7775445e5f79a,True,369.6401019115001,13,15023.77783203125,15234.0,2,217.99865795765072,99.39961601048708,,
monitor,1,49,4f59fbf51a0a5bfb4dc5af02cf294693:993dac5396a0:0:4,cb1d05299ff18cc4eb1eafa80966fcf02838d32be4a86d290ced7caf197919ad,True,327.41820893716067,10,15023.77783203125,15234.0,2,217.25017996504903,99.19072699267417,,
step_hook,0,0,1a938d25604410ccd63b60285919eaec:c627e50da685:0:0,70f89282fb4200d4c7cb83660e5e90d9cf2d989cdecf70c1f868239e5f542294,True,287.7868979703635,7,15019.63232421875,15234.0,0,,,,
step_hook,0,1,1a938d25604410ccd63b60285919eaec:c627e50da685:0:1,c709293d644a54f3b0d6270fc879317ff277c06c090c03c30f721b08140bbe7b,True,395.3767151106149,15,15019.63232421875,15234.0,0,,,,
step_hook,0,2,1a938d25604410ccd63b60285919eaec:c627e50da685:0:2,c709293d644a54f3b0d6270fc879317ff277c06c090c03c30f721b08140bbe7b,True,395.292456028983,15,15019.63232421875,15234.0,0,,,,
step_hook,0,3,1a938d25604410ccd63b60285919eaec:c627e50da685:0:3,c709293d644a54f3b0d6270fc879317ff277c06c090c03c30f721b08140bbe7b,True,396.7922070296481,15,15019.63232421875,15234.0,0,,,,
step_hook,0,4,1a938d25604410ccd63b60285919eaec:c627e50da685:0:4,15905afe25f3666163b46d6b6948b985a7debd874743ae398a264536e830ec1f,True,285.9740370186046,7,15019.63232421875,15234.0,0,,,,
step_hook,0,5,49cd6149f02ec01ee03a6eb8287ab2df:f982e9dfaf25:0:0,5feceb66ffc86f38d952786c6d696c79c2dbc239dd4e91b46729d73a27fb57e9,True,205.0347439944744,2,15015.6123046875,15234.0,0,,,,
step_hook,0,6,49cd6149f02ec01ee03a6eb8287ab2df:f982e9dfaf25:0:1,5feceb66ffc86f38d952786c6d696c79c2dbc239dd4e91b46729d73a27fb57e9,True,201.378790079616,2,15015.6123046875,15234.0,0,,,,
step_hook,0,7,49cd6149f02ec01ee03a6eb8287ab2df:f982e9dfaf25:0:2,5feceb66ffc86f38d952786c6d696c79c2dbc239dd4e91b46729d73a27fb57e9,True,202.1839499939233,2,15015.6123046875,15234.0,0,,,,
step_hook,0,8,49cd6149f02ec01ee03a6eb8287ab2df:f982e9dfaf25:0:3,5feceb66ffc86f38d952786c6d696c79c2dbc239dd4e91b46729d73a27fb57e9,True,204.6685660025105,2,15015.6123046875,15234.0,0,,,,
step_hook,0,9,49cd6149f02ec01ee03a6eb8287ab2df:f982e9dfaf25:0:4,5feceb66ffc86f38d952786c6d696c79c2dbc239dd4e91b46729d73a27fb57e9,True,200.87452698498964,2,15015.6123046875,15234.0,0,,,,
step_hook,0,10,49cd6149f02ec01ee03a6eb8287ab2df:81739d7eb99c:0:0,5feceb66ffc86f38d952786c6d696c79c2dbc239dd4e91b46729d73a27fb57e9,True,201.50435098912567,2,15015.6123046875,15234.0,0,,,,
step_hook,0,11,49cd6149f02ec01ee03a6eb8287ab2df:81739d7eb99c:0:1,5feceb66ffc86f38d952786c6d696c79c2dbc239dd4e91b46729d73a27fb57e9,True,204.2136910604313,2,15015.6123046875,15234.0,0,,,,
step_hook,0,12,49cd6149f02ec01ee03a6eb8287ab2df:81739d7eb99c:0:2,5feceb66ffc86f38d952786c6d696c79c2dbc239dd4e91b46729d73a27fb57e9,True,200.75054001063108,2,15015.6123046875,15234.0,0,,,,
step_hook,0,13,49cd6149f02ec01ee03a6eb8287ab2df:81739d7eb99c:0:3,5feceb66ffc86f38d952786c6d696c79c2dbc239dd4e91b46729d73a27fb57e9,True,201.17130188737065,2,15015.6123046875,15234.0,0,,,,
step_hook,0,14,49cd6149f02ec01ee03a6eb8287ab2df:81739d7eb99c:0:4,5feceb66ffc86f38d952786c6d696c79c2dbc239dd4e91b46729d73a27fb57e9,True,203.81606090813875,2,15015.6123046875,15234.0,0,,,,
step_hook,0,15,c6050fe51d3408b1eaef27e08e7f1956:1458b54ae2f6:0:0,d656de69c0da6209d397a8d5f7affee137ddc3be7811a9522dee62d3b10d52c8,True,297.2822960000485,8,15026.31591796875,15234.0,0,,,,
step_hook,0,16,c6050fe51d3408b1eaef27e08e7f1956:1458b54ae2f6:0:1,cdb81c63cda0b6ef0b2a1260fb987458ab47d5bebf8b78c6355a3a6dc164506d,True,327.357581933029,10,15026.31591796875,15234.0,0,,,,
step_hook,0,17,c6050fe51d3408b1eaef27e08e7f1956:1458b54ae2f6:0:2,fe50179dd819d03ae1216ed234b97e224965b782031f3c44efdb45fd96b23cd1,True,311.860190005973,9,15026.31591796875,15234.0,0,,,,
step_hook,0,18,c6050fe51d3408b1eaef27e08e7f1956:1458b54ae2f6:0:3,193405ed8b35f3ee7bb64910e10c564fde35fef8c1a936749daf66c5d021ba99,True,259.85727191437036,5,15026.31591796875,15234.0,0,,,,
step_hook,0,19,c6050fe51d3408b1eaef27e08e7f1956:1458b54ae2f6:0:4,b95e2705d5a356fbf1413fffbb51166a15189a8408c65518ca1e169bb0b681ec,True,338.4927059523761,11,15026.31591796875,15234.0,0,,,,
step_hook,0,20,c6050fe51d3408b1eaef27e08e7f1956:e4e99a4d6532:0:0,d656de69c0da6209d397a8d5f7affee137ddc3be7811a9522dee62d3b10d52c8,True,299.8662869213149,8,15026.31591796875,15234.0,0,,,,
step_hook,0,21,c6050fe51d3408b1eaef27e08e7f1956:e4e99a4d6532:0:1,cdb81c63cda0b6ef0b2a1260fb987458ab47d5bebf8b78c6355a3a6dc164506d,True,325.3093910170719,10,15026.31591796875,15234.0,0,,,,
step_hook,0,22,c6050fe51d3408b1eaef27e08e7f1956:e4e99a4d6532:0:2,fe50179dd819d03ae1216ed234b97e224965b782031f3c44efdb45fd96b23cd1,True,313.34962300024927,9,15026.31591796875,15234.0,0,,,,
step_hook,0,23,c6050fe51d3408b1eaef27e08e7f1956:e4e99a4d6532:0:3,193405ed8b35f3ee7bb64910e10c564fde35fef8c1a936749daf66c5d021ba99,True,256.6935670329258,5,15026.31591796875,15234.0,0,,,,
step_hook,0,24,c6050fe51d3408b1eaef27e08e7f1956:e4e99a4d6532:0:4,b95e2705d5a356fbf1413fffbb51166a15189a8408c65518ca1e169bb0b681ec,True,340.92953708022833,11,15026.31591796875,15234.0,0,,,,
step_hook,0,25,bb98dd0bceac09d24db1ecb2af549a92:377f7f0dd150:0:0,1ea442a134b2a184bd5d40104401f2a37fbc09ccf3f4bc9da161c6099be3691d,True,191.74476899206638,1,14998.69970703125,15234.0,0,,,,
step_hook,0,26,bb98dd0bceac09d24db1ecb2af549a92:377f7f0dd150:0:1,1ea442a134b2a184bd5d40104401f2a37fbc09ccf3f4bc9da161c6099be3691d,True,188.32674098666757,1,14998.69970703125,15234.0,0,,,,
step_hook,0,27,bb98dd0bceac09d24db1ecb2af549a92:377f7f0dd150:0:2,1ea442a134b2a184bd5d40104401f2a37fbc09ccf3f4bc9da161c6099be3691d,True,188.1057700375095,1,14998.69970703125,15234.0,0,,,,
step_hook,0,28,bb98dd0bceac09d24db1ecb2af549a92:377f7f0dd150:0:3,85a39ab345d672ff8ca9b9c6876f3adcacf45ee7c1e2dbd2408fd338bd55e07e,True,187.47254193294793,1,14998.69970703125,15234.0,0,,,,
step_hook,0,29,bb98dd0bceac09d24db1ecb2af549a92:377f7f0dd150:0:4,85a39ab345d672ff8ca9b9c6876f3adcacf45ee7c1e2dbd2408fd338bd55e07e,True,189.7575770271942,1,14998.69970703125,15234.0,0,,,,
step_hook,0,30,bb98dd0bceac09d24db1ecb2af549a92:2cf3a7a3a65c:0:0,1ea442a134b2a184bd5d40104401f2a37fbc09ccf3f4bc9da161c6099be3691d,True,186.7278270656243,1,14998.69970703125,15234.0,0,,,,
step_hook,0,31,bb98dd0bceac09d24db1ecb2af549a92:2cf3a7a3a65c:0:1,1ea442a134b2a184bd5d40104401f2a37fbc09ccf3f4bc9da161c6099be3691d,True,186.66130991186947,1,14998.69970703125,15234.0,0,,,,
step_hook,0,32,bb98dd0bceac09d24db1ecb2af549a92:2cf3a7a3a65c:0:2,1ea442a134b2a184bd5d40104401f2a37fbc09ccf3f4bc9da161c6099be3691d,True,190.42788399383426,1,14998.69970703125,15234.0,0,,,,
step_hook,0,33,bb98dd0bceac09d24db1ecb2af549a92:2cf3a7a3a65c:0:3,85a39ab345d672ff8ca9b9c6876f3adcacf45ee7c1e2dbd2408fd338bd55e07e,True,189.37373999506235,1,14998.69970703125,15234.0,0,,,,
step_hook,0,34,bb98dd0bceac09d24db1ecb2af549a92:2cf3a7a3a65c:0:4,85a39ab345d672ff8ca9b9c6876f3adcacf45ee7c1e2dbd2408fd338bd55e07e,True,187.14448099490255,1,14998.69970703125,15234.0,0,,,,
step_hook,0,35,b877dd782edba758ab429e3ee3de3329:97e16cc551e4:0:0,5feceb66ffc86f38d952786c6d696c79c2dbc239dd4e91b46729d73a27fb57e9,True,201.79491606540978,2,15015.6123046875,15234.0,0,,,,
step_hook,0,36,b877dd782edba758ab429e3ee3de3329:97e16cc551e4:0:1,5feceb66ffc86f38d952786c6d696c79c2dbc239dd4e91b46729d73a27fb57e9,True,203.46269092988223,2,15015.6123046875,15234.0,0,,,,
step_hook,0,37,b877dd782edba758ab429e3ee3de3329:97e16cc551e4:0:2,5feceb66ffc86f38d952786c6d696c79c2dbc239dd4e91b46729d73a27fb57e9,True,202.48403691221029,2,15015.6123046875,15234.0,0,,,,
step_hook,0,38,b877dd782edba758ab429e3ee3de3329:97e16cc551e4:0:3,5feceb66ffc86f38d952786c6d696c79c2dbc239dd4e91b46729d73a27fb57e9,True,202.65683601610363,2,15015.6123046875,15234.0,0,,,,
step_hook,0,39,b877dd782edba758ab429e3ee3de3329:97e16cc551e4:0:4,6b86b273ff34fce19d6b804eff5a3f5747ada4eaa22f1d49c01e52ddb7875b4b,True,203.90449604019523,2,15015.6123046875,15234.0,0,,,,
step_hook,0,40,b877dd782edba758ab429e3ee3de3329:dd7f6c9e007d:0:0,5feceb66ffc86f38d952786c6d696c79c2dbc239dd4e91b46729d73a27fb57e9,True,201.41011802479625,2,15015.6123046875,15234.0,0,,,,
step_hook,0,41,b877dd782edba758ab429e3ee3de3329:dd7f6c9e007d:0:1,5feceb66ffc86f38d952786c6d696c79c2dbc239dd4e91b46729d73a27fb57e9,True,201.64952601771802,2,15015.6123046875,15234.0,0,,,,
step_hook,0,42,b877dd782edba758ab429e3ee3de3329:dd7f6c9e007d:0:2,5feceb66ffc86f38d952786c6d696c79c2dbc239dd4e91b46729d73a27fb57e9,True,203.84296297561377,2,15015.6123046875,15234.0,0,,,,
step_hook,0,43,b877dd782edba758ab429e3ee3de3329:dd7f6c9e007d:0:3,5feceb66ffc86f38d952786c6d696c79c2dbc239dd4e91b46729d73a27fb57e9,True,201.88336994033307,2,15015.6123046875,15234.0,0,,,,
step_hook,0,44,b877dd782edba758ab429e3ee3de3329:dd7f6c9e007d:0:4,6b86b273ff34fce19d6b804eff5a3f5747ada4eaa22f1d49c01e52ddb7875b4b,True,201.56274898909032,2,15015.6123046875,15234.0,0,,,,
step_hook,0,45,4f59fbf51a0a5bfb4dc5af02cf294693:993dac5396a0:0:0,082a3f27a64a793001365f40fd7d76058660d5148036e68127b7775445e5f79a,True,367.0778659870848,13,15022.64697265625,15234.0,0,,,,
step_hook,0,46,4f59fbf51a0a5bfb4dc5af02cf294693:993dac5396a0:0:1,082a3f27a64a793001365f40fd7d76058660d5148036e68127b7775445e5f79a,True,365.5742770060897,13,15022.64697265625,15234.0,0,,,,
step_hook,0,47,4f59fbf51a0a5bfb4dc5af02cf294693:993dac5396a0:0:2,082a3f27a64a793001365f40fd7d76058660d5148036e68127b7775445e5f79a,True,367.2031870810315,13,15022.64697265625,15234.0,0,,,,
step_hook,0,48,4f59fbf51a0a5bfb4dc5af02cf294693:993dac5396a0:0:3,082a3f27a64a793001365f40fd7d76058660d5148036e68127b7775445e5f79a,True,366.6710749967024,13,15022.64697265625,15234.0,0,,,,
step_hook,0,49,4f59fbf51a0a5bfb4dc5af02cf294693:993dac5396a0:0:4,cb1d05299ff18cc4eb1eafa80966fcf02838d32be4a86d290ced7caf197919ad,True,327.12317106779665,10,15022.64697265625,15234.0,0,,,,
step_hook,1,0,1a938d25604410ccd63b60285919eaec:c627e50da685:0:0,70f89282fb4200d4c7cb83660e5e90d9cf2d989cdecf70c1f868239e5f542294,True,286.9424409000203,7,15019.63232421875,15234.0,0,,,,
step_hook,1,1,1a938d25604410ccd63b60285919eaec:c627e50da685:0:1,c709293d644a54f3b0d6270fc879317ff277c06c090c03c30f721b08140bbe7b,True,392.5643330439925,15,15019.63232421875,15234.0,0,,,,
step_hook,1,2,1a938d25604410ccd63b60285919eaec:c627e50da685:0:2,c709293d644a54f3b0d6270fc879317ff277c06c090c03c30f721b08140bbe7b,True,396.0366230458021,15,15019.63232421875,15234.0,0,,,,
step_hook,1,3,1a938d25604410ccd63b60285919eaec:c627e50da685:0:3,c709293d644a54f3b0d6270fc879317ff277c06c090c03c30f721b08140bbe7b,True,393.404703005217,15,15019.63232421875,15234.0,0,,,,
step_hook,1,4,1a938d25604410ccd63b60285919eaec:c627e50da685:0:4,15905afe25f3666163b46d6b6948b985a7debd874743ae398a264536e830ec1f,True,286.67776903603226,7,15019.63232421875,15234.0,0,,,,
step_hook,1,5,49cd6149f02ec01ee03a6eb8287ab2df:f982e9dfaf25:0:0,5feceb66ffc86f38d952786c6d696c79c2dbc239dd4e91b46729d73a27fb57e9,True,204.1361740557477,2,15015.6123046875,15234.0,0,,,,
step_hook,1,6,49cd6149f02ec01ee03a6eb8287ab2df:f982e9dfaf25:0:1,5feceb66ffc86f38d952786c6d696c79c2dbc239dd4e91b46729d73a27fb57e9,True,202.35467795282602,2,15015.6123046875,15234.0,0,,,,
step_hook,1,7,49cd6149f02ec01ee03a6eb8287ab2df:f982e9dfaf25:0:2,5feceb66ffc86f38d952786c6d696c79c2dbc239dd4e91b46729d73a27fb57e9,True,202.22381898202002,2,15015.6123046875,15234.0,0,,,,
step_hook,1,8,49cd6149f02ec01ee03a6eb8287ab2df:f982e9dfaf25:0:3,5feceb66ffc86f38d952786c6d696c79c2dbc239dd4e91b46729d73a27fb57e9,True,204.73994605708867,2,15015.6123046875,15234.0,0,,,,
step_hook,1,9,49cd6149f02ec01ee03a6eb8287ab2df:f982e9dfaf25:0:4,5feceb66ffc86f38d952786c6d696c79c2dbc239dd4e91b46729d73a27fb57e9,True,203.00323201809078,2,15015.6123046875,15234.0,0,,,,
step_hook,1,10,49cd6149f02ec01ee03a6eb8287ab2df:81739d7eb99c:0:0,5feceb66ffc86f38d952786c6d696c79c2dbc239dd4e91b46729d73a27fb57e9,True,202.74062897078693,2,15015.6123046875,15234.0,0,,,,
step_hook,1,11,49cd6149f02ec01ee03a6eb8287ab2df:81739d7eb99c:0:1,5feceb66ffc86f38d952786c6d696c79c2dbc239dd4e91b46729d73a27fb57e9,True,203.96756893023849,2,15015.6123046875,15234.0,0,,,,
step_hook,1,12,49cd6149f02ec01ee03a6eb8287ab2df:81739d7eb99c:0:2,5feceb66ffc86f38d952786c6d696c79c2dbc239dd4e91b46729d73a27fb57e9,True,201.8067690078169,2,15015.6123046875,15234.0,0,,,,
step_hook,1,13,49cd6149f02ec01ee03a6eb8287ab2df:81739d7eb99c:0:3,5feceb66ffc86f38d952786c6d696c79c2dbc239dd4e91b46729d73a27fb57e9,True,204.71965405158699,2,15015.6123046875,15234.0,0,,,,
step_hook,1,14,49cd6149f02ec01ee03a6eb8287ab2df:81739d7eb99c:0:4,5feceb66ffc86f38d952786c6d696c79c2dbc239dd4e91b46729d73a27fb57e9,True,207.14584493543953,2,15015.6123046875,15234.0,0,,,,
step_hook,1,15,c6050fe51d3408b1eaef27e08e7f1956:1458b54ae2f6:0:0,d656de69c0da6209d397a8d5f7affee137ddc3be7811a9522dee62d3b10d52c8,True,299.3447110056877,8,15026.31591796875,15234.0,0,,,,
step_hook,1,16,c6050fe51d3408b1eaef27e08e7f1956:1458b54ae2f6:0:1,cdb81c63cda0b6ef0b2a1260fb987458ab47d5bebf8b78c6355a3a6dc164506d,True,326.9206490367651,10,15026.31591796875,15234.0,0,,,,
step_hook,1,17,c6050fe51d3408b1eaef27e08e7f1956:1458b54ae2f6:0:2,fe50179dd819d03ae1216ed234b97e224965b782031f3c44efdb45fd96b23cd1,True,313.18604096304625,9,15026.31591796875,15234.0,0,,,,
step_hook,1,18,c6050fe51d3408b1eaef27e08e7f1956:1458b54ae2f6:0:3,193405ed8b35f3ee7bb64910e10c564fde35fef8c1a936749daf66c5d021ba99,True,257.46129802428186,5,15026.31591796875,15234.0,0,,,,
step_hook,1,19,c6050fe51d3408b1eaef27e08e7f1956:1458b54ae2f6:0:4,b95e2705d5a356fbf1413fffbb51166a15189a8408c65518ca1e169bb0b681ec,True,340.5827060341835,11,15026.31591796875,15234.0,0,,,,
step_hook,1,20,c6050fe51d3408b1eaef27e08e7f1956:e4e99a4d6532:0:0,d656de69c0da6209d397a8d5f7affee137ddc3be7811a9522dee62d3b10d52c8,True,299.4037189055234,8,15026.31591796875,15234.0,0,,,,
step_hook,1,21,c6050fe51d3408b1eaef27e08e7f1956:e4e99a4d6532:0:1,cdb81c63cda0b6ef0b2a1260fb987458ab47d5bebf8b78c6355a3a6dc164506d,True,327.9245611047372,10,15026.31591796875,15234.0,0,,,,
step_hook,1,22,c6050fe51d3408b1eaef27e08e7f1956:e4e99a4d6532:0:2,fe50179dd819d03ae1216ed234b97e224965b782031f3c44efdb45fd96b23cd1,True,314.0599939506501,9,15026.31591796875,15234.0,0,,,,
step_hook,1,23,c6050fe51d3408b1eaef27e08e7f1956:e4e99a4d6532:0:3,193405ed8b35f3ee7bb64910e10c564fde35fef8c1a936749daf66c5d021ba99,True,259.2265160055831,5,15026.31591796875,15234.0,0,,,,
step_hook,1,24,c6050fe51d3408b1eaef27e08e7f1956:e4e99a4d6532:0:4,b95e2705d5a356fbf1413fffbb51166a15189a8408c65518ca1e169bb0b681ec,True,340.95344704110175,11,15026.31591796875,15234.0,0,,,,
step_hook,1,25,bb98dd0bceac09d24db1ecb2af549a92:377f7f0dd150:0:0,1ea442a134b2a184bd5d40104401f2a37fbc09ccf3f4bc9da161c6099be3691d,True,189.04296995606273,1,14998.69970703125,15234.0,0,,,,
step_hook,1,26,bb98dd0bceac09d24db1ecb2af549a92:377f7f0dd150:0:1,1ea442a134b2a184bd5d40104401f2a37fbc09ccf3f4bc9da161c6099be3691d,True,192.2995209461078,1,14998.69970703125,15234.0,0,,,,
step_hook,1,27,bb98dd0bceac09d24db1ecb2af549a92:377f7f0dd150:0:2,1ea442a134b2a184bd5d40104401f2a37fbc09ccf3f4bc9da161c6099be3691d,True,190.9274080535397,1,14998.69970703125,15234.0,0,,,,
step_hook,1,28,bb98dd0bceac09d24db1ecb2af549a92:377f7f0dd150:0:3,85a39ab345d672ff8ca9b9c6876f3adcacf45ee7c1e2dbd2408fd338bd55e07e,True,190.63772598747164,1,14998.69970703125,15234.0,0,,,,
step_hook,1,29,bb98dd0bceac09d24db1ecb2af549a92:377f7f0dd150:0:4,85a39ab345d672ff8ca9b9c6876f3adcacf45ee7c1e2dbd2408fd338bd55e07e,True,188.730888068676,1,14998.69970703125,15234.0,0,,,,
step_hook,1,30,bb98dd0bceac09d24db1ecb2af549a92:2cf3a7a3a65c:0:0,1ea442a134b2a184bd5d40104401f2a37fbc09ccf3f4bc9da161c6099be3691d,True,189.63953596539795,1,14998.69970703125,15234.0,0,,,,
step_hook,1,31,bb98dd0bceac09d24db1ecb2af549a92:2cf3a7a3a65c:0:1,1ea442a134b2a184bd5d40104401f2a37fbc09ccf3f4bc9da161c6099be3691d,True,190.9455870045349,1,14998.69970703125,15234.0,0,,,,
step_hook,1,32,bb98dd0bceac09d24db1ecb2af549a92:2cf3a7a3a65c:0:2,1ea442a134b2a184bd5d40104401f2a37fbc09ccf3f4bc9da161c6099be3691d,True,188.25363100040704,1,14998.69970703125,15234.0,0,,,,
step_hook,1,33,bb98dd0bceac09d24db1ecb2af549a92:2cf3a7a3a65c:0:3,85a39ab345d672ff8ca9b9c6876f3adcacf45ee7c1e2dbd2408fd338bd55e07e,True,188.27668693847954,1,14998.69970703125,15234.0,0,,,,
step_hook,1,34,bb98dd0bceac09d24db1ecb2af549a92:2cf3a7a3a65c:0:4,85a39ab345d672ff8ca9b9c6876f3adcacf45ee7c1e2dbd2408fd338bd55e07e,True,189.82786498963833,1,14998.69970703125,15234.0,0,,,,
step_hook,1,35,b877dd782edba758ab429e3ee3de3329:97e16cc551e4:0:0,5feceb66ffc86f38d952786c6d696c79c2dbc239dd4e91b46729d73a27fb57e9,True,202.59459607768804,2,15015.6123046875,15234.0,0,,,,
step_hook,1,36,b877dd782edba758ab429e3ee3de3329:97e16cc551e4:0:1,5feceb66ffc86f38d952786c6d696c79c2dbc239dd4e91b46729d73a27fb57e9,True,204.01088101789355,2,15015.6123046875,15234.0,0,,,,
step_hook,1,37,b877dd782edba758ab429e3ee3de3329:97e16cc551e4:0:2,5feceb66ffc86f38d952786c6d696c79c2dbc239dd4e91b46729d73a27fb57e9,True,203.5718479892239,2,15015.6123046875,15234.0,0,,,,
step_hook,1,38,b877dd782edba758ab429e3ee3de3329:97e16cc551e4:0:3,5feceb66ffc86f38d952786c6d696c79c2dbc239dd4e91b46729d73a27fb57e9,True,201.22579392045736,2,15015.6123046875,15234.0,0,,,,
step_hook,1,39,b877dd782edba758ab429e3ee3de3329:97e16cc551e4:0:4,6b86b273ff34fce19d6b804eff5a3f5747ada4eaa22f1d49c01e52ddb7875b4b,True,202.1145389880985,2,15015.6123046875,15234.0,0,,,,
step_hook,1,40,b877dd782edba758ab429e3ee3de3329:dd7f6c9e007d:0:0,5feceb66ffc86f38d952786c6d696c79c2dbc239dd4e91b46729d73a27fb57e9,True,203.783824108541,2,15015.6123046875,15234.0,0,,,,
step_hook,1,41,b877dd782edba758ab429e3ee3de3329:dd7f6c9e007d:0:1,5feceb66ffc86f38d952786c6d696c79c2dbc239dd4e91b46729d73a27fb57e9,True,201.8524700542912,2,15015.6123046875,15234.0,0,,,,
step_hook,1,42,b877dd782edba758ab429e3ee3de3329:dd7f6c9e007d:0:2,5feceb66ffc86f38d952786c6d696c79c2dbc239dd4e91b46729d73a27fb57e9,True,204.13191709667444,2,15015.6123046875,15234.0,0,,,,
step_hook,1,43,b877dd782edba758ab429e3ee3de3329:dd7f6c9e007d:0:3,5feceb66ffc86f38d952786c6d696c79c2dbc239dd4e91b46729d73a27fb57e9,True,201.17390993982553,2,15015.6123046875,15234.0,0,,,,
step_hook,1,44,b877dd782edba758ab429e3ee3de3329:dd7f6c9e007d:0:4,6b86b273ff34fce19d6b804eff5a3f5747ada4eaa22f1d49c01e52ddb7875b4b,True,203.22114892769605,2,15015.6123046875,15234.0,0,,,,
step_hook,1,45,4f59fbf51a0a5bfb4dc5af02cf294693:993dac5396a0:0:0,082a3f27a64a793001365f40fd7d76058660d5148036e68127b7775445e5f79a,True,367.79382498934865,13,15022.64697265625,15234.0,0,,,,
step_hook,1,46,4f59fbf51a0a5bfb4dc5af02cf294693:993dac5396a0:0:1,082a3f27a64a793001365f40fd7d76058660d5148036e68127b7775445e5f79a,True,369.4832141045481,13,15022.64697265625,15234.0,0,,,,
step_hook,1,47,4f59fbf51a0a5bfb4dc5af02cf294693:993dac5396a0:0:2,082a3f27a64a793001365f40fd7d76058660d5148036e68127b7775445e5f79a,True,366.5037649916485,13,15022.64697265625,15234.0,0,,,,
step_hook,1,48,4f59fbf51a0a5bfb4dc5af02cf294693:993dac5396a0:0:3,082a3f27a64a793001365f40fd7d76058660d5148036e68127b7775445e5f79a,True,367.9776550270617,13,15022.64697265625,15234.0,0,,,,
step_hook,1,49,4f59fbf51a0a5bfb4dc5af02cf294693:993dac5396a0:0:4,cb1d05299ff18cc4eb1eafa80966fcf02838d32be4a86d290ced7caf197919ad,True,326.8603270407766,10,15022.64697265625,15234.0,0,,,,
vanilla,0,0,1a938d25604410ccd63b60285919eaec:c627e50da685:0:0,70f89282fb4200d4c7cb83660e5e90d9cf2d989cdecf70c1f868239e5f542294,True,286.7439730325714,7,15019.63232421875,15234.0,,,,,
vanilla,0,1,1a938d25604410ccd63b60285919eaec:c627e50da685:0:1,c709293d644a54f3b0d6270fc879317ff277c06c090c03c30f721b08140bbe7b,True,394.6965599898249,15,15019.63232421875,15234.0,,,,,
vanilla,0,2,1a938d25604410ccd63b60285919eaec:c627e50da685:0:2,c709293d644a54f3b0d6270fc879317ff277c06c090c03c30f721b08140bbe7b,True,418.17655600607395,15,15019.63232421875,15234.0,,,,,
vanilla,0,3,1a938d25604410ccd63b60285919eaec:c627e50da685:0:3,c709293d644a54f3b0d6270fc879317ff277c06c090c03c30f721b08140bbe7b,True,397.25252194330096,15,15019.63232421875,15234.0,,,,,
vanilla,0,4,1a938d25604410ccd63b60285919eaec:c627e50da685:0:4,15905afe25f3666163b46d6b6948b985a7debd874743ae398a264536e830ec1f,True,286.3411030266434,7,15019.63232421875,15234.0,,,,,
vanilla,0,5,49cd6149f02ec01ee03a6eb8287ab2df:f982e9dfaf25:0:0,5feceb66ffc86f38d952786c6d696c79c2dbc239dd4e91b46729d73a27fb57e9,True,201.59725693520159,2,15015.6123046875,15234.0,,,,,
vanilla,0,6,49cd6149f02ec01ee03a6eb8287ab2df:f982e9dfaf25:0:1,5feceb66ffc86f38d952786c6d696c79c2dbc239dd4e91b46729d73a27fb57e9,True,203.46077508293092,2,15015.6123046875,15234.0,,,,,
vanilla,0,7,49cd6149f02ec01ee03a6eb8287ab2df:f982e9dfaf25:0:2,5feceb66ffc86f38d952786c6d696c79c2dbc239dd4e91b46729d73a27fb57e9,True,201.1015140451491,2,15015.6123046875,15234.0,,,,,
vanilla,0,8,49cd6149f02ec01ee03a6eb8287ab2df:f982e9dfaf25:0:3,5feceb66ffc86f38d952786c6d696c79c2dbc239dd4e91b46729d73a27fb57e9,True,203.50158191286027,2,15015.6123046875,15234.0,,,,,
vanilla,0,9,49cd6149f02ec01ee03a6eb8287ab2df:f982e9dfaf25:0:4,5feceb66ffc86f38d952786c6d696c79c2dbc239dd4e91b46729d73a27fb57e9,True,201.35057903826237,2,15015.6123046875,15234.0,,,,,
vanilla,0,10,49cd6149f02ec01ee03a6eb8287ab2df:81739d7eb99c:0:0,5feceb66ffc86f38d952786c6d696c79c2dbc239dd4e91b46729d73a27fb57e9,True,201.78204006515443,2,15015.6123046875,15234.0,,,,,
vanilla,0,11,49cd6149f02ec01ee03a6eb8287ab2df:81739d7eb99c:0:1,5feceb66ffc86f38d952786c6d696c79c2dbc239dd4e91b46729d73a27fb57e9,True,204.2856039479375,2,15015.6123046875,15234.0,,,,,
vanilla,0,12,49cd6149f02ec01ee03a6eb8287ab2df:81739d7eb99c:0:2,5feceb66ffc86f38d952786c6d696c79c2dbc239dd4e91b46729d73a27fb57e9,True,202.7742360951379,2,15015.6123046875,15234.0,,,,,
vanilla,0,13,49cd6149f02ec01ee03a6eb8287ab2df:81739d7eb99c:0:3,5feceb66ffc86f38d952786c6d696c79c2dbc239dd4e91b46729d73a27fb57e9,True,203.25889298692346,2,15015.6123046875,15234.0,,,,,
vanilla,0,14,49cd6149f02ec01ee03a6eb8287ab2df:81739d7eb99c:0:4,5feceb66ffc86f38d952786c6d696c79c2dbc239dd4e91b46729d73a27fb57e9,True,201.15207508206367,2,15015.6123046875,15234.0,,,,,
vanilla,0,15,c6050fe51d3408b1eaef27e08e7f1956:1458b54ae2f6:0:0,d656de69c0da6209d397a8d5f7affee137ddc3be7811a9522dee62d3b10d52c8,True,300.11194210965186,8,15026.31591796875,15234.0,,,,,
vanilla,0,16,c6050fe51d3408b1eaef27e08e7f1956:1458b54ae2f6:0:1,cdb81c63cda0b6ef0b2a1260fb987458ab47d5bebf8b78c6355a3a6dc164506d,True,325.62871696427464,10,15026.31591796875,15234.0,,,,,
vanilla,0,17,c6050fe51d3408b1eaef27e08e7f1956:1458b54ae2f6:0:2,fe50179dd819d03ae1216ed234b97e224965b782031f3c44efdb45fd96b23cd1,True,315.02127298153937,9,15026.31591796875,15234.0,,,,,
vanilla,0,18,c6050fe51d3408b1eaef27e08e7f1956:1458b54ae2f6:0:3,193405ed8b35f3ee7bb64910e10c564fde35fef8c1a936749daf66c5d021ba99,True,260.3043590206653,5,15026.31591796875,15234.0,,,,,
vanilla,0,19,c6050fe51d3408b1eaef27e08e7f1956:1458b54ae2f6:0:4,b95e2705d5a356fbf1413fffbb51166a15189a8408c65518ca1e169bb0b681ec,True,339.4473260268569,11,15026.31591796875,15234.0,,,,,
vanilla,0,20,c6050fe51d3408b1eaef27e08e7f1956:e4e99a4d6532:0:0,d656de69c0da6209d397a8d5f7affee137ddc3be7811a9522dee62d3b10d52c8,True,299.88885298371315,8,15026.31591796875,15234.0,,,,,
vanilla,0,21,c6050fe51d3408b1eaef27e08e7f1956:e4e99a4d6532:0:1,cdb81c63cda0b6ef0b2a1260fb987458ab47d5bebf8b78c6355a3a6dc164506d,True,326.5945870662108,10,15026.31591796875,15234.0,,,,,
vanilla,0,22,c6050fe51d3408b1eaef27e08e7f1956:e4e99a4d6532:0:2,fe50179dd819d03ae1216ed234b97e224965b782031f3c44efdb45fd96b23cd1,True,314.45422500837594,9,15026.31591796875,15234.0,,,,,
vanilla,0,23,c6050fe51d3408b1eaef27e08e7f1956:e4e99a4d6532:0:3,193405ed8b35f3ee7bb64910e10c564fde35fef8c1a936749daf66c5d021ba99,True,257.0975939743221,5,15026.31591796875,15234.0,,,,,
vanilla,0,24,c6050fe51d3408b1eaef27e08e7f1956:e4e99a4d6532:0:4,b95e2705d5a356fbf1413fffbb51166a15189a8408c65518ca1e169bb0b681ec,True,340.1205650297925,11,15026.31591796875,15234.0,,,,,
vanilla,0,25,bb98dd0bceac09d24db1ecb2af549a92:377f7f0dd150:0:0,1ea442a134b2a184bd5d40104401f2a37fbc09ccf3f4bc9da161c6099be3691d,True,189.71953797154129,1,14998.69970703125,15234.0,,,,,
vanilla,0,26,bb98dd0bceac09d24db1ecb2af549a92:377f7f0dd150:0:1,1ea442a134b2a184bd5d40104401f2a37fbc09ccf3f4bc9da161c6099be3691d,True,190.82999497186393,1,14998.69970703125,15234.0,,,,,
vanilla,0,27,bb98dd0bceac09d24db1ecb2af549a92:377f7f0dd150:0:2,1ea442a134b2a184bd5d40104401f2a37fbc09ccf3f4bc9da161c6099be3691d,True,187.50683101825416,1,14998.69970703125,15234.0,,,,,
vanilla,0,28,bb98dd0bceac09d24db1ecb2af549a92:377f7f0dd150:0:3,85a39ab345d672ff8ca9b9c6876f3adcacf45ee7c1e2dbd2408fd338bd55e07e,True,188.86104098055512,1,14998.69970703125,15234.0,,,,,
vanilla,0,29,bb98dd0bceac09d24db1ecb2af549a92:377f7f0dd150:0:4,85a39ab345d672ff8ca9b9c6876f3adcacf45ee7c1e2dbd2408fd338bd55e07e,True,189.91466099396348,1,14998.69970703125,15234.0,,,,,
vanilla,0,30,bb98dd0bceac09d24db1ecb2af549a92:2cf3a7a3a65c:0:0,1ea442a134b2a184bd5d40104401f2a37fbc09ccf3f4bc9da161c6099be3691d,True,187.158731976524,1,14998.69970703125,15234.0,,,,,
vanilla,0,31,bb98dd0bceac09d24db1ecb2af549a92:2cf3a7a3a65c:0:1,1ea442a134b2a184bd5d40104401f2a37fbc09ccf3f4bc9da161c6099be3691d,True,187.51747603528202,1,14998.69970703125,15234.0,,,,,
vanilla,0,32,bb98dd0bceac09d24db1ecb2af549a92:2cf3a7a3a65c:0:2,1ea442a134b2a184bd5d40104401f2a37fbc09ccf3f4bc9da161c6099be3691d,True,191.07143103610724,1,14998.69970703125,15234.0,,,,,
vanilla,0,33,bb98dd0bceac09d24db1ecb2af549a92:2cf3a7a3a65c:0:3,85a39ab345d672ff8ca9b9c6876f3adcacf45ee7c1e2dbd2408fd338bd55e07e,True,187.9011580022052,1,14998.69970703125,15234.0,,,,,
vanilla,0,34,bb98dd0bceac09d24db1ecb2af549a92:2cf3a7a3a65c:0:4,85a39ab345d672ff8ca9b9c6876f3adcacf45ee7c1e2dbd2408fd338bd55e07e,True,187.02598300296813,1,14998.69970703125,15234.0,,,,,
vanilla,0,35,b877dd782edba758ab429e3ee3de3329:97e16cc551e4:0:0,5feceb66ffc86f38d952786c6d696c79c2dbc239dd4e91b46729d73a27fb57e9,True,204.7671580221504,2,15015.6123046875,15234.0,,,,,
vanilla,0,36,b877dd782edba758ab429e3ee3de3329:97e16cc551e4:0:1,5feceb66ffc86f38d952786c6d696c79c2dbc239dd4e91b46729d73a27fb57e9,True,201.39479404315352,2,15015.6123046875,15234.0,,,,,
vanilla,0,37,b877dd782edba758ab429e3ee3de3329:97e16cc551e4:0:2,5feceb66ffc86f38d952786c6d696c79c2dbc239dd4e91b46729d73a27fb57e9,True,200.68694301880896,2,15015.6123046875,15234.0,,,,,
vanilla,0,38,b877dd782edba758ab429e3ee3de3329:97e16cc551e4:0:3,5feceb66ffc86f38d952786c6d696c79c2dbc239dd4e91b46729d73a27fb57e9,True,204.91377008147538,2,15015.6123046875,15234.0,,,,,
vanilla,0,39,b877dd782edba758ab429e3ee3de3329:97e16cc551e4:0:4,6b86b273ff34fce19d6b804eff5a3f5747ada4eaa22f1d49c01e52ddb7875b4b,True,201.31238491740078,2,15015.6123046875,15234.0,,,,,
vanilla,0,40,b877dd782edba758ab429e3ee3de3329:dd7f6c9e007d:0:0,5feceb66ffc86f38d952786c6d696c79c2dbc239dd4e91b46729d73a27fb57e9,True,200.82144509069622,2,15015.6123046875,15234.0,,,,,
vanilla,0,41,b877dd782edba758ab429e3ee3de3329:dd7f6c9e007d:0:1,5feceb66ffc86f38d952786c6d696c79c2dbc239dd4e91b46729d73a27fb57e9,True,203.76561698503792,2,15015.6123046875,15234.0,,,,,
vanilla,0,42,b877dd782edba758ab429e3ee3de3329:dd7f6c9e007d:0:2,5feceb66ffc86f38d952786c6d696c79c2dbc239dd4e91b46729d73a27fb57e9,True,201.21713692788035,2,15015.6123046875,15234.0,,,,,
vanilla,0,43,b877dd782edba758ab429e3ee3de3329:dd7f6c9e007d:0:3,5feceb66ffc86f38d952786c6d696c79c2dbc239dd4e91b46729d73a27fb57e9,True,201.77936390973628,2,15015.6123046875,15234.0,,,,,
vanilla,0,44,b877dd782edba758ab429e3ee3de3329:dd7f6c9e007d:0:4,6b86b273ff34fce19d6b804eff5a3f5747ada4eaa22f1d49c01e52ddb7875b4b,True,204.33965197298676,2,15015.6123046875,15234.0,,,,,
vanilla,0,45,4f59fbf51a0a5bfb4dc5af02cf294693:993dac5396a0:0:0,082a3f27a64a793001365f40fd7d76058660d5148036e68127b7775445e5f79a,True,365.6404979992658,13,15022.64697265625,15234.0,,,,,
vanilla,0,46,4f59fbf51a0a5bfb4dc5af02cf294693:993dac5396a0:0:1,082a3f27a64a793001365f40fd7d76058660d5148036e68127b7775445e5f79a,True,366.76146008539945,13,15022.64697265625,15234.0,,,,,
vanilla,0,47,4f59fbf51a0a5bfb4dc5af02cf294693:993dac5396a0:0:2,082a3f27a64a793001365f40fd7d76058660d5148036e68127b7775445e5f79a,True,367.3322719987482,13,15022.64697265625,15234.0,,,,,
vanilla,0,48,4f59fbf51a0a5bfb4dc5af02cf294693:993dac5396a0:0:3,082a3f27a64a793001365f40fd7d76058660d5148036e68127b7775445e5f79a,True,368.4355339501053,13,15022.64697265625,15234.0,,,,,
vanilla,0,49,4f59fbf51a0a5bfb4dc5af02cf294693:993dac5396a0:0:4,cb1d05299ff18cc4eb1eafa80966fcf02838d32be4a86d290ced7caf197919ad,True,324.762956937775,10,15022.64697265625,15234.0,,,,,
vanilla,1,0,1a938d25604410ccd63b60285919eaec:c627e50da685:0:0,70f89282fb4200d4c7cb83660e5e90d9cf2d989cdecf70c1f868239e5f542294,True,286.46046901121736,7,15019.63232421875,15234.0,,,,,
vanilla,1,1,1a938d25604410ccd63b60285919eaec:c627e50da685:0:1,c709293d644a54f3b0d6270fc879317ff277c06c090c03c30f721b08140bbe7b,True,393.0526999756694,15,15019.63232421875,15234.0,,,,,
vanilla,1,2,1a938d25604410ccd63b60285919eaec:c627e50da685:0:2,c709293d644a54f3b0d6270fc879317ff277c06c090c03c30f721b08140bbe7b,True,396.1888930061832,15,15019.63232421875,15234.0,,,,,
vanilla,1,3,1a938d25604410ccd63b60285919eaec:c627e50da685:0:3,c709293d644a54f3b0d6270fc879317ff277c06c090c03c30f721b08140bbe7b,True,399.28791497368366,15,15019.63232421875,15234.0,,,,,
vanilla,1,4,1a938d25604410ccd63b60285919eaec:c627e50da685:0:4,15905afe25f3666163b46d6b6948b985a7debd874743ae398a264536e830ec1f,True,287.92559693101794,7,15019.63232421875,15234.0,,,,,
vanilla,1,5,49cd6149f02ec01ee03a6eb8287ab2df:f982e9dfaf25:0:0,5feceb66ffc86f38d952786c6d696c79c2dbc239dd4e91b46729d73a27fb57e9,True,205.7531769387424,2,15015.6123046875,15234.0,,,,,
vanilla,1,6,49cd6149f02ec01ee03a6eb8287ab2df:f982e9dfaf25:0:1,5feceb66ffc86f38d952786c6d696c79c2dbc239dd4e91b46729d73a27fb57e9,True,201.32742100395262,2,15015.6123046875,15234.0,,,,,
vanilla,1,7,49cd6149f02ec01ee03a6eb8287ab2df:f982e9dfaf25:0:2,5feceb66ffc86f38d952786c6d696c79c2dbc239dd4e91b46729d73a27fb57e9,True,201.22700196225196,2,15015.6123046875,15234.0,,,,,
vanilla,1,8,49cd6149f02ec01ee03a6eb8287ab2df:f982e9dfaf25:0:3,5feceb66ffc86f38d952786c6d696c79c2dbc239dd4e91b46729d73a27fb57e9,True,203.69753206614405,2,15015.6123046875,15234.0,,,,,
vanilla,1,9,49cd6149f02ec01ee03a6eb8287ab2df:f982e9dfaf25:0:4,5feceb66ffc86f38d952786c6d696c79c2dbc239dd4e91b46729d73a27fb57e9,True,201.88906497787684,2,15015.6123046875,15234.0,,,,,
vanilla,1,10,49cd6149f02ec01ee03a6eb8287ab2df:81739d7eb99c:0:0,5feceb66ffc86f38d952786c6d696c79c2dbc239dd4e91b46729d73a27fb57e9,True,201.81023399345577,2,15015.6123046875,15234.0,,,,,
vanilla,1,11,49cd6149f02ec01ee03a6eb8287ab2df:81739d7eb99c:0:1,5feceb66ffc86f38d952786c6d696c79c2dbc239dd4e91b46729d73a27fb57e9,True,202.77085597626865,2,15015.6123046875,15234.0,,,,,
vanilla,1,12,49cd6149f02ec01ee03a6eb8287ab2df:81739d7eb99c:0:2,5feceb66ffc86f38d952786c6d696c79c2dbc239dd4e91b46729d73a27fb57e9,True,202.77791004627943,2,15015.6123046875,15234.0,,,,,
vanilla,1,13,49cd6149f02ec01ee03a6eb8287ab2df:81739d7eb99c:0:3,5feceb66ffc86f38d952786c6d696c79c2dbc239dd4e91b46729d73a27fb57e9,True,201.87209302093834,2,15015.6123046875,15234.0,,,,,
vanilla,1,14,49cd6149f02ec01ee03a6eb8287ab2df:81739d7eb99c:0:4,5feceb66ffc86f38d952786c6d696c79c2dbc239dd4e91b46729d73a27fb57e9,True,202.27366301696748,2,15015.6123046875,15234.0,,,,,
vanilla,1,15,c6050fe51d3408b1eaef27e08e7f1956:1458b54ae2f6:0:0,d656de69c0da6209d397a8d5f7affee137ddc3be7811a9522dee62d3b10d52c8,True,299.30783598683774,8,15026.31591796875,15234.0,,,,,
vanilla,1,16,c6050fe51d3408b1eaef27e08e7f1956:1458b54ae2f6:0:1,cdb81c63cda0b6ef0b2a1260fb987458ab47d5bebf8b78c6355a3a6dc164506d,True,324.8387350467965,10,15026.31591796875,15234.0,,,,,
vanilla,1,17,c6050fe51d3408b1eaef27e08e7f1956:1458b54ae2f6:0:2,fe50179dd819d03ae1216ed234b97e224965b782031f3c44efdb45fd96b23cd1,True,313.10868507716805,9,15026.31591796875,15234.0,,,,,
vanilla,1,18,c6050fe51d3408b1eaef27e08e7f1956:1458b54ae2f6:0:3,193405ed8b35f3ee7bb64910e10c564fde35fef8c1a936749daf66c5d021ba99,True,260.4994069552049,5,15026.31591796875,15234.0,,,,,
vanilla,1,19,c6050fe51d3408b1eaef27e08e7f1956:1458b54ae2f6:0:4,b95e2705d5a356fbf1413fffbb51166a15189a8408c65518ca1e169bb0b681ec,True,339.0382209327072,11,15026.31591796875,15234.0,,,,,
vanilla,1,20,c6050fe51d3408b1eaef27e08e7f1956:e4e99a4d6532:0:0,d656de69c0da6209d397a8d5f7affee137ddc3be7811a9522dee62d3b10d52c8,True,300.95408007036895,8,15026.31591796875,15234.0,,,,,
vanilla,1,21,c6050fe51d3408b1eaef27e08e7f1956:e4e99a4d6532:0:1,cdb81c63cda0b6ef0b2a1260fb987458ab47d5bebf8b78c6355a3a6dc164506d,True,325.83438500296324,10,15026.31591796875,15234.0,,,,,
vanilla,1,22,c6050fe51d3408b1eaef27e08e7f1956:e4e99a4d6532:0:2,fe50179dd819d03ae1216ed234b97e224965b782031f3c44efdb45fd96b23cd1,True,313.26916289981455,9,15026.31591796875,15234.0,,,,,
vanilla,1,23,c6050fe51d3408b1eaef27e08e7f1956:e4e99a4d6532:0:3,193405ed8b35f3ee7bb64910e10c564fde35fef8c1a936749daf66c5d021ba99,True,257.7866070205346,5,15026.31591796875,15234.0,,,,,
vanilla,1,24,c6050fe51d3408b1eaef27e08e7f1956:e4e99a4d6532:0:4,b95e2705d5a356fbf1413fffbb51166a15189a8408c65518ca1e169bb0b681ec,True,340.8873099833727,11,15026.31591796875,15234.0,,,,,
vanilla,1,25,bb98dd0bceac09d24db1ecb2af549a92:377f7f0dd150:0:0,1ea442a134b2a184bd5d40104401f2a37fbc09ccf3f4bc9da161c6099be3691d,True,189.89692896138877,1,14998.69970703125,15234.0,,,,,
vanilla,1,26,bb98dd0bceac09d24db1ecb2af549a92:377f7f0dd150:0:1,1ea442a134b2a184bd5d40104401f2a37fbc09ccf3f4bc9da161c6099be3691d,True,188.6802560184151,1,14998.69970703125,15234.0,,,,,
vanilla,1,27,bb98dd0bceac09d24db1ecb2af549a92:377f7f0dd150:0:2,1ea442a134b2a184bd5d40104401f2a37fbc09ccf3f4bc9da161c6099be3691d,True,187.68104794435203,1,14998.69970703125,15234.0,,,,,
vanilla,1,28,bb98dd0bceac09d24db1ecb2af549a92:377f7f0dd150:0:3,85a39ab345d672ff8ca9b9c6876f3adcacf45ee7c1e2dbd2408fd338bd55e07e,True,190.65181002952158,1,14998.69970703125,15234.0,,,,,
vanilla,1,29,bb98dd0bceac09d24db1ecb2af549a92:377f7f0dd150:0:4,85a39ab345d672ff8ca9b9c6876f3adcacf45ee7c1e2dbd2408fd338bd55e07e,True,186.92945898510516,1,14998.69970703125,15234.0,,,,,
vanilla,1,30,bb98dd0bceac09d24db1ecb2af549a92:2cf3a7a3a65c:0:0,1ea442a134b2a184bd5d40104401f2a37fbc09ccf3f4bc9da161c6099be3691d,True,187.6676040701568,1,14998.69970703125,15234.0,,,,,
vanilla,1,31,bb98dd0bceac09d24db1ecb2af549a92:2cf3a7a3a65c:0:1,1ea442a134b2a184bd5d40104401f2a37fbc09ccf3f4bc9da161c6099be3691d,True,190.05131698213518,1,14998.69970703125,15234.0,,,,,
vanilla,1,32,bb98dd0bceac09d24db1ecb2af549a92:2cf3a7a3a65c:0:2,1ea442a134b2a184bd5d40104401f2a37fbc09ccf3f4bc9da161c6099be3691d,True,187.10358592215925,1,14998.69970703125,15234.0,,,,,
vanilla,1,33,bb98dd0bceac09d24db1ecb2af549a92:2cf3a7a3a65c:0:3,85a39ab345d672ff8ca9b9c6876f3adcacf45ee7c1e2dbd2408fd338bd55e07e,True,187.9276781110093,1,14998.69970703125,15234.0,,,,,
vanilla,1,34,bb98dd0bceac09d24db1ecb2af549a92:2cf3a7a3a65c:0:4,85a39ab345d672ff8ca9b9c6876f3adcacf45ee7c1e2dbd2408fd338bd55e07e,True,189.40893898252398,1,14998.69970703125,15234.0,,,,,
vanilla,1,35,b877dd782edba758ab429e3ee3de3329:97e16cc551e4:0:0,5feceb66ffc86f38d952786c6d696c79c2dbc239dd4e91b46729d73a27fb57e9,True,201.37325499672443,2,15015.6123046875,15234.0,,,,,
vanilla,1,36,b877dd782edba758ab429e3ee3de3329:97e16cc551e4:0:1,5feceb66ffc86f38d952786c6d696c79c2dbc239dd4e91b46729d73a27fb57e9,True,204.86297109164298,2,15015.6123046875,15234.0,,,,,
vanilla,1,37,b877dd782edba758ab429e3ee3de3329:97e16cc551e4:0:2,5feceb66ffc86f38d952786c6d696c79c2dbc239dd4e91b46729d73a27fb57e9,True,205.76828194316477,2,15015.6123046875,15234.0,,,,,
vanilla,1,38,b877dd782edba758ab429e3ee3de3329:97e16cc551e4:0:3,5feceb66ffc86f38d952786c6d696c79c2dbc239dd4e91b46729d73a27fb57e9,True,201.53111196123064,2,15015.6123046875,15234.0,,,,,
vanilla,1,39,b877dd782edba758ab429e3ee3de3329:97e16cc551e4:0:4,6b86b273ff34fce19d6b804eff5a3f5747ada4eaa22f1d49c01e52ddb7875b4b,True,203.88678496237844,2,15015.6123046875,15234.0,,,,,
vanilla,1,40,b877dd782edba758ab429e3ee3de3329:dd7f6c9e007d:0:0,5feceb66ffc86f38d952786c6d696c79c2dbc239dd4e91b46729d73a27fb57e9,True,200.52117994055152,2,15015.6123046875,15234.0,,,,,
vanilla,1,41,b877dd782edba758ab429e3ee3de3329:dd7f6c9e007d:0:1,5feceb66ffc86f38d952786c6d696c79c2dbc239dd4e91b46729d73a27fb57e9,True,201.26481703482568,2,15015.6123046875,15234.0,,,,,
vanilla,1,42,b877dd782edba758ab429e3ee3de3329:dd7f6c9e007d:0:2,5feceb66ffc86f38d952786c6d696c79c2dbc239dd4e91b46729d73a27fb57e9,True,203.60355894081295,2,15015.6123046875,15234.0,,,,,
vanilla,1,43,b877dd782edba758ab429e3ee3de3329:dd7f6c9e007d:0:3,5feceb66ffc86f38d952786c6d696c79c2dbc239dd4e91b46729d73a27fb57e9,True,201.12118893302977,2,15015.6123046875,15234.0,,,,,
vanilla,1,44,b877dd782edba758ab429e3ee3de3329:dd7f6c9e007d:0:4,6b86b273ff34fce19d6b804eff5a3f5747ada4eaa22f1d49c01e52ddb7875b4b,True,204.6687820693478,2,15015.6123046875,15234.0,,,,,
vanilla,1,45,4f59fbf51a0a5bfb4dc5af02cf294693:993dac5396a0:0:0,082a3f27a64a793001365f40fd7d76058660d5148036e68127b7775445e5f79a,True,367.7918768953532,13,15022.64697265625,15234.0,,,,,
vanilla,1,46,4f59fbf51a0a5bfb4dc5af02cf294693:993dac5396a0:0:1,082a3f27a64a793001365f40fd7d76058660d5148036e68127b7775445e5f79a,True,367.3346770228818,13,15022.64697265625,15234.0,,,,,
vanilla,1,47,4f59fbf51a0a5bfb4dc5af02cf294693:993dac5396a0:0:2,082a3f27a64a793001365f40fd7d76058660d5148036e68127b7775445e5f79a,True,369.5230669109151,13,15022.64697265625,15234.0,,,,,
vanilla,1,48,4f59fbf51a0a5bfb4dc5af02cf294693:993dac5396a0:0:3,082a3f27a64a793001365f40fd7d76058660d5148036e68127b7775445e5f79a,True,368.44290397129953,13,15022.64697265625,15234.0,,,,,
vanilla,1,49,4f59fbf51a0a5bfb4dc5af02cf294693:993dac5396a0:0:4,cb1d05299ff18cc4eb1eafa80966fcf02838d32be4a86d290ced7caf197919ad,True,329.0651439456269,10,15022.64697265625,15234.0,,,,,
