mode,repeat,sample_index,orig_id,answer_sha256,answer_matches_vanilla,latency_ms,tokens,peak_allocated_mb,peak_reserved_mb,steps_processed,detection_ready_ms,detection_after_prefill_ms,detector_probability,detector_prediction
sieve,0,0,1a938d25604410ccd63b60285919eaec:c627e50da685:0:0,e042894d371a8df6673730e94e09c16b0c54e157faa37094ac0edd0138322b43,True,495.1905270572752,12,16193.2724609375,16608.0,2,355.5204060394317,147.20341307111084,0.006791131570935249,0
sieve,0,1,1a938d25604410ccd63b60285919eaec:c627e50da685:0:1,e042894d371a8df6673730e94e09c16b0c54e157faa37094ac0edd0138322b43,True,493.0275450460613,12,16193.2724609375,16608.0,2,350.5923110060394,147.03824184834957,0.0031789778731763363,0
sieve,0,2,1a938d25604410ccd63b60285919eaec:c627e50da685:0:2,f5f79da7870b43a425d911d4230cbde81339aaf8976b28d91223d1db1b9dcb91,True,500.05174009129405,12,16193.2724609375,16608.0,2,358.10918803326786,147.29661494493484,0.006613017991185188,0
sieve,0,3,1a938d25604410ccd63b60285919eaec:c627e50da685:0:3,82b4934cd2e12dd5597e5e37c746229f9ae763b2251ce7ebf18bfe7be9c79896,True,520.1238561421633,14,16193.2724609375,16608.0,2,349.9555990565568,147.9981408920139,0.015860000625252724,0
sieve,0,4,1a938d25604410ccd63b60285919eaec:c627e50da685:0:4,82b4934cd2e12dd5597e5e37c746229f9ae763b2251ce7ebf18bfe7be9c79896,True,520.0590188615024,14,16193.2724609375,16608.0,2,352.3598648607731,147.97998685389757,0.0062742712907493114,0
sieve,0,5,49cd6149f02ec01ee03a6eb8287ab2df:f982e9dfaf25:0:0,435ddab74d1ce43607ae306954b3988e040a520237c7d35ed4bf195d89590fe9,True,590.9624681808054,19,16192.31201171875,16608.0,2,351.2240150012076,150.11883596889675,0.022983241826295853,0
sieve,0,6,49cd6149f02ec01ee03a6eb8287ab2df:f982e9dfaf25:0:1,435ddab74d1ce43607ae306954b3988e040a520237c7d35ed4bf195d89590fe9,True,593.951886985451,19,16192.31201171875,16608.0,2,356.2215219717473,149.92882497608662,0.011690442450344563,0
sieve,0,7,49cd6149f02ec01ee03a6eb8287ab2df:f982e9dfaf25:0:2,73fb32b5e401b3eacb51e7e77bdf04e3b22a04455436b5dd1473893ee8251122,True,470.5447438172996,8,16192.31201171875,16608.0,2,386.370463995263,149.46582401171327,0.008059932850301266,0
sieve,0,8,49cd6149f02ec01ee03a6eb8287ab2df:f982e9dfaf25:0:3,435ddab74d1ce43607ae306954b3988e040a520237c7d35ed4bf195d89590fe9,True,651.44520602189,19,16192.31201171875,16608.0,2,413.32478099502623,149.95058299973607,0.010730044916272163,0
sieve,0,9,49cd6149f02ec01ee03a6eb8287ab2df:f982e9dfaf25:0:4,73fb32b5e401b3eacb51e7e77bdf04e3b22a04455436b5dd1473893ee8251122,True,440.4590320773423,8,16192.31201171875,16608.0,2,356.223430018872,149.7861670795828,0.005121942609548569,0
sieve,0,10,49cd6149f02ec01ee03a6eb8287ab2df:81739d7eb99c:0:0,435ddab74d1ce43607ae306954b3988e040a520237c7d35ed4bf195d89590fe9,True,583.8177790865302,19,16192.31201171875,16608.0,2,348.1180539820343,150.23633488453925,0.022983241826295853,0
sieve,0,11,49cd6149f02ec01ee03a6eb8287ab2df:81739d7eb99c:0:1,435ddab74d1ce43607ae306954b3988e040a520237c7d35ed4bf195d89590fe9,True,597.012068843469,19,16192.31201171875,16608.0,2,361.1938909161836,149.92203610017896,0.011690442450344563,0
sieve,0,12,49cd6149f02ec01ee03a6eb8287ab2df:81739d7eb99c:0:2,73fb32b5e401b3eacb51e7e77bdf04e3b22a04455436b5dd1473893ee8251122,True,436.5982240997255,8,16192.31201171875,16608.0,2,351.66334989480674,150.16268100589514,0.008059932850301266,0
sieve,0,13,49cd6149f02ec01ee03a6eb8287ab2df:81739d7eb99c:0:3,435ddab74d1ce43607ae306954b3988e040a520237c7d35ed4bf195d89590fe9,True,589.8520899936557,19,16192.31201171875,16608.0,2,351.942318957299,149.848046945408,0.010730044916272163,0
sieve,0,14,49cd6149f02ec01ee03a6eb8287ab2df:81739d7eb99c:0:4,73fb32b5e401b3eacb51e7e77bdf04e3b22a04455436b5dd1473893ee8251122,True,434.3686660286039,8,16192.31201171875,16608.0,2,348.76682911999524,150.66095208749175,0.005121942609548569,0
sieve,0,15,c6050fe51d3408b1eaef27e08e7f1956:1458b54ae2f6:0:0,35990225eb4034f560541dca69e3de42af70ee7e6c5a42420c958e689cda2c02,True,470.5957060214132,10,16196.4697265625,16608.0,2,356.39828094281256,149.95597396045923,0.017978843301534653,0
sieve,0,16,c6050fe51d3408b1eaef27e08e7f1956:1458b54ae2f6:0:1,aebb1cb50cd9dcc29e137a5616bb2478102285853aed08894b7f12bdcbb1c56f,True,488.5437060147524,12,16196.4697265625,16608.0,2,347.6429108995944,150.79822996631265,0.018420718610286713,0
sieve,0,17,c6050fe51d3408b1eaef27e08e7f1956:1458b54ae2f6:0:2,111b8aacdbaf954aebfbd039849710807963f2bd7a68786f9ede013bd58cf416,True,391.5794261265546,5,16196.4697265625,16608.0,2,348.5089601017535,150.9998480323702,0.015419106930494308,0
sieve,0,18,c6050fe51d3408b1eaef27e08e7f1956:1458b54ae2f6:0:3,423b972f52fcbc22cc94be5cb64caefa796a5124160f24ec5fab21772249ca14,True,492.4864489585161,12,16196.4697265625,16608.0,2,352.70127304829657,150.0642760656774,0.019577886909246445,0
sieve,0,19,c6050fe51d3408b1eaef27e08e7f1956:1458b54ae2f6:0:4,423b972f52fcbc22cc94be5cb64caefa796a5124160f24ec5fab21772249ca14,True,488.0797399673611,12,16196.4697265625,16608.0,2,346.3658378459513,150.044412817806,0.011728213168680668,0
sieve,0,20,c6050fe51d3408b1eaef27e08e7f1956:e4e99a4d6532:0:0,35990225eb4034f560541dca69e3de42af70ee7e6c5a42420c958e689cda2c02,True,460.5192260351032,10,16196.4697265625,16608.0,2,347.61721990071237,150.0907230656594,0.017978843301534653,0
sieve,0,21,c6050fe51d3408b1eaef27e08e7f1956:e4e99a4d6532:0:1,aebb1cb50cd9dcc29e137a5616bb2478102285853aed08894b7f12bdcbb1c56f,True,487.158611882478,12,16196.4697265625,16608.0,2,346.8518510926515,148.25693820603192,0.018420718610286713,0
sieve,0,22,c6050fe51d3408b1eaef27e08e7f1956:e4e99a4d6532:0:2,111b8aacdbaf954aebfbd039849710807963f2bd7a68786f9ede013bd58cf416,True,388.82218999788165,5,16196.4697265625,16608.0,2,346.3618119712919,149.86850298009813,0.015276859514415264,0
sieve,0,23,c6050fe51d3408b1eaef27e08e7f1956:e4e99a4d6532:0:3,423b972f52fcbc22cc94be5cb64caefa796a5124160f24ec5fab21772249ca14,True,491.063664900139,12,16196.4697265625,16608.0,2,348.5053938347846,151.41847589984536,0.019577886909246445,0
sieve,0,24,c6050fe51d3408b1eaef27e08e7f1956:e4e99a4d6532:0:4,423b972f52fcbc22cc94be5cb64caefa796a5124160f24ec5fab21772249ca14,True,485.81428499892354,12,16196.4697265625,16608.0,2,346.4513982180506,147.7396881673485,0.011728213168680668,0
sieve,0,25,bb98dd0bceac09d24db1ecb2af549a92:377f7f0dd150:0:0,855c108ad67905d09ec7c1b0e8aece7c700b88af2a47447b339d06f51ca5f3c1,True,520.4779240302742,14,16192.31201171875,16608.0,2,352.2388180717826,149.64499697089195,0.008631324395537376,0
sieve,0,26,bb98dd0bceac09d24db1ecb2af549a92:377f7f0dd150:0:1,345f983c72b415369583c07355d41a5ce238a9e9fc7fe025add55b989f42753c,True,582.6344930101186,19,16192.31201171875,16608.0,2,346.9447249080986,145.47710004262626,0.016790196299552917,0
sieve,0,27,bb98dd0bceac09d24db1ecb2af549a92:377f7f0dd150:0:2,d9dc9f66742ea39569f48bea2599a075674a27a99bededdf7d11d3fbc33c74c9,True,559.7423890139908,17,16192.31201171875,16608.0,2,351.1920450255275,150.79291490837932,0.006844763178378344,0
sieve,0,28,bb98dd0bceac09d24db1ecb2af549a92:377f7f0dd150:0:3,c45891449e67fbebaa72c55f78b5e89e2ef69d3f86135e99eaae972f41ca37d3,True,592.7079420071095,19,16192.31201171875,16608.0,2,356.43918509595096,149.37715488485992,0.022607505321502686,0
sieve,0,29,bb98dd0bceac09d24db1ecb2af549a92:377f7f0dd150:0:4,a4b4d1f639310ce5a0af8666d80dea51c299717b38da5a87d48ce3bde0ecf3b5,True,490.46694999560714,12,16192.31201171875,16608.0,2,350.6743679754436,150.0617580022663,0.011110087856650352,0
sieve,0,30,bb98dd0bceac09d24db1ecb2af549a92:2cf3a7a3a65c:0:0,855c108ad67905d09ec7c1b0e8aece7c700b88af2a47447b339d06f51ca5f3c1,True,514.4989001564682,14,16192.31201171875,16608.0,2,346.6673952061683,150.24856920354068,0.008631324395537376,0
sieve,0,31,bb98dd0bceac09d24db1ecb2af549a92:2cf3a7a3a65c:0:1,345f983c72b415369583c07355d41a5ce238a9e9fc7fe025add55b989f42753c,True,588.3813390973955,19,16192.31201171875,16608.0,2,353.0140370130539,150.33482806757092,0.016790196299552917,0
sieve,0,32,bb98dd0bceac09d24db1ecb2af549a92:2cf3a7a3a65c:0:2,d9dc9f66742ea39569f48bea2599a075674a27a99bededdf7d11d3fbc33c74c9,True,570.28504810296,17,16192.31201171875,16608.0,2,361.10878991894424,147.5214478559792,0.006844763178378344,0
sieve,0,33,bb98dd0bceac09d24db1ecb2af549a92:2cf3a7a3a65c:0:3,c45891449e67fbebaa72c55f78b5e89e2ef69d3f86135e99eaae972f41ca37d3,True,590.8340939786285,19,16192.31201171875,16608.0,2,352.1130948793143,150.56963404640555,0.025648318231105804,0
sieve,0,34,bb98dd0bceac09d24db1ecb2af549a92:2cf3a7a3a65c:0:4,a4b4d1f639310ce5a0af8666d80dea51c299717b38da5a87d48ce3bde0ecf3b5,True,498.12347907572985,12,16192.31201171875,16608.0,2,359.2902810778469,149.54995713196695,0.011110087856650352,0
sieve,0,35,b877dd782edba758ab429e3ee3de3329:97e16cc551e4:0:0,bcf1436e8a0397586b601d3afcfbd9357f7df58201510a79a21f33dea57905ee,True,682.6303889974952,26,16192.58642578125,16608.0,2,347.3738180473447,147.09101803600788,0.0157643873244524,0
sieve,0,36,b877dd782edba758ab429e3ee3de3329:97e16cc551e4:0:1,f340e6b096d48731cb6973ce6c1f384848e8a709bc3d7fefbc1375269bb16f66,True,593.8386428169906,19,16192.58642578125,16608.0,2,357.7272838447243,149.48510588146746,0.011616683565080166,0
sieve,0,37,b877dd782edba758ab429e3ee3de3329:97e16cc551e4:0:2,f340e6b096d48731cb6973ce6c1f384848e8a709bc3d7fefbc1375269bb16f66,False,585.2110967971385,19,16192.58642578125,16608.0,2,348.8889548461884,148.78784399479628,0.028383024036884308,0
sieve,0,38,b877dd782edba758ab429e3ee3de3329:97e16cc551e4:0:3,2b704dcf2e659e9441eb368463e822d98e8a4b4b0badfa1e02b97c395219bada,True,615.6213760841638,21,16192.58642578125,16608.0,2,351.0965551249683,150.20792605355382,0.012947880662977695,0
sieve,0,39,b877dd782edba758ab429e3ee3de3329:97e16cc551e4:0:4,9833888f2bcf7baedb3e6d22f7a45d778a3ddb93dc3ee593faf345e015a5527d,True,589.2943039070815,19,16192.58642578125,16608.0,2,348.411378916353,149.66313703916967,0.027986161410808563,0
sieve,0,40,b877dd782edba758ab429e3ee3de3329:dd7f6c9e007d:0:0,bcf1436e8a0397586b601d3afcfbd9357f7df58201510a79a21f33dea57905ee,True,680.2233890630305,26,16192.58642578125,16608.0,2,345.62868694774806,149.27157200872898,0.0157643873244524,0
sieve,0,41,b877dd782edba758ab429e3ee3de3329:dd7f6c9e007d:0:1,f340e6b096d48731cb6973ce6c1f384848e8a709bc3d7fefbc1375269bb16f66,True,587.2176650445908,19,16192.58642578125,16608.0,2,349.5835610665381,149.82876204885542,0.011616683565080166,0
sieve,0,42,b877dd782edba758ab429e3ee3de3329:dd7f6c9e007d:0:2,2b704dcf2e659e9441eb368463e822d98e8a4b4b0badfa1e02b97c395219bada,False,608.393631177023,21,16192.58642578125,16608.0,2,344.72055500373244,147.0685068052262,0.028383024036884308,0
sieve,0,43,b877dd782edba758ab429e3ee3de3329:dd7f6c9e007d:0:3,2b704dcf2e659e9441eb368463e822d98e8a4b4b0badfa1e02b97c395219bada,True,608.1861110869795,21,16192.58642578125,16608.0,2,344.8631160426885,149.35098099522293,0.012947880662977695,0
sieve,0,44,b877dd782edba758ab429e3ee3de3329:dd7f6c9e007d:0:4,9833888f2bcf7baedb3e6d22f7a45d778a3ddb93dc3ee593faf345e015a5527d,True,579.7902210615575,19,16192.58642578125,16608.0,2,344.5427699480206,149.0626889280975,0.027986161410808563,0
sieve,0,45,4f59fbf51a0a5bfb4dc5af02cf294693:993dac5396a0:0:0,02b2f284846856bbed690c4a4ff41de209848e5b20a5b8e52994ff6008da32c7,True,552.7403079904616,17,16193.2724609375,16608.0,2,345.2493369113654,149.596351897344,0.00428044144064188,0
sieve,0,46,4f59fbf51a0a5bfb4dc5af02cf294693:993dac5396a0:0:1,72ce63e97c300b32403763a2e20f5768dbedc981efcd36c58458b7f10991a314,True,503.1163948588073,13,16193.2724609375,16608.0,2,350.54429480805993,147.25032285787165,0.017895366996526718,0
sieve,0,47,4f59fbf51a0a5bfb4dc5af02cf294693:993dac5396a0:0:2,692a62434ae2815dec74164a4d148a1ad395dbf6653d58fc4ae432a52e892e37,True,553.6086559295654,17,16193.2724609375,16608.0,2,344.86464294604957,149.42900207825005,0.035333096981048584,0
sieve,0,48,4f59fbf51a0a5bfb4dc5af02cf294693:993dac5396a0:0:3,692a62434ae2815dec74164a4d148a1ad395dbf6653d58fc4ae432a52e892e37,True,555.4347271099687,17,16193.2724609375,16608.0,2,346.5238770004362,147.63340796343982,0.021379804238677025,0
sieve,0,49,4f59fbf51a0a5bfb4dc5af02cf294693:993dac5396a0:0:4,e4f0271d7dced0f36c97839e546b1f140f69dfa129a37b04f653f47eb9c2798f,True,488.41637396253645,12,16193.2724609375,16608.0,2,349.37251708470285,149.60857992991805,0.016297079622745514,0
sieve,1,0,1a938d25604410ccd63b60285919eaec:c627e50da685:0:0,e042894d371a8df6673730e94e09c16b0c54e157faa37094ac0edd0138322b43,True,486.499757040292,12,16193.2724609375,16608.0,2,346.54382709413767,149.71101516857743,0.0038758108858019114,0
sieve,1,1,1a938d25604410ccd63b60285919eaec:c627e50da685:0:1,e042894d371a8df6673730e94e09c16b0c54e157faa37094ac0edd0138322b43,True,485.93294410966337,12,16193.2724609375,16608.0,2,346.32472903467715,147.42315490730107,0.0031789778731763363,0
sieve,1,2,1a938d25604410ccd63b60285919eaec:c627e50da685:0:2,f5f79da7870b43a425d911d4230cbde81339aaf8976b28d91223d1db1b9dcb91,True,491.9595120009035,12,16193.2724609375,16608.0,2,352.4289440829307,147.28889893740416,0.006613017991185188,0
sieve,1,3,1a938d25604410ccd63b60285919eaec:c627e50da685:0:3,82b4934cd2e12dd5597e5e37c746229f9ae763b2251ce7ebf18bfe7be9c79896,True,528.8650349248201,14,16193.2724609375,16608.0,2,361.3777288701385,147.45528995990753,0.015860000625252724,0
sieve,1,4,1a938d25604410ccd63b60285919eaec:c627e50da685:0:4,82b4934cd2e12dd5597e5e37c746229f9ae763b2251ce7ebf18bfe7be9c79896,True,515.5286588706076,14,16193.2724609375,16608.0,2,347.3976149689406,150.5545279942453,0.0062742712907493114,0
sieve,1,5,49cd6149f02ec01ee03a6eb8287ab2df:f982e9dfaf25:0:0,435ddab74d1ce43607ae306954b3988e040a520237c7d35ed4bf195d89590fe9,True,588.4279101155698,19,16192.31201171875,16608.0,2,351.8734311219305,150.69154906086624,0.022983241826295853,0
sieve,1,6,49cd6149f02ec01ee03a6eb8287ab2df:f982e9dfaf25:0:1,435ddab74d1ce43607ae306954b3988e040a520237c7d35ed4bf195d89590fe9,True,595.8096662070602,19,16192.31201171875,16608.0,2,359.6930920612067,150.30197892338037,0.011690442450344563,0
sieve,1,7,49cd6149f02ec01ee03a6eb8287ab2df:f982e9dfaf25:0:2,73fb32b5e401b3eacb51e7e77bdf04e3b22a04455436b5dd1473893ee8251122,True,435.46978384256363,8,16192.31201171875,16608.0,2,350.8031179662794,150.14013019390404,0.008059932850301266,0
sieve,1,8,49cd6149f02ec01ee03a6eb8287ab2df:f982e9dfaf25:0:3,435ddab74d1ce43607ae306954b3988e040a520237c7d35ed4bf195d89590fe9,True,590.1022679172456,19,16192.31201171875,16608.0,2,353.0234128702432,146.95254596881568,0.010730044916272163,0
sieve,1,9,49cd6149f02ec01ee03a6eb8287ab2df:f982e9dfaf25:0:4,73fb32b5e401b3eacb51e7e77bdf04e3b22a04455436b5dd1473893ee8251122,True,432.0386480540037,8,16192.31201171875,16608.0,2,347.3770581185818,150.6332471035421,0.005121942609548569,0
sieve,1,10,49cd6149f02ec01ee03a6eb8287ab2df:81739d7eb99c:0:0,435ddab74d1ce43607ae306954b3988e040a520237c7d35ed4bf195d89590fe9,True,585.0659140851349,19,16192.31201171875,16608.0,2,348.4538111370057,150.34416411072016,0.022983241826295853,0
sieve,1,11,49cd6149f02ec01ee03a6eb8287ab2df:81739d7eb99c:0:1,435ddab74d1ce43607ae306954b3988e040a520237c7d35ed4bf195d89590fe9,True,603.5961338784546,19,16192.31201171875,16608.0,2,367.3753628972918,146.97044692002237,0.011690442450344563,0
sieve,1,12,49cd6149f02ec01ee03a6eb8287ab2df:81739d7eb99c:0:2,73fb32b5e401b3eacb51e7e77bdf04e3b22a04455436b5dd1473893ee8251122,True,443.31698096357286,8,16192.31201171875,16608.0,2,359.0384619310498,149.6053938753903,0.008059932850301266,0
sieve,1,13,49cd6149f02ec01ee03a6eb8287ab2df:81739d7eb99c:0:3,435ddab74d1ce43607ae306954b3988e040a520237c7d35ed4bf195d89590fe9,True,593.2009329553694,19,16192.31201171875,16608.0,2,352.9564698692411,149.98620189726353,0.010730044916272163,0
sieve,1,14,49cd6149f02ec01ee03a6eb8287ab2df:81739d7eb99c:0:4,73fb32b5e401b3eacb51e7e77bdf04e3b22a04455436b5dd1473893ee8251122,True,434.41498186439276,8,16192.31201171875,16608.0,2,350.34548002295196,150.02133115194738,0.005121942609548569,0
sieve,1,15,c6050fe51d3408b1eaef27e08e7f1956:1458b54ae2f6:0:0,35990225eb4034f560541dca69e3de42af70ee7e6c5a42420c958e689cda2c02,True,462.96957693994045,10,16196.4697265625,16608.0,2,349.67250004410744,150.45436704531312,0.017978843301534653,0
sieve,1,16,c6050fe51d3408b1eaef27e08e7f1956:1458b54ae2f6:0:1,aebb1cb50cd9dcc29e137a5616bb2478102285853aed08894b7f12bdcbb1c56f,True,485.9590388368815,12,16196.4697265625,16608.0,2,344.8213068768382,149.34450993314385,0.018420718610286713,0
sieve,1,17,c6050fe51d3408b1eaef27e08e7f1956:1458b54ae2f6:0:2,111b8aacdbaf954aebfbd039849710807963f2bd7a68786f9ede013bd58cf416,True,388.0384510848671,5,16196.4697265625,16608.0,2,345.6656951457262,147.3171589896083,0.015276859514415264,0
sieve,1,18,c6050fe51d3408b1eaef27e08e7f1956:1458b54ae2f6:0:3,423b972f52fcbc22cc94be5cb64caefa796a5124160f24ec5fab21772249ca14,True,485.8956281095743,12,16196.4697265625,16608.0,2,346.54497099108994,150.7484100293368,0.019577886909246445,0
sieve,1,19,c6050fe51d3408b1eaef27e08e7f1956:1458b54ae2f6:0:4,423b972f52fcbc22cc94be5cb64caefa796a5124160f24ec5fab21772249ca14,True,497.4368838593364,12,16196.4697265625,16608.0,2,357.06065385602415,150.189460022375,0.011728213168680668,0
sieve,1,20,c6050fe51d3408b1eaef27e08e7f1956:e4e99a4d6532:0:0,35990225eb4034f560541dca69e3de42af70ee7e6c5a42420c958e689cda2c02,True,461.4790289197117,10,16196.4697265625,16608.0,2,348.8901739474386,147.78762799687684,0.017978843301534653,0
sieve,1,21,c6050fe51d3408b1eaef27e08e7f1956:e4e99a4d6532:0:1,aebb1cb50cd9dcc29e137a5616bb2478102285853aed08894b7f12bdcbb1c56f,True,489.74630888551474,12,16196.4697265625,16608.0,2,349.02777103707194,147.41676696576178,0.018420718610286713,0
sieve,1,22,c6050fe51d3408b1eaef27e08e7f1956:e4e99a4d6532:0:2,111b8aacdbaf954aebfbd039849710807963f2bd7a68786f9ede013bd58cf416,True,389.96505620889366,5,16196.4697265625,16608.0,2,346.9553079921752,147.71330286748707,0.015276859514415264,0
sieve,1,23,c6050fe51d3408b1eaef27e08e7f1956:e4e99a4d6532:0:3,423b972f52fcbc22cc94be5cb64caefa796a5124160f24ec5fab21772249ca14,True,530.5467429570854,12,16196.4697265625,16608.0,2,390.5688759405166,147.54133694805205,0.019577886909246445,0
sieve,1,24,c6050fe51d3408b1eaef27e08e7f1956:e4e99a4d6532:0:4,423b972f52fcbc22cc94be5cb64caefa796a5124160f24ec5fab21772249ca14,True,489.45475998334587,12,16196.4697265625,16608.0,2,348.9045549649745,147.46893593110144,0.011728213168680668,0
sieve,1,25,bb98dd0bceac09d24db1ecb2af549a92:377f7f0dd150:0:0,855c108ad67905d09ec7c1b0e8aece7c700b88af2a47447b339d06f51ca5f3c1,True,518.5918598435819,14,16192.31201171875,16608.0,2,349.18098896741867,149.7749830596149,0.008631324395537376,0
sieve,1,26,bb98dd0bceac09d24db1ecb2af549a92:377f7f0dd150:0:1,345f983c72b415369583c07355d41a5ce238a9e9fc7fe025add55b989f42753c,True,583.4578908979893,19,16192.31201171875,16608.0,2,345.2006110455841,149.26570211537182,0.016790196299552917,0
sieve,1,27,bb98dd0bceac09d24db1ecb2af549a92:377f7f0dd150:0:2,d9dc9f66742ea39569f48bea2599a075674a27a99bededdf7d11d3fbc33c74c9,True,561.8117561098188,17,16192.31201171875,16608.0,2,350.8578450419009,150.11109202168882,0.006844763178378344,0
sieve,1,28,bb98dd0bceac09d24db1ecb2af549a92:377f7f0dd150:0:3,c45891449e67fbebaa72c55f78b5e89e2ef69d3f86135e99eaae972f41ca37d3,True,589.8548350669444,19,16192.31201171875,16608.0,2,351.25407204031944,147.5235358811915,0.022607505321502686,0
sieve,1,29,bb98dd0bceac09d24db1ecb2af549a92:377f7f0dd150:0:4,a4b4d1f639310ce5a0af8666d80dea51c299717b38da5a87d48ce3bde0ecf3b5,True,492.99469008110464,12,16192.31201171875,16608.0,2,351.80233092978597,150.13164281845093,0.011110087856650352,0
sieve,1,30,bb98dd0bceac09d24db1ecb2af549a92:2cf3a7a3a65c:0:0,855c108ad67905d09ec7c1b0e8aece7c700b88af2a47447b339d06f51ca5f3c1,True,519.7686708997935,14,16192.31201171875,16608.0,2,350.8810850325972,147.64101104810834,0.008631324395537376,0
sieve,1,31,bb98dd0bceac09d24db1ecb2af549a92:2cf3a7a3a65c:0:1,345f983c72b415369583c07355d41a5ce238a9e9fc7fe025add55b989f42753c,True,585.9171769116074,19,16192.31201171875,16608.0,2,345.64794204197824,147.6153819821775,0.016790196299552917,0
sieve,1,32,bb98dd0bceac09d24db1ecb2af549a92:2cf3a7a3a65c:0:2,d9dc9f66742ea39569f48bea2599a075674a27a99bededdf7d11d3fbc33c74c9,True,556.7220719531178,17,16192.31201171875,16608.0,2,345.97809379920363,147.38820679485798,0.006844763178378344,0
sieve,1,33,bb98dd0bceac09d24db1ecb2af549a92:2cf3a7a3a65c:0:3,c45891449e67fbebaa72c55f78b5e89e2ef69d3f86135e99eaae972f41ca37d3,True,584.3778729904443,19,16192.31201171875,16608.0,2,345.46238207258284,150.26268805377185,0.022607505321502686,0
sieve,1,34,bb98dd0bceac09d24db1ecb2af549a92:2cf3a7a3a65c:0:4,a4b4d1f639310ce5a0af8666d80dea51c299717b38da5a87d48ce3bde0ecf3b5,True,489.4805399235338,12,16192.31201171875,16608.0,2,348.70479884557426,150.07840190082788,0.011110087856650352,0
sieve,1,35,b877dd782edba758ab429e3ee3de3329:97e16cc551e4:0:0,bcf1436e8a0397586b601d3afcfbd9357f7df58201510a79a21f33dea57905ee,True,684.9370759446174,26,16192.58642578125,16608.0,2,346.580222947523,149.8374310322106,0.0157643873244524,0
sieve,1,36,b877dd782edba758ab429e3ee3de3329:97e16cc551e4:0:1,f340e6b096d48731cb6973ce6c1f384848e8a709bc3d7fefbc1375269bb16f66,True,599.6864109765738,19,16192.58642578125,16608.0,2,361.35409004054964,147.78775814920664,0.011616683565080166,0
sieve,1,37,b877dd782edba758ab429e3ee3de3329:97e16cc551e4:0:2,2b704dcf2e659e9441eb368463e822d98e8a4b4b0badfa1e02b97c395219bada,True,617.9232290014625,21,16192.58642578125,16608.0,2,350.71372310630977,150.62742098234594,0.028383024036884308,0
sieve,1,38,b877dd782edba758ab429e3ee3de3329:97e16cc551e4:0:3,2b704dcf2e659e9441eb368463e822d98e8a4b4b0badfa1e02b97c395219bada,True,618.7902640085667,21,16192.58642578125,16608.0,2,353.47760608419776,150.64439200796187,0.012947880662977695,0
sieve,1,39,b877dd782edba758ab429e3ee3de3329:97e16cc551e4:0:4,9833888f2bcf7baedb3e6d22f7a45d778a3ddb93dc3ee593faf345e015a5527d,True,593.591304961592,19,16192.58642578125,16608.0,2,358.56750095263124,149.19830509461462,0.027986161410808563,0
sieve,1,40,b877dd782edba758ab429e3ee3de3329:dd7f6c9e007d:0:0,bcf1436e8a0397586b601d3afcfbd9357f7df58201510a79a21f33dea57905ee,True,689.2594650853425,26,16192.58642578125,16608.0,2,356.0497839935124,150.86486702784896,0.0157643873244524,0
sieve,1,41,b877dd782edba758ab429e3ee3de3329:dd7f6c9e007d:0:1,f340e6b096d48731cb6973ce6c1f384848e8a709bc3d7fefbc1375269bb16f66,True,612.5218630768359,19,16192.58642578125,16608.0,2,375.695917988196,167.85162803716958,0.011616683565080166,0
sieve,1,42,b877dd782edba758ab429e3ee3de3329:dd7f6c9e007d:0:2,2b704dcf2e659e9441eb368463e822d98e8a4b4b0badfa1e02b97c395219bada,False,620.1690279413015,21,16192.58642578125,16608.0,2,356.38257092796266,150.69567295722663,0.028383024036884308,0
sieve,1,43,b877dd782edba758ab429e3ee3de3329:dd7f6c9e007d:0:3,2b704dcf2e659e9441eb368463e822d98e8a4b4b0badfa1e02b97c395219bada,True,629.1617089882493,21,16192.58642578125,16608.0,2,363.7254759669304,150.81449295394123,0.012947880662977695,0
sieve,1,44,b877dd782edba758ab429e3ee3de3329:dd7f6c9e007d:0:4,9833888f2bcf7baedb3e6d22f7a45d778a3ddb93dc3ee593faf345e015a5527d,True,584.324775962159,19,16192.58642578125,16608.0,2,347.2766929771751,147.21348602324724,0.027986161410808563,0
sieve,1,45,4f59fbf51a0a5bfb4dc5af02cf294693:993dac5396a0:0:0,02b2f284846856bbed690c4a4ff41de209848e5b20a5b8e52994ff6008da32c7,True,568.4820730239153,17,16193.2724609375,16608.0,2,359.03291613794863,147.47316297143698,0.004469900857657194,0
sieve,1,46,4f59fbf51a0a5bfb4dc5af02cf294693:993dac5396a0:0:1,72ce63e97c300b32403763a2e20f5768dbedc981efcd36c58458b7f10991a314,True,506.6643788013607,13,16193.2724609375,16608.0,2,352.7127888519317,150.97325993701816,0.017895366996526718,0
sieve,1,47,4f59fbf51a0a5bfb4dc5af02cf294693:993dac5396a0:0:2,692a62434ae2815dec74164a4d148a1ad395dbf6653d58fc4ae432a52e892e37,True,562.6499350182712,17,16193.2724609375,16608.0,2,352.57576894946396,147.4675729405135,0.035333096981048584,0
sieve,1,48,4f59fbf51a0a5bfb4dc5af02cf294693:993dac5396a0:0:3,692a62434ae2815dec74164a4d148a1ad395dbf6653d58fc4ae432a52e892e37,True,563.7055430561304,17,16193.2724609375,16608.0,2,354.549186071381,147.63104007579386,0.021379804238677025,0
sieve,1,49,4f59fbf51a0a5bfb4dc5af02cf294693:993dac5396a0:0:4,0cc9fb380cb2bb70003747e1d1b5eddb6239e470e3464f2a6cf9c2ca668b89c3,False,506.53735594823956,13,16193.2724609375,16608.0,2,352.96335304155946,147.797946119681,0.018702173605561256,0
predictor,0,0,1a938d25604410ccd63b60285919eaec:c627e50da685:0:0,e042894d371a8df6673730e94e09c16b0c54e157faa37094ac0edd0138322b43,True,487.47607599943876,12,16193.2724609375,16608.0,2,345.65160702914,146.60415495745838,,
predictor,0,1,1a938d25604410ccd63b60285919eaec:c627e50da685:0:1,e042894d371a8df6673730e94e09c16b0c54e157faa37094ac0edd0138322b43,True,488.1541458889842,12,16193.2724609375,16608.0,2,348.5415370669216,147.1806711051613,,
predictor,0,2,1a938d25604410ccd63b60285919eaec:c627e50da685:0:2,f5f79da7870b43a425d911d4230cbde81339aaf8976b28d91223d1db1b9dcb91,True,486.3138811197132,12,16193.2724609375,16608.0,2,346.6935970354825,146.40576508827507,,
predictor,0,3,1a938d25604410ccd63b60285919eaec:c627e50da685:0:3,82b4934cd2e12dd5597e5e37c746229f9ae763b2251ce7ebf18bfe7be9c79896,True,512.0178489014506,14,16193.2724609375,16608.0,2,343.8891088590026,146.28660585731268,,
predictor,0,4,1a938d25604410ccd63b60285919eaec:c627e50da685:0:4,82b4934cd2e12dd5597e5e37c746229f9ae763b2251ce7ebf18bfe7be9c79896,True,514.09304398112,14,16193.2724609375,16608.0,2,346.267675049603,147.01426401734352,,
predictor,0,5,49cd6149f02ec01ee03a6eb8287ab2df:f982e9dfaf25:0:0,435ddab74d1ce43607ae306954b3988e040a520237c7d35ed4bf195d89590fe9,True,581.1173589900136,19,16192.31201171875,16608.0,2,342.7616939879954,146.7757490463555,,
predictor,0,6,49cd6149f02ec01ee03a6eb8287ab2df:f982e9dfaf25:0:1,435ddab74d1ce43607ae306954b3988e040a520237c7d35ed4bf195d89590fe9,True,584.2808100860566,19,16192.31201171875,16608.0,2,345.3911889810115,146.2612298782915,,
predictor,0,7,49cd6149f02ec01ee03a6eb8287ab2df:f982e9dfaf25:0:2,73fb32b5e401b3eacb51e7e77bdf04e3b22a04455436b5dd1473893ee8251122,True,428.4261050634086,8,16192.31201171875,16608.0,2,341.80513792671263,146.18685701861978,,
predictor,0,8,49cd6149f02ec01ee03a6eb8287ab2df:f982e9dfaf25:0:3,435ddab74d1ce43607ae306954b3988e040a520237c7d35ed4bf195d89590fe9,True,582.9779729247093,19,16192.31201171875,16608.0,2,342.84122195094824,146.42256312072277,,
predictor,0,9,49cd6149f02ec01ee03a6eb8287ab2df:f982e9dfaf25:0:4,73fb32b5e401b3eacb51e7e77bdf04e3b22a04455436b5dd1473893ee8251122,True,430.8729488402605,8,16192.31201171875,16608.0,2,344.06730998307467,146.56288200058043,,
predictor,0,10,49cd6149f02ec01ee03a6eb8287ab2df:81739d7eb99c:0:0,435ddab74d1ce43607ae306954b3988e040a520237c7d35ed4bf195d89590fe9,True,582.3633559048176,19,16192.31201171875,16608.0,2,342.6355740521103,146.3512380141765,,
predictor,0,11,49cd6149f02ec01ee03a6eb8287ab2df:81739d7eb99c:0:1,435ddab74d1ce43607ae306954b3988e040a520237c7d35ed4bf195d89590fe9,True,581.038252916187,19,16192.31201171875,16608.0,2,343.2619508821517,146.31076902151108,,
predictor,0,12,49cd6149f02ec01ee03a6eb8287ab2df:81739d7eb99c:0:2,73fb32b5e401b3eacb51e7e77bdf04e3b22a04455436b5dd1473893ee8251122,True,430.6640699505806,8,16192.31201171875,16608.0,2,343.31601904705167,146.64650312624872,,
predictor,0,13,49cd6149f02ec01ee03a6eb8287ab2df:81739d7eb99c:0:3,95f301e4834466fadb9df4ae46e1b1c55f14a11d8b92502235741ad28dbdb107,False,531.6124751698226,15,16192.31201171875,16608.0,2,347.73151809349656,146.25994698144495,,
predictor,0,14,49cd6149f02ec01ee03a6eb8287ab2df:81739d7eb99c:0:4,73fb32b5e401b3eacb51e7e77bdf04e3b22a04455436b5dd1473893ee8251122,True,429.5289150904864,8,16192.31201171875,16608.0,2,342.91286394000053,146.0562888532877,,
predictor,0,15,c6050fe51d3408b1eaef27e08e7f1956:1458b54ae2f6:0:0,35990225eb4034f560541dca69e3de42af70ee7e6c5a42420c958e689cda2c02,True,461.89231099560857,10,16196.4697265625,16608.0,2,347.37379290163517,146.56513300724328,,
predictor,0,16,c6050fe51d3408b1eaef27e08e7f1956:1458b54ae2f6:0:1,aebb1cb50cd9dcc29e137a5616bb2478102285853aed08894b7f12bdcbb1c56f,True,491.42318312078714,12,16196.4697265625,16608.0,2,348.60665211454034,146.54736500233412,,
predictor,0,17,c6050fe51d3408b1eaef27e08e7f1956:1458b54ae2f6:0:2,111b8aacdbaf954aebfbd039849710807963f2bd7a68786f9ede013bd58cf416,True,393.11827602796257,5,16196.4697265625,16608.0,2,347.49267692677677,146.89692482352257,,
predictor,0,18,c6050fe51d3408b1eaef27e08e7f1956:1458b54ae2f6:0:3,423b972f52fcbc22cc94be5cb64caefa796a5124160f24ec5fab21772249ca14,True,487.51144600100815,12,16196.4697265625,16608.0,2,345.14467185363173,146.57056401483715,,
predictor,0,19,c6050fe51d3408b1eaef27e08e7f1956:1458b54ae2f6:0:4,423b972f52fcbc22cc94be5cb64caefa796a5124160f24ec5fab21772249ca14,True,488.7741059064865,12,16196.4697265625,16608.0,2,349.07344495877624,147.1417669672519,,
predictor,0,20,c6050fe51d3408b1eaef27e08e7f1956:e4e99a4d6532:0:0,35990225eb4034f560541dca69e3de42af70ee7e6c5a42420c958e689cda2c02,True,460.29003988951445,10,16196.4697265625,16608.0,2,345.89716186746955,146.50848391465843,,
predictor,0,21,c6050fe51d3408b1eaef27e08e7f1956:e4e99a4d6532:0:1,aebb1cb50cd9dcc29e137a5616bb2478102285853aed08894b7f12bdcbb1c56f,True,487.23922902718186,12,16196.4697265625,16608.0,2,343.6978810932487,147.54761010408401,,
predictor,0,22,c6050fe51d3408b1eaef27e08e7f1956:e4e99a4d6532:0:2,111b8aacdbaf954aebfbd039849710807963f2bd7a68786f9ede013bd58cf416,True,390.86030097678304,5,16196.4697265625,16608.0,2,344.71461712382734,147.2691590897739,,
predictor,0,23,c6050fe51d3408b1eaef27e08e7f1956:e4e99a4d6532:0:3,423b972f52fcbc22cc94be5cb64caefa796a5124160f24ec5fab21772249ca14,True,486.59943602979183,12,16196.4697265625,16608.0,2,346.57380799762905,146.4034009259194,,
predictor,0,24,c6050fe51d3408b1eaef27e08e7f1956:e4e99a4d6532:0:4,423b972f52fcbc22cc94be5cb64caefa796a5124160f24ec5fab21772249ca14,True,486.7065029684454,12,16196.4697265625,16608.0,2,341.32846794091165,146.9418399501592,,
predictor,0,25,bb98dd0bceac09d24db1ecb2af549a92:377f7f0dd150:0:0,855c108ad67905d09ec7c1b0e8aece7c700b88af2a47447b339d06f51ca5f3c1,True,517.6436298061162,14,16192.31201171875,16608.0,2,345.87299288250506,146.38528390787542,,
predictor,0,26,bb98dd0bceac09d24db1ecb2af549a92:377f7f0dd150:0:1,345f983c72b415369583c07355d41a5ce238a9e9fc7fe025add55b989f42753c,True,589.5897629670799,19,16192.31201171875,16608.0,2,348.1867138762027,146.1862837895751,,
predictor,0,27,bb98dd0bceac09d24db1ecb2af549a92:377f7f0dd150:0:2,d9dc9f66742ea39569f48bea2599a075674a27a99bededdf7d11d3fbc33c74c9,True,560.8751329127699,17,16192.31201171875,16608.0,2,348.6728500574827,146.55448496341705,,
predictor,0,28,bb98dd0bceac09d24db1ecb2af549a92:377f7f0dd150:0:3,c45891449e67fbebaa72c55f78b5e89e2ef69d3f86135e99eaae972f41ca37d3,True,585.8202709350735,19,16192.31201171875,16608.0,2,348.1941558420658,150.9798839688301,,
predictor,0,29,bb98dd0bceac09d24db1ecb2af549a92:377f7f0dd150:0:4,a4b4d1f639310ce5a0af8666d80dea51c299717b38da5a87d48ce3bde0ecf3b5,True,490.8915108535439,12,16192.31201171875,16608.0,2,347.48618700541556,146.37732319533825,,
predictor,0,30,bb98dd0bceac09d24db1ecb2af549a92:2cf3a7a3a65c:0:0,855c108ad67905d09ec7c1b0e8aece7c700b88af2a47447b339d06f51ca5f3c1,True,518.084725830704,14,16192.31201171875,16608.0,2,346.5842828154564,146.62990998476744,,
predictor,0,31,bb98dd0bceac09d24db1ecb2af549a92:2cf3a7a3a65c:0:1,345f983c72b415369583c07355d41a5ce238a9e9fc7fe025add55b989f42753c,True,585.3499418590218,19,16192.31201171875,16608.0,2,348.32855802960694,146.79712406359613,,
predictor,0,32,bb98dd0bceac09d24db1ecb2af549a92:2cf3a7a3a65c:0:2,d9dc9f66742ea39569f48bea2599a075674a27a99bededdf7d11d3fbc33c74c9,True,557.9432190861553,17,16192.31201171875,16608.0,2,346.3868061080575,147.36719522625208,,
predictor,0,33,bb98dd0bceac09d24db1ecb2af549a92:2cf3a7a3a65c:0:3,c45891449e67fbebaa72c55f78b5e89e2ef69d3f86135e99eaae972f41ca37d3,True,584.0468069072813,19,16192.31201171875,16608.0,2,344.1712888889015,146.91433985717595,,
predictor,0,34,bb98dd0bceac09d24db1ecb2af549a92:2cf3a7a3a65c:0:4,a4b4d1f639310ce5a0af8666d80dea51c299717b38da5a87d48ce3bde0ecf3b5,True,491.69814004562795,12,16192.31201171875,16608.0,2,349.65455112978816,147.399194072932,,
predictor,0,35,b877dd782edba758ab429e3ee3de3329:97e16cc551e4:0:0,bcf1436e8a0397586b601d3afcfbd9357f7df58201510a79a21f33dea57905ee,True,683.1454059574753,26,16192.58642578125,16608.0,2,345.27630102820694,145.9820771124214,,
predictor,0,36,b877dd782edba758ab429e3ee3de3329:97e16cc551e4:0:1,f340e6b096d48731cb6973ce6c1f384848e8a709bc3d7fefbc1375269bb16f66,True,585.4465139564127,19,16192.58642578125,16608.0,2,346.4994290843606,147.62998512014747,,
predictor,0,37,b877dd782edba758ab429e3ee3de3329:97e16cc551e4:0:2,f340e6b096d48731cb6973ce6c1f384848e8a709bc3d7fefbc1375269bb16f66,False,584.1427638661116,19,16192.58642578125,16608.0,2,345.48258502036333,146.20388019829988,,
predictor,0,38,b877dd782edba758ab429e3ee3de3329:97e16cc551e4:0:3,2b704dcf2e659e9441eb368463e822d98e8a4b4b0badfa1e02b97c395219bada,True,612.1302708052099,21,16192.58642578125,16608.0,2,343.79035886377096,146.29637589678168,,
predictor,0,39,b877dd782edba758ab429e3ee3de3329:97e16cc551e4:0:4,9833888f2bcf7baedb3e6d22f7a45d778a3ddb93dc3ee593faf345e015a5527d,True,589.2475328873843,19,16192.58642578125,16608.0,2,348.917641909793,146.23796590603888,,
predictor,0,40,b877dd782edba758ab429e3ee3de3329:dd7f6c9e007d:0:0,bcf1436e8a0397586b601d3afcfbd9357f7df58201510a79a21f33dea57905ee,True,679.3942719232291,26,16192.58642578125,16608.0,2,343.1867389008403,146.47313696332276,,
predictor,0,41,b877dd782edba758ab429e3ee3de3329:dd7f6c9e007d:0:1,f340e6b096d48731cb6973ce6c1f384848e8a709bc3d7fefbc1375269bb16f66,True,582.1514318231493,19,16192.58642578125,16608.0,2,343.18325389176607,146.7312378808856,,
predictor,0,42,b877dd782edba758ab429e3ee3de3329:dd7f6c9e007d:0:2,f340e6b096d48731cb6973ce6c1f384848e8a709bc3d7fefbc1375269bb16f66,True,583.4326790645719,19,16192.58642578125,16608.0,2,343.3580088894814,146.4464080054313,,
predictor,0,43,b877dd782edba758ab429e3ee3de3329:dd7f6c9e007d:0:3,2b704dcf2e659e9441eb368463e822d98e8a4b4b0badfa1e02b97c395219bada,True,609.9305700045079,21,16192.58642578125,16608.0,2,343.8016418367624,146.1384859867394,,
predictor,0,44,b877dd782edba758ab429e3ee3de3329:dd7f6c9e007d:0:4,9833888f2bcf7baedb3e6d22f7a45d778a3ddb93dc3ee593faf345e015a5527d,True,606.3665789552033,19,16192.58642578125,16608.0,2,366.20361683890224,146.35617984458804,,
predictor,0,45,4f59fbf51a0a5bfb4dc5af02cf294693:993dac5396a0:0:0,02b2f284846856bbed690c4a4ff41de209848e5b20a5b8e52994ff6008da32c7,True,558.3126719575375,17,16193.2724609375,16608.0,2,346.06796503067017,146.54265507124364,,
predictor,0,46,4f59fbf51a0a5bfb4dc5af02cf294693:993dac5396a0:0:1,72ce63e97c300b32403763a2e20f5768dbedc981efcd36c58458b7f10991a314,True,505.3260480053723,13,16193.2724609375,16608.0,2,349.01101305149496,147.77969615533948,,
predictor,0,47,4f59fbf51a0a5bfb4dc5af02cf294693:993dac5396a0:0:2,692a62434ae2815dec74164a4d148a1ad395dbf6653d58fc4ae432a52e892e37,True,561.4016419276595,17,16193.2724609375,16608.0,2,349.05664902180433,147.4425899796188,,
predictor,0,48,4f59fbf51a0a5bfb4dc5af02cf294693:993dac5396a0:0:3,692a62434ae2815dec74164a4d148a1ad395dbf6653d58fc4ae432a52e892e37,True,555.0869540311396,17,16193.2724609375,16608.0,2,343.3768209069967,146.6307200025767,,
predictor,0,49,4f59fbf51a0a5bfb4dc5af02cf294693:993dac5396a0:0:4,0cc9fb380cb2bb70003747e1d1b5eddb6239e470e3464f2a6cf9c2ca668b89c3,False,505.3778460714966,13,16193.2724609375,16608.0,2,348.6352190375328,146.6440069489181,,
predictor,1,0,1a938d25604410ccd63b60285919eaec:c627e50da685:0:0,e042894d371a8df6673730e94e09c16b0c54e157faa37094ac0edd0138322b43,True,488.0047580227256,12,16193.2724609375,16608.0,2,348.30457903444767,146.81560709141195,,
predictor,1,1,1a938d25604410ccd63b60285919eaec:c627e50da685:0:1,e042894d371a8df6673730e94e09c16b0c54e157faa37094ac0edd0138322b43,True,483.7952279485762,12,16193.2724609375,16608.0,2,341.00976679474115,146.51357592083514,,
predictor,1,2,1a938d25604410ccd63b60285919eaec:c627e50da685:0:2,f5f79da7870b43a425d911d4230cbde81339aaf8976b28d91223d1db1b9dcb91,True,491.4428689517081,12,16193.2724609375,16608.0,2,349.4560068938881,147.52699178643525,,
predictor,1,3,1a938d25604410ccd63b60285919eaec:c627e50da685:0:3,82b4934cd2e12dd5597e5e37c746229f9ae763b2251ce7ebf18bfe7be9c79896,True,517.8521331399679,14,16193.2724609375,16608.0,2,347.75297716259956,146.6845280956477,,
predictor,1,4,1a938d25604410ccd63b60285919eaec:c627e50da685:0:4,82b4934cd2e12dd5597e5e37c746229f9ae763b2251ce7ebf18bfe7be9c79896,True,518.7125341035426,14,16193.2724609375,16608.0,2,348.5324471257627,146.89889503642917,,
predictor,1,5,49cd6149f02ec01ee03a6eb8287ab2df:f982e9dfaf25:0:0,435ddab74d1ce43607ae306954b3988e040a520237c7d35ed4bf195d89590fe9,True,586.827928898856,19,16192.31201171875,16608.0,2,348.2069519814104,146.45138406194746,,
predictor,1,6,49cd6149f02ec01ee03a6eb8287ab2df:f982e9dfaf25:0:1,435ddab74d1ce43607ae306954b3988e040a520237c7d35ed4bf195d89590fe9,True,583.2359141204506,19,16192.31201171875,16608.0,2,346.7055649962276,147.1446908544749,,
predictor,1,7,49cd6149f02ec01ee03a6eb8287ab2df:f982e9dfaf25:0:2,73fb32b5e401b3eacb51e7e77bdf04e3b22a04455436b5dd1473893ee8251122,True,435.2379331830889,8,16192.31201171875,16608.0,2,348.71229412965477,146.86807012185454,,
predictor,1,8,49cd6149f02ec01ee03a6eb8287ab2df:f982e9dfaf25:0:3,95f301e4834466fadb9df4ae46e1b1c55f14a11d8b92502235741ad28dbdb107,False,530.6612690910697,15,16192.31201171875,16608.0,2,349.7252899687737,146.3376609608531,,
predictor,1,9,49cd6149f02ec01ee03a6eb8287ab2df:f982e9dfaf25:0:4,73fb32b5e401b3eacb51e7e77bdf04e3b22a04455436b5dd1473893ee8251122,True,430.9434499591589,8,16192.31201171875,16608.0,2,346.3421259075403,146.1875019595027,,
predictor,1,10,49cd6149f02ec01ee03a6eb8287ab2df:81739d7eb99c:0:0,435ddab74d1ce43607ae306954b3988e040a520237c7d35ed4bf195d89590fe9,True,581.0721630696207,19,16192.31201171875,16608.0,2,339.626993983984,145.28953889384866,,
predictor,1,11,49cd6149f02ec01ee03a6eb8287ab2df:81739d7eb99c:0:1,435ddab74d1ce43607ae306954b3988e040a520237c7d35ed4bf195d89590fe9,True,581.9578429218382,19,16192.31201171875,16608.0,2,344.37013883143663,145.33559582196176,,
predictor,1,12,49cd6149f02ec01ee03a6eb8287ab2df:81739d7eb99c:0:2,73fb32b5e401b3eacb51e7e77bdf04e3b22a04455436b5dd1473893ee8251122,True,432.5112169608474,8,16192.31201171875,16608.0,2,345.1167668681592,145.08584490977228,,
predictor,1,13,49cd6149f02ec01ee03a6eb8287ab2df:81739d7eb99c:0:3,435ddab74d1ce43607ae306954b3988e040a520237c7d35ed4bf195d89590fe9,True,583.4582610987127,19,16192.31201171875,16608.0,2,343.9038139767945,145.30500187538564,,
predictor,1,14,49cd6149f02ec01ee03a6eb8287ab2df:81739d7eb99c:0:4,73fb32b5e401b3eacb51e7e77bdf04e3b22a04455436b5dd1473893ee8251122,True,428.5171900410205,8,16192.31201171875,16608.0,2,341.76584891974926,145.70972695946693,,
predictor,1,15,c6050fe51d3408b1eaef27e08e7f1956:1458b54ae2f6:0:0,35990225eb4034f560541dca69e3de42af70ee7e6c5a42420c958e689cda2c02,True,460.35456703975797,10,16196.4697265625,16608.0,2,345.78496403992176,145.47938387840986,,
predictor,1,16,c6050fe51d3408b1eaef27e08e7f1956:1458b54ae2f6:0:1,aebb1cb50cd9dcc29e137a5616bb2478102285853aed08894b7f12bdcbb1c56f,True,482.71414381451905,12,16196.4697265625,16608.0,2,340.6066498719156,145.50562505610287,,
predictor,1,17,c6050fe51d3408b1eaef27e08e7f1956:1458b54ae2f6:0:2,111b8aacdbaf954aebfbd039849710807963f2bd7a68786f9ede013bd58cf416,True,390.83173987455666,5,16196.4697265625,16608.0,2,345.6076260190457,146.23984904028475,,
predictor,1,18,c6050fe51d3408b1eaef27e08e7f1956:1458b54ae2f6:0:3,423b972f52fcbc22cc94be5cb64caefa796a5124160f24ec5fab21772249ca14,True,489.09304407425225,12,16196.4697265625,16608.0,2,346.7540079727769,146.3269938249141,,
predictor,1,19,c6050fe51d3408b1eaef27e08e7f1956:1458b54ae2f6:0:4,423b972f52fcbc22cc94be5cb64caefa796a5124160f24ec5fab21772249ca14,True,486.8193659931421,12,16196.4697265625,16608.0,2,344.64168595150113,145.41674288921058,,
predictor,1,20,c6050fe51d3408b1eaef27e08e7f1956:e4e99a4d6532:0:0,35990225eb4034f560541dca69e3de42af70ee7e6c5a42420c958e689cda2c02,True,459.2233928851783,10,16196.4697265625,16608.0,2,344.52193486504257,145.68150090053678,,
predictor,1,21,c6050fe51d3408b1eaef27e08e7f1956:e4e99a4d6532:0:1,aebb1cb50cd9dcc29e137a5616bb2478102285853aed08894b7f12bdcbb1c56f,True,483.4419200196862,12,16196.4697265625,16608.0,2,340.8840470947325,145.9415960125625,,
predictor,1,22,c6050fe51d3408b1eaef27e08e7f1956:e4e99a4d6532:0:2,111b8aacdbaf954aebfbd039849710807963f2bd7a68786f9ede013bd58cf416,True,390.7052599824965,5,16196.4697265625,16608.0,2,348.5433580353856,146.21263602748513,,
predictor,1,23,c6050fe51d3408b1eaef27e08e7f1956:e4e99a4d6532:0:3,423b972f52fcbc22cc94be5cb64caefa796a5124160f24ec5fab21772249ca14,True,483.80882013589144,12,16196.4697265625,16608.0,2,345.15147213824093,146.08664601109922,,
predictor,1,24,c6050fe51d3408b1eaef27e08e7f1956:e4e99a4d6532:0:4,423b972f52fcbc22cc94be5cb64caefa796a5124160f24ec5fab21772249ca14,True,490.46309012919664,12,16196.4697265625,16608.0,2,345.179497031495,145.43738192878664,,
predictor,1,25,bb98dd0bceac09d24db1ecb2af549a92:377f7f0dd150:0:0,855c108ad67905d09ec7c1b0e8aece7c700b88af2a47447b339d06f51ca5f3c1,True,514.0775970648974,14,16192.31201171875,16608.0,2,344.7170672006905,144.91042913869023,,
predictor,1,26,bb98dd0bceac09d24db1ecb2af549a92:377f7f0dd150:0:1,345f983c72b415369583c07355d41a5ce238a9e9fc7fe025add55b989f42753c,True,585.3438510093838,19,16192.31201171875,16608.0,2,345.590656157583,145.27396904304624,,
predictor,1,27,bb98dd0bceac09d24db1ecb2af549a92:377f7f0dd150:0:2,d9dc9f66742ea39569f48bea2599a075674a27a99bededdf7d11d3fbc33c74c9,True,556.7492479458451,17,16192.31201171875,16608.0,2,345.36961815319955,145.48918209038675,,
predictor,1,28,bb98dd0bceac09d24db1ecb2af549a92:377f7f0dd150:0:3,c45891449e67fbebaa72c55f78b5e89e2ef69d3f86135e99eaae972f41ca37d3,True,585.373492911458,19,16192.31201171875,16608.0,2,345.4720589797944,145.93437709845603,,
predictor,1,29,bb98dd0bceac09d24db1ecb2af549a92:377f7f0dd150:0:4,a4b4d1f639310ce5a0af8666d80dea51c299717b38da5a87d48ce3bde0ecf3b5,True,488.97171881981194,12,16192.31201171875,16608.0,2,346.1039778776467,145.7869610749185,,
predictor,1,30,bb98dd0bceac09d24db1ecb2af549a92:2cf3a7a3a65c:0:0,855c108ad67905d09ec7c1b0e8aece7c700b88af2a47447b339d06f51ca5f3c1,True,522.0197250600904,14,16192.31201171875,16608.0,2,353.1360770575702,145.44501714408398,,
predictor,1,31,bb98dd0bceac09d24db1ecb2af549a92:2cf3a7a3a65c:0:1,345f983c72b415369583c07355d41a5ce238a9e9fc7fe025add55b989f42753c,True,581.6908820997924,19,16192.31201171875,16608.0,2,344.93879112415016,145.25196608155966,,
predictor,1,32,bb98dd0bceac09d24db1ecb2af549a92:2cf3a7a3a65c:0:2,d9dc9f66742ea39569f48bea2599a075674a27a99bededdf7d11d3fbc33c74c9,True,551.4485859312117,17,16192.31201171875,16608.0,2,344.93045695126057,145.32281295396388,,
predictor,1,33,bb98dd0bceac09d24db1ecb2af549a92:2cf3a7a3a65c:0:3,c45891449e67fbebaa72c55f78b5e89e2ef69d3f86135e99eaae972f41ca37d3,True,577.0920680370182,19,16192.31201171875,16608.0,2,338.008918100968,145.20324510522187,,
predictor,1,34,bb98dd0bceac09d24db1ecb2af549a92:2cf3a7a3a65c:0:4,a4b4d1f639310ce5a0af8666d80dea51c299717b38da5a87d48ce3bde0ecf3b5,True,484.68172596767545,12,16192.31201171875,16608.0,2,344.45310896262527,145.3733469825238,,
predictor,1,35,b877dd782edba758ab429e3ee3de3329:97e16cc551e4:0:0,bcf1436e8a0397586b601d3afcfbd9357f7df58201510a79a21f33dea57905ee,True,678.7091770675033,26,16192.58642578125,16608.0,2,344.2514999769628,145.23075800389051,,
predictor,1,36,b877dd782edba758ab429e3ee3de3329:97e16cc551e4:0:1,f340e6b096d48731cb6973ce6c1f384848e8a709bc3d7fefbc1375269bb16f66,True,581.7943690344691,19,16192.58642578125,16608.0,2,343.93851016648114,144.76931816898286,,
predictor,1,37,b877dd782edba758ab429e3ee3de3329:97e16cc551e4:0:2,2b704dcf2e659e9441eb368463e822d98e8a4b4b0badfa1e02b97c395219bada,True,608.903082087636,21,16192.58642578125,16608.0,2,344.77501711808145,145.29745001345873,,
predictor,1,38,b877dd782edba758ab429e3ee3de3329:97e16cc551e4:0:3,2b704dcf2e659e9441eb368463e822d98e8a4b4b0badfa1e02b97c395219bada,True,610.6814958620816,21,16192.58642578125,16608.0,2,348.2605249155313,144.99964891001582,,
predictor,1,39,b877dd782edba758ab429e3ee3de3329:97e16cc551e4:0:4,9833888f2bcf7baedb3e6d22f7a45d778a3ddb93dc3ee593faf345e015a5527d,True,583.9208760298789,19,16192.58642578125,16608.0,2,344.2772440612316,144.89574707113206,,
predictor,1,40,b877dd782edba758ab429e3ee3de3329:dd7f6c9e007d:0:0,bcf1436e8a0397586b601d3afcfbd9357f7df58201510a79a21f33dea57905ee,True,677.2575189825147,26,16192.58642578125,16608.0,2,344.7908069938421,144.937242846936,,
predictor,1,41,b877dd782edba758ab429e3ee3de3329:dd7f6c9e007d:0:1,f340e6b096d48731cb6973ce6c1f384848e8a709bc3d7fefbc1375269bb16f66,True,577.1188389044255,19,16192.58642578125,16608.0,2,339.960077079013,145.20202507264912,,
predictor,1,42,b877dd782edba758ab429e3ee3de3329:dd7f6c9e007d:0:2,2b704dcf2e659e9441eb368463e822d98e8a4b4b0badfa1e02b97c395219bada,False,609.5306999050081,21,16192.58642578125,16608.0,2,345.28659493662417,145.5496030393988,,
predictor,1,43,b877dd782edba758ab429e3ee3de3329:dd7f6c9e007d:0:3,2b704dcf2e659e9441eb368463e822d98e8a4b4b0badfa1e02b97c395219bada,True,605.8638209942728,21,16192.58642578125,16608.0,2,340.7894729170948,145.27985802851617,,
predictor,1,44,b877dd782edba758ab429e3ee3de3329:dd7f6c9e007d:0:4,9833888f2bcf7baedb3e6d22f7a45d778a3ddb93dc3ee593faf345e015a5527d,True,577.9022770002484,19,16192.58642578125,16608.0,2,340.0868740864098,145.18520492129028,,
predictor,1,45,4f59fbf51a0a5bfb4dc5af02cf294693:993dac5396a0:0:0,02b2f284846856bbed690c4a4ff41de209848e5b20a5b8e52994ff6008da32c7,True,550.7140450645238,17,16193.2724609375,16608.0,2,344.06303614377975,145.76732413843274,,
predictor,1,46,4f59fbf51a0a5bfb4dc5af02cf294693:993dac5396a0:0:1,72ce63e97c300b32403763a2e20f5768dbedc981efcd36c58458b7f10991a314,True,500.21365308202803,13,16193.2724609375,16608.0,2,345.1358391903341,145.3367171343416,,
predictor,1,47,4f59fbf51a0a5bfb4dc5af02cf294693:993dac5396a0:0:2,692a62434ae2815dec74164a4d148a1ad395dbf6653d58fc4ae432a52e892e37,True,554.9217760562897,17,16193.2724609375,16608.0,2,345.0456641148776,145.36018413491547,,
predictor,1,48,4f59fbf51a0a5bfb4dc5af02cf294693:993dac5396a0:0:3,692a62434ae2815dec74164a4d148a1ad395dbf6653d58fc4ae432a52e892e37,True,608.4711970761418,17,16193.2724609375,16608.0,2,397.56467612460256,147.4784619640559,,
predictor,1,49,4f59fbf51a0a5bfb4dc5af02cf294693:993dac5396a0:0:4,e4f0271d7dced0f36c97839e546b1f140f69dfa129a37b04f653f47eb9c2798f,True,496.21606688015163,12,16193.2724609375,16608.0,2,354.46707205846906,145.4109949991107,,
monitor,0,0,1a938d25604410ccd63b60285919eaec:c627e50da685:0:0,e042894d371a8df6673730e94e09c16b0c54e157faa37094ac0edd0138322b43,True,484.06628309749067,12,16193.2724609375,16608.0,2,343.1846920866519,143.90525198541582,,
monitor,0,1,1a938d25604410ccd63b60285919eaec:c627e50da685:0:1,e042894d371a8df6673730e94e09c16b0c54e157faa37094ac0edd0138322b43,True,483.42218715697527,12,16193.2724609375,16608.0,2,345.303799957037,143.8024479430169,,
monitor,0,2,1a938d25604410ccd63b60285919eaec:c627e50da685:0:2,f5f79da7870b43a425d911d4230cbde81339aaf8976b28d91223d1db1b9dcb91,True,485.2916831150651,12,16193.2724609375,16608.0,2,344.39012315124273,144.51192319393158,,
monitor,0,3,1a938d25604410ccd63b60285919eaec:c627e50da685:0:3,82b4934cd2e12dd5597e5e37c746229f9ae763b2251ce7ebf18bfe7be9c79896,True,506.80262385867536,14,16193.2724609375,16608.0,2,341.9508798979223,143.7814289238304,,
monitor,0,4,1a938d25604410ccd63b60285919eaec:c627e50da685:0:4,82b4934cd2e12dd5597e5e37c746229f9ae763b2251ce7ebf18bfe7be9c79896,True,512.7334131393582,14,16193.2724609375,16608.0,2,346.0946890991181,143.58852803707123,,
monitor,0,5,49cd6149f02ec01ee03a6eb8287ab2df:f982e9dfaf25:0:0,435ddab74d1ce43607ae306954b3988e040a520237c7d35ed4bf195d89590fe9,True,577.2901729214936,19,16192.31201171875,16608.0,2,342.31266006827354,143.83307308889925,,
monitor,0,6,49cd6149f02ec01ee03a6eb8287ab2df:f982e9dfaf25:0:1,435ddab74d1ce43607ae306954b3988e040a520237c7d35ed4bf195d89590fe9,True,577.7547850739211,19,16192.31201171875,16608.0,2,342.3568531870842,143.53944710455835,,
monitor,0,7,49cd6149f02ec01ee03a6eb8287ab2df:f982e9dfaf25:0:2,73fb32b5e401b3eacb51e7e77bdf04e3b22a04455436b5dd1473893ee8251122,True,427.45171883143485,8,16192.31201171875,16608.0,2,342.7330469712615,143.42887909151614,,
monitor,0,8,49cd6149f02ec01ee03a6eb8287ab2df:f982e9dfaf25:0:3,435ddab74d1ce43607ae306954b3988e040a520237c7d35ed4bf195d89590fe9,True,575.91004204005,19,16192.31201171875,16608.0,2,340.79632884822786,143.61515687778592,,
monitor,0,9,49cd6149f02ec01ee03a6eb8287ab2df:f982e9dfaf25:0:4,73fb32b5e401b3eacb51e7e77bdf04e3b22a04455436b5dd1473893ee8251122,True,424.14892092347145,8,16192.31201171875,16608.0,2,338.32810493186116,143.71352596208453,,
monitor,0,10,49cd6149f02ec01ee03a6eb8287ab2df:81739d7eb99c:0:0,435ddab74d1ce43607ae306954b3988e040a520237c7d35ed4bf195d89590fe9,True,574.2432470433414,19,16192.31201171875,16608.0,2,341.26468608155847,143.49807798862457,,
monitor,0,11,49cd6149f02ec01ee03a6eb8287ab2df:81739d7eb99c:0:1,435ddab74d1ce43607ae306954b3988e040a520237c7d35ed4bf195d89590fe9,True,579.0135469287634,19,16192.31201171875,16608.0,2,342.10299304686487,143.95358017645776,,
monitor,0,12,49cd6149f02ec01ee03a6eb8287ab2df:81739d7eb99c:0:2,73fb32b5e401b3eacb51e7e77bdf04e3b22a04455436b5dd1473893ee8251122,True,479.23303698189557,8,16192.31201171875,16608.0,2,393.57174397446215,144.05388291925192,,
monitor,0,13,49cd6149f02ec01ee03a6eb8287ab2df:81739d7eb99c:0:3,435ddab74d1ce43607ae306954b3988e040a520237c7d35ed4bf195d89590fe9,True,578.4646540414542,19,16192.31201171875,16608.0,2,342.4813491292298,143.44867994077504,,
monitor,0,14,49cd6149f02ec01ee03a6eb8287ab2df:81739d7eb99c:0:4,73fb32b5e401b3eacb51e7e77bdf04e3b22a04455436b5dd1473893ee8251122,True,428.05789806880057,8,16192.31201171875,16608.0,2,342.72559615783393,143.4596290346235,,
monitor,0,15,c6050fe51d3408b1eaef27e08e7f1956:1458b54ae2f6:0:0,35990225eb4034f560541dca69e3de42af70ee7e6c5a42420c958e689cda2c02,True,451.89756620675325,10,16196.4697265625,16608.0,2,338.18133804015815,143.8906998373568,,
monitor,0,16,c6050fe51d3408b1eaef27e08e7f1956:1458b54ae2f6:0:1,aebb1cb50cd9dcc29e137a5616bb2478102285853aed08894b7f12bdcbb1c56f,True,481.1049420386553,12,16196.4697265625,16608.0,2,343.5696510132402,143.68034503422678,,
monitor,0,17,c6050fe51d3408b1eaef27e08e7f1956:1458b54ae2f6:0:2,111b8aacdbaf954aebfbd039849710807963f2bd7a68786f9ede013bd58cf416,True,389.0649841632694,5,16196.4697265625,16608.0,2,347.17698907479644,144.27942293696105,,
monitor,0,18,c6050fe51d3408b1eaef27e08e7f1956:1458b54ae2f6:0:3,423b972f52fcbc22cc94be5cb64caefa796a5124160f24ec5fab21772249ca14,True,483.37357910349965,12,16196.4697265625,16608.0,2,342.5944570917636,143.70406698435545,,
monitor,0,19,c6050fe51d3408b1eaef27e08e7f1956:1458b54ae2f6:0:4,423b972f52fcbc22cc94be5cb64caefa796a5124160f24ec5fab21772249ca14,True,483.2507281098515,12,16196.4697265625,16608.0,2,345.58777906931937,143.82762112654746,,
monitor,0,20,c6050fe51d3408b1eaef27e08e7f1956:e4e99a4d6532:0:0,35990225eb4034f560541dca69e3de42af70ee7e6c5a42420c958e689cda2c02,True,453.90549302101135,10,16196.4697265625,16608.0,2,343.62840303219855,143.8563819974661,,
monitor,0,21,c6050fe51d3408b1eaef27e08e7f1956:e4e99a4d6532:0:1,aebb1cb50cd9dcc29e137a5616bb2478102285853aed08894b7f12bdcbb1c56f,True,482.49330604448915,12,16196.4697265625,16608.0,2,341.497820103541,144.09879106096923,,
monitor,0,22,c6050fe51d3408b1eaef27e08e7f1956:e4e99a4d6532:0:2,111b8aacdbaf954aebfbd039849710807963f2bd7a68786f9ede013bd58cf416,True,388.0997309461236,5,16196.4697265625,16608.0,2,342.9344918113202,143.85311980731785,,
monitor,0,23,c6050fe51d3408b1eaef27e08e7f1956:e4e99a4d6532:0:3,423b972f52fcbc22cc94be5cb64caefa796a5124160f24ec5fab21772249ca14,True,483.8076140731573,12,16196.4697265625,16608.0,2,343.28352799639106,143.83522095158696,,
monitor,0,24,c6050fe51d3408b1eaef27e08e7f1956:e4e99a4d6532:0:4,423b972f52fcbc22cc94be5cb64caefa796a5124160f24ec5fab21772249ca14,True,479.3402389623225,12,16196.4697265625,16608.0,2,338.47640291787684,143.9385199919343,,
monitor,0,25,bb98dd0bceac09d24db1ecb2af549a92:377f7f0dd150:0:0,855c108ad67905d09ec7c1b0e8aece7c700b88af2a47447b339d06f51ca5f3c1,True,506.1482631135732,14,16192.31201171875,16608.0,2,337.98208204098046,143.61099991947412,,
monitor,0,26,bb98dd0bceac09d24db1ecb2af549a92:377f7f0dd150:0:1,345f983c72b415369583c07355d41a5ce238a9e9fc7fe025add55b989f42753c,True,578.6356420721859,19,16192.31201171875,16608.0,2,342.3690109048039,143.78293696790934,,
monitor,0,27,bb98dd0bceac09d24db1ecb2af549a92:377f7f0dd150:0:2,d9dc9f66742ea39569f48bea2599a075674a27a99bededdf7d11d3fbc33c74c9,True,550.9035629220307,17,16192.31201171875,16608.0,2,345.46416508965194,143.77308008261025,,
monitor,0,28,bb98dd0bceac09d24db1ecb2af549a92:377f7f0dd150:0:3,c45891449e67fbebaa72c55f78b5e89e2ef69d3f86135e99eaae972f41ca37d3,True,577.9040181078017,19,16192.31201171875,16608.0,2,344.31997989304364,143.35941383615136,,
monitor,0,29,bb98dd0bceac09d24db1ecb2af549a92:377f7f0dd150:0:4,a4b4d1f639310ce5a0af8666d80dea51c299717b38da5a87d48ce3bde0ecf3b5,True,483.21782192215323,12,16192.31201171875,16608.0,2,341.9021158479154,143.73080991208553,,
monitor,0,30,bb98dd0bceac09d24db1ecb2af549a92:2cf3a7a3a65c:0:0,855c108ad67905d09ec7c1b0e8aece7c700b88af2a47447b339d06f51ca5f3c1,True,510.7121770270169,14,16192.31201171875,16608.0,2,342.02967397868633,143.8333501573652,,
monitor,0,31,bb98dd0bceac09d24db1ecb2af549a92:2cf3a7a3a65c:0:1,345f983c72b415369583c07355d41a5ce238a9e9fc7fe025add55b989f42753c,True,579.3489869683981,19,16192.31201171875,16608.0,2,343.05417886935174,143.6629688832909,,
monitor,0,32,bb98dd0bceac09d24db1ecb2af549a92:2cf3a7a3a65c:0:2,d9dc9f66742ea39569f48bea2599a075674a27a99bededdf7d11d3fbc33c74c9,True,551.8561359494925,17,16192.31201171875,16608.0,2,342.8709900472313,143.94328696653247,,
monitor,0,33,bb98dd0bceac09d24db1ecb2af549a92:2cf3a7a3a65c:0:3,c45891449e67fbebaa72c55f78b5e89e2ef69d3f86135e99eaae972f41ca37d3,True,578.8197000510991,19,16192.31201171875,16608.0,2,345.7218878902495,143.79910891875625,,
monitor,0,34,bb98dd0bceac09d24db1ecb2af549a92:2cf3a7a3a65c:0:4,a4b4d1f639310ce5a0af8666d80dea51c299717b38da5a87d48ce3bde0ecf3b5,True,479.9089729785919,12,16192.31201171875,16608.0,2,342.4905389547348,144.15051601827145,,
monitor,0,35,b877dd782edba758ab429e3ee3de3329:97e16cc551e4:0:0,bcf1436e8a0397586b601d3afcfbd9357f7df58201510a79a21f33dea57905ee,True,669.8179410304874,26,16192.58642578125,16608.0,2,341.9105429202318,143.3858259115368,,
monitor,0,36,b877dd782edba758ab429e3ee3de3329:97e16cc551e4:0:1,f340e6b096d48731cb6973ce6c1f384848e8a709bc3d7fefbc1375269bb16f66,True,573.4854259062558,19,16192.58642578125,16608.0,2,335.6709680519998,143.40675715357065,,
monitor,0,37,b877dd782edba758ab429e3ee3de3329:97e16cc551e4:0:2,f340e6b096d48731cb6973ce6c1f384848e8a709bc3d7fefbc1375269bb16f66,False,579.8977920785546,19,16192.58642578125,16608.0,2,343.11372716911137,143.4451350942254,,
monitor,0,38,b877dd782edba758ab429e3ee3de3329:97e16cc551e4:0:3,2b704dcf2e659e9441eb368463e822d98e8a4b4b0badfa1e02b97c395219bada,True,605.7689478620887,21,16192.58642578125,16608.0,2,342.25268685258925,143.7454109545797,,
monitor,0,39,b877dd782edba758ab429e3ee3de3329:97e16cc551e4:0:4,9833888f2bcf7baedb3e6d22f7a45d778a3ddb93dc3ee593faf345e015a5527d,True,577.3344868794084,19,16192.58642578125,16608.0,2,341.7610018514097,143.98457296192646,,
monitor,0,40,b877dd782edba758ab429e3ee3de3329:dd7f6c9e007d:0:0,bcf1436e8a0397586b601d3afcfbd9357f7df58201510a79a21f33dea57905ee,True,670.8864709362388,26,16192.58642578125,16608.0,2,338.3438540622592,144.04030703008175,,
monitor,0,41,b877dd782edba758ab429e3ee3de3329:dd7f6c9e007d:0:1,f340e6b096d48731cb6973ce6c1f384848e8a709bc3d7fefbc1375269bb16f66,True,580.2272132132202,19,16192.58642578125,16608.0,2,343.2611241005361,143.90361704863608,,
monitor,0,42,b877dd782edba758ab429e3ee3de3329:dd7f6c9e007d:0:2,2b704dcf2e659e9441eb368463e822d98e8a4b4b0badfa1e02b97c395219bada,False,605.4770140908659,21,16192.58642578125,16608.0,2,342.03622094355524,143.40114081278443,,
monitor,0,43,b877dd782edba758ab429e3ee3de3329:dd7f6c9e007d:0:3,2b704dcf2e659e9441eb368463e822d98e8a4b4b0badfa1e02b97c395219bada,True,606.0238180216402,21,16192.58642578125,16608.0,2,342.4344048835337,143.47255695611238,,
monitor,0,44,b877dd782edba758ab429e3ee3de3329:dd7f6c9e007d:0:4,9833888f2bcf7baedb3e6d22f7a45d778a3ddb93dc3ee593faf345e015a5527d,True,578.4715441986918,19,16192.58642578125,16608.0,2,342.6057801116258,143.71609105728567,,
monitor,0,45,4f59fbf51a0a5bfb4dc5af02cf294693:993dac5396a0:0:0,02b2f284846856bbed690c4a4ff41de209848e5b20a5b8e52994ff6008da32c7,True,551.4760781079531,17,16193.2724609375,16608.0,2,345.32447811216116,143.65324308164418,,
monitor,0,46,4f59fbf51a0a5bfb4dc5af02cf294693:993dac5396a0:0:1,72ce63e97c300b32403763a2e20f5768dbedc981efcd36c58458b7f10991a314,True,497.31481703929603,13,16193.2724609375,16608.0,2,342.67921699211,143.71386100538075,,
monitor,0,47,4f59fbf51a0a5bfb4dc5af02cf294693:993dac5396a0:0:2,692a62434ae2815dec74164a4d148a1ad395dbf6653d58fc4ae432a52e892e37,True,553.5219029989094,17,16193.2724609375,16608.0,2,343.12013490125537,143.91246996819973,,
monitor,0,48,4f59fbf51a0a5bfb4dc5af02cf294693:993dac5396a0:0:3,692a62434ae2815dec74164a4d148a1ad395dbf6653d58fc4ae432a52e892e37,True,551.4908698387444,17,16193.2724609375,16608.0,2,342.2748048324138,143.61480297520757,,
monitor,0,49,4f59fbf51a0a5bfb4dc5af02cf294693:993dac5396a0:0:4,e4f0271d7dced0f36c97839e546b1f140f69dfa129a37b04f653f47eb9c2798f,True,483.7413649074733,12,16193.2724609375,16608.0,2,342.579553835094,143.7642378732562,,
monitor,1,0,1a938d25604410ccd63b60285919eaec:c627e50da685:0:0,e042894d371a8df6673730e94e09c16b0c54e157faa37094ac0edd0138322b43,True,481.46268515847623,12,16193.2724609375,16608.0,2,343.6423880048096,143.88900599442422,,
monitor,1,1,1a938d25604410ccd63b60285919eaec:c627e50da685:0:1,e042894d371a8df6673730e94e09c16b0c54e157faa37094ac0edd0138322b43,True,473.6513658426702,12,16193.2724609375,16608.0,2,336.1038698349148,143.90319189988077,,
monitor,1,2,1a938d25604410ccd63b60285919eaec:c627e50da685:0:2,f5f79da7870b43a425d911d4230cbde81339aaf8976b28d91223d1db1b9dcb91,True,488.8532238546759,12,16193.2724609375,16608.0,2,351.3419770170003,143.60668300651014,,
monitor,1,3,1a938d25604410ccd63b60285919eaec:c627e50da685:0:3,82b4934cd2e12dd5597e5e37c746229f9ae763b2251ce7ebf18bfe7be9c79896,True,513.5908471420407,14,16193.2724609375,16608.0,2,344.66437599621713,144.0877728164196,,
monitor,1,4,1a938d25604410ccd63b60285919eaec:c627e50da685:0:4,82b4934cd2e12dd5597e5e37c746229f9ae763b2251ce7ebf18bfe7be9c79896,True,512.4421990476549,14,16193.2724609375,16608.0,2,344.0991600509733,144.01462790556252,,
monitor,1,5,49cd6149f02ec01ee03a6eb8287ab2df:f982e9dfaf25:0:0,435ddab74d1ce43607ae306954b3988e040a520237c7d35ed4bf195d89590fe9,True,578.7770061288029,19,16192.31201171875,16608.0,2,342.8796811494976,143.54371116496623,,
monitor,1,6,49cd6149f02ec01ee03a6eb8287ab2df:f982e9dfaf25:0:1,435ddab74d1ce43607ae306954b3988e040a520237c7d35ed4bf195d89590fe9,True,580.1909919828176,19,16192.31201171875,16608.0,2,343.6446830164641,143.7078129965812,,
monitor,1,7,49cd6149f02ec01ee03a6eb8287ab2df:f982e9dfaf25:0:2,73fb32b5e401b3eacb51e7e77bdf04e3b22a04455436b5dd1473893ee8251122,True,429.1783939115703,8,16192.31201171875,16608.0,2,342.9768308997154,143.772108014673,,
monitor,1,8,49cd6149f02ec01ee03a6eb8287ab2df:f982e9dfaf25:0:3,95f301e4834466fadb9df4ae46e1b1c55f14a11d8b92502235741ad28dbdb107,False,523.9163499791175,15,16192.31201171875,16608.0,2,341.98680706322193,143.92026816494763,,
monitor,1,9,49cd6149f02ec01ee03a6eb8287ab2df:f982e9dfaf25:0:4,73fb32b5e401b3eacb51e7e77bdf04e3b22a04455436b5dd1473893ee8251122,True,423.9125461317599,8,16192.31201171875,16608.0,2,338.25765806250274,143.45975196920335,,
monitor,1,10,49cd6149f02ec01ee03a6eb8287ab2df:81739d7eb99c:0:0,435ddab74d1ce43607ae306954b3988e040a520237c7d35ed4bf195d89590fe9,True,574.6885009575635,19,16192.31201171875,16608.0,2,338.54701393283904,143.63387296907604,,
monitor,1,11,49cd6149f02ec01ee03a6eb8287ab2df:81739d7eb99c:0:1,435ddab74d1ce43607ae306954b3988e040a520237c7d35ed4bf195d89590fe9,True,575.6046089809388,19,16192.31201171875,16608.0,2,339.5635769702494,143.658135086298,,
monitor,1,12,49cd6149f02ec01ee03a6eb8287ab2df:81739d7eb99c:0:2,73fb32b5e401b3eacb51e7e77bdf04e3b22a04455436b5dd1473893ee8251122,True,428.78650198690593,8,16192.31201171875,16608.0,2,343.0332450661808,143.59648013487458,,
monitor,1,13,49cd6149f02ec01ee03a6eb8287ab2df:81739d7eb99c:0:3,435ddab74d1ce43607ae306954b3988e040a520237c7d35ed4bf195d89590fe9,True,574.311024043709,19,16192.31201171875,16608.0,2,337.9507081117481,143.47740006633103,,
monitor,1,14,49cd6149f02ec01ee03a6eb8287ab2df:81739d7eb99c:0:4,73fb32b5e401b3eacb51e7e77bdf04e3b22a04455436b5dd1473893ee8251122,True,423.57231490314007,8,16192.31201171875,16608.0,2,337.8920750692487,143.18928914144635,,
monitor,1,15,c6050fe51d3408b1eaef27e08e7f1956:1458b54ae2f6:0:0,35990225eb4034f560541dca69e3de42af70ee7e6c5a42420c958e689cda2c02,True,453.3979098778218,10,16196.4697265625,16608.0,2,339.70505790784955,143.75226898118854,,
monitor,1,16,c6050fe51d3408b1eaef27e08e7f1956:1458b54ae2f6:0:1,aebb1cb50cd9dcc29e137a5616bb2478102285853aed08894b7f12bdcbb1c56f,True,482.7972089406103,12,16196.4697265625,16608.0,2,341.64332086220384,144.20324400998652,,
monitor,1,17,c6050fe51d3408b1eaef27e08e7f1956:1458b54ae2f6:0:2,111b8aacdbaf954aebfbd039849710807963f2bd7a68786f9ede013bd58cf416,True,389.0756119508296,5,16196.4697265625,16608.0,2,344.1978460177779,143.77070195041597,,
monitor,1,18,c6050fe51d3408b1eaef27e08e7f1956:1458b54ae2f6:0:3,423b972f52fcbc22cc94be5cb64caefa796a5124160f24ec5fab21772249ca14,True,483.9096888899803,12,16196.4697265625,16608.0,2,343.3866989798844,143.74580513685942,,
monitor,1,19,c6050fe51d3408b1eaef27e08e7f1956:1458b54ae2f6:0:4,423b972f52fcbc22cc94be5cb64caefa796a5124160f24ec5fab21772249ca14,True,478.5719229839742,12,16196.4697265625,16608.0,2,341.10103198327124,144.1043249797076,,
monitor,1,20,c6050fe51d3408b1eaef27e08e7f1956:e4e99a4d6532:0:0,35990225eb4034f560541dca69e3de42af70ee7e6c5a42420c958e689cda2c02,True,455.49125294201076,10,16196.4697265625,16608.0,2,342.1926009468734,143.7771760392934,,
monitor,1,21,c6050fe51d3408b1eaef27e08e7f1956:e4e99a4d6532:0:1,aebb1cb50cd9dcc29e137a5616bb2478102285853aed08894b7f12bdcbb1c56f,True,476.0188648942858,12,16196.4697265625,16608.0,2,338.2585379295051,143.82363390177488,,
monitor,1,22,c6050fe51d3408b1eaef27e08e7f1956:e4e99a4d6532:0:2,111b8aacdbaf954aebfbd039849710807963f2bd7a68786f9ede013bd58cf416,True,382.5180169660598,5,16196.4697265625,16608.0,2,336.70817711390555,143.8661019783467,,
monitor,1,23,c6050fe51d3408b1eaef27e08e7f1956:e4e99a4d6532:0:3,423b972f52fcbc22cc94be5cb64caefa796a5124160f24ec5fab21772249ca14,True,478.07717393152416,12,16196.4697265625,16608.0,2,340.506600914523,143.63817404955626,,
monitor,1,24,c6050fe51d3408b1eaef27e08e7f1956:e4e99a4d6532:0:4,423b972f52fcbc22cc94be5cb64caefa796a5124160f24ec5fab21772249ca14,True,485.28625490143895,12,16196.4697265625,16608.0,2,343.4429499320686,144.06413887627423,,
monitor,1,25,bb98dd0bceac09d24db1ecb2af549a92:377f7f0dd150:0:0,855c108ad67905d09ec7c1b0e8aece7c700b88af2a47447b339d06f51ca5f3c1,True,509.3546488787979,14,16192.31201171875,16608.0,2,341.86354000121355,143.32545106299222,,
monitor,1,26,bb98dd0bceac09d24db1ecb2af549a92:377f7f0dd150:0:1,345f983c72b415369583c07355d41a5ce238a9e9fc7fe025add55b989f42753c,True,578.9851809386164,19,16192.31201171875,16608.0,2,345.6666599959135,143.81525292992592,,
monitor,1,27,bb98dd0bceac09d24db1ecb2af549a92:377f7f0dd150:0:2,d9dc9f66742ea39569f48bea2599a075674a27a99bededdf7d11d3fbc33c74c9,True,552.2447091061622,17,16192.31201171875,16608.0,2,346.6695570386946,143.4611149597913,,
monitor,1,28,bb98dd0bceac09d24db1ecb2af549a92:377f7f0dd150:0:3,c45891449e67fbebaa72c55f78b5e89e2ef69d3f86135e99eaae972f41ca37d3,True,584.7575559746474,19,16192.31201171875,16608.0,2,347.3339208867401,143.80939793772995,,
monitor,1,29,bb98dd0bceac09d24db1ecb2af549a92:377f7f0dd150:0:4,a4b4d1f639310ce5a0af8666d80dea51c299717b38da5a87d48ce3bde0ecf3b5,True,483.8325451128185,12,16192.31201171875,16608.0,2,346.1887219455093,143.82965001277626,,
monitor,1,30,bb98dd0bceac09d24db1ecb2af549a92:2cf3a7a3a65c:0:0,855c108ad67905d09ec7c1b0e8aece7c700b88af2a47447b339d06f51ca5f3c1,True,512.4955058563501,14,16192.31201171875,16608.0,2,344.32136290706694,143.78993608988822,,
monitor,1,31,bb98dd0bceac09d24db1ecb2af549a92:2cf3a7a3a65c:0:1,345f983c72b415369583c07355d41a5ce238a9e9fc7fe025add55b989f42753c,True,575.4747360479087,19,16192.31201171875,16608.0,2,338.36645307019353,143.42827606014907,,
monitor,1,32,bb98dd0bceac09d24db1ecb2af549a92:2cf3a7a3a65c:0:2,d9dc9f66742ea39569f48bea2599a075674a27a99bededdf7d11d3fbc33c74c9,True,553.1441390048712,17,16192.31201171875,16608.0,2,343.58315891586244,143.3859800454229,,
monitor,1,33,bb98dd0bceac09d24db1ecb2af549a92:2cf3a7a3a65c:0:3,c45891449e67fbebaa72c55f78b5e89e2ef69d3f86135e99eaae972f41ca37d3,True,580.2924528252333,19,16192.31201171875,16608.0,2,343.76491187140346,143.70958204381168,,
monitor,1,34,bb98dd0bceac09d24db1ecb2af549a92:2cf3a7a3a65c:0:4,a4b4d1f639310ce5a0af8666d80dea51c299717b38da5a87d48ce3bde0ecf3b5,True,478.5769928712398,12,16192.31201171875,16608.0,2,341.29076497629285,143.55604210868478,,
monitor,1,35,b877dd782edba758ab429e3ee3de3329:97e16cc551e4:0:0,bcf1436e8a0397586b601d3afcfbd9357f7df58201510a79a21f33dea57905ee,True,678.6254169419408,26,16192.58642578125,16608.0,2,343.2959590572864,143.94966908730567,,
monitor,1,36,b877dd782edba758ab429e3ee3de3329:97e16cc551e4:0:1,f340e6b096d48731cb6973ce6c1f384848e8a709bc3d7fefbc1375269bb16f66,True,581.9728691130877,19,16192.58642578125,16608.0,2,343.6657269485295,143.6167338397354,,
monitor,1,37,b877dd782edba758ab429e3ee3de3329:97e16cc551e4:0:2,2b704dcf2e659e9441eb368463e822d98e8a4b4b0badfa1e02b97c395219bada,True,607.3377481661737,21,16192.58642578125,16608.0,2,341.71882714144886,143.66104500368237,,
monitor,1,38,b877dd782edba758ab429e3ee3de3329:97e16cc551e4:0:3,2b704dcf2e659e9441eb368463e822d98e8a4b4b0badfa1e02b97c395219bada,True,603.1825381796807,21,16192.58642578125,16608.0,2,338.23955222032964,143.62935116514564,,
monitor,1,39,b877dd782edba758ab429e3ee3de3329:97e16cc551e4:0:4,9833888f2bcf7baedb3e6d22f7a45d778a3ddb93dc3ee593faf345e015a5527d,True,578.0771558638662,19,16192.58642578125,16608.0,2,339.3295230343938,143.84954003617167,,
monitor,1,40,b877dd782edba758ab429e3ee3de3329:dd7f6c9e007d:0:0,bcf1436e8a0397586b601d3afcfbd9357f7df58201510a79a21f33dea57905ee,True,673.7764491699636,26,16192.58642578125,16608.0,2,341.4676140528172,143.5834348667413,,
monitor,1,41,b877dd782edba758ab429e3ee3de3329:dd7f6c9e007d:0:1,f340e6b096d48731cb6973ce6c1f384848e8a709bc3d7fefbc1375269bb16f66,True,576.3392799999565,19,16192.58642578125,16608.0,2,338.3596409112215,143.64045904949307,,
monitor,1,42,b877dd782edba758ab429e3ee3de3329:dd7f6c9e007d:0:2,2b704dcf2e659e9441eb368463e822d98e8a4b4b0badfa1e02b97c395219bada,False,603.074650047347,21,16192.58642578125,16608.0,2,338.39459507726133,143.74501211568713,,
monitor,1,43,b877dd782edba758ab429e3ee3de3329:dd7f6c9e007d:0:3,2b704dcf2e659e9441eb368463e822d98e8a4b4b0badfa1e02b97c395219bada,True,607.6783030293882,21,16192.58642578125,16608.0,2,344.2493050824851,143.6136260163039,,
monitor,1,44,b877dd782edba758ab429e3ee3de3329:dd7f6c9e007d:0:4,9833888f2bcf7baedb3e6d22f7a45d778a3ddb93dc3ee593faf345e015a5527d,True,575.8731870446354,19,16192.58642578125,16608.0,2,338.40849809348583,143.89186701737344,,
monitor,1,45,4f59fbf51a0a5bfb4dc5af02cf294693:993dac5396a0:0:0,02b2f284846856bbed690c4a4ff41de209848e5b20a5b8e52994ff6008da32c7,True,547.8069300297648,17,16193.2724609375,16608.0,2,338.5344659909606,144.11687687970698,,
monitor,1,46,4f59fbf51a0a5bfb4dc5af02cf294693:993dac5396a0:0:1,72ce63e97c300b32403763a2e20f5768dbedc981efcd36c58458b7f10991a314,True,493.65473515354097,13,16193.2724609375,16608.0,2,338.9066210947931,144.09830700606108,,
monitor,1,47,4f59fbf51a0a5bfb4dc5af02cf294693:993dac5396a0:0:2,692a62434ae2815dec74164a4d148a1ad395dbf6653d58fc4ae432a52e892e37,True,547.7777870837599,17,16193.2724609375,16608.0,2,342.18511008657515,143.85529421269894,,
monitor,1,48,4f59fbf51a0a5bfb4dc5af02cf294693:993dac5396a0:0:3,692a62434ae2815dec74164a4d148a1ad395dbf6653d58fc4ae432a52e892e37,True,550.660050008446,17,16193.2724609375,16608.0,2,341.086263069883,143.488849978894,,
monitor,1,49,4f59fbf51a0a5bfb4dc5af02cf294693:993dac5396a0:0:4,e4f0271d7dced0f36c97839e546b1f140f69dfa129a37b04f653f47eb9c2798f,True,483.7378328666091,12,16193.2724609375,16608.0,2,343.05536304600537,143.80447519943118,,
step_hook,0,0,1a938d25604410ccd63b60285919eaec:c627e50da685:0:0,e042894d371a8df6673730e94e09c16b0c54e157faa37094ac0edd0138322b43,True,483.4531790111214,12,16192.396484375,16608.0,0,,,,
step_hook,0,1,1a938d25604410ccd63b60285919eaec:c627e50da685:0:1,e042894d371a8df6673730e94e09c16b0c54e157faa37094ac0edd0138322b43,True,483.0537789966911,12,16192.396484375,16608.0,0,,,,
step_hook,0,2,1a938d25604410ccd63b60285919eaec:c627e50da685:0:2,f5f79da7870b43a425d911d4230cbde81339aaf8976b28d91223d1db1b9dcb91,True,483.60310890711844,12,16192.396484375,16608.0,0,,,,
step_hook,0,3,1a938d25604410ccd63b60285919eaec:c627e50da685:0:3,82b4934cd2e12dd5597e5e37c746229f9ae763b2251ce7ebf18bfe7be9c79896,True,507.66005413606763,14,16192.396484375,16608.0,0,,,,
step_hook,0,4,1a938d25604410ccd63b60285919eaec:c627e50da685:0:4,82b4934cd2e12dd5597e5e37c746229f9ae763b2251ce7ebf18bfe7be9c79896,True,511.21156103909016,14,16192.396484375,16608.0,0,,,,
step_hook,0,5,49cd6149f02ec01ee03a6eb8287ab2df:f982e9dfaf25:0:0,435ddab74d1ce43607ae306954b3988e040a520237c7d35ed4bf195d89590fe9,True,578.1865161843598,19,16191.43603515625,16608.0,0,,,,
step_hook,0,6,49cd6149f02ec01ee03a6eb8287ab2df:f982e9dfaf25:0:1,435ddab74d1ce43607ae306954b3988e040a520237c7d35ed4bf195d89590fe9,True,572.9948750231415,19,16191.43603515625,16608.0,0,,,,
step_hook,0,7,49cd6149f02ec01ee03a6eb8287ab2df:f982e9dfaf25:0:2,73fb32b5e401b3eacb51e7e77bdf04e3b22a04455436b5dd1473893ee8251122,True,428.7051800638437,8,16191.43603515625,16608.0,0,,,,
step_hook,0,8,49cd6149f02ec01ee03a6eb8287ab2df:f982e9dfaf25:0:3,435ddab74d1ce43607ae306954b3988e040a520237c7d35ed4bf195d89590fe9,True,576.5787721611559,19,16191.43603515625,16608.0,0,,,,
step_hook,0,9,49cd6149f02ec01ee03a6eb8287ab2df:f982e9dfaf25:0:4,73fb32b5e401b3eacb51e7e77bdf04e3b22a04455436b5dd1473893ee8251122,True,423.47589205019176,8,16191.43603515625,16608.0,0,,,,
step_hook,0,10,49cd6149f02ec01ee03a6eb8287ab2df:81739d7eb99c:0:0,435ddab74d1ce43607ae306954b3988e040a520237c7d35ed4bf195d89590fe9,True,575.9942750446498,19,16191.43603515625,16608.0,0,,,,
step_hook,0,11,49cd6149f02ec01ee03a6eb8287ab2df:81739d7eb99c:0:1,435ddab74d1ce43607ae306954b3988e040a520237c7d35ed4bf195d89590fe9,True,572.1773239783943,19,16191.43603515625,16608.0,0,,,,
step_hook,0,12,49cd6149f02ec01ee03a6eb8287ab2df:81739d7eb99c:0:2,73fb32b5e401b3eacb51e7e77bdf04e3b22a04455436b5dd1473893ee8251122,True,423.7464680336416,8,16191.43603515625,16608.0,0,,,,
step_hook,0,13,49cd6149f02ec01ee03a6eb8287ab2df:81739d7eb99c:0:3,95f301e4834466fadb9df4ae46e1b1c55f14a11d8b92502235741ad28dbdb107,False,522.3748350981623,15,16191.43603515625,16608.0,0,,,,
step_hook,0,14,49cd6149f02ec01ee03a6eb8287ab2df:81739d7eb99c:0:4,73fb32b5e401b3eacb51e7e77bdf04e3b22a04455436b5dd1473893ee8251122,True,422.41872916929424,8,16191.43603515625,16608.0,0,,,,
step_hook,0,15,c6050fe51d3408b1eaef27e08e7f1956:1458b54ae2f6:0:0,35990225eb4034f560541dca69e3de42af70ee7e6c5a42420c958e689cda2c02,True,450.76187094673514,10,16195.59375,16608.0,0,,,,
step_hook,0,16,c6050fe51d3408b1eaef27e08e7f1956:1458b54ae2f6:0:1,aebb1cb50cd9dcc29e137a5616bb2478102285853aed08894b7f12bdcbb1c56f,True,477.7117050252855,12,16195.59375,16608.0,0,,,,
step_hook,0,17,c6050fe51d3408b1eaef27e08e7f1956:1458b54ae2f6:0:2,111b8aacdbaf954aebfbd039849710807963f2bd7a68786f9ede013bd58cf416,True,384.6183230634779,5,16195.59375,16608.0,0,,,,
step_hook,0,18,c6050fe51d3408b1eaef27e08e7f1956:1458b54ae2f6:0:3,423b972f52fcbc22cc94be5cb64caefa796a5124160f24ec5fab21772249ca14,True,477.07951604388654,12,16195.59375,16608.0,0,,,,
step_hook,0,19,c6050fe51d3408b1eaef27e08e7f1956:1458b54ae2f6:0:4,423b972f52fcbc22cc94be5cb64caefa796a5124160f24ec5fab21772249ca14,True,611.2262848764658,12,16195.59375,16608.0,0,,,,
step_hook,0,20,c6050fe51d3408b1eaef27e08e7f1956:e4e99a4d6532:0:0,35990225eb4034f560541dca69e3de42af70ee7e6c5a42420c958e689cda2c02,True,451.7203331924975,10,16195.59375,16608.0,0,,,,
step_hook,0,21,c6050fe51d3408b1eaef27e08e7f1956:e4e99a4d6532:0:1,aebb1cb50cd9dcc29e137a5616bb2478102285853aed08894b7f12bdcbb1c56f,True,477.20848699100316,12,16195.59375,16608.0,0,,,,
step_hook,0,22,c6050fe51d3408b1eaef27e08e7f1956:e4e99a4d6532:0:2,111b8aacdbaf954aebfbd039849710807963f2bd7a68786f9ede013bd58cf416,True,383.4894238971174,5,16195.59375,16608.0,0,,,,
step_hook,0,23,c6050fe51d3408b1eaef27e08e7f1956:e4e99a4d6532:0:3,423b972f52fcbc22cc94be5cb64caefa796a5124160f24ec5fab21772249ca14,True,481.15967283956707,12,16195.59375,16608.0,0,,,,
step_hook,0,24,c6050fe51d3408b1eaef27e08e7f1956:e4e99a4d6532:0:4,423b972f52fcbc22cc94be5cb64caefa796a5124160f24ec5fab21772249ca14,True,482.35703096725047,12,16195.59375,16608.0,0,,,,
step_hook,0,25,bb98dd0bceac09d24db1ecb2af549a92:377f7f0dd150:0:0,855c108ad67905d09ec7c1b0e8aece7c700b88af2a47447b339d06f51ca5f3c1,True,504.3140558991581,14,16191.43603515625,16608.0,0,,,,
step_hook,0,26,bb98dd0bceac09d24db1ecb2af549a92:377f7f0dd150:0:1,345f983c72b415369583c07355d41a5ce238a9e9fc7fe025add55b989f42753c,True,577.6780238375068,19,16191.43603515625,16608.0,0,,,,
step_hook,0,27,bb98dd0bceac09d24db1ecb2af549a92:377f7f0dd150:0:2,d9dc9f66742ea39569f48bea2599a075674a27a99bededdf7d11d3fbc33c74c9,True,548.8238271791488,17,16191.43603515625,16608.0,0,,,,
step_hook,0,28,bb98dd0bceac09d24db1ecb2af549a92:377f7f0dd150:0:3,c45891449e67fbebaa72c55f78b5e89e2ef69d3f86135e99eaae972f41ca37d3,True,577.2510720416903,19,16191.43603515625,16608.0,0,,,,
step_hook,0,29,bb98dd0bceac09d24db1ecb2af549a92:377f7f0dd150:0:4,a4b4d1f639310ce5a0af8666d80dea51c299717b38da5a87d48ce3bde0ecf3b5,True,480.56363104842603,12,16191.43603515625,16608.0,0,,,,
step_hook,0,30,bb98dd0bceac09d24db1ecb2af549a92:2cf3a7a3a65c:0:0,855c108ad67905d09ec7c1b0e8aece7c700b88af2a47447b339d06f51ca5f3c1,True,505.1711529958993,14,16191.43603515625,16608.0,0,,,,
step_hook,0,31,bb98dd0bceac09d24db1ecb2af549a92:2cf3a7a3a65c:0:1,345f983c72b415369583c07355d41a5ce238a9e9fc7fe025add55b989f42753c,True,577.6985678821802,19,16191.43603515625,16608.0,0,,,,
step_hook,0,32,bb98dd0bceac09d24db1ecb2af549a92:2cf3a7a3a65c:0:2,d9dc9f66742ea39569f48bea2599a075674a27a99bededdf7d11d3fbc33c74c9,True,552.2040869109333,17,16191.43603515625,16608.0,0,,,,
step_hook,0,33,bb98dd0bceac09d24db1ecb2af549a92:2cf3a7a3a65c:0:3,c45891449e67fbebaa72c55f78b5e89e2ef69d3f86135e99eaae972f41ca37d3,True,579.1928679682314,19,16191.43603515625,16608.0,0,,,,
step_hook,0,34,bb98dd0bceac09d24db1ecb2af549a92:2cf3a7a3a65c:0:4,a4b4d1f639310ce5a0af8666d80dea51c299717b38da5a87d48ce3bde0ecf3b5,True,483.2671058829874,12,16191.43603515625,16608.0,0,,,,
step_hook,0,35,b877dd782edba758ab429e3ee3de3329:97e16cc551e4:0:0,bcf1436e8a0397586b601d3afcfbd9357f7df58201510a79a21f33dea57905ee,True,670.8241181913763,26,16191.71044921875,16608.0,0,,,,
step_hook,0,36,b877dd782edba758ab429e3ee3de3329:97e16cc551e4:0:1,f340e6b096d48731cb6973ce6c1f384848e8a709bc3d7fefbc1375269bb16f66,True,572.9493899270892,19,16191.71044921875,16608.0,0,,,,
step_hook,0,37,b877dd782edba758ab429e3ee3de3329:97e16cc551e4:0:2,2b704dcf2e659e9441eb368463e822d98e8a4b4b0badfa1e02b97c395219bada,True,600.618934025988,21,16191.71044921875,16608.0,0,,,,
step_hook,0,38,b877dd782edba758ab429e3ee3de3329:97e16cc551e4:0:3,2b704dcf2e659e9441eb368463e822d98e8a4b4b0badfa1e02b97c395219bada,True,602.8389611747116,21,16191.71044921875,16608.0,0,,,,
step_hook,0,39,b877dd782edba758ab429e3ee3de3329:97e16cc551e4:0:4,9833888f2bcf7baedb3e6d22f7a45d778a3ddb93dc3ee593faf345e015a5527d,True,578.0071299523115,19,16191.71044921875,16608.0,0,,,,
step_hook,0,40,b877dd782edba758ab429e3ee3de3329:dd7f6c9e007d:0:0,bcf1436e8a0397586b601d3afcfbd9357f7df58201510a79a21f33dea57905ee,True,670.4930739942938,26,16191.71044921875,16608.0,0,,,,
step_hook,0,41,b877dd782edba758ab429e3ee3de3329:dd7f6c9e007d:0:1,f340e6b096d48731cb6973ce6c1f384848e8a709bc3d7fefbc1375269bb16f66,True,572.8941599372774,19,16191.71044921875,16608.0,0,,,,
step_hook,0,42,b877dd782edba758ab429e3ee3de3329:dd7f6c9e007d:0:2,2b704dcf2e659e9441eb368463e822d98e8a4b4b0badfa1e02b97c395219bada,False,600.8687431458384,21,16191.71044921875,16608.0,0,,,,
step_hook,0,43,b877dd782edba758ab429e3ee3de3329:dd7f6c9e007d:0:3,2b704dcf2e659e9441eb368463e822d98e8a4b4b0badfa1e02b97c395219bada,True,600.1478659454733,21,16191.71044921875,16608.0,0,,,,
step_hook,0,44,b877dd782edba758ab429e3ee3de3329:dd7f6c9e007d:0:4,9833888f2bcf7baedb3e6d22f7a45d778a3ddb93dc3ee593faf345e015a5527d,True,574.2842620238662,19,16191.71044921875,16608.0,0,,,,
step_hook,0,45,4f59fbf51a0a5bfb4dc5af02cf294693:993dac5396a0:0:0,02b2f284846856bbed690c4a4ff41de209848e5b20a5b8e52994ff6008da32c7,True,549.395440844819,17,16192.396484375,16608.0,0,,,,
step_hook,0,46,4f59fbf51a0a5bfb4dc5af02cf294693:993dac5396a0:0:1,72ce63e97c300b32403763a2e20f5768dbedc981efcd36c58458b7f10991a314,True,494.41669415682554,13,16192.396484375,16608.0,0,,,,
step_hook,0,47,4f59fbf51a0a5bfb4dc5af02cf294693:993dac5396a0:0:2,692a62434ae2815dec74164a4d148a1ad395dbf6653d58fc4ae432a52e892e37,True,545.8616660907865,17,16192.396484375,16608.0,0,,,,
step_hook,0,48,4f59fbf51a0a5bfb4dc5af02cf294693:993dac5396a0:0:3,692a62434ae2815dec74164a4d148a1ad395dbf6653d58fc4ae432a52e892e37,True,545.817751204595,17,16192.396484375,16608.0,0,,,,
step_hook,0,49,4f59fbf51a0a5bfb4dc5af02cf294693:993dac5396a0:0:4,e4f0271d7dced0f36c97839e546b1f140f69dfa129a37b04f653f47eb9c2798f,True,479.293713811785,12,16192.396484375,16608.0,0,,,,
step_hook,1,0,1a938d25604410ccd63b60285919eaec:c627e50da685:0:0,e042894d371a8df6673730e94e09c16b0c54e157faa37094ac0edd0138322b43,True,482.10238106548786,12,16192.396484375,16608.0,0,,,,
step_hook,1,1,1a938d25604410ccd63b60285919eaec:c627e50da685:0:1,e042894d371a8df6673730e94e09c16b0c54e157faa37094ac0edd0138322b43,True,528.3445660024881,12,16192.396484375,16608.0,0,,,,
step_hook,1,2,1a938d25604410ccd63b60285919eaec:c627e50da685:0:2,f5f79da7870b43a425d911d4230cbde81339aaf8976b28d91223d1db1b9dcb91,True,488.2820979692042,12,16192.396484375,16608.0,0,,,,
step_hook,1,3,1a938d25604410ccd63b60285919eaec:c627e50da685:0:3,82b4934cd2e12dd5597e5e37c746229f9ae763b2251ce7ebf18bfe7be9c79896,True,508.37504188530147,14,16192.396484375,16608.0,0,,,,
step_hook,1,4,1a938d25604410ccd63b60285919eaec:c627e50da685:0:4,82b4934cd2e12dd5597e5e37c746229f9ae763b2251ce7ebf18bfe7be9c79896,True,507.9631351400167,14,16192.396484375,16608.0,0,,,,
step_hook,1,5,49cd6149f02ec01ee03a6eb8287ab2df:f982e9dfaf25:0:0,435ddab74d1ce43607ae306954b3988e040a520237c7d35ed4bf195d89590fe9,True,574.9372059945017,19,16191.43603515625,16608.0,0,,,,
step_hook,1,6,49cd6149f02ec01ee03a6eb8287ab2df:f982e9dfaf25:0:1,435ddab74d1ce43607ae306954b3988e040a520237c7d35ed4bf195d89590fe9,True,576.2720939237624,19,16191.43603515625,16608.0,0,,,,
step_hook,1,7,49cd6149f02ec01ee03a6eb8287ab2df:f982e9dfaf25:0:2,73fb32b5e401b3eacb51e7e77bdf04e3b22a04455436b5dd1473893ee8251122,True,426.10655701719224,8,16191.43603515625,16608.0,0,,,,
step_hook,1,8,49cd6149f02ec01ee03a6eb8287ab2df:f982e9dfaf25:0:3,435ddab74d1ce43607ae306954b3988e040a520237c7d35ed4bf195d89590fe9,True,573.8974958658218,19,16191.43603515625,16608.0,0,,,,
step_hook,1,9,49cd6149f02ec01ee03a6eb8287ab2df:f982e9dfaf25:0:4,73fb32b5e401b3eacb51e7e77bdf04e3b22a04455436b5dd1473893ee8251122,True,428.1407408416271,8,16191.43603515625,16608.0,0,,,,
step_hook,1,10,49cd6149f02ec01ee03a6eb8287ab2df:81739d7eb99c:0:0,435ddab74d1ce43607ae306954b3988e040a520237c7d35ed4bf195d89590fe9,True,578.6236338317394,19,16191.43603515625,16608.0,0,,,,
step_hook,1,11,49cd6149f02ec01ee03a6eb8287ab2df:81739d7eb99c:0:1,435ddab74d1ce43607ae306954b3988e040a520237c7d35ed4bf195d89590fe9,True,577.6394600979984,19,16191.43603515625,16608.0,0,,,,
step_hook,1,12,49cd6149f02ec01ee03a6eb8287ab2df:81739d7eb99c:0:2,73fb32b5e401b3eacb51e7e77bdf04e3b22a04455436b5dd1473893ee8251122,True,423.21250797249377,8,16191.43603515625,16608.0,0,,,,
step_hook,1,13,49cd6149f02ec01ee03a6eb8287ab2df:81739d7eb99c:0:3,95f301e4834466fadb9df4ae46e1b1c55f14a11d8b92502235741ad28dbdb107,False,524.528349051252,15,16191.43603515625,16608.0,0,,,,
step_hook,1,14,49cd6149f02ec01ee03a6eb8287ab2df:81739d7eb99c:0:4,73fb32b5e401b3eacb51e7e77bdf04e3b22a04455436b5dd1473893ee8251122,True,423.9174220710993,8,16191.43603515625,16608.0,0,,,,
step_hook,1,15,c6050fe51d3408b1eaef27e08e7f1956:1458b54ae2f6:0:0,35990225eb4034f560541dca69e3de42af70ee7e6c5a42420c958e689cda2c02,True,450.9973879903555,10,16195.59375,16608.0,0,,,,
step_hook,1,16,c6050fe51d3408b1eaef27e08e7f1956:1458b54ae2f6:0:1,aebb1cb50cd9dcc29e137a5616bb2478102285853aed08894b7f12bdcbb1c56f,True,480.8573799673468,12,16195.59375,16608.0,0,,,,
step_hook,1,17,c6050fe51d3408b1eaef27e08e7f1956:1458b54ae2f6:0:2,111b8aacdbaf954aebfbd039849710807963f2bd7a68786f9ede013bd58cf416,True,383.1612430512905,5,16195.59375,16608.0,0,,,,
step_hook,1,18,c6050fe51d3408b1eaef27e08e7f1956:1458b54ae2f6:0:3,423b972f52fcbc22cc94be5cb64caefa796a5124160f24ec5fab21772249ca14,True,482.576000969857,12,16195.59375,16608.0,0,,,,
step_hook,1,19,c6050fe51d3408b1eaef27e08e7f1956:1458b54ae2f6:0:4,423b972f52fcbc22cc94be5cb64caefa796a5124160f24ec5fab21772249ca14,True,483.46405499614775,12,16195.59375,16608.0,0,,,,
step_hook,1,20,c6050fe51d3408b1eaef27e08e7f1956:e4e99a4d6532:0:0,35990225eb4034f560541dca69e3de42af70ee7e6c5a42420c958e689cda2c02,True,452.6522168889642,10,16195.59375,16608.0,0,,,,
step_hook,1,21,c6050fe51d3408b1eaef27e08e7f1956:e4e99a4d6532:0:1,aebb1cb50cd9dcc29e137a5616bb2478102285853aed08894b7f12bdcbb1c56f,True,482.57151897996664,12,16195.59375,16608.0,0,,,,
step_hook,1,22,c6050fe51d3408b1eaef27e08e7f1956:e4e99a4d6532:0:2,111b8aacdbaf954aebfbd039849710807963f2bd7a68786f9ede013bd58cf416,True,386.7552869487554,5,16195.59375,16608.0,0,,,,
step_hook,1,23,c6050fe51d3408b1eaef27e08e7f1956:e4e99a4d6532:0:3,423b972f52fcbc22cc94be5cb64caefa796a5124160f24ec5fab21772249ca14,True,478.65298110991716,12,16195.59375,16608.0,0,,,,
step_hook,1,24,c6050fe51d3408b1eaef27e08e7f1956:e4e99a4d6532:0:4,423b972f52fcbc22cc94be5cb64caefa796a5124160f24ec5fab21772249ca14,True,478.98264694958925,12,16195.59375,16608.0,0,,,,
step_hook,1,25,bb98dd0bceac09d24db1ecb2af549a92:377f7f0dd150:0:0,855c108ad67905d09ec7c1b0e8aece7c700b88af2a47447b339d06f51ca5f3c1,True,512.5114731490612,14,16191.43603515625,16608.0,0,,,,
step_hook,1,26,bb98dd0bceac09d24db1ecb2af549a92:377f7f0dd150:0:1,345f983c72b415369583c07355d41a5ce238a9e9fc7fe025add55b989f42753c,True,578.8311071228236,19,16191.43603515625,16608.0,0,,,,
step_hook,1,27,bb98dd0bceac09d24db1ecb2af549a92:377f7f0dd150:0:2,d9dc9f66742ea39569f48bea2599a075674a27a99bededdf7d11d3fbc33c74c9,True,549.85007410869,17,16191.43603515625,16608.0,0,,,,
step_hook,1,28,bb98dd0bceac09d24db1ecb2af549a92:377f7f0dd150:0:3,c45891449e67fbebaa72c55f78b5e89e2ef69d3f86135e99eaae972f41ca37d3,True,576.9471621606499,19,16191.43603515625,16608.0,0,,,,
step_hook,1,29,bb98dd0bceac09d24db1ecb2af549a92:377f7f0dd150:0:4,a4b4d1f639310ce5a0af8666d80dea51c299717b38da5a87d48ce3bde0ecf3b5,True,479.4556410051882,12,16191.43603515625,16608.0,0,,,,
step_hook,1,30,bb98dd0bceac09d24db1ecb2af549a92:2cf3a7a3a65c:0:0,855c108ad67905d09ec7c1b0e8aece7c700b88af2a47447b339d06f51ca5f3c1,True,511.9705859106034,14,16191.43603515625,16608.0,0,,,,
step_hook,1,31,bb98dd0bceac09d24db1ecb2af549a92:2cf3a7a3a65c:0:1,345f983c72b415369583c07355d41a5ce238a9e9fc7fe025add55b989f42753c,True,577.3845559451729,19,16191.43603515625,16608.0,0,,,,
step_hook,1,32,bb98dd0bceac09d24db1ecb2af549a92:2cf3a7a3a65c:0:2,d9dc9f66742ea39569f48bea2599a075674a27a99bededdf7d11d3fbc33c74c9,True,549.1356600541621,17,16191.43603515625,16608.0,0,,,,
step_hook,1,33,bb98dd0bceac09d24db1ecb2af549a92:2cf3a7a3a65c:0:3,c45891449e67fbebaa72c55f78b5e89e2ef69d3f86135e99eaae972f41ca37d3,True,578.1718729995191,19,16191.43603515625,16608.0,0,,,,
step_hook,1,34,bb98dd0bceac09d24db1ecb2af549a92:2cf3a7a3a65c:0:4,a4b4d1f639310ce5a0af8666d80dea51c299717b38da5a87d48ce3bde0ecf3b5,True,482.395748142153,12,16191.43603515625,16608.0,0,,,,
step_hook,1,35,b877dd782edba758ab429e3ee3de3329:97e16cc551e4:0:0,bcf1436e8a0397586b601d3afcfbd9357f7df58201510a79a21f33dea57905ee,True,673.1704520061612,26,16191.71044921875,16608.0,0,,,,
step_hook,1,36,b877dd782edba758ab429e3ee3de3329:97e16cc551e4:0:1,f340e6b096d48731cb6973ce6c1f384848e8a709bc3d7fefbc1375269bb16f66,True,578.8731530774385,19,16191.71044921875,16608.0,0,,,,
step_hook,1,37,b877dd782edba758ab429e3ee3de3329:97e16cc551e4:0:2,2b704dcf2e659e9441eb368463e822d98e8a4b4b0badfa1e02b97c395219bada,True,606.6764348652214,21,16191.71044921875,16608.0,0,,,,
step_hook,1,38,b877dd782edba758ab429e3ee3de3329:97e16cc551e4:0:3,2b704dcf2e659e9441eb368463e822d98e8a4b4b0badfa1e02b97c395219bada,True,603.0739839188755,21,16191.71044921875,16608.0,0,,,,
step_hook,1,39,b877dd782edba758ab429e3ee3de3329:97e16cc551e4:0:4,9833888f2bcf7baedb3e6d22f7a45d778a3ddb93dc3ee593faf345e015a5527d,True,573.6525419633836,19,16191.71044921875,16608.0,0,,,,
step_hook,1,40,b877dd782edba758ab429e3ee3de3329:dd7f6c9e007d:0:0,bcf1436e8a0397586b601d3afcfbd9357f7df58201510a79a21f33dea57905ee,True,668.9009789843112,26,16191.71044921875,16608.0,0,,,,
step_hook,1,41,b877dd782edba758ab429e3ee3de3329:dd7f6c9e007d:0:1,f340e6b096d48731cb6973ce6c1f384848e8a709bc3d7fefbc1375269bb16f66,True,580.6383669842035,19,16191.71044921875,16608.0,0,,,,
step_hook,1,42,b877dd782edba758ab429e3ee3de3329:dd7f6c9e007d:0:2,2b704dcf2e659e9441eb368463e822d98e8a4b4b0badfa1e02b97c395219bada,False,624.6772459708154,21,16191.71044921875,16608.0,0,,,,
step_hook,1,43,b877dd782edba758ab429e3ee3de3329:dd7f6c9e007d:0:3,2b704dcf2e659e9441eb368463e822d98e8a4b4b0badfa1e02b97c395219bada,True,601.5851348638535,21,16191.71044921875,16608.0,0,,,,
step_hook,1,44,b877dd782edba758ab429e3ee3de3329:dd7f6c9e007d:0:4,9833888f2bcf7baedb3e6d22f7a45d778a3ddb93dc3ee593faf345e015a5527d,True,575.8711041416973,19,16191.71044921875,16608.0,0,,,,
step_hook,1,45,4f59fbf51a0a5bfb4dc5af02cf294693:993dac5396a0:0:0,02b2f284846856bbed690c4a4ff41de209848e5b20a5b8e52994ff6008da32c7,True,551.4172620605677,17,16192.396484375,16608.0,0,,,,
step_hook,1,46,4f59fbf51a0a5bfb4dc5af02cf294693:993dac5396a0:0:1,72ce63e97c300b32403763a2e20f5768dbedc981efcd36c58458b7f10991a314,True,495.40333915501833,13,16192.396484375,16608.0,0,,,,
step_hook,1,47,4f59fbf51a0a5bfb4dc5af02cf294693:993dac5396a0:0:2,692a62434ae2815dec74164a4d148a1ad395dbf6653d58fc4ae432a52e892e37,True,548.5618808306754,17,16192.396484375,16608.0,0,,,,
step_hook,1,48,4f59fbf51a0a5bfb4dc5af02cf294693:993dac5396a0:0:3,692a62434ae2815dec74164a4d148a1ad395dbf6653d58fc4ae432a52e892e37,True,550.2455139067024,17,16192.396484375,16608.0,0,,,,
step_hook,1,49,4f59fbf51a0a5bfb4dc5af02cf294693:993dac5396a0:0:4,0cc9fb380cb2bb70003747e1d1b5eddb6239e470e3464f2a6cf9c2ca668b89c3,False,495.8995918277651,13,16192.396484375,16608.0,0,,,,
vanilla,0,0,1a938d25604410ccd63b60285919eaec:c627e50da685:0:0,e042894d371a8df6673730e94e09c16b0c54e157faa37094ac0edd0138322b43,True,482.89524391293526,12,16192.396484375,16608.0,,,,,
vanilla,0,1,1a938d25604410ccd63b60285919eaec:c627e50da685:0:1,e042894d371a8df6673730e94e09c16b0c54e157faa37094ac0edd0138322b43,True,483.40416606515646,12,16192.396484375,16608.0,,,,,
vanilla,0,2,1a938d25604410ccd63b60285919eaec:c627e50da685:0:2,f5f79da7870b43a425d911d4230cbde81339aaf8976b28d91223d1db1b9dcb91,True,483.85330219753087,12,16192.396484375,16608.0,,,,,
vanilla,0,3,1a938d25604410ccd63b60285919eaec:c627e50da685:0:3,82b4934cd2e12dd5597e5e37c746229f9ae763b2251ce7ebf18bfe7be9c79896,True,510.92368899844587,14,16192.396484375,16608.0,,,,,
vanilla,0,4,1a938d25604410ccd63b60285919eaec:c627e50da685:0:4,82b4934cd2e12dd5597e5e37c746229f9ae763b2251ce7ebf18bfe7be9c79896,True,509.2624400276691,14,16192.396484375,16608.0,,,,,
vanilla,0,5,49cd6149f02ec01ee03a6eb8287ab2df:f982e9dfaf25:0:0,435ddab74d1ce43607ae306954b3988e040a520237c7d35ed4bf195d89590fe9,True,578.3256399445236,19,16191.43603515625,16608.0,,,,,
vanilla,0,6,49cd6149f02ec01ee03a6eb8287ab2df:f982e9dfaf25:0:1,435ddab74d1ce43607ae306954b3988e040a520237c7d35ed4bf195d89590fe9,True,573.883063159883,19,16191.43603515625,16608.0,,,,,
vanilla,0,7,49cd6149f02ec01ee03a6eb8287ab2df:f982e9dfaf25:0:2,73fb32b5e401b3eacb51e7e77bdf04e3b22a04455436b5dd1473893ee8251122,True,421.9834611285478,8,16191.43603515625,16608.0,,,,,
vanilla,0,8,49cd6149f02ec01ee03a6eb8287ab2df:f982e9dfaf25:0:3,435ddab74d1ce43607ae306954b3988e040a520237c7d35ed4bf195d89590fe9,True,572.7507770061493,19,16191.43603515625,16608.0,,,,,
vanilla,0,9,49cd6149f02ec01ee03a6eb8287ab2df:f982e9dfaf25:0:4,73fb32b5e401b3eacb51e7e77bdf04e3b22a04455436b5dd1473893ee8251122,True,428.1930278521031,8,16191.43603515625,16608.0,,,,,
vanilla,0,10,49cd6149f02ec01ee03a6eb8287ab2df:81739d7eb99c:0:0,435ddab74d1ce43607ae306954b3988e040a520237c7d35ed4bf195d89590fe9,True,574.0013748873025,19,16191.43603515625,16608.0,,,,,
vanilla,0,11,49cd6149f02ec01ee03a6eb8287ab2df:81739d7eb99c:0:1,435ddab74d1ce43607ae306954b3988e040a520237c7d35ed4bf195d89590fe9,True,575.6444591097534,19,16191.43603515625,16608.0,,,,,
vanilla,0,12,49cd6149f02ec01ee03a6eb8287ab2df:81739d7eb99c:0:2,73fb32b5e401b3eacb51e7e77bdf04e3b22a04455436b5dd1473893ee8251122,True,429.71302289515734,8,16191.43603515625,16608.0,,,,,
vanilla,0,13,49cd6149f02ec01ee03a6eb8287ab2df:81739d7eb99c:0:3,435ddab74d1ce43607ae306954b3988e040a520237c7d35ed4bf195d89590fe9,True,576.4218450058252,19,16191.43603515625,16608.0,,,,,
vanilla,0,14,49cd6149f02ec01ee03a6eb8287ab2df:81739d7eb99c:0:4,73fb32b5e401b3eacb51e7e77bdf04e3b22a04455436b5dd1473893ee8251122,True,428.5689820535481,8,16191.43603515625,16608.0,,,,,
vanilla,0,15,c6050fe51d3408b1eaef27e08e7f1956:1458b54ae2f6:0:0,35990225eb4034f560541dca69e3de42af70ee7e6c5a42420c958e689cda2c02,True,454.4898208696395,10,16195.59375,16608.0,,,,,
vanilla,0,16,c6050fe51d3408b1eaef27e08e7f1956:1458b54ae2f6:0:1,aebb1cb50cd9dcc29e137a5616bb2478102285853aed08894b7f12bdcbb1c56f,True,500.09829411283135,12,16195.59375,16608.0,,,,,
vanilla,0,17,c6050fe51d3408b1eaef27e08e7f1956:1458b54ae2f6:0:2,111b8aacdbaf954aebfbd039849710807963f2bd7a68786f9ede013bd58cf416,True,387.45985901914537,5,16195.59375,16608.0,,,,,
vanilla,0,18,c6050fe51d3408b1eaef27e08e7f1956:1458b54ae2f6:0:3,423b972f52fcbc22cc94be5cb64caefa796a5124160f24ec5fab21772249ca14,True,482.63691598549485,12,16195.59375,16608.0,,,,,
vanilla,0,19,c6050fe51d3408b1eaef27e08e7f1956:1458b54ae2f6:0:4,423b972f52fcbc22cc94be5cb64caefa796a5124160f24ec5fab21772249ca14,True,484.13644009269774,12,16195.59375,16608.0,,,,,
vanilla,0,20,c6050fe51d3408b1eaef27e08e7f1956:e4e99a4d6532:0:0,35990225eb4034f560541dca69e3de42af70ee7e6c5a42420c958e689cda2c02,True,455.2748240530491,10,16195.59375,16608.0,,,,,
vanilla,0,21,c6050fe51d3408b1eaef27e08e7f1956:e4e99a4d6532:0:1,aebb1cb50cd9dcc29e137a5616bb2478102285853aed08894b7f12bdcbb1c56f,True,478.04114385508,12,16195.59375,16608.0,,,,,
vanilla,0,22,c6050fe51d3408b1eaef27e08e7f1956:e4e99a4d6532:0:2,111b8aacdbaf954aebfbd039849710807963f2bd7a68786f9ede013bd58cf416,True,382.50092789530754,5,16195.59375,16608.0,,,,,
vanilla,0,23,c6050fe51d3408b1eaef27e08e7f1956:e4e99a4d6532:0:3,423b972f52fcbc22cc94be5cb64caefa796a5124160f24ec5fab21772249ca14,True,481.1240129638463,12,16195.59375,16608.0,,,,,
vanilla,0,24,c6050fe51d3408b1eaef27e08e7f1956:e4e99a4d6532:0:4,423b972f52fcbc22cc94be5cb64caefa796a5124160f24ec5fab21772249ca14,True,481.5962091088295,12,16195.59375,16608.0,,,,,
vanilla,0,25,bb98dd0bceac09d24db1ecb2af549a92:377f7f0dd150:0:0,855c108ad67905d09ec7c1b0e8aece7c700b88af2a47447b339d06f51ca5f3c1,True,504.6918129082769,14,16191.43603515625,16608.0,,,,,
vanilla,0,26,bb98dd0bceac09d24db1ecb2af549a92:377f7f0dd150:0:1,345f983c72b415369583c07355d41a5ce238a9e9fc7fe025add55b989f42753c,True,579.1685488075018,19,16191.43603515625,16608.0,,,,,
vanilla,0,27,bb98dd0bceac09d24db1ecb2af549a92:377f7f0dd150:0:2,d9dc9f66742ea39569f48bea2599a075674a27a99bededdf7d11d3fbc33c74c9,True,548.6071070190519,17,16191.43603515625,16608.0,,,,,
vanilla,0,28,bb98dd0bceac09d24db1ecb2af549a92:377f7f0dd150:0:3,c45891449e67fbebaa72c55f78b5e89e2ef69d3f86135e99eaae972f41ca37d3,True,572.0062491018325,19,16191.43603515625,16608.0,,,,,
vanilla,0,29,bb98dd0bceac09d24db1ecb2af549a92:377f7f0dd150:0:4,a4b4d1f639310ce5a0af8666d80dea51c299717b38da5a87d48ce3bde0ecf3b5,True,476.8955789040774,12,16191.43603515625,16608.0,,,,,
vanilla,0,30,bb98dd0bceac09d24db1ecb2af549a92:2cf3a7a3a65c:0:0,855c108ad67905d09ec7c1b0e8aece7c700b88af2a47447b339d06f51ca5f3c1,True,509.56564396619797,14,16191.43603515625,16608.0,,,,,
vanilla,0,31,bb98dd0bceac09d24db1ecb2af549a92:2cf3a7a3a65c:0:1,345f983c72b415369583c07355d41a5ce238a9e9fc7fe025add55b989f42753c,True,577.9346239287406,19,16191.43603515625,16608.0,,,,,
vanilla,0,32,bb98dd0bceac09d24db1ecb2af549a92:2cf3a7a3a65c:0:2,d9dc9f66742ea39569f48bea2599a075674a27a99bededdf7d11d3fbc33c74c9,True,549.8100679833442,17,16191.43603515625,16608.0,,,,,
vanilla,0,33,bb98dd0bceac09d24db1ecb2af549a92:2cf3a7a3a65c:0:3,c45891449e67fbebaa72c55f78b5e89e2ef69d3f86135e99eaae972f41ca37d3,True,578.1733568292111,19,16191.43603515625,16608.0,,,,,
vanilla,0,34,bb98dd0bceac09d24db1ecb2af549a92:2cf3a7a3a65c:0:4,a4b4d1f639310ce5a0af8666d80dea51c299717b38da5a87d48ce3bde0ecf3b5,True,483.10302407480776,12,16191.43603515625,16608.0,,,,,
vanilla,0,35,b877dd782edba758ab429e3ee3de3329:97e16cc551e4:0:0,bcf1436e8a0397586b601d3afcfbd9357f7df58201510a79a21f33dea57905ee,True,670.7044481299818,26,16191.71044921875,16608.0,,,,,
vanilla,0,36,b877dd782edba758ab429e3ee3de3329:97e16cc551e4:0:1,f340e6b096d48731cb6973ce6c1f384848e8a709bc3d7fefbc1375269bb16f66,True,575.5721910391003,19,16191.71044921875,16608.0,,,,,
vanilla,0,37,b877dd782edba758ab429e3ee3de3329:97e16cc551e4:0:2,2b704dcf2e659e9441eb368463e822d98e8a4b4b0badfa1e02b97c395219bada,True,604.7039180994034,21,16191.71044921875,16608.0,,,,,
vanilla,0,38,b877dd782edba758ab429e3ee3de3329:97e16cc551e4:0:3,2b704dcf2e659e9441eb368463e822d98e8a4b4b0badfa1e02b97c395219bada,True,601.4944380149245,21,16191.71044921875,16608.0,,,,,
vanilla,0,39,b877dd782edba758ab429e3ee3de3329:97e16cc551e4:0:4,9833888f2bcf7baedb3e6d22f7a45d778a3ddb93dc3ee593faf345e015a5527d,True,572.8739411570132,19,16191.71044921875,16608.0,,,,,
vanilla,0,40,b877dd782edba758ab429e3ee3de3329:dd7f6c9e007d:0:0,bcf1436e8a0397586b601d3afcfbd9357f7df58201510a79a21f33dea57905ee,True,668.0953959003091,26,16191.71044921875,16608.0,,,,,
vanilla,0,41,b877dd782edba758ab429e3ee3de3329:dd7f6c9e007d:0:1,f340e6b096d48731cb6973ce6c1f384848e8a709bc3d7fefbc1375269bb16f66,True,576.0001139715314,19,16191.71044921875,16608.0,,,,,
vanilla,0,42,b877dd782edba758ab429e3ee3de3329:dd7f6c9e007d:0:2,f340e6b096d48731cb6973ce6c1f384848e8a709bc3d7fefbc1375269bb16f66,True,572.1452939324081,19,16191.71044921875,16608.0,,,,,
vanilla,0,43,b877dd782edba758ab429e3ee3de3329:dd7f6c9e007d:0:3,2b704dcf2e659e9441eb368463e822d98e8a4b4b0badfa1e02b97c395219bada,True,602.6884978637099,21,16191.71044921875,16608.0,,,,,
vanilla,0,44,b877dd782edba758ab429e3ee3de3329:dd7f6c9e007d:0:4,9833888f2bcf7baedb3e6d22f7a45d778a3ddb93dc3ee593faf345e015a5527d,True,573.083280120045,19,16191.71044921875,16608.0,,,,,
vanilla,0,45,4f59fbf51a0a5bfb4dc5af02cf294693:993dac5396a0:0:0,02b2f284846856bbed690c4a4ff41de209848e5b20a5b8e52994ff6008da32c7,True,549.7182609979063,17,16192.396484375,16608.0,,,,,
vanilla,0,46,4f59fbf51a0a5bfb4dc5af02cf294693:993dac5396a0:0:1,72ce63e97c300b32403763a2e20f5768dbedc981efcd36c58458b7f10991a314,True,490.6897300388664,13,16192.396484375,16608.0,,,,,
vanilla,0,47,4f59fbf51a0a5bfb4dc5af02cf294693:993dac5396a0:0:2,692a62434ae2815dec74164a4d148a1ad395dbf6653d58fc4ae432a52e892e37,True,546.9478769227862,17,16192.396484375,16608.0,,,,,
vanilla,0,48,4f59fbf51a0a5bfb4dc5af02cf294693:993dac5396a0:0:3,692a62434ae2815dec74164a4d148a1ad395dbf6653d58fc4ae432a52e892e37,True,545.528698945418,17,16192.396484375,16608.0,,,,,
vanilla,0,49,4f59fbf51a0a5bfb4dc5af02cf294693:993dac5396a0:0:4,e4f0271d7dced0f36c97839e546b1f140f69dfa129a37b04f653f47eb9c2798f,True,483.7261219508946,12,16192.396484375,16608.0,,,,,
vanilla,1,0,1a938d25604410ccd63b60285919eaec:c627e50da685:0:0,e042894d371a8df6673730e94e09c16b0c54e157faa37094ac0edd0138322b43,True,483.6998220998794,12,16192.396484375,16608.0,,,,,
vanilla,1,1,1a938d25604410ccd63b60285919eaec:c627e50da685:0:1,e042894d371a8df6673730e94e09c16b0c54e157faa37094ac0edd0138322b43,True,510.7054200489074,12,16192.396484375,16608.0,,,,,
vanilla,1,2,1a938d25604410ccd63b60285919eaec:c627e50da685:0:2,f5f79da7870b43a425d911d4230cbde81339aaf8976b28d91223d1db1b9dcb91,True,483.69035799987614,12,16192.396484375,16608.0,,,,,
vanilla,1,3,1a938d25604410ccd63b60285919eaec:c627e50da685:0:3,82b4934cd2e12dd5597e5e37c746229f9ae763b2251ce7ebf18bfe7be9c79896,True,510.31840802170336,14,16192.396484375,16608.0,,,,,
vanilla,1,4,1a938d25604410ccd63b60285919eaec:c627e50da685:0:4,82b4934cd2e12dd5597e5e37c746229f9ae763b2251ce7ebf18bfe7be9c79896,True,508.6448311340064,14,16192.396484375,16608.0,,,,,
vanilla,1,5,49cd6149f02ec01ee03a6eb8287ab2df:f982e9dfaf25:0:0,435ddab74d1ce43607ae306954b3988e040a520237c7d35ed4bf195d89590fe9,True,577.1993920207024,19,16191.43603515625,16608.0,,,,,
vanilla,1,6,49cd6149f02ec01ee03a6eb8287ab2df:f982e9dfaf25:0:1,435ddab74d1ce43607ae306954b3988e040a520237c7d35ed4bf195d89590fe9,True,574.3669159710407,19,16191.43603515625,16608.0,,,,,
vanilla,1,7,49cd6149f02ec01ee03a6eb8287ab2df:f982e9dfaf25:0:2,73fb32b5e401b3eacb51e7e77bdf04e3b22a04455436b5dd1473893ee8251122,True,425.84470892325044,8,16191.43603515625,16608.0,,,,,
vanilla,1,8,49cd6149f02ec01ee03a6eb8287ab2df:f982e9dfaf25:0:3,435ddab74d1ce43607ae306954b3988e040a520237c7d35ed4bf195d89590fe9,True,574.0371849387884,19,16191.43603515625,16608.0,,,,,
vanilla,1,9,49cd6149f02ec01ee03a6eb8287ab2df:f982e9dfaf25:0:4,73fb32b5e401b3eacb51e7e77bdf04e3b22a04455436b5dd1473893ee8251122,True,427.89077991619706,8,16191.43603515625,16608.0,,,,,
vanilla,1,10,49cd6149f02ec01ee03a6eb8287ab2df:81739d7eb99c:0:0,435ddab74d1ce43607ae306954b3988e040a520237c7d35ed4bf195d89590fe9,True,575.3559819422662,19,16191.43603515625,16608.0,,,,,
vanilla,1,11,49cd6149f02ec01ee03a6eb8287ab2df:81739d7eb99c:0:1,435ddab74d1ce43607ae306954b3988e040a520237c7d35ed4bf195d89590fe9,True,572.3382229916751,19,16191.43603515625,16608.0,,,,,
vanilla,1,12,49cd6149f02ec01ee03a6eb8287ab2df:81739d7eb99c:0:2,73fb32b5e401b3eacb51e7e77bdf04e3b22a04455436b5dd1473893ee8251122,True,423.6246619839221,8,16191.43603515625,16608.0,,,,,
vanilla,1,13,49cd6149f02ec01ee03a6eb8287ab2df:81739d7eb99c:0:3,435ddab74d1ce43607ae306954b3988e040a520237c7d35ed4bf195d89590fe9,True,572.3815620876849,19,16191.43603515625,16608.0,,,,,
vanilla,1,14,49cd6149f02ec01ee03a6eb8287ab2df:81739d7eb99c:0:4,73fb32b5e401b3eacb51e7e77bdf04e3b22a04455436b5dd1473893ee8251122,True,423.1650731526315,8,16191.43603515625,16608.0,,,,,
vanilla,1,15,c6050fe51d3408b1eaef27e08e7f1956:1458b54ae2f6:0:0,35990225eb4034f560541dca69e3de42af70ee7e6c5a42420c958e689cda2c02,True,453.16783199086785,10,16195.59375,16608.0,,,,,
vanilla,1,16,c6050fe51d3408b1eaef27e08e7f1956:1458b54ae2f6:0:1,aebb1cb50cd9dcc29e137a5616bb2478102285853aed08894b7f12bdcbb1c56f,True,479.8258589580655,12,16195.59375,16608.0,,,,,
vanilla,1,17,c6050fe51d3408b1eaef27e08e7f1956:1458b54ae2f6:0:2,111b8aacdbaf954aebfbd039849710807963f2bd7a68786f9ede013bd58cf416,True,387.23013806156814,5,16195.59375,16608.0,,,,,
vanilla,1,18,c6050fe51d3408b1eaef27e08e7f1956:1458b54ae2f6:0:3,423b972f52fcbc22cc94be5cb64caefa796a5124160f24ec5fab21772249ca14,True,481.38153087347746,12,16195.59375,16608.0,,,,,
vanilla,1,19,c6050fe51d3408b1eaef27e08e7f1956:1458b54ae2f6:0:4,423b972f52fcbc22cc94be5cb64caefa796a5124160f24ec5fab21772249ca14,True,480.19423615187407,12,16195.59375,16608.0,,,,,
vanilla,1,20,c6050fe51d3408b1eaef27e08e7f1956:e4e99a4d6532:0:0,35990225eb4034f560541dca69e3de42af70ee7e6c5a42420c958e689cda2c02,True,455.13075310736895,10,16195.59375,16608.0,,,,,
vanilla,1,21,c6050fe51d3408b1eaef27e08e7f1956:e4e99a4d6532:0:1,aebb1cb50cd9dcc29e137a5616bb2478102285853aed08894b7f12bdcbb1c56f,True,478.81584288552403,12,16195.59375,16608.0,,,,,
vanilla,1,22,c6050fe51d3408b1eaef27e08e7f1956:e4e99a4d6532:0:2,111b8aacdbaf954aebfbd039849710807963f2bd7a68786f9ede013bd58cf416,True,380.39773888885975,5,16195.59375,16608.0,,,,,
vanilla,1,23,c6050fe51d3408b1eaef27e08e7f1956:e4e99a4d6532:0:3,423b972f52fcbc22cc94be5cb64caefa796a5124160f24ec5fab21772249ca14,True,477.3689860012382,12,16195.59375,16608.0,,,,,
vanilla,1,24,c6050fe51d3408b1eaef27e08e7f1956:e4e99a4d6532:0:4,423b972f52fcbc22cc94be5cb64caefa796a5124160f24ec5fab21772249ca14,True,477.7453138958663,12,16195.59375,16608.0,,,,,
vanilla,1,25,bb98dd0bceac09d24db1ecb2af549a92:377f7f0dd150:0:0,855c108ad67905d09ec7c1b0e8aece7c700b88af2a47447b339d06f51ca5f3c1,True,504.1447568219155,14,16191.43603515625,16608.0,,,,,
vanilla,1,26,bb98dd0bceac09d24db1ecb2af549a92:377f7f0dd150:0:1,345f983c72b415369583c07355d41a5ce238a9e9fc7fe025add55b989f42753c,True,573.1486510485411,19,16191.43603515625,16608.0,,,,,
vanilla,1,27,bb98dd0bceac09d24db1ecb2af549a92:377f7f0dd150:0:2,d9dc9f66742ea39569f48bea2599a075674a27a99bededdf7d11d3fbc33c74c9,True,544.0694720018655,17,16191.43603515625,16608.0,,,,,
vanilla,1,28,bb98dd0bceac09d24db1ecb2af549a92:377f7f0dd150:0:3,c45891449e67fbebaa72c55f78b5e89e2ef69d3f86135e99eaae972f41ca37d3,True,572.8499800898135,19,16191.43603515625,16608.0,,,,,
vanilla,1,29,bb98dd0bceac09d24db1ecb2af549a92:377f7f0dd150:0:4,a4b4d1f639310ce5a0af8666d80dea51c299717b38da5a87d48ce3bde0ecf3b5,True,482.38243185915053,12,16191.43603515625,16608.0,,,,,
vanilla,1,30,bb98dd0bceac09d24db1ecb2af549a92:2cf3a7a3a65c:0:0,855c108ad67905d09ec7c1b0e8aece7c700b88af2a47447b339d06f51ca5f3c1,True,509.39837703481317,14,16191.43603515625,16608.0,,,,,
vanilla,1,31,bb98dd0bceac09d24db1ecb2af549a92:2cf3a7a3a65c:0:1,345f983c72b415369583c07355d41a5ce238a9e9fc7fe025add55b989f42753c,True,575.337802991271,19,16191.43603515625,16608.0,,,,,
vanilla,1,32,bb98dd0bceac09d24db1ecb2af549a92:2cf3a7a3a65c:0:2,d9dc9f66742ea39569f48bea2599a075674a27a99bededdf7d11d3fbc33c74c9,True,548.6446018330753,17,16191.43603515625,16608.0,,,,,
vanilla,1,33,bb98dd0bceac09d24db1ecb2af549a92:2cf3a7a3a65c:0:3,c45891449e67fbebaa72c55f78b5e89e2ef69d3f86135e99eaae972f41ca37d3,True,575.275911949575,19,16191.43603515625,16608.0,,,,,
vanilla,1,34,bb98dd0bceac09d24db1ecb2af549a92:2cf3a7a3a65c:0:4,a4b4d1f639310ce5a0af8666d80dea51c299717b38da5a87d48ce3bde0ecf3b5,True,483.0129249021411,12,16191.43603515625,16608.0,,,,,
vanilla,1,35,b877dd782edba758ab429e3ee3de3329:97e16cc551e4:0:0,bcf1436e8a0397586b601d3afcfbd9357f7df58201510a79a21f33dea57905ee,True,673.3839679509401,26,16191.71044921875,16608.0,,,,,
vanilla,1,36,b877dd782edba758ab429e3ee3de3329:97e16cc551e4:0:1,f340e6b096d48731cb6973ce6c1f384848e8a709bc3d7fefbc1375269bb16f66,True,573.2659350614995,19,16191.71044921875,16608.0,,,,,
vanilla,1,37,b877dd782edba758ab429e3ee3de3329:97e16cc551e4:0:2,2b704dcf2e659e9441eb368463e822d98e8a4b4b0badfa1e02b97c395219bada,True,601.2403431814164,21,16191.71044921875,16608.0,,,,,
vanilla,1,38,b877dd782edba758ab429e3ee3de3329:97e16cc551e4:0:3,2b704dcf2e659e9441eb368463e822d98e8a4b4b0badfa1e02b97c395219bada,True,603.452353971079,21,16191.71044921875,16608.0,,,,,
vanilla,1,39,b877dd782edba758ab429e3ee3de3329:97e16cc551e4:0:4,9833888f2bcf7baedb3e6d22f7a45d778a3ddb93dc3ee593faf345e015a5527d,True,572.9064950719476,19,16191.71044921875,16608.0,,,,,
vanilla,1,40,b877dd782edba758ab429e3ee3de3329:dd7f6c9e007d:0:0,bcf1436e8a0397586b601d3afcfbd9357f7df58201510a79a21f33dea57905ee,True,671.6523049399257,26,16191.71044921875,16608.0,,,,,
vanilla,1,41,b877dd782edba758ab429e3ee3de3329:dd7f6c9e007d:0:1,f340e6b096d48731cb6973ce6c1f384848e8a709bc3d7fefbc1375269bb16f66,True,576.8302078358829,19,16191.71044921875,16608.0,,,,,
vanilla,1,42,b877dd782edba758ab429e3ee3de3329:dd7f6c9e007d:0:2,f340e6b096d48731cb6973ce6c1f384848e8a709bc3d7fefbc1375269bb16f66,True,577.4230230599642,19,16191.71044921875,16608.0,,,,,
vanilla,1,43,b877dd782edba758ab429e3ee3de3329:dd7f6c9e007d:0:3,2b704dcf2e659e9441eb368463e822d98e8a4b4b0badfa1e02b97c395219bada,True,600.5149988923222,21,16191.71044921875,16608.0,,,,,
vanilla,1,44,b877dd782edba758ab429e3ee3de3329:dd7f6c9e007d:0:4,9833888f2bcf7baedb3e6d22f7a45d778a3ddb93dc3ee593faf345e015a5527d,True,577.4683749768883,19,16191.71044921875,16608.0,,,,,
vanilla,1,45,4f59fbf51a0a5bfb4dc5af02cf294693:993dac5396a0:0:0,02b2f284846856bbed690c4a4ff41de209848e5b20a5b8e52994ff6008da32c7,True,545.4768158961087,17,16192.396484375,16608.0,,,,,
vanilla,1,46,4f59fbf51a0a5bfb4dc5af02cf294693:993dac5396a0:0:1,72ce63e97c300b32403763a2e20f5768dbedc981efcd36c58458b7f10991a314,True,495.07436505518854,13,16192.396484375,16608.0,,,,,
vanilla,1,47,4f59fbf51a0a5bfb4dc5af02cf294693:993dac5396a0:0:2,692a62434ae2815dec74164a4d148a1ad395dbf6653d58fc4ae432a52e892e37,True,550.846055150032,17,16192.396484375,16608.0,,,,,
vanilla,1,48,4f59fbf51a0a5bfb4dc5af02cf294693:993dac5396a0:0:3,692a62434ae2815dec74164a4d148a1ad395dbf6653d58fc4ae432a52e892e37,True,545.812277123332,17,16192.396484375,16608.0,,,,,
vanilla,1,49,4f59fbf51a0a5bfb4dc5af02cf294693:993dac5396a0:0:4,e4f0271d7dced0f36c97839e546b1f140f69dfa129a37b04f653f47eb9c2798f,True,478.53864915668964,12,16192.396484375,16608.0,,,,,
