mode,repeat,sample_index,orig_id,answer_sha256,answer_matches_vanilla,latency_ms,tokens,peak_allocated_mb,peak_reserved_mb,steps_processed,detection_ready_ms,detection_after_prefill_ms,detector_probability,detector_prediction
vanilla,0,0,1a938d25604410ccd63b60285919eaec:c627e50da685:0:0,e042894d371a8df6673730e94e09c16b0c54e157faa37094ac0edd0138322b43,True,497.36257595941424,12,16192.0927734375,16608.0,,,,,
vanilla,0,1,1a938d25604410ccd63b60285919eaec:c627e50da685:0:1,e042894d371a8df6673730e94e09c16b0c54e157faa37094ac0edd0138322b43,True,495.7339419052005,12,16192.0927734375,16608.0,,,,,
vanilla,0,2,1a938d25604410ccd63b60285919eaec:c627e50da685:0:2,f5f79da7870b43a425d911d4230cbde81339aaf8976b28d91223d1db1b9dcb91,True,496.0062300087884,12,16192.0927734375,16608.0,,,,,
vanilla,0,3,1a938d25604410ccd63b60285919eaec:c627e50da685:0:3,82b4934cd2e12dd5597e5e37c746229f9ae763b2251ce7ebf18bfe7be9c79896,True,526.6444439766929,14,16192.0927734375,16608.0,,,,,
vanilla,0,4,1a938d25604410ccd63b60285919eaec:c627e50da685:0:4,82b4934cd2e12dd5597e5e37c746229f9ae763b2251ce7ebf18bfe7be9c79896,True,527.4270989466459,14,16192.0927734375,16608.0,,,,,
vanilla,0,5,49cd6149f02ec01ee03a6eb8287ab2df:f982e9dfaf25:0:0,435ddab74d1ce43607ae306954b3988e040a520237c7d35ed4bf195d89590fe9,True,597.7114149136469,19,16191.13232421875,16608.0,,,,,
vanilla,0,6,49cd6149f02ec01ee03a6eb8287ab2df:f982e9dfaf25:0:1,435ddab74d1ce43607ae306954b3988e040a520237c7d35ed4bf195d89590fe9,True,600.292930030264,19,16191.13232421875,16608.0,,,,,
vanilla,0,7,49cd6149f02ec01ee03a6eb8287ab2df:f982e9dfaf25:0:2,73fb32b5e401b3eacb51e7e77bdf04e3b22a04455436b5dd1473893ee8251122,True,439.37597097828984,8,16191.13232421875,16608.0,,,,,
vanilla,0,8,49cd6149f02ec01ee03a6eb8287ab2df:f982e9dfaf25:0:3,95f301e4834466fadb9df4ae46e1b1c55f14a11d8b92502235741ad28dbdb107,True,541.400228976272,15,16191.13232421875,16608.0,,,,,
vanilla,0,9,49cd6149f02ec01ee03a6eb8287ab2df:f982e9dfaf25:0:4,73fb32b5e401b3eacb51e7e77bdf04e3b22a04455436b5dd1473893ee8251122,True,438.69112397078425,8,16191.13232421875,16608.0,,,,,
vanilla,0,10,49cd6149f02ec01ee03a6eb8287ab2df:81739d7eb99c:0:0,435ddab74d1ce43607ae306954b3988e040a520237c7d35ed4bf195d89590fe9,True,597.4899100838229,19,16191.13232421875,16608.0,,,,,
vanilla,0,11,49cd6149f02ec01ee03a6eb8287ab2df:81739d7eb99c:0:1,435ddab74d1ce43607ae306954b3988e040a520237c7d35ed4bf195d89590fe9,True,603.2444359734654,19,16191.13232421875,16608.0,,,,,
vanilla,0,12,49cd6149f02ec01ee03a6eb8287ab2df:81739d7eb99c:0:2,73fb32b5e401b3eacb51e7e77bdf04e3b22a04455436b5dd1473893ee8251122,True,441.3182919379324,8,16191.13232421875,16608.0,,,,,
vanilla,0,13,49cd6149f02ec01ee03a6eb8287ab2df:81739d7eb99c:0:3,435ddab74d1ce43607ae306954b3988e040a520237c7d35ed4bf195d89590fe9,True,599.5209390530363,19,16191.13232421875,16608.0,,,,,
vanilla,0,14,49cd6149f02ec01ee03a6eb8287ab2df:81739d7eb99c:0:4,73fb32b5e401b3eacb51e7e77bdf04e3b22a04455436b5dd1473893ee8251122,True,439.0018299454823,8,16191.13232421875,16608.0,,,,,
vanilla,0,15,c6050fe51d3408b1eaef27e08e7f1956:1458b54ae2f6:0:0,35990225eb4034f560541dca69e3de42af70ee7e6c5a42420c958e689cda2c02,True,467.2175529412925,10,16195.2900390625,16608.0,,,,,
vanilla,0,16,c6050fe51d3408b1eaef27e08e7f1956:1458b54ae2f6:0:1,aebb1cb50cd9dcc29e137a5616bb2478102285853aed08894b7f12bdcbb1c56f,True,494.95400802697986,12,16195.2900390625,16608.0,,,,,
vanilla,0,17,c6050fe51d3408b1eaef27e08e7f1956:1458b54ae2f6:0:2,111b8aacdbaf954aebfbd039849710807963f2bd7a68786f9ede013bd58cf416,True,393.172501004301,5,16195.2900390625,16608.0,,,,,
vanilla,0,18,c6050fe51d3408b1eaef27e08e7f1956:1458b54ae2f6:0:3,423b972f52fcbc22cc94be5cb64caefa796a5124160f24ec5fab21772249ca14,True,549.9280049698427,12,16195.2900390625,16608.0,,,,,
vanilla,0,19,c6050fe51d3408b1eaef27e08e7f1956:1458b54ae2f6:0:4,423b972f52fcbc22cc94be5cb64caefa796a5124160f24ec5fab21772249ca14,True,500.6889549549669,12,16195.2900390625,16608.0,,,,,
vanilla,0,20,c6050fe51d3408b1eaef27e08e7f1956:e4e99a4d6532:0:0,35990225eb4034f560541dca69e3de42af70ee7e6c5a42420c958e689cda2c02,True,468.7869760673493,10,16195.2900390625,16608.0,,,,,
vanilla,0,21,c6050fe51d3408b1eaef27e08e7f1956:e4e99a4d6532:0:1,aebb1cb50cd9dcc29e137a5616bb2478102285853aed08894b7f12bdcbb1c56f,True,496.90116103738546,12,16195.2900390625,16608.0,,,,,
vanilla,0,22,c6050fe51d3408b1eaef27e08e7f1956:e4e99a4d6532:0:2,111b8aacdbaf954aebfbd039849710807963f2bd7a68786f9ede013bd58cf416,True,394.5761170471087,5,16195.2900390625,16608.0,,,,,
vanilla,0,23,c6050fe51d3408b1eaef27e08e7f1956:e4e99a4d6532:0:3,423b972f52fcbc22cc94be5cb64caefa796a5124160f24ec5fab21772249ca14,True,495.1447189087048,12,16195.2900390625,16608.0,,,,,
vanilla,0,24,c6050fe51d3408b1eaef27e08e7f1956:e4e99a4d6532:0:4,423b972f52fcbc22cc94be5cb64caefa796a5124160f24ec5fab21772249ca14,True,495.69481099024415,12,16195.2900390625,16608.0,,,,,
vanilla,0,25,bb98dd0bceac09d24db1ecb2af549a92:377f7f0dd150:0:0,855c108ad67905d09ec7c1b0e8aece7c700b88af2a47447b339d06f51ca5f3c1,True,524.4609160581604,14,16191.13232421875,16608.0,,,,,
vanilla,0,26,bb98dd0bceac09d24db1ecb2af549a92:377f7f0dd150:0:1,345f983c72b415369583c07355d41a5ce238a9e9fc7fe025add55b989f42753c,True,594.9093810049817,19,16191.13232421875,16608.0,,,,,
vanilla,0,27,bb98dd0bceac09d24db1ecb2af549a92:377f7f0dd150:0:2,d9dc9f66742ea39569f48bea2599a075674a27a99bededdf7d11d3fbc33c74c9,True,565.999428043142,17,16191.13232421875,16608.0,,,,,
vanilla,0,28,bb98dd0bceac09d24db1ecb2af549a92:377f7f0dd150:0:3,c45891449e67fbebaa72c55f78b5e89e2ef69d3f86135e99eaae972f41ca37d3,True,596.7860519886017,19,16191.13232421875,16608.0,,,,,
vanilla,0,29,bb98dd0bceac09d24db1ecb2af549a92:377f7f0dd150:0:4,a4b4d1f639310ce5a0af8666d80dea51c299717b38da5a87d48ce3bde0ecf3b5,True,495.291915955022,12,16191.13232421875,16608.0,,,,,
vanilla,0,30,bb98dd0bceac09d24db1ecb2af549a92:2cf3a7a3a65c:0:0,855c108ad67905d09ec7c1b0e8aece7c700b88af2a47447b339d06f51ca5f3c1,True,525.3896169597283,14,16191.13232421875,16608.0,,,,,
vanilla,0,31,bb98dd0bceac09d24db1ecb2af549a92:2cf3a7a3a65c:0:1,345f983c72b415369583c07355d41a5ce238a9e9fc7fe025add55b989f42753c,True,598.0575500288978,19,16191.13232421875,16608.0,,,,,
vanilla,0,32,bb98dd0bceac09d24db1ecb2af549a92:2cf3a7a3a65c:0:2,d9dc9f66742ea39569f48bea2599a075674a27a99bededdf7d11d3fbc33c74c9,True,566.559731028974,17,16191.13232421875,16608.0,,,,,
vanilla,0,33,bb98dd0bceac09d24db1ecb2af549a92:2cf3a7a3a65c:0:3,c45891449e67fbebaa72c55f78b5e89e2ef69d3f86135e99eaae972f41ca37d3,True,596.4584089815617,19,16191.13232421875,16608.0,,,,,
vanilla,0,34,bb98dd0bceac09d24db1ecb2af549a92:2cf3a7a3a65c:0:4,a4b4d1f639310ce5a0af8666d80dea51c299717b38da5a87d48ce3bde0ecf3b5,True,495.26612600311637,12,16191.13232421875,16608.0,,,,,
vanilla,0,35,b877dd782edba758ab429e3ee3de3329:97e16cc551e4:0:0,bcf1436e8a0397586b601d3afcfbd9357f7df58201510a79a21f33dea57905ee,True,698.0024490039796,26,16191.40673828125,16608.0,,,,,
vanilla,0,36,b877dd782edba758ab429e3ee3de3329:97e16cc551e4:0:1,f340e6b096d48731cb6973ce6c1f384848e8a709bc3d7fefbc1375269bb16f66,True,595.762312063016,19,16191.40673828125,16608.0,,,,,
vanilla,0,37,b877dd782edba758ab429e3ee3de3329:97e16cc551e4:0:2,2b704dcf2e659e9441eb368463e822d98e8a4b4b0badfa1e02b97c395219bada,True,625.0996720045805,21,16191.40673828125,16608.0,,,,,
vanilla,0,38,b877dd782edba758ab429e3ee3de3329:97e16cc551e4:0:3,2b704dcf2e659e9441eb368463e822d98e8a4b4b0badfa1e02b97c395219bada,True,625.6626739632338,21,16191.40673828125,16608.0,,,,,
vanilla,0,39,b877dd782edba758ab429e3ee3de3329:97e16cc551e4:0:4,9833888f2bcf7baedb3e6d22f7a45d778a3ddb93dc3ee593faf345e015a5527d,True,595.167706022039,19,16191.40673828125,16608.0,,,,,
vanilla,0,40,b877dd782edba758ab429e3ee3de3329:dd7f6c9e007d:0:0,bcf1436e8a0397586b601d3afcfbd9357f7df58201510a79a21f33dea57905ee,True,696.2957680225372,26,16191.40673828125,16608.0,,,,,
vanilla,0,41,b877dd782edba758ab429e3ee3de3329:dd7f6c9e007d:0:1,f340e6b096d48731cb6973ce6c1f384848e8a709bc3d7fefbc1375269bb16f66,True,596.2263870751485,19,16191.40673828125,16608.0,,,,,
vanilla,0,42,b877dd782edba758ab429e3ee3de3329:dd7f6c9e007d:0:2,2b704dcf2e659e9441eb368463e822d98e8a4b4b0badfa1e02b97c395219bada,True,626.8005900783464,21,16191.40673828125,16608.0,,,,,
vanilla,0,43,b877dd782edba758ab429e3ee3de3329:dd7f6c9e007d:0:3,2b704dcf2e659e9441eb368463e822d98e8a4b4b0badfa1e02b97c395219bada,True,627.119613927789,21,16191.40673828125,16608.0,,,,,
vanilla,0,44,b877dd782edba758ab429e3ee3de3329:dd7f6c9e007d:0:4,9833888f2bcf7baedb3e6d22f7a45d778a3ddb93dc3ee593faf345e015a5527d,True,596.6674409573898,19,16191.40673828125,16608.0,,,,,
vanilla,0,45,4f59fbf51a0a5bfb4dc5af02cf294693:993dac5396a0:0:0,02b2f284846856bbed690c4a4ff41de209848e5b20a5b8e52994ff6008da32c7,True,562.4047740129754,17,16192.0927734375,16608.0,,,,,
vanilla,0,46,4f59fbf51a0a5bfb4dc5af02cf294693:993dac5396a0:0:1,72ce63e97c300b32403763a2e20f5768dbedc981efcd36c58458b7f10991a314,True,508.7822109926492,13,16192.0927734375,16608.0,,,,,
vanilla,0,47,4f59fbf51a0a5bfb4dc5af02cf294693:993dac5396a0:0:2,692a62434ae2815dec74164a4d148a1ad395dbf6653d58fc4ae432a52e892e37,True,562.551861978136,17,16192.0927734375,16608.0,,,,,
vanilla,0,48,4f59fbf51a0a5bfb4dc5af02cf294693:993dac5396a0:0:3,692a62434ae2815dec74164a4d148a1ad395dbf6653d58fc4ae432a52e892e37,True,564.8814550368115,17,16192.0927734375,16608.0,,,,,
vanilla,0,49,4f59fbf51a0a5bfb4dc5af02cf294693:993dac5396a0:0:4,e4f0271d7dced0f36c97839e546b1f140f69dfa129a37b04f653f47eb9c2798f,True,495.6737250322476,12,16192.0927734375,16608.0,,,,,
vanilla,1,0,1a938d25604410ccd63b60285919eaec:c627e50da685:0:0,e042894d371a8df6673730e94e09c16b0c54e157faa37094ac0edd0138322b43,True,496.43604399170727,12,16192.0927734375,16608.0,,,,,
vanilla,1,1,1a938d25604410ccd63b60285919eaec:c627e50da685:0:1,e042894d371a8df6673730e94e09c16b0c54e157faa37094ac0edd0138322b43,True,509.7407608991489,12,16192.0927734375,16608.0,,,,,
vanilla,1,2,1a938d25604410ccd63b60285919eaec:c627e50da685:0:2,f5f79da7870b43a425d911d4230cbde81339aaf8976b28d91223d1db1b9dcb91,True,506.07887597288936,12,16192.0927734375,16608.0,,,,,
vanilla,1,3,1a938d25604410ccd63b60285919eaec:c627e50da685:0:3,82b4934cd2e12dd5597e5e37c746229f9ae763b2251ce7ebf18bfe7be9c79896,True,524.5920639717951,14,16192.0927734375,16608.0,,,,,
vanilla,1,4,1a938d25604410ccd63b60285919eaec:c627e50da685:0:4,82b4934cd2e12dd5597e5e37c746229f9ae763b2251ce7ebf18bfe7be9c79896,True,524.6424619108438,14,16192.0927734375,16608.0,,,,,
vanilla,1,5,49cd6149f02ec01ee03a6eb8287ab2df:f982e9dfaf25:0:0,435ddab74d1ce43607ae306954b3988e040a520237c7d35ed4bf195d89590fe9,True,593.3384690433741,19,16191.13232421875,16608.0,,,,,
vanilla,1,6,49cd6149f02ec01ee03a6eb8287ab2df:f982e9dfaf25:0:1,435ddab74d1ce43607ae306954b3988e040a520237c7d35ed4bf195d89590fe9,True,589.1869569895789,19,16191.13232421875,16608.0,,,,,
vanilla,1,7,49cd6149f02ec01ee03a6eb8287ab2df:f982e9dfaf25:0:2,73fb32b5e401b3eacb51e7e77bdf04e3b22a04455436b5dd1473893ee8251122,True,436.0573469894007,8,16191.13232421875,16608.0,,,,,
vanilla,1,8,49cd6149f02ec01ee03a6eb8287ab2df:f982e9dfaf25:0:3,95f301e4834466fadb9df4ae46e1b1c55f14a11d8b92502235741ad28dbdb107,True,536.9029929861426,15,16191.13232421875,16608.0,,,,,
vanilla,1,9,49cd6149f02ec01ee03a6eb8287ab2df:f982e9dfaf25:0:4,73fb32b5e401b3eacb51e7e77bdf04e3b22a04455436b5dd1473893ee8251122,True,437.74418998509645,8,16191.13232421875,16608.0,,,,,
vanilla,1,10,49cd6149f02ec01ee03a6eb8287ab2df:81739d7eb99c:0:0,435ddab74d1ce43607ae306954b3988e040a520237c7d35ed4bf195d89590fe9,True,593.5728379990906,19,16191.13232421875,16608.0,,,,,
vanilla,1,11,49cd6149f02ec01ee03a6eb8287ab2df:81739d7eb99c:0:1,435ddab74d1ce43607ae306954b3988e040a520237c7d35ed4bf195d89590fe9,True,597.2327640047297,19,16191.13232421875,16608.0,,,,,
vanilla,1,12,49cd6149f02ec01ee03a6eb8287ab2df:81739d7eb99c:0:2,73fb32b5e401b3eacb51e7e77bdf04e3b22a04455436b5dd1473893ee8251122,True,434.46212902199477,8,16191.13232421875,16608.0,,,,,
vanilla,1,13,49cd6149f02ec01ee03a6eb8287ab2df:81739d7eb99c:0:3,95f301e4834466fadb9df4ae46e1b1c55f14a11d8b92502235741ad28dbdb107,True,539.0306829940528,15,16191.13232421875,16608.0,,,,,
vanilla,1,14,49cd6149f02ec01ee03a6eb8287ab2df:81739d7eb99c:0:4,73fb32b5e401b3eacb51e7e77bdf04e3b22a04455436b5dd1473893ee8251122,True,437.51747405622154,8,16191.13232421875,16608.0,,,,,
vanilla,1,15,c6050fe51d3408b1eaef27e08e7f1956:1458b54ae2f6:0:0,35990225eb4034f560541dca69e3de42af70ee7e6c5a42420c958e689cda2c02,True,465.4851449886337,10,16195.2900390625,16608.0,,,,,
vanilla,1,16,c6050fe51d3408b1eaef27e08e7f1956:1458b54ae2f6:0:1,aebb1cb50cd9dcc29e137a5616bb2478102285853aed08894b7f12bdcbb1c56f,True,493.6433710390702,12,16195.2900390625,16608.0,,,,,
vanilla,1,17,c6050fe51d3408b1eaef27e08e7f1956:1458b54ae2f6:0:2,111b8aacdbaf954aebfbd039849710807963f2bd7a68786f9ede013bd58cf416,True,392.7612090483308,5,16195.2900390625,16608.0,,,,,
vanilla,1,18,c6050fe51d3408b1eaef27e08e7f1956:1458b54ae2f6:0:3,423b972f52fcbc22cc94be5cb64caefa796a5124160f24ec5fab21772249ca14,True,495.33147702459246,12,16195.2900390625,16608.0,,,,,
vanilla,1,19,c6050fe51d3408b1eaef27e08e7f1956:1458b54ae2f6:0:4,423b972f52fcbc22cc94be5cb64caefa796a5124160f24ec5fab21772249ca14,True,494.19166008010507,12,16195.2900390625,16608.0,,,,,
vanilla,1,20,c6050fe51d3408b1eaef27e08e7f1956:e4e99a4d6532:0:0,35990225eb4034f560541dca69e3de42af70ee7e6c5a42420c958e689cda2c02,True,465.5052499147132,10,16195.2900390625,16608.0,,,,,
vanilla,1,21,c6050fe51d3408b1eaef27e08e7f1956:e4e99a4d6532:0:1,aebb1cb50cd9dcc29e137a5616bb2478102285853aed08894b7f12bdcbb1c56f,True,496.7249979963526,12,16195.2900390625,16608.0,,,,,
vanilla,1,22,c6050fe51d3408b1eaef27e08e7f1956:e4e99a4d6532:0:2,111b8aacdbaf954aebfbd039849710807963f2bd7a68786f9ede013bd58cf416,True,396.05811005458236,5,16195.2900390625,16608.0,,,,,
vanilla,1,23,c6050fe51d3408b1eaef27e08e7f1956:e4e99a4d6532:0:3,423b972f52fcbc22cc94be5cb64caefa796a5124160f24ec5fab21772249ca14,True,496.5287570375949,12,16195.2900390625,16608.0,,,,,
vanilla,1,24,c6050fe51d3408b1eaef27e08e7f1956:e4e99a4d6532:0:4,423b972f52fcbc22cc94be5cb64caefa796a5124160f24ec5fab21772249ca14,True,494.567136047408,12,16195.2900390625,16608.0,,,,,
vanilla,1,25,bb98dd0bceac09d24db1ecb2af549a92:377f7f0dd150:0:0,855c108ad67905d09ec7c1b0e8aece7c700b88af2a47447b339d06f51ca5f3c1,True,522.8998699458316,14,16191.13232421875,16608.0,,,,,
vanilla,1,26,bb98dd0bceac09d24db1ecb2af549a92:377f7f0dd150:0:1,345f983c72b415369583c07355d41a5ce238a9e9fc7fe025add55b989f42753c,True,597.375693032518,19,16191.13232421875,16608.0,,,,,
vanilla,1,27,bb98dd0bceac09d24db1ecb2af549a92:377f7f0dd150:0:2,d9dc9f66742ea39569f48bea2599a075674a27a99bededdf7d11d3fbc33c74c9,True,566.1734719760716,17,16191.13232421875,16608.0,,,,,
vanilla,1,28,bb98dd0bceac09d24db1ecb2af549a92:377f7f0dd150:0:3,c45891449e67fbebaa72c55f78b5e89e2ef69d3f86135e99eaae972f41ca37d3,True,594.7502959752455,19,16191.13232421875,16608.0,,,,,
vanilla,1,29,bb98dd0bceac09d24db1ecb2af549a92:377f7f0dd150:0:4,a4b4d1f639310ce5a0af8666d80dea51c299717b38da5a87d48ce3bde0ecf3b5,True,494.8025530902669,12,16191.13232421875,16608.0,,,,,
vanilla,1,30,bb98dd0bceac09d24db1ecb2af549a92:2cf3a7a3a65c:0:0,855c108ad67905d09ec7c1b0e8aece7c700b88af2a47447b339d06f51ca5f3c1,True,523.8510220078751,14,16191.13232421875,16608.0,,,,,
vanilla,1,31,bb98dd0bceac09d24db1ecb2af549a92:2cf3a7a3a65c:0:1,345f983c72b415369583c07355d41a5ce238a9e9fc7fe025add55b989f42753c,True,596.2252519093454,19,16191.13232421875,16608.0,,,,,
vanilla,1,32,bb98dd0bceac09d24db1ecb2af549a92:2cf3a7a3a65c:0:2,d9dc9f66742ea39569f48bea2599a075674a27a99bededdf7d11d3fbc33c74c9,True,567.0313281007111,17,16191.13232421875,16608.0,,,,,
vanilla,1,33,bb98dd0bceac09d24db1ecb2af549a92:2cf3a7a3a65c:0:3,c45891449e67fbebaa72c55f78b5e89e2ef69d3f86135e99eaae972f41ca37d3,True,597.7552479598671,19,16191.13232421875,16608.0,,,,,
vanilla,1,34,bb98dd0bceac09d24db1ecb2af549a92:2cf3a7a3a65c:0:4,a4b4d1f639310ce5a0af8666d80dea51c299717b38da5a87d48ce3bde0ecf3b5,True,495.41555892210454,12,16191.13232421875,16608.0,,,,,
vanilla,1,35,b877dd782edba758ab429e3ee3de3329:97e16cc551e4:0:0,bcf1436e8a0397586b601d3afcfbd9357f7df58201510a79a21f33dea57905ee,True,699.3910500314087,26,16191.40673828125,16608.0,,,,,
vanilla,1,36,b877dd782edba758ab429e3ee3de3329:97e16cc551e4:0:1,f340e6b096d48731cb6973ce6c1f384848e8a709bc3d7fefbc1375269bb16f66,True,595.7875220337883,19,16191.40673828125,16608.0,,,,,
vanilla,1,37,b877dd782edba758ab429e3ee3de3329:97e16cc551e4:0:2,2b704dcf2e659e9441eb368463e822d98e8a4b4b0badfa1e02b97c395219bada,True,625.2462699776515,21,16191.40673828125,16608.0,,,,,
vanilla,1,38,b877dd782edba758ab429e3ee3de3329:97e16cc551e4:0:3,2b704dcf2e659e9441eb368463e822d98e8a4b4b0badfa1e02b97c395219bada,True,622.2961830208078,21,16191.40673828125,16608.0,,,,,
vanilla,1,39,b877dd782edba758ab429e3ee3de3329:97e16cc551e4:0:4,9833888f2bcf7baedb3e6d22f7a45d778a3ddb93dc3ee593faf345e015a5527d,True,595.1519330265,19,16191.40673828125,16608.0,,,,,
vanilla,1,40,b877dd782edba758ab429e3ee3de3329:dd7f6c9e007d:0:0,bcf1436e8a0397586b601d3afcfbd9357f7df58201510a79a21f33dea57905ee,True,696.8734000110999,26,16191.40673828125,16608.0,,,,,
vanilla,1,41,b877dd782edba758ab429e3ee3de3329:dd7f6c9e007d:0:1,f340e6b096d48731cb6973ce6c1f384848e8a709bc3d7fefbc1375269bb16f66,True,595.429064007476,19,16191.40673828125,16608.0,,,,,
vanilla,1,42,b877dd782edba758ab429e3ee3de3329:dd7f6c9e007d:0:2,2b704dcf2e659e9441eb368463e822d98e8a4b4b0badfa1e02b97c395219bada,True,625.4924670793116,21,16191.40673828125,16608.0,,,,,
vanilla,1,43,b877dd782edba758ab429e3ee3de3329:dd7f6c9e007d:0:3,2b704dcf2e659e9441eb368463e822d98e8a4b4b0badfa1e02b97c395219bada,True,626.3379800366238,21,16191.40673828125,16608.0,,,,,
vanilla,1,44,b877dd782edba758ab429e3ee3de3329:dd7f6c9e007d:0:4,9833888f2bcf7baedb3e6d22f7a45d778a3ddb93dc3ee593faf345e015a5527d,True,597.4099499871954,19,16191.40673828125,16608.0,,,,,
vanilla,1,45,4f59fbf51a0a5bfb4dc5af02cf294693:993dac5396a0:0:0,02b2f284846856bbed690c4a4ff41de209848e5b20a5b8e52994ff6008da32c7,True,566.8963900534436,17,16192.0927734375,16608.0,,,,,
vanilla,1,46,4f59fbf51a0a5bfb4dc5af02cf294693:993dac5396a0:0:1,72ce63e97c300b32403763a2e20f5768dbedc981efcd36c58458b7f10991a314,True,509.0251510264352,13,16192.0927734375,16608.0,,,,,
vanilla,1,47,4f59fbf51a0a5bfb4dc5af02cf294693:993dac5396a0:0:2,692a62434ae2815dec74164a4d148a1ad395dbf6653d58fc4ae432a52e892e37,True,565.325747942552,17,16192.0927734375,16608.0,,,,,
vanilla,1,48,4f59fbf51a0a5bfb4dc5af02cf294693:993dac5396a0:0:3,692a62434ae2815dec74164a4d148a1ad395dbf6653d58fc4ae432a52e892e37,True,561.2212340347469,17,16192.0927734375,16608.0,,,,,
vanilla,1,49,4f59fbf51a0a5bfb4dc5af02cf294693:993dac5396a0:0:4,e4f0271d7dced0f36c97839e546b1f140f69dfa129a37b04f653f47eb9c2798f,True,495.1254470506683,12,16192.0927734375,16608.0,,,,,
step_hook,0,0,1a938d25604410ccd63b60285919eaec:c627e50da685:0:0,e042894d371a8df6673730e94e09c16b0c54e157faa37094ac0edd0138322b43,True,493.89931792393327,12,16192.0927734375,16608.0,0,,,,
step_hook,0,1,1a938d25604410ccd63b60285919eaec:c627e50da685:0:1,e042894d371a8df6673730e94e09c16b0c54e157faa37094ac0edd0138322b43,True,497.097079991363,12,16192.0927734375,16608.0,0,,,,
step_hook,0,2,1a938d25604410ccd63b60285919eaec:c627e50da685:0:2,f5f79da7870b43a425d911d4230cbde81339aaf8976b28d91223d1db1b9dcb91,True,497.5917200790718,12,16192.0927734375,16608.0,0,,,,
step_hook,0,3,1a938d25604410ccd63b60285919eaec:c627e50da685:0:3,82b4934cd2e12dd5597e5e37c746229f9ae763b2251ce7ebf18bfe7be9c79896,True,524.0506120026112,14,16192.0927734375,16608.0,0,,,,
step_hook,0,4,1a938d25604410ccd63b60285919eaec:c627e50da685:0:4,82b4934cd2e12dd5597e5e37c746229f9ae763b2251ce7ebf18bfe7be9c79896,True,525.1238640630618,14,16192.0927734375,16608.0,0,,,,
step_hook,0,5,49cd6149f02ec01ee03a6eb8287ab2df:f982e9dfaf25:0:0,435ddab74d1ce43607ae306954b3988e040a520237c7d35ed4bf195d89590fe9,True,595.3903059707955,19,16191.13232421875,16608.0,0,,,,
step_hook,0,6,49cd6149f02ec01ee03a6eb8287ab2df:f982e9dfaf25:0:1,435ddab74d1ce43607ae306954b3988e040a520237c7d35ed4bf195d89590fe9,True,599.0707689197734,19,16191.13232421875,16608.0,0,,,,
step_hook,0,7,49cd6149f02ec01ee03a6eb8287ab2df:f982e9dfaf25:0:2,73fb32b5e401b3eacb51e7e77bdf04e3b22a04455436b5dd1473893ee8251122,True,436.01641594432294,8,16191.13232421875,16608.0,0,,,,
step_hook,0,8,49cd6149f02ec01ee03a6eb8287ab2df:f982e9dfaf25:0:3,435ddab74d1ce43607ae306954b3988e040a520237c7d35ed4bf195d89590fe9,False,593.8119970960543,19,16191.13232421875,16608.0,0,,,,
step_hook,0,9,49cd6149f02ec01ee03a6eb8287ab2df:f982e9dfaf25:0:4,73fb32b5e401b3eacb51e7e77bdf04e3b22a04455436b5dd1473893ee8251122,True,436.7696000263095,8,16191.13232421875,16608.0,0,,,,
step_hook,0,10,49cd6149f02ec01ee03a6eb8287ab2df:81739d7eb99c:0:0,435ddab74d1ce43607ae306954b3988e040a520237c7d35ed4bf195d89590fe9,True,590.9623369807377,19,16191.13232421875,16608.0,0,,,,
step_hook,0,11,49cd6149f02ec01ee03a6eb8287ab2df:81739d7eb99c:0:1,435ddab74d1ce43607ae306954b3988e040a520237c7d35ed4bf195d89590fe9,True,592.6936629693955,19,16191.13232421875,16608.0,0,,,,
step_hook,0,12,49cd6149f02ec01ee03a6eb8287ab2df:81739d7eb99c:0:2,73fb32b5e401b3eacb51e7e77bdf04e3b22a04455436b5dd1473893ee8251122,True,435.3028249461204,8,16191.13232421875,16608.0,0,,,,
step_hook,0,13,49cd6149f02ec01ee03a6eb8287ab2df:81739d7eb99c:0:3,95f301e4834466fadb9df4ae46e1b1c55f14a11d8b92502235741ad28dbdb107,False,537.3781120870262,15,16191.13232421875,16608.0,0,,,,
step_hook,0,14,49cd6149f02ec01ee03a6eb8287ab2df:81739d7eb99c:0:4,73fb32b5e401b3eacb51e7e77bdf04e3b22a04455436b5dd1473893ee8251122,True,436.0504789510742,8,16191.13232421875,16608.0,0,,,,
step_hook,0,15,c6050fe51d3408b1eaef27e08e7f1956:1458b54ae2f6:0:0,35990225eb4034f560541dca69e3de42af70ee7e6c5a42420c958e689cda2c02,True,467.9102629888803,10,16195.2900390625,16608.0,0,,,,
step_hook,0,16,c6050fe51d3408b1eaef27e08e7f1956:1458b54ae2f6:0:1,aebb1cb50cd9dcc29e137a5616bb2478102285853aed08894b7f12bdcbb1c56f,True,495.82923599518836,12,16195.2900390625,16608.0,0,,,,
step_hook,0,17,c6050fe51d3408b1eaef27e08e7f1956:1458b54ae2f6:0:2,111b8aacdbaf954aebfbd039849710807963f2bd7a68786f9ede013bd58cf416,True,395.72004799265414,5,16195.2900390625,16608.0,0,,,,
step_hook,0,18,c6050fe51d3408b1eaef27e08e7f1956:1458b54ae2f6:0:3,423b972f52fcbc22cc94be5cb64caefa796a5124160f24ec5fab21772249ca14,True,494.2372679943219,12,16195.2900390625,16608.0,0,,,,
step_hook,0,19,c6050fe51d3408b1eaef27e08e7f1956:1458b54ae2f6:0:4,423b972f52fcbc22cc94be5cb64caefa796a5124160f24ec5fab21772249ca14,True,496.6882999287918,12,16195.2900390625,16608.0,0,,,,
step_hook,0,20,c6050fe51d3408b1eaef27e08e7f1956:e4e99a4d6532:0:0,35990225eb4034f560541dca69e3de42af70ee7e6c5a42420c958e689cda2c02,True,466.2978920387104,10,16195.2900390625,16608.0,0,,,,
step_hook,0,21,c6050fe51d3408b1eaef27e08e7f1956:e4e99a4d6532:0:1,aebb1cb50cd9dcc29e137a5616bb2478102285853aed08894b7f12bdcbb1c56f,True,534.9339439999312,12,16195.2900390625,16608.0,0,,,,
step_hook,0,22,c6050fe51d3408b1eaef27e08e7f1956:e4e99a4d6532:0:2,111b8aacdbaf954aebfbd039849710807963f2bd7a68786f9ede013bd58cf416,True,395.44724801089615,5,16195.2900390625,16608.0,0,,,,
step_hook,0,23,c6050fe51d3408b1eaef27e08e7f1956:e4e99a4d6532:0:3,423b972f52fcbc22cc94be5cb64caefa796a5124160f24ec5fab21772249ca14,True,495.12835091445595,12,16195.2900390625,16608.0,0,,,,
step_hook,0,24,c6050fe51d3408b1eaef27e08e7f1956:e4e99a4d6532:0:4,423b972f52fcbc22cc94be5cb64caefa796a5124160f24ec5fab21772249ca14,True,495.1328650349751,12,16195.2900390625,16608.0,0,,,,
step_hook,0,25,bb98dd0bceac09d24db1ecb2af549a92:377f7f0dd150:0:0,855c108ad67905d09ec7c1b0e8aece7c700b88af2a47447b339d06f51ca5f3c1,True,526.2765430379659,14,16191.13232421875,16608.0,0,,,,
step_hook,0,26,bb98dd0bceac09d24db1ecb2af549a92:377f7f0dd150:0:1,345f983c72b415369583c07355d41a5ce238a9e9fc7fe025add55b989f42753c,True,602.9493840178475,19,16191.13232421875,16608.0,0,,,,
step_hook,0,27,bb98dd0bceac09d24db1ecb2af549a92:377f7f0dd150:0:2,d9dc9f66742ea39569f48bea2599a075674a27a99bededdf7d11d3fbc33c74c9,True,565.4084820998833,17,16191.13232421875,16608.0,0,,,,
step_hook,0,28,bb98dd0bceac09d24db1ecb2af549a92:377f7f0dd150:0:3,c45891449e67fbebaa72c55f78b5e89e2ef69d3f86135e99eaae972f41ca37d3,True,595.7482550293207,19,16191.13232421875,16608.0,0,,,,
step_hook,0,29,bb98dd0bceac09d24db1ecb2af549a92:377f7f0dd150:0:4,a4b4d1f639310ce5a0af8666d80dea51c299717b38da5a87d48ce3bde0ecf3b5,True,494.71125297714025,12,16191.13232421875,16608.0,0,,,,
step_hook,0,30,bb98dd0bceac09d24db1ecb2af549a92:2cf3a7a3a65c:0:0,855c108ad67905d09ec7c1b0e8aece7c700b88af2a47447b339d06f51ca5f3c1,True,524.0013899747282,14,16191.13232421875,16608.0,0,,,,
step_hook,0,31,bb98dd0bceac09d24db1ecb2af549a92:2cf3a7a3a65c:0:1,345f983c72b415369583c07355d41a5ce238a9e9fc7fe025add55b989f42753c,True,595.4613550566137,19,16191.13232421875,16608.0,0,,,,
step_hook,0,32,bb98dd0bceac09d24db1ecb2af549a92:2cf3a7a3a65c:0:2,d9dc9f66742ea39569f48bea2599a075674a27a99bededdf7d11d3fbc33c74c9,True,565.0627530412748,17,16191.13232421875,16608.0,0,,,,
step_hook,0,33,bb98dd0bceac09d24db1ecb2af549a92:2cf3a7a3a65c:0:3,c45891449e67fbebaa72c55f78b5e89e2ef69d3f86135e99eaae972f41ca37d3,True,594.1927429521456,19,16191.13232421875,16608.0,0,,,,
step_hook,0,34,bb98dd0bceac09d24db1ecb2af549a92:2cf3a7a3a65c:0:4,a4b4d1f639310ce5a0af8666d80dea51c299717b38da5a87d48ce3bde0ecf3b5,True,494.6549680316821,12,16191.13232421875,16608.0,0,,,,
step_hook,0,35,b877dd782edba758ab429e3ee3de3329:97e16cc551e4:0:0,bcf1436e8a0397586b601d3afcfbd9357f7df58201510a79a21f33dea57905ee,True,698.3289020135999,26,16191.40673828125,16608.0,0,,,,
step_hook,0,36,b877dd782edba758ab429e3ee3de3329:97e16cc551e4:0:1,f340e6b096d48731cb6973ce6c1f384848e8a709bc3d7fefbc1375269bb16f66,True,594.952046056278,19,16191.40673828125,16608.0,0,,,,
step_hook,0,37,b877dd782edba758ab429e3ee3de3329:97e16cc551e4:0:2,2b704dcf2e659e9441eb368463e822d98e8a4b4b0badfa1e02b97c395219bada,True,621.7892679851502,21,16191.40673828125,16608.0,0,,,,
step_hook,0,38,b877dd782edba758ab429e3ee3de3329:97e16cc551e4:0:3,2b704dcf2e659e9441eb368463e822d98e8a4b4b0badfa1e02b97c395219bada,True,622.0215240027755,21,16191.40673828125,16608.0,0,,,,
step_hook,0,39,b877dd782edba758ab429e3ee3de3329:97e16cc551e4:0:4,9833888f2bcf7baedb3e6d22f7a45d778a3ddb93dc3ee593faf345e015a5527d,True,598.1502889189869,19,16191.40673828125,16608.0,0,,,,
step_hook,0,40,b877dd782edba758ab429e3ee3de3329:dd7f6c9e007d:0:0,bcf1436e8a0397586b601d3afcfbd9357f7df58201510a79a21f33dea57905ee,True,698.3060860075057,26,16191.40673828125,16608.0,0,,,,
step_hook,0,41,b877dd782edba758ab429e3ee3de3329:dd7f6c9e007d:0:1,f340e6b096d48731cb6973ce6c1f384848e8a709bc3d7fefbc1375269bb16f66,True,597.0700799953192,19,16191.40673828125,16608.0,0,,,,
step_hook,0,42,b877dd782edba758ab429e3ee3de3329:dd7f6c9e007d:0:2,2b704dcf2e659e9441eb368463e822d98e8a4b4b0badfa1e02b97c395219bada,True,624.465913977474,21,16191.40673828125,16608.0,0,,,,
step_hook,0,43,b877dd782edba758ab429e3ee3de3329:dd7f6c9e007d:0:3,2b704dcf2e659e9441eb368463e822d98e8a4b4b0badfa1e02b97c395219bada,True,624.5380310574546,21,16191.40673828125,16608.0,0,,,,
step_hook,0,44,b877dd782edba758ab429e3ee3de3329:dd7f6c9e007d:0:4,9833888f2bcf7baedb3e6d22f7a45d778a3ddb93dc3ee593faf345e015a5527d,True,597.0410379813984,19,16191.40673828125,16608.0,0,,,,
step_hook,0,45,4f59fbf51a0a5bfb4dc5af02cf294693:993dac5396a0:0:0,02b2f284846856bbed690c4a4ff41de209848e5b20a5b8e52994ff6008da32c7,True,564.8327099625021,17,16192.0927734375,16608.0,0,,,,
step_hook,0,46,4f59fbf51a0a5bfb4dc5af02cf294693:993dac5396a0:0:1,72ce63e97c300b32403763a2e20f5768dbedc981efcd36c58458b7f10991a314,True,506.95636798627675,13,16192.0927734375,16608.0,0,,,,
step_hook,0,47,4f59fbf51a0a5bfb4dc5af02cf294693:993dac5396a0:0:2,692a62434ae2815dec74164a4d148a1ad395dbf6653d58fc4ae432a52e892e37,True,564.5960520487279,17,16192.0927734375,16608.0,0,,,,
step_hook,0,48,4f59fbf51a0a5bfb4dc5af02cf294693:993dac5396a0:0:3,692a62434ae2815dec74164a4d148a1ad395dbf6653d58fc4ae432a52e892e37,True,563.3508659666404,17,16192.0927734375,16608.0,0,,,,
step_hook,0,49,4f59fbf51a0a5bfb4dc5af02cf294693:993dac5396a0:0:4,e4f0271d7dced0f36c97839e546b1f140f69dfa129a37b04f653f47eb9c2798f,True,497.5631859852001,12,16192.0927734375,16608.0,0,,,,
step_hook,1,0,1a938d25604410ccd63b60285919eaec:c627e50da685:0:0,e042894d371a8df6673730e94e09c16b0c54e157faa37094ac0edd0138322b43,True,495.4033000394702,12,16192.0927734375,16608.0,0,,,,
step_hook,1,1,1a938d25604410ccd63b60285919eaec:c627e50da685:0:1,e042894d371a8df6673730e94e09c16b0c54e157faa37094ac0edd0138322b43,True,497.27777403313667,12,16192.0927734375,16608.0,0,,,,
step_hook,1,2,1a938d25604410ccd63b60285919eaec:c627e50da685:0:2,f5f79da7870b43a425d911d4230cbde81339aaf8976b28d91223d1db1b9dcb91,True,495.8553769392893,12,16192.0927734375,16608.0,0,,,,
step_hook,1,3,1a938d25604410ccd63b60285919eaec:c627e50da685:0:3,82b4934cd2e12dd5597e5e37c746229f9ae763b2251ce7ebf18bfe7be9c79896,True,523.84614397306,14,16192.0927734375,16608.0,0,,,,
step_hook,1,4,1a938d25604410ccd63b60285919eaec:c627e50da685:0:4,82b4934cd2e12dd5597e5e37c746229f9ae763b2251ce7ebf18bfe7be9c79896,True,525.9106610901654,14,16192.0927734375,16608.0,0,,,,
step_hook,1,5,49cd6149f02ec01ee03a6eb8287ab2df:f982e9dfaf25:0:0,435ddab74d1ce43607ae306954b3988e040a520237c7d35ed4bf195d89590fe9,True,596.6257859254256,19,16191.13232421875,16608.0,0,,,,
step_hook,1,6,49cd6149f02ec01ee03a6eb8287ab2df:f982e9dfaf25:0:1,435ddab74d1ce43607ae306954b3988e040a520237c7d35ed4bf195d89590fe9,True,595.4039979260415,19,16191.13232421875,16608.0,0,,,,
step_hook,1,7,49cd6149f02ec01ee03a6eb8287ab2df:f982e9dfaf25:0:2,73fb32b5e401b3eacb51e7e77bdf04e3b22a04455436b5dd1473893ee8251122,True,437.7064669970423,8,16191.13232421875,16608.0,0,,,,
step_hook,1,8,49cd6149f02ec01ee03a6eb8287ab2df:f982e9dfaf25:0:3,95f301e4834466fadb9df4ae46e1b1c55f14a11d8b92502235741ad28dbdb107,True,538.1360659375787,15,16191.13232421875,16608.0,0,,,,
step_hook,1,9,49cd6149f02ec01ee03a6eb8287ab2df:f982e9dfaf25:0:4,73fb32b5e401b3eacb51e7e77bdf04e3b22a04455436b5dd1473893ee8251122,True,437.7331939758733,8,16191.13232421875,16608.0,0,,,,
step_hook,1,10,49cd6149f02ec01ee03a6eb8287ab2df:81739d7eb99c:0:0,435ddab74d1ce43607ae306954b3988e040a520237c7d35ed4bf195d89590fe9,True,595.526210963726,19,16191.13232421875,16608.0,0,,,,
step_hook,1,11,49cd6149f02ec01ee03a6eb8287ab2df:81739d7eb99c:0:1,435ddab74d1ce43607ae306954b3988e040a520237c7d35ed4bf195d89590fe9,True,596.7611769447103,19,16191.13232421875,16608.0,0,,,,
step_hook,1,12,49cd6149f02ec01ee03a6eb8287ab2df:81739d7eb99c:0:2,73fb32b5e401b3eacb51e7e77bdf04e3b22a04455436b5dd1473893ee8251122,True,432.6035800622776,8,16191.13232421875,16608.0,0,,,,
step_hook,1,13,49cd6149f02ec01ee03a6eb8287ab2df:81739d7eb99c:0:3,95f301e4834466fadb9df4ae46e1b1c55f14a11d8b92502235741ad28dbdb107,True,538.2608879590407,15,16191.13232421875,16608.0,0,,,,
step_hook,1,14,49cd6149f02ec01ee03a6eb8287ab2df:81739d7eb99c:0:4,73fb32b5e401b3eacb51e7e77bdf04e3b22a04455436b5dd1473893ee8251122,True,438.30624991096556,8,16191.13232421875,16608.0,0,,,,
step_hook,1,15,c6050fe51d3408b1eaef27e08e7f1956:1458b54ae2f6:0:0,35990225eb4034f560541dca69e3de42af70ee7e6c5a42420c958e689cda2c02,True,466.54417796526104,10,16195.2900390625,16608.0,0,,,,
step_hook,1,16,c6050fe51d3408b1eaef27e08e7f1956:1458b54ae2f6:0:1,aebb1cb50cd9dcc29e137a5616bb2478102285853aed08894b7f12bdcbb1c56f,True,497.11296695750207,12,16195.2900390625,16608.0,0,,,,
step_hook,1,17,c6050fe51d3408b1eaef27e08e7f1956:1458b54ae2f6:0:2,111b8aacdbaf954aebfbd039849710807963f2bd7a68786f9ede013bd58cf416,True,395.51920304074883,5,16195.2900390625,16608.0,0,,,,
step_hook,1,18,c6050fe51d3408b1eaef27e08e7f1956:1458b54ae2f6:0:3,423b972f52fcbc22cc94be5cb64caefa796a5124160f24ec5fab21772249ca14,True,497.8779349476099,12,16195.2900390625,16608.0,0,,,,
step_hook,1,19,c6050fe51d3408b1eaef27e08e7f1956:1458b54ae2f6:0:4,423b972f52fcbc22cc94be5cb64caefa796a5124160f24ec5fab21772249ca14,True,496.5879180235788,12,16195.2900390625,16608.0,0,,,,
step_hook,1,20,c6050fe51d3408b1eaef27e08e7f1956:e4e99a4d6532:0:0,35990225eb4034f560541dca69e3de42af70ee7e6c5a42420c958e689cda2c02,True,466.98742592707276,10,16195.2900390625,16608.0,0,,,,
step_hook,1,21,c6050fe51d3408b1eaef27e08e7f1956:e4e99a4d6532:0:1,aebb1cb50cd9dcc29e137a5616bb2478102285853aed08894b7f12bdcbb1c56f,True,495.78076996840537,12,16195.2900390625,16608.0,0,,,,
step_hook,1,22,c6050fe51d3408b1eaef27e08e7f1956:e4e99a4d6532:0:2,111b8aacdbaf954aebfbd039849710807963f2bd7a68786f9ede013bd58cf416,True,393.1715430226177,5,16195.2900390625,16608.0,0,,,,
step_hook,1,23,c6050fe51d3408b1eaef27e08e7f1956:e4e99a4d6532:0:3,423b972f52fcbc22cc94be5cb64caefa796a5124160f24ec5fab21772249ca14,True,494.58612501621246,12,16195.2900390625,16608.0,0,,,,
step_hook,1,24,c6050fe51d3408b1eaef27e08e7f1956:e4e99a4d6532:0:4,423b972f52fcbc22cc94be5cb64caefa796a5124160f24ec5fab21772249ca14,True,492.84431897103786,12,16195.2900390625,16608.0,0,,,,
step_hook,1,25,bb98dd0bceac09d24db1ecb2af549a92:377f7f0dd150:0:0,855c108ad67905d09ec7c1b0e8aece7c700b88af2a47447b339d06f51ca5f3c1,True,524.2656100308523,14,16191.13232421875,16608.0,0,,,,
step_hook,1,26,bb98dd0bceac09d24db1ecb2af549a92:377f7f0dd150:0:1,345f983c72b415369583c07355d41a5ce238a9e9fc7fe025add55b989f42753c,True,595.9568559192121,19,16191.13232421875,16608.0,0,,,,
step_hook,1,27,bb98dd0bceac09d24db1ecb2af549a92:377f7f0dd150:0:2,d9dc9f66742ea39569f48bea2599a075674a27a99bededdf7d11d3fbc33c74c9,True,567.5693190423772,17,16191.13232421875,16608.0,0,,,,
step_hook,1,28,bb98dd0bceac09d24db1ecb2af549a92:377f7f0dd150:0:3,c45891449e67fbebaa72c55f78b5e89e2ef69d3f86135e99eaae972f41ca37d3,True,595.2147950883955,19,16191.13232421875,16608.0,0,,,,
step_hook,1,29,bb98dd0bceac09d24db1ecb2af549a92:377f7f0dd150:0:4,a4b4d1f639310ce5a0af8666d80dea51c299717b38da5a87d48ce3bde0ecf3b5,True,497.202921891585,12,16191.13232421875,16608.0,0,,,,
step_hook,1,30,bb98dd0bceac09d24db1ecb2af549a92:2cf3a7a3a65c:0:0,855c108ad67905d09ec7c1b0e8aece7c700b88af2a47447b339d06f51ca5f3c1,True,526.4518629992381,14,16191.13232421875,16608.0,0,,,,
step_hook,1,31,bb98dd0bceac09d24db1ecb2af549a92:2cf3a7a3a65c:0:1,345f983c72b415369583c07355d41a5ce238a9e9fc7fe025add55b989f42753c,True,599.4019479257986,19,16191.13232421875,16608.0,0,,,,
step_hook,1,32,bb98dd0bceac09d24db1ecb2af549a92:2cf3a7a3a65c:0:2,d9dc9f66742ea39569f48bea2599a075674a27a99bededdf7d11d3fbc33c74c9,True,566.2233830662444,17,16191.13232421875,16608.0,0,,,,
step_hook,1,33,bb98dd0bceac09d24db1ecb2af549a92:2cf3a7a3a65c:0:3,c45891449e67fbebaa72c55f78b5e89e2ef69d3f86135e99eaae972f41ca37d3,True,594.2102200351655,19,16191.13232421875,16608.0,0,,,,
step_hook,1,34,bb98dd0bceac09d24db1ecb2af549a92:2cf3a7a3a65c:0:4,a4b4d1f639310ce5a0af8666d80dea51c299717b38da5a87d48ce3bde0ecf3b5,True,494.24448900390416,12,16191.13232421875,16608.0,0,,,,
step_hook,1,35,b877dd782edba758ab429e3ee3de3329:97e16cc551e4:0:0,bcf1436e8a0397586b601d3afcfbd9357f7df58201510a79a21f33dea57905ee,True,696.8011769931763,26,16191.40673828125,16608.0,0,,,,
step_hook,1,36,b877dd782edba758ab429e3ee3de3329:97e16cc551e4:0:1,f340e6b096d48731cb6973ce6c1f384848e8a709bc3d7fefbc1375269bb16f66,True,595.265103969723,19,16191.40673828125,16608.0,0,,,,
step_hook,1,37,b877dd782edba758ab429e3ee3de3329:97e16cc551e4:0:2,f340e6b096d48731cb6973ce6c1f384848e8a709bc3d7fefbc1375269bb16f66,False,595.1078729704022,19,16191.40673828125,16608.0,0,,,,
step_hook,1,38,b877dd782edba758ab429e3ee3de3329:97e16cc551e4:0:3,2b704dcf2e659e9441eb368463e822d98e8a4b4b0badfa1e02b97c395219bada,True,627.749287057668,21,16191.40673828125,16608.0,0,,,,
step_hook,1,39,b877dd782edba758ab429e3ee3de3329:97e16cc551e4:0:4,9833888f2bcf7baedb3e6d22f7a45d778a3ddb93dc3ee593faf345e015a5527d,True,599.6683670673519,19,16191.40673828125,16608.0,0,,,,
step_hook,1,40,b877dd782edba758ab429e3ee3de3329:dd7f6c9e007d:0:0,bcf1436e8a0397586b601d3afcfbd9357f7df58201510a79a21f33dea57905ee,True,697.6520279422402,26,16191.40673828125,16608.0,0,,,,
step_hook,1,41,b877dd782edba758ab429e3ee3de3329:dd7f6c9e007d:0:1,f340e6b096d48731cb6973ce6c1f384848e8a709bc3d7fefbc1375269bb16f66,True,591.8668190715834,19,16191.40673828125,16608.0,0,,,,
step_hook,1,42,b877dd782edba758ab429e3ee3de3329:dd7f6c9e007d:0:2,2b704dcf2e659e9441eb368463e822d98e8a4b4b0badfa1e02b97c395219bada,True,625.4662469727919,21,16191.40673828125,16608.0,0,,,,
step_hook,1,43,b877dd782edba758ab429e3ee3de3329:dd7f6c9e007d:0:3,2b704dcf2e659e9441eb368463e822d98e8a4b4b0badfa1e02b97c395219bada,True,628.0425079166889,21,16191.40673828125,16608.0,0,,,,
step_hook,1,44,b877dd782edba758ab429e3ee3de3329:dd7f6c9e007d:0:4,9833888f2bcf7baedb3e6d22f7a45d778a3ddb93dc3ee593faf345e015a5527d,True,596.3721290463582,19,16191.40673828125,16608.0,0,,,,
step_hook,1,45,4f59fbf51a0a5bfb4dc5af02cf294693:993dac5396a0:0:0,02b2f284846856bbed690c4a4ff41de209848e5b20a5b8e52994ff6008da32c7,True,568.1189490715042,17,16192.0927734375,16608.0,0,,,,
step_hook,1,46,4f59fbf51a0a5bfb4dc5af02cf294693:993dac5396a0:0:1,72ce63e97c300b32403763a2e20f5768dbedc981efcd36c58458b7f10991a314,True,510.3332110447809,13,16192.0927734375,16608.0,0,,,,
step_hook,1,47,4f59fbf51a0a5bfb4dc5af02cf294693:993dac5396a0:0:2,692a62434ae2815dec74164a4d148a1ad395dbf6653d58fc4ae432a52e892e37,True,572.7253829827532,17,16192.0927734375,16608.0,0,,,,
step_hook,1,48,4f59fbf51a0a5bfb4dc5af02cf294693:993dac5396a0:0:3,692a62434ae2815dec74164a4d148a1ad395dbf6653d58fc4ae432a52e892e37,True,566.5982540231198,17,16192.0927734375,16608.0,0,,,,
step_hook,1,49,4f59fbf51a0a5bfb4dc5af02cf294693:993dac5396a0:0:4,0cc9fb380cb2bb70003747e1d1b5eddb6239e470e3464f2a6cf9c2ca668b89c3,False,508.2630709512159,13,16192.0927734375,16608.0,0,,,,
monitor,0,0,1a938d25604410ccd63b60285919eaec:c627e50da685:0:0,e042894d371a8df6673730e94e09c16b0c54e157faa37094ac0edd0138322b43,True,491.4071150124073,12,16192.96875,16608.0,2,343.42568402644247,145.20948706194758,,
monitor,0,1,1a938d25604410ccd63b60285919eaec:c627e50da685:0:1,e042894d371a8df6673730e94e09c16b0c54e157faa37094ac0edd0138322b43,True,490.04723504185677,12,16192.96875,16608.0,2,344.66830699238926,145.7056689541787,,
monitor,0,2,1a938d25604410ccd63b60285919eaec:c627e50da685:0:2,f5f79da7870b43a425d911d4230cbde81339aaf8976b28d91223d1db1b9dcb91,True,492.1486269449815,12,16192.96875,16608.0,2,346.9178000232205,145.8007670007646,,
monitor,0,3,1a938d25604410ccd63b60285919eaec:c627e50da685:0:3,82b4934cd2e12dd5597e5e37c746229f9ae763b2251ce7ebf18bfe7be9c79896,True,521.6178589034826,14,16192.96875,16608.0,2,346.83174593374133,145.95676504541188,,
monitor,0,4,1a938d25604410ccd63b60285919eaec:c627e50da685:0:4,82b4934cd2e12dd5597e5e37c746229f9ae763b2251ce7ebf18bfe7be9c79896,True,521.97288593743,14,16192.96875,16608.0,2,348.08239189442247,146.0716889705509,,
monitor,0,5,49cd6149f02ec01ee03a6eb8287ab2df:f982e9dfaf25:0:0,435ddab74d1ce43607ae306954b3988e040a520237c7d35ed4bf195d89590fe9,True,594.9066570028663,19,16192.00830078125,16608.0,2,347.84313198179007,145.77013393864036,,
monitor,0,6,49cd6149f02ec01ee03a6eb8287ab2df:f982e9dfaf25:0:1,435ddab74d1ce43607ae306954b3988e040a520237c7d35ed4bf195d89590fe9,True,593.1376749649644,19,16192.00830078125,16608.0,2,346.1122040171176,145.45434899628162,,
monitor,0,7,49cd6149f02ec01ee03a6eb8287ab2df:f982e9dfaf25:0:2,73fb32b5e401b3eacb51e7e77bdf04e3b22a04455436b5dd1473893ee8251122,True,432.5154749676585,8,16192.00830078125,16608.0,2,344.4277059752494,145.38176206406206,,
monitor,0,8,49cd6149f02ec01ee03a6eb8287ab2df:f982e9dfaf25:0:3,435ddab74d1ce43607ae306954b3988e040a520237c7d35ed4bf195d89590fe9,False,593.9196860417724,19,16192.00830078125,16608.0,2,346.98343300260603,145.83882701117545,,
monitor,0,9,49cd6149f02ec01ee03a6eb8287ab2df:f982e9dfaf25:0:4,73fb32b5e401b3eacb51e7e77bdf04e3b22a04455436b5dd1473893ee8251122,True,432.92590498458594,8,16192.00830078125,16608.0,2,345.176103990525,145.60978906229138,,
monitor,0,10,49cd6149f02ec01ee03a6eb8287ab2df:81739d7eb99c:0:0,435ddab74d1ce43607ae306954b3988e040a520237c7d35ed4bf195d89590fe9,True,591.385803068988,19,16192.00830078125,16608.0,2,343.6578210676089,145.21978609263897,,
monitor,0,11,49cd6149f02ec01ee03a6eb8287ab2df:81739d7eb99c:0:1,435ddab74d1ce43607ae306954b3988e040a520237c7d35ed4bf195d89590fe9,True,592.0714369276538,19,16192.00830078125,16608.0,2,344.90537096280605,145.22326295264065,,
monitor,0,12,49cd6149f02ec01ee03a6eb8287ab2df:81739d7eb99c:0:2,73fb32b5e401b3eacb51e7e77bdf04e3b22a04455436b5dd1473893ee8251122,True,432.92166595347226,8,16192.00830078125,16608.0,2,345.27670696843415,145.67464997526258,,
monitor,0,13,49cd6149f02ec01ee03a6eb8287ab2df:81739d7eb99c:0:3,95f301e4834466fadb9df4ae46e1b1c55f14a11d8b92502235741ad28dbdb107,False,535.4829740244895,15,16192.00830078125,16608.0,2,346.6433020075783,145.27741307392716,,
monitor,0,14,49cd6149f02ec01ee03a6eb8287ab2df:81739d7eb99c:0:4,73fb32b5e401b3eacb51e7e77bdf04e3b22a04455436b5dd1473893ee8251122,True,433.300674892962,8,16192.00830078125,16608.0,2,345.68724990822375,145.67219594027847,,
monitor,0,15,c6050fe51d3408b1eaef27e08e7f1956:1458b54ae2f6:0:0,35990225eb4034f560541dca69e3de42af70ee7e6c5a42420c958e689cda2c02,True,462.2719769831747,10,16196.166015625,16608.0,2,345.2460929984227,146.03398903273046,,
monitor,0,16,c6050fe51d3408b1eaef27e08e7f1956:1458b54ae2f6:0:1,aebb1cb50cd9dcc29e137a5616bb2478102285853aed08894b7f12bdcbb1c56f,True,492.5383230438456,12,16196.166015625,16608.0,2,347.1222270745784,145.7618650747463,,
monitor,0,17,c6050fe51d3408b1eaef27e08e7f1956:1458b54ae2f6:0:2,111b8aacdbaf954aebfbd039849710807963f2bd7a68786f9ede013bd58cf416,True,391.358628985472,5,16196.166015625,16608.0,2,347.3201629240066,145.599263953045,,
monitor,0,18,c6050fe51d3408b1eaef27e08e7f1956:1458b54ae2f6:0:3,423b972f52fcbc22cc94be5cb64caefa796a5124160f24ec5fab21772249ca14,True,492.9565089987591,12,16196.166015625,16608.0,2,347.1279670484364,145.49212798010558,,
monitor,0,19,c6050fe51d3408b1eaef27e08e7f1956:1458b54ae2f6:0:4,423b972f52fcbc22cc94be5cb64caefa796a5124160f24ec5fab21772249ca14,True,490.6289359787479,12,16196.166015625,16608.0,2,342.4548050388694,145.93071502167732,,
monitor,0,20,c6050fe51d3408b1eaef27e08e7f1956:e4e99a4d6532:0:0,35990225eb4034f560541dca69e3de42af70ee7e6c5a42420c958e689cda2c02,True,463.98113691248,10,16196.166015625,16608.0,2,347.45569399092346,145.26411809492856,,
monitor,0,21,c6050fe51d3408b1eaef27e08e7f1956:e4e99a4d6532:0:1,aebb1cb50cd9dcc29e137a5616bb2478102285853aed08894b7f12bdcbb1c56f,True,492.84193210769445,12,16196.166015625,16608.0,2,347.4052050150931,146.2791080120951,,
monitor,0,22,c6050fe51d3408b1eaef27e08e7f1956:e4e99a4d6532:0:2,111b8aacdbaf954aebfbd039849710807963f2bd7a68786f9ede013bd58cf416,True,391.477138036862,5,16196.166015625,16608.0,2,347.1675419714302,145.57273092214018,,
monitor,0,23,c6050fe51d3408b1eaef27e08e7f1956:e4e99a4d6532:0:3,423b972f52fcbc22cc94be5cb64caefa796a5124160f24ec5fab21772249ca14,True,492.33194708358496,12,16196.166015625,16608.0,2,346.4991709915921,145.63103392720222,,
monitor,0,24,c6050fe51d3408b1eaef27e08e7f1956:e4e99a4d6532:0:4,423b972f52fcbc22cc94be5cb64caefa796a5124160f24ec5fab21772249ca14,True,490.95403391402215,12,16196.166015625,16608.0,2,342.47947891708463,145.891691907309,,
monitor,0,25,bb98dd0bceac09d24db1ecb2af549a92:377f7f0dd150:0:0,855c108ad67905d09ec7c1b0e8aece7c700b88af2a47447b339d06f51ca5f3c1,True,522.3982139723375,14,16192.00830078125,16608.0,2,347.15382708236575,146.14209404680878,,
monitor,0,26,bb98dd0bceac09d24db1ecb2af549a92:377f7f0dd150:0:1,345f983c72b415369583c07355d41a5ce238a9e9fc7fe025add55b989f42753c,True,593.7680639326572,19,16192.00830078125,16608.0,2,346.5884329052642,145.68557497113943,,
monitor,0,27,bb98dd0bceac09d24db1ecb2af549a92:377f7f0dd150:0:2,d9dc9f66742ea39569f48bea2599a075674a27a99bededdf7d11d3fbc33c74c9,True,565.2711819857359,17,16192.00830078125,16608.0,2,346.4739819755778,145.76037100050598,,
monitor,0,28,bb98dd0bceac09d24db1ecb2af549a92:377f7f0dd150:0:3,c45891449e67fbebaa72c55f78b5e89e2ef69d3f86135e99eaae972f41ca37d3,True,595.0735630467534,19,16192.00830078125,16608.0,2,342.64744503889233,144.9411220382899,,
monitor,0,29,bb98dd0bceac09d24db1ecb2af549a92:377f7f0dd150:0:4,a4b4d1f639310ce5a0af8666d80dea51c299717b38da5a87d48ce3bde0ecf3b5,True,499.81691292487085,12,16192.00830078125,16608.0,2,349.18869694229215,145.79770399723202,,
monitor,0,30,bb98dd0bceac09d24db1ecb2af549a92:2cf3a7a3a65c:0:0,855c108ad67905d09ec7c1b0e8aece7c700b88af2a47447b339d06f51ca5f3c1,True,524.8094249982387,14,16192.00830078125,16608.0,2,347.21733909100294,145.13469010125846,,
monitor,0,31,bb98dd0bceac09d24db1ecb2af549a92:2cf3a7a3a65c:0:1,345f983c72b415369583c07355d41a5ce238a9e9fc7fe025add55b989f42753c,True,595.7342110341415,19,16192.00830078125,16608.0,2,347.74579701479524,146.18763502221555,,
monitor,0,32,bb98dd0bceac09d24db1ecb2af549a92:2cf3a7a3a65c:0:2,d9dc9f66742ea39569f48bea2599a075674a27a99bededdf7d11d3fbc33c74c9,True,565.8685360103846,17,16192.00830078125,16608.0,2,343.92448503058404,145.89559903834015,,
monitor,0,33,bb98dd0bceac09d24db1ecb2af549a92:2cf3a7a3a65c:0:3,c45891449e67fbebaa72c55f78b5e89e2ef69d3f86135e99eaae972f41ca37d3,True,593.5081529896706,19,16192.00830078125,16608.0,2,345.3424609033391,145.53174993488938,,
monitor,0,34,bb98dd0bceac09d24db1ecb2af549a92:2cf3a7a3a65c:0:4,a4b4d1f639310ce5a0af8666d80dea51c299717b38da5a87d48ce3bde0ecf3b5,True,492.33458598610014,12,16192.00830078125,16608.0,2,346.9076598994434,145.50604997202754,,
monitor,0,35,b877dd782edba758ab429e3ee3de3329:97e16cc551e4:0:0,bcf1436e8a0397586b601d3afcfbd9357f7df58201510a79a21f33dea57905ee,True,697.6598399924114,26,16192.28271484375,16608.0,2,345.43967398349196,145.5605389783159,,
monitor,0,36,b877dd782edba758ab429e3ee3de3329:97e16cc551e4:0:1,f340e6b096d48731cb6973ce6c1f384848e8a709bc3d7fefbc1375269bb16f66,True,595.4032000154257,19,16192.28271484375,16608.0,2,344.41878204233944,145.87841706816107,,
monitor,0,37,b877dd782edba758ab429e3ee3de3329:97e16cc551e4:0:2,2b704dcf2e659e9441eb368463e822d98e8a4b4b0badfa1e02b97c395219bada,True,623.1490110512823,21,16192.28271484375,16608.0,2,343.9347291132435,145.85313200950623,,
monitor,0,38,b877dd782edba758ab429e3ee3de3329:97e16cc551e4:0:3,2b704dcf2e659e9441eb368463e822d98e8a4b4b0badfa1e02b97c395219bada,True,622.7106750011444,21,16192.28271484375,16608.0,2,342.53055800218135,145.80786204896867,,
monitor,0,39,b877dd782edba758ab429e3ee3de3329:97e16cc551e4:0:4,9833888f2bcf7baedb3e6d22f7a45d778a3ddb93dc3ee593faf345e015a5527d,True,594.352770014666,19,16192.28271484375,16608.0,2,343.8937719911337,145.62939608003944,,
monitor,0,40,b877dd782edba758ab429e3ee3de3329:dd7f6c9e007d:0:0,bcf1436e8a0397586b601d3afcfbd9357f7df58201510a79a21f33dea57905ee,True,694.2871350329369,26,16192.28271484375,16608.0,2,342.36790996510535,145.63444792293012,,
monitor,0,41,b877dd782edba758ab429e3ee3de3329:dd7f6c9e007d:0:1,f340e6b096d48731cb6973ce6c1f384848e8a709bc3d7fefbc1375269bb16f66,True,601.8367069773376,19,16192.28271484375,16608.0,2,349.08556402660906,145.99941298365593,,
monitor,0,42,b877dd782edba758ab429e3ee3de3329:dd7f6c9e007d:0:2,f340e6b096d48731cb6973ce6c1f384848e8a709bc3d7fefbc1375269bb16f66,False,593.7598999589682,19,16192.28271484375,16608.0,2,346.519208047539,145.91114199720323,,
monitor,0,43,b877dd782edba758ab429e3ee3de3329:dd7f6c9e007d:0:3,2b704dcf2e659e9441eb368463e822d98e8a4b4b0badfa1e02b97c395219bada,True,623.7569110235199,21,16192.28271484375,16608.0,2,343.44684099778533,145.57101798709482,,
monitor,0,44,b877dd782edba758ab429e3ee3de3329:dd7f6c9e007d:0:4,9833888f2bcf7baedb3e6d22f7a45d778a3ddb93dc3ee593faf345e015a5527d,True,594.9863630812615,19,16192.28271484375,16608.0,2,347.01355604920536,145.71046305354685,,
monitor,0,45,4f59fbf51a0a5bfb4dc5af02cf294693:993dac5396a0:0:0,02b2f284846856bbed690c4a4ff41de209848e5b20a5b8e52994ff6008da32c7,True,565.2571700047702,17,16192.96875,16608.0,2,342.92148903477937,145.9510630229488,,
monitor,0,46,4f59fbf51a0a5bfb4dc5af02cf294693:993dac5396a0:0:1,72ce63e97c300b32403763a2e20f5768dbedc981efcd36c58458b7f10991a314,True,508.3698140224442,13,16192.96875,16608.0,2,348.01761200651526,145.41918295435607,,
monitor,0,47,4f59fbf51a0a5bfb4dc5af02cf294693:993dac5396a0:0:2,692a62434ae2815dec74164a4d148a1ad395dbf6653d58fc4ae432a52e892e37,True,565.358815016225,17,16192.96875,16608.0,2,347.6852140156552,145.95457795076072,,
monitor,0,48,4f59fbf51a0a5bfb4dc5af02cf294693:993dac5396a0:0:3,692a62434ae2815dec74164a4d148a1ad395dbf6653d58fc4ae432a52e892e37,True,566.3254850078374,17,16192.96875,16608.0,2,347.41420194040984,145.47633100301027,,
monitor,0,49,4f59fbf51a0a5bfb4dc5af02cf294693:993dac5396a0:0:4,e4f0271d7dced0f36c97839e546b1f140f69dfa129a37b04f653f47eb9c2798f,True,493.23358794208616,12,16192.96875,16608.0,2,347.70646994002163,145.9599669324234,,
monitor,1,0,1a938d25604410ccd63b60285919eaec:c627e50da685:0:0,e042894d371a8df6673730e94e09c16b0c54e157faa37094ac0edd0138322b43,True,495.07188703864813,12,16192.96875,16608.0,2,348.41978701297194,145.82705800421536,,
monitor,1,1,1a938d25604410ccd63b60285919eaec:c627e50da685:0:1,e042894d371a8df6673730e94e09c16b0c54e157faa37094ac0edd0138322b43,True,494.4850499741733,12,16192.96875,16608.0,2,345.3937879530713,145.80700499936938,,
monitor,1,2,1a938d25604410ccd63b60285919eaec:c627e50da685:0:2,f5f79da7870b43a425d911d4230cbde81339aaf8976b28d91223d1db1b9dcb91,True,494.100552983582,12,16192.96875,16608.0,2,348.135358071886,146.31834998726845,,
monitor,1,3,1a938d25604410ccd63b60285919eaec:c627e50da685:0:3,82b4934cd2e12dd5597e5e37c746229f9ae763b2251ce7ebf18bfe7be9c79896,True,524.2714459309354,14,16192.96875,16608.0,2,344.63673597201705,145.83358098752797,,
monitor,1,4,1a938d25604410ccd63b60285919eaec:c627e50da685:0:4,82b4934cd2e12dd5597e5e37c746229f9ae763b2251ce7ebf18bfe7be9c79896,True,526.508972980082,14,16192.96875,16608.0,2,351.4547710074112,145.67283494397998,,
monitor,1,5,49cd6149f02ec01ee03a6eb8287ab2df:f982e9dfaf25:0:0,435ddab74d1ce43607ae306954b3988e040a520237c7d35ed4bf195d89590fe9,True,596.3084360118955,19,16192.00830078125,16608.0,2,345.57240700814873,145.813983050175,,
monitor,1,6,49cd6149f02ec01ee03a6eb8287ab2df:f982e9dfaf25:0:1,435ddab74d1ce43607ae306954b3988e040a520237c7d35ed4bf195d89590fe9,True,594.6710160933435,19,16192.00830078125,16608.0,2,344.15812604129314,145.71012102533132,,
monitor,1,7,49cd6149f02ec01ee03a6eb8287ab2df:f982e9dfaf25:0:2,73fb32b5e401b3eacb51e7e77bdf04e3b22a04455436b5dd1473893ee8251122,True,432.8857510117814,8,16192.00830078125,16608.0,2,341.8781100772321,145.54384001530707,,
monitor,1,8,49cd6149f02ec01ee03a6eb8287ab2df:f982e9dfaf25:0:3,435ddab74d1ce43607ae306954b3988e040a520237c7d35ed4bf195d89590fe9,False,595.2254070434719,19,16192.00830078125,16608.0,2,344.00097001343966,145.33360092900693,,
monitor,1,9,49cd6149f02ec01ee03a6eb8287ab2df:f982e9dfaf25:0:4,73fb32b5e401b3eacb51e7e77bdf04e3b22a04455436b5dd1473893ee8251122,True,432.9540419857949,8,16192.00830078125,16608.0,2,345.1278250431642,145.1325350208208,,
monitor,1,10,49cd6149f02ec01ee03a6eb8287ab2df:81739d7eb99c:0:0,435ddab74d1ce43607ae306954b3988e040a520237c7d35ed4bf195d89590fe9,True,593.0579770356417,19,16192.00830078125,16608.0,2,345.42234207037836,145.79591702204198,,
monitor,1,11,49cd6149f02ec01ee03a6eb8287ab2df:81739d7eb99c:0:1,435ddab74d1ce43607ae306954b3988e040a520237c7d35ed4bf195d89590fe9,True,594.1997470799834,19,16192.00830078125,16608.0,2,344.16233806405216,145.33664903137833,,
monitor,1,12,49cd6149f02ec01ee03a6eb8287ab2df:81739d7eb99c:0:2,73fb32b5e401b3eacb51e7e77bdf04e3b22a04455436b5dd1473893ee8251122,True,434.2524060048163,8,16192.00830078125,16608.0,2,346.15451097488403,145.60006698593497,,
monitor,1,13,49cd6149f02ec01ee03a6eb8287ab2df:81739d7eb99c:0:3,435ddab74d1ce43607ae306954b3988e040a520237c7d35ed4bf195d89590fe9,False,593.2828700169921,19,16192.00830078125,16608.0,2,342.25615800824016,145.57279797736555,,
monitor,1,14,49cd6149f02ec01ee03a6eb8287ab2df:81739d7eb99c:0:4,73fb32b5e401b3eacb51e7e77bdf04e3b22a04455436b5dd1473893ee8251122,True,433.17577498964965,8,16192.00830078125,16608.0,2,345.6295740325004,145.4789600102231,,
monitor,1,15,c6050fe51d3408b1eaef27e08e7f1956:1458b54ae2f6:0:0,35990225eb4034f560541dca69e3de42af70ee7e6c5a42420c958e689cda2c02,True,463.5560109745711,10,16196.166015625,16608.0,2,346.98781999759376,146.40103396959603,,
monitor,1,16,c6050fe51d3408b1eaef27e08e7f1956:1458b54ae2f6:0:1,aebb1cb50cd9dcc29e137a5616bb2478102285853aed08894b7f12bdcbb1c56f,True,491.53616407420486,12,16196.166015625,16608.0,2,345.3776970272884,143.0055300006643,,
monitor,1,17,c6050fe51d3408b1eaef27e08e7f1956:1458b54ae2f6:0:2,111b8aacdbaf954aebfbd039849710807963f2bd7a68786f9ede013bd58cf416,True,394.30394291412085,5,16196.166015625,16608.0,2,346.1589649086818,145.9223999409005,,
monitor,1,18,c6050fe51d3408b1eaef27e08e7f1956:1458b54ae2f6:0:3,423b972f52fcbc22cc94be5cb64caefa796a5124160f24ec5fab21772249ca14,True,495.84896594751626,12,16196.166015625,16608.0,2,344.997221021913,146.28383901435882,,
monitor,1,19,c6050fe51d3408b1eaef27e08e7f1956:1458b54ae2f6:0:4,423b972f52fcbc22cc94be5cb64caefa796a5124160f24ec5fab21772249ca14,True,497.88321601226926,12,16196.166015625,16608.0,2,348.9837551023811,145.48633701633662,,
monitor,1,20,c6050fe51d3408b1eaef27e08e7f1956:e4e99a4d6532:0:0,35990225eb4034f560541dca69e3de42af70ee7e6c5a42420c958e689cda2c02,True,464.8801441071555,10,16196.166015625,16608.0,2,345.30658600851893,146.10900299157947,,
monitor,1,21,c6050fe51d3408b1eaef27e08e7f1956:e4e99a4d6532:0:1,aebb1cb50cd9dcc29e137a5616bb2478102285853aed08894b7f12bdcbb1c56f,True,494.64370298665017,12,16196.166015625,16608.0,2,348.3717400813475,145.78995504416525,,
monitor,1,22,c6050fe51d3408b1eaef27e08e7f1956:e4e99a4d6532:0:2,111b8aacdbaf954aebfbd039849710807963f2bd7a68786f9ede013bd58cf416,True,391.4570250781253,5,16196.166015625,16608.0,2,347.3009610315785,145.85849596187472,,
monitor,1,23,c6050fe51d3408b1eaef27e08e7f1956:e4e99a4d6532:0:3,423b972f52fcbc22cc94be5cb64caefa796a5124160f24ec5fab21772249ca14,True,494.6557810762897,12,16196.166015625,16608.0,2,344.5992120541632,146.2885580258444,,
monitor,1,24,c6050fe51d3408b1eaef27e08e7f1956:e4e99a4d6532:0:4,423b972f52fcbc22cc94be5cb64caefa796a5124160f24ec5fab21772249ca14,True,493.5856149531901,12,16196.166015625,16608.0,2,347.25214599166065,145.6864350475371,,
monitor,1,25,bb98dd0bceac09d24db1ecb2af549a92:377f7f0dd150:0:0,855c108ad67905d09ec7c1b0e8aece7c700b88af2a47447b339d06f51ca5f3c1,True,521.8611699528992,14,16192.00830078125,16608.0,2,346.88203199766576,145.68364806473255,,
monitor,1,26,bb98dd0bceac09d24db1ecb2af549a92:377f7f0dd150:0:1,345f983c72b415369583c07355d41a5ce238a9e9fc7fe025add55b989f42753c,True,592.2578619793057,19,16192.00830078125,16608.0,2,341.49049990810454,145.15341899823397,,
monitor,1,27,bb98dd0bceac09d24db1ecb2af549a92:377f7f0dd150:0:2,d9dc9f66742ea39569f48bea2599a075674a27a99bededdf7d11d3fbc33c74c9,True,565.9486510558054,17,16192.00830078125,16608.0,2,344.0713220043108,144.9552170233801,,
monitor,1,28,bb98dd0bceac09d24db1ecb2af549a92:377f7f0dd150:0:3,c45891449e67fbebaa72c55f78b5e89e2ef69d3f86135e99eaae972f41ca37d3,True,599.3913509882987,19,16192.00830078125,16608.0,2,347.58414805401117,145.37615701556206,,
monitor,1,29,bb98dd0bceac09d24db1ecb2af549a92:377f7f0dd150:0:4,a4b4d1f639310ce5a0af8666d80dea51c299717b38da5a87d48ce3bde0ecf3b5,True,496.78163800854236,12,16192.00830078125,16608.0,2,347.84544503781945,145.3363390173763,,
monitor,1,30,bb98dd0bceac09d24db1ecb2af549a92:2cf3a7a3a65c:0:0,855c108ad67905d09ec7c1b0e8aece7c700b88af2a47447b339d06f51ca5f3c1,True,666.3424549624324,14,16192.00830078125,16608.0,2,486.9418629677966,145.1228209771216,,
monitor,1,31,bb98dd0bceac09d24db1ecb2af549a92:2cf3a7a3a65c:0:1,345f983c72b415369583c07355d41a5ce238a9e9fc7fe025add55b989f42753c,True,597.6201539160684,19,16192.00830078125,16608.0,2,350.1442049164325,145.52897191606462,,
monitor,1,32,bb98dd0bceac09d24db1ecb2af549a92:2cf3a7a3a65c:0:2,d9dc9f66742ea39569f48bea2599a075674a27a99bededdf7d11d3fbc33c74c9,True,567.66088004224,17,16192.00830078125,16608.0,2,349.02358311228454,145.5987070221454,,
monitor,1,33,bb98dd0bceac09d24db1ecb2af549a92:2cf3a7a3a65c:0:3,c45891449e67fbebaa72c55f78b5e89e2ef69d3f86135e99eaae972f41ca37d3,True,596.2409059284255,19,16192.00830078125,16608.0,2,347.3998398985714,145.4353639855981,,
monitor,1,34,bb98dd0bceac09d24db1ecb2af549a92:2cf3a7a3a65c:0:4,a4b4d1f639310ce5a0af8666d80dea51c299717b38da5a87d48ce3bde0ecf3b5,True,491.357394028455,12,16192.00830078125,16608.0,2,345.6486630020663,145.47606301493943,,
monitor,1,35,b877dd782edba758ab429e3ee3de3329:97e16cc551e4:0:0,bcf1436e8a0397586b601d3afcfbd9357f7df58201510a79a21f33dea57905ee,True,695.4139459412545,26,16192.28271484375,16608.0,2,346.8995779985562,145.7278300076723,,
monitor,1,36,b877dd782edba758ab429e3ee3de3329:97e16cc551e4:0:1,f340e6b096d48731cb6973ce6c1f384848e8a709bc3d7fefbc1375269bb16f66,True,594.3936480907723,19,16192.28271484375,16608.0,2,345.8445860305801,145.42544400319457,,
monitor,1,37,b877dd782edba758ab429e3ee3de3329:97e16cc551e4:0:2,f340e6b096d48731cb6973ce6c1f384848e8a709bc3d7fefbc1375269bb16f66,False,593.3642339659855,19,16192.28271484375,16608.0,2,345.14464100357145,145.54555201902986,,
monitor,1,38,b877dd782edba758ab429e3ee3de3329:97e16cc551e4:0:3,2b704dcf2e659e9441eb368463e822d98e8a4b4b0badfa1e02b97c395219bada,True,623.2124789385125,21,16192.28271484375,16608.0,2,345.8730449201539,145.55417792871594,,
monitor,1,39,b877dd782edba758ab429e3ee3de3329:97e16cc551e4:0:4,9833888f2bcf7baedb3e6d22f7a45d778a3ddb93dc3ee593faf345e015a5527d,True,594.5668809581548,19,16192.28271484375,16608.0,2,345.25599400512874,145.5955810379237,,
monitor,1,40,b877dd782edba758ab429e3ee3de3329:dd7f6c9e007d:0:0,bcf1436e8a0397586b601d3afcfbd9357f7df58201510a79a21f33dea57905ee,True,697.7312479866669,26,16192.28271484375,16608.0,2,348.10962004121393,145.98287804983556,,
monitor,1,41,b877dd782edba758ab429e3ee3de3329:dd7f6c9e007d:0:1,f340e6b096d48731cb6973ce6c1f384848e8a709bc3d7fefbc1375269bb16f66,True,595.1328299706802,19,16192.28271484375,16608.0,2,346.35158895980567,145.7510709296912,,
monitor,1,42,b877dd782edba758ab429e3ee3de3329:dd7f6c9e007d:0:2,2b704dcf2e659e9441eb368463e822d98e8a4b4b0badfa1e02b97c395219bada,True,622.266141930595,21,16192.28271484375,16608.0,2,345.48031294252723,145.69319400470704,,
monitor,1,43,b877dd782edba758ab429e3ee3de3329:dd7f6c9e007d:0:3,2b704dcf2e659e9441eb368463e822d98e8a4b4b0badfa1e02b97c395219bada,True,625.9371240157634,21,16192.28271484375,16608.0,2,346.09540505334735,145.8032230148092,,
monitor,1,44,b877dd782edba758ab429e3ee3de3329:dd7f6c9e007d:0:4,9833888f2bcf7baedb3e6d22f7a45d778a3ddb93dc3ee593faf345e015a5527d,True,594.132523983717,19,16192.28271484375,16608.0,2,346.25078609678894,146.02050103712827,,
monitor,1,45,4f59fbf51a0a5bfb4dc5af02cf294693:993dac5396a0:0:0,02b2f284846856bbed690c4a4ff41de209848e5b20a5b8e52994ff6008da32c7,True,568.4213639469817,17,16192.96875,16608.0,2,349.4513819459826,146.37169102206826,,
monitor,1,46,4f59fbf51a0a5bfb4dc5af02cf294693:993dac5396a0:0:1,72ce63e97c300b32403763a2e20f5768dbedc981efcd36c58458b7f10991a314,True,509.3608880415559,13,16192.96875,16608.0,2,348.0059680296108,146.06947905849665,,
monitor,1,47,4f59fbf51a0a5bfb4dc5af02cf294693:993dac5396a0:0:2,692a62434ae2815dec74164a4d148a1ad395dbf6653d58fc4ae432a52e892e37,True,566.8528350070119,17,16192.96875,16608.0,2,347.71551203448325,145.66228806506842,,
monitor,1,48,4f59fbf51a0a5bfb4dc5af02cf294693:993dac5396a0:0:3,692a62434ae2815dec74164a4d148a1ad395dbf6653d58fc4ae432a52e892e37,True,565.3847220819443,17,16192.96875,16608.0,2,346.30614006891847,146.33505407255143,,
monitor,1,49,4f59fbf51a0a5bfb4dc5af02cf294693:993dac5396a0:0:4,0cc9fb380cb2bb70003747e1d1b5eddb6239e470e3464f2a6cf9c2ca668b89c3,False,509.2309189494699,13,16192.96875,16608.0,2,348.10152696445584,145.6166619900614,,
predictor,0,0,1a938d25604410ccd63b60285919eaec:c627e50da685:0:0,e042894d371a8df6673730e94e09c16b0c54e157faa37094ac0edd0138322b43,True,496.8354779994115,12,16193.2724609375,16608.0,2,350.2559650223702,147.92500401381403,,
predictor,0,1,1a938d25604410ccd63b60285919eaec:c627e50da685:0:1,e042894d371a8df6673730e94e09c16b0c54e157faa37094ac0edd0138322b43,True,496.63856998085976,12,16193.2724609375,16608.0,2,349.46981398388743,147.44531095493585,,
predictor,0,2,1a938d25604410ccd63b60285919eaec:c627e50da685:0:2,f5f79da7870b43a425d911d4230cbde81339aaf8976b28d91223d1db1b9dcb91,True,501.43784494139254,12,16193.2724609375,16608.0,2,354.4713539304212,147.33952097594738,,
predictor,0,3,1a938d25604410ccd63b60285919eaec:c627e50da685:0:3,82b4934cd2e12dd5597e5e37c746229f9ae763b2251ce7ebf18bfe7be9c79896,True,531.1041669920087,14,16193.2724609375,16608.0,2,354.8291850602254,147.83708297181875,,
predictor,0,4,1a938d25604410ccd63b60285919eaec:c627e50da685:0:4,82b4934cd2e12dd5597e5e37c746229f9ae763b2251ce7ebf18bfe7be9c79896,True,529.9298720201477,14,16193.2724609375,16608.0,2,355.0721920328215,147.72219699807465,,
predictor,0,5,49cd6149f02ec01ee03a6eb8287ab2df:f982e9dfaf25:0:0,435ddab74d1ce43607ae306954b3988e040a520237c7d35ed4bf195d89590fe9,True,602.0599820185453,19,16192.31201171875,16608.0,2,353.6144969984889,147.30938896536827,,
predictor,0,6,49cd6149f02ec01ee03a6eb8287ab2df:f982e9dfaf25:0:1,435ddab74d1ce43607ae306954b3988e040a520237c7d35ed4bf195d89590fe9,True,601.8685289891437,19,16192.31201171875,16608.0,2,353.8301159860566,147.25231798365712,,
predictor,0,7,49cd6149f02ec01ee03a6eb8287ab2df:f982e9dfaf25:0:2,73fb32b5e401b3eacb51e7e77bdf04e3b22a04455436b5dd1473893ee8251122,True,441.6381319751963,8,16192.31201171875,16608.0,2,353.6517919274047,147.07091893069446,,
predictor,0,8,49cd6149f02ec01ee03a6eb8287ab2df:f982e9dfaf25:0:3,435ddab74d1ce43607ae306954b3988e040a520237c7d35ed4bf195d89590fe9,False,602.8045340208337,19,16192.31201171875,16608.0,2,354.5721370028332,147.3990899976343,,
predictor,0,9,49cd6149f02ec01ee03a6eb8287ab2df:f982e9dfaf25:0:4,73fb32b5e401b3eacb51e7e77bdf04e3b22a04455436b5dd1473893ee8251122,True,442.7379029802978,8,16192.31201171875,16608.0,2,354.07947504427284,147.07580604590476,,
predictor,0,10,49cd6149f02ec01ee03a6eb8287ab2df:81739d7eb99c:0:0,435ddab74d1ce43607ae306954b3988e040a520237c7d35ed4bf195d89590fe9,True,602.1580379456282,19,16192.31201171875,16608.0,2,354.1505830362439,147.8800990153104,,
predictor,0,11,49cd6149f02ec01ee03a6eb8287ab2df:81739d7eb99c:0:1,435ddab74d1ce43607ae306954b3988e040a520237c7d35ed4bf195d89590fe9,True,600.9133219486102,19,16192.31201171875,16608.0,2,353.6443440243602,147.67183305229992,,
predictor,0,12,49cd6149f02ec01ee03a6eb8287ab2df:81739d7eb99c:0:2,73fb32b5e401b3eacb51e7e77bdf04e3b22a04455436b5dd1473893ee8251122,True,441.6530788876116,8,16192.31201171875,16608.0,2,353.8413639180362,147.449714015238,,
predictor,0,13,49cd6149f02ec01ee03a6eb8287ab2df:81739d7eb99c:0:3,435ddab74d1ce43607ae306954b3988e040a520237c7d35ed4bf195d89590fe9,True,601.6108790645376,19,16192.31201171875,16608.0,2,354.0828339755535,147.5901659578085,,
predictor,0,14,49cd6149f02ec01ee03a6eb8287ab2df:81739d7eb99c:0:4,73fb32b5e401b3eacb51e7e77bdf04e3b22a04455436b5dd1473893ee8251122,True,441.71706796623766,8,16192.31201171875,16608.0,2,354.07550691161305,147.66155392862856,,
predictor,0,15,c6050fe51d3408b1eaef27e08e7f1956:1458b54ae2f6:0:0,35990225eb4034f560541dca69e3de42af70ee7e6c5a42420c958e689cda2c02,True,472.6670189993456,10,16196.4697265625,16608.0,2,355.47673399560153,148.28769699670374,,
predictor,0,16,c6050fe51d3408b1eaef27e08e7f1956:1458b54ae2f6:0:1,aebb1cb50cd9dcc29e137a5616bb2478102285853aed08894b7f12bdcbb1c56f,True,499.46117505896837,12,16196.4697265625,16608.0,2,353.3586380071938,147.43131794966757,,
predictor,0,17,c6050fe51d3408b1eaef27e08e7f1956:1458b54ae2f6:0:2,111b8aacdbaf954aebfbd039849710807963f2bd7a68786f9ede013bd58cf416,True,398.97489396389574,5,16196.4697265625,16608.0,2,354.5974849257618,147.128926939331,,
predictor,0,18,c6050fe51d3408b1eaef27e08e7f1956:1458b54ae2f6:0:3,423b972f52fcbc22cc94be5cb64caefa796a5124160f24ec5fab21772249ca14,True,500.96560199745,12,16196.4697265625,16608.0,2,354.01760099921376,147.42131403181702,,
predictor,0,19,c6050fe51d3408b1eaef27e08e7f1956:1458b54ae2f6:0:4,423b972f52fcbc22cc94be5cb64caefa796a5124160f24ec5fab21772249ca14,True,501.51429895777255,12,16196.4697265625,16608.0,2,354.5252459589392,147.73917198181152,,
predictor,0,20,c6050fe51d3408b1eaef27e08e7f1956:e4e99a4d6532:0:0,35990225eb4034f560541dca69e3de42af70ee7e6c5a42420c958e689cda2c02,True,471.3730870280415,10,16196.4697265625,16608.0,2,354.18659495189786,147.38120301626623,,
predictor,0,21,c6050fe51d3408b1eaef27e08e7f1956:e4e99a4d6532:0:1,aebb1cb50cd9dcc29e137a5616bb2478102285853aed08894b7f12bdcbb1c56f,True,501.607051002793,12,16196.4697265625,16608.0,2,355.177687946707,148.0915709398687,,
predictor,0,22,c6050fe51d3408b1eaef27e08e7f1956:e4e99a4d6532:0:2,111b8aacdbaf954aebfbd039849710807963f2bd7a68786f9ede013bd58cf416,True,399.8090570094064,5,16196.4697265625,16608.0,2,355.18618300557137,148.29730591736734,,
predictor,0,23,c6050fe51d3408b1eaef27e08e7f1956:e4e99a4d6532:0:3,423b972f52fcbc22cc94be5cb64caefa796a5124160f24ec5fab21772249ca14,True,500.8548829937354,12,16196.4697265625,16608.0,2,354.5453120023012,147.52902393229306,,
predictor,0,24,c6050fe51d3408b1eaef27e08e7f1956:e4e99a4d6532:0:4,423b972f52fcbc22cc94be5cb64caefa796a5124160f24ec5fab21772249ca14,True,500.82785496488214,12,16196.4697265625,16608.0,2,354.1279319906607,147.85678393673152,,
predictor,0,25,bb98dd0bceac09d24db1ecb2af549a92:377f7f0dd150:0:0,855c108ad67905d09ec7c1b0e8aece7c700b88af2a47447b339d06f51ca5f3c1,True,529.8010560218245,14,16192.31201171875,16608.0,2,354.35411101207137,147.1599719952792,,
predictor,0,26,bb98dd0bceac09d24db1ecb2af549a92:377f7f0dd150:0:1,345f983c72b415369583c07355d41a5ce238a9e9fc7fe025add55b989f42753c,True,604.4066089671105,19,16192.31201171875,16608.0,2,354.83516089152545,147.5976489018649,,
predictor,0,27,bb98dd0bceac09d24db1ecb2af549a92:377f7f0dd150:0:2,d9dc9f66742ea39569f48bea2599a075674a27a99bededdf7d11d3fbc33c74c9,True,574.9491730239242,17,16192.31201171875,16608.0,2,354.87191402353346,148.0815450195223,,
predictor,0,28,bb98dd0bceac09d24db1ecb2af549a92:377f7f0dd150:0:3,c45891449e67fbebaa72c55f78b5e89e2ef69d3f86135e99eaae972f41ca37d3,True,603.0812909593806,19,16192.31201171875,16608.0,2,354.06074894126505,147.3788139410317,,
predictor,0,29,bb98dd0bceac09d24db1ecb2af549a92:377f7f0dd150:0:4,a4b4d1f639310ce5a0af8666d80dea51c299717b38da5a87d48ce3bde0ecf3b5,True,501.0726529872045,12,16192.31201171875,16608.0,2,354.5689720194787,147.8988400194794,,
predictor,0,30,bb98dd0bceac09d24db1ecb2af549a92:2cf3a7a3a65c:0:0,855c108ad67905d09ec7c1b0e8aece7c700b88af2a47447b339d06f51ca5f3c1,True,529.2879289481789,14,16192.31201171875,16608.0,2,353.67370292078704,147.2513600019738,,
predictor,0,31,bb98dd0bceac09d24db1ecb2af549a92:2cf3a7a3a65c:0:1,345f983c72b415369583c07355d41a5ce238a9e9fc7fe025add55b989f42753c,True,601.9954209914431,19,16192.31201171875,16608.0,2,354.2238009395078,147.26020500529557,,
predictor,0,32,bb98dd0bceac09d24db1ecb2af549a92:2cf3a7a3a65c:0:2,d9dc9f66742ea39569f48bea2599a075674a27a99bededdf7d11d3fbc33c74c9,True,573.1022460386157,17,16192.31201171875,16608.0,2,353.99290395434946,147.21992693375796,,
predictor,0,33,bb98dd0bceac09d24db1ecb2af549a92:2cf3a7a3a65c:0:3,c45891449e67fbebaa72c55f78b5e89e2ef69d3f86135e99eaae972f41ca37d3,True,601.8026489764452,19,16192.31201171875,16608.0,2,353.79345598630607,147.5276219425723,,
predictor,0,34,bb98dd0bceac09d24db1ecb2af549a92:2cf3a7a3a65c:0:4,a4b4d1f639310ce5a0af8666d80dea51c299717b38da5a87d48ce3bde0ecf3b5,True,500.55656500626355,12,16192.31201171875,16608.0,2,354.66666193678975,147.95283891726285,,
predictor,0,35,b877dd782edba758ab429e3ee3de3329:97e16cc551e4:0:0,bcf1436e8a0397586b601d3afcfbd9357f7df58201510a79a21f33dea57905ee,True,707.033363985829,26,16192.58642578125,16608.0,2,356.0438130516559,148.137103067711,,
predictor,0,36,b877dd782edba758ab429e3ee3de3329:97e16cc551e4:0:1,f340e6b096d48731cb6973ce6c1f384848e8a709bc3d7fefbc1375269bb16f66,True,603.6154460161924,19,16192.58642578125,16608.0,2,355.74520006775856,147.80082902871072,,
predictor,0,37,b877dd782edba758ab429e3ee3de3329:97e16cc551e4:0:2,2b704dcf2e659e9441eb368463e822d98e8a4b4b0badfa1e02b97c395219bada,True,630.9926589019597,21,16192.58642578125,16608.0,2,353.9037189912051,147.53507799468935,,
predictor,0,38,b877dd782edba758ab429e3ee3de3329:97e16cc551e4:0:3,2b704dcf2e659e9441eb368463e822d98e8a4b4b0badfa1e02b97c395219bada,True,632.426138035953,21,16192.58642578125,16608.0,2,354.381978046149,147.82429905608296,,
predictor,0,39,b877dd782edba758ab429e3ee3de3329:97e16cc551e4:0:4,9833888f2bcf7baedb3e6d22f7a45d778a3ddb93dc3ee593faf345e015a5527d,True,602.2849959554151,19,16192.58642578125,16608.0,2,354.13378896191716,147.4614479811862,,
predictor,0,40,b877dd782edba758ab429e3ee3de3329:dd7f6c9e007d:0:0,bcf1436e8a0397586b601d3afcfbd9357f7df58201510a79a21f33dea57905ee,True,704.7778860433027,26,16192.58642578125,16608.0,2,354.6657629776746,147.44621003046632,,
predictor,0,41,b877dd782edba758ab429e3ee3de3329:dd7f6c9e007d:0:1,f340e6b096d48731cb6973ce6c1f384848e8a709bc3d7fefbc1375269bb16f66,True,602.362566976808,19,16192.58642578125,16608.0,2,353.817053954117,147.49380201101303,,
predictor,0,42,b877dd782edba758ab429e3ee3de3329:dd7f6c9e007d:0:2,2b704dcf2e659e9441eb368463e822d98e8a4b4b0badfa1e02b97c395219bada,True,629.6931870747358,21,16192.58642578125,16608.0,2,353.46812405623496,147.1811500377953,,
predictor,0,43,b877dd782edba758ab429e3ee3de3329:dd7f6c9e007d:0:3,2b704dcf2e659e9441eb368463e822d98e8a4b4b0badfa1e02b97c395219bada,True,629.5983319869265,21,16192.58642578125,16608.0,2,354.05149194411933,147.58260792586952,,
predictor,0,44,b877dd782edba758ab429e3ee3de3329:dd7f6c9e007d:0:4,9833888f2bcf7baedb3e6d22f7a45d778a3ddb93dc3ee593faf345e015a5527d,True,602.9158359160647,19,16192.58642578125,16608.0,2,354.63852901011705,147.53883401863277,,
predictor,0,45,4f59fbf51a0a5bfb4dc5af02cf294693:993dac5396a0:0:0,02b2f284846856bbed690c4a4ff41de209848e5b20a5b8e52994ff6008da32c7,True,573.0030200211331,17,16193.2724609375,16608.0,2,354.28485297597945,147.198480903171,,
predictor,0,46,4f59fbf51a0a5bfb4dc5af02cf294693:993dac5396a0:0:1,72ce63e97c300b32403763a2e20f5768dbedc981efcd36c58458b7f10991a314,True,514.8997750366107,13,16193.2724609375,16608.0,2,354.08837196882814,147.85394095815718,,
predictor,0,47,4f59fbf51a0a5bfb4dc5af02cf294693:993dac5396a0:0:2,692a62434ae2815dec74164a4d148a1ad395dbf6653d58fc4ae432a52e892e37,True,573.7485319841653,17,16193.2724609375,16608.0,2,353.85234898421913,147.64808490872383,,
predictor,0,48,4f59fbf51a0a5bfb4dc5af02cf294693:993dac5396a0:0:3,692a62434ae2815dec74164a4d148a1ad395dbf6653d58fc4ae432a52e892e37,True,573.4844870166853,17,16193.2724609375,16608.0,2,355.0477749668062,147.9930329369381,,
predictor,0,49,4f59fbf51a0a5bfb4dc5af02cf294693:993dac5396a0:0:4,e4f0271d7dced0f36c97839e546b1f140f69dfa129a37b04f653f47eb9c2798f,True,500.5196600686759,12,16193.2724609375,16608.0,2,354.10799202509224,147.63929997570813,,
predictor,1,0,1a938d25604410ccd63b60285919eaec:c627e50da685:0:0,e042894d371a8df6673730e94e09c16b0c54e157faa37094ac0edd0138322b43,True,501.21000106446445,12,16193.2724609375,16608.0,2,354.4372390024364,147.69478293601424,,
predictor,1,1,1a938d25604410ccd63b60285919eaec:c627e50da685:0:1,e042894d371a8df6673730e94e09c16b0c54e157faa37094ac0edd0138322b43,True,500.5194309633225,12,16193.2724609375,16608.0,2,354.5048990054056,147.8330009849742,,
predictor,1,2,1a938d25604410ccd63b60285919eaec:c627e50da685:0:2,f5f79da7870b43a425d911d4230cbde81339aaf8976b28d91223d1db1b9dcb91,True,500.41244202293456,12,16193.2724609375,16608.0,2,354.0246409829706,147.6078509585932,,
predictor,1,3,1a938d25604410ccd63b60285919eaec:c627e50da685:0:3,82b4934cd2e12dd5597e5e37c746229f9ae763b2251ce7ebf18bfe7be9c79896,True,530.380203970708,14,16193.2724609375,16608.0,2,354.63701793923974,147.92050595860928,,
predictor,1,4,1a938d25604410ccd63b60285919eaec:c627e50da685:0:4,82b4934cd2e12dd5597e5e37c746229f9ae763b2251ce7ebf18bfe7be9c79896,True,529.434475931339,14,16193.2724609375,16608.0,2,354.4555549742654,148.08282593730837,,
predictor,1,5,49cd6149f02ec01ee03a6eb8287ab2df:f982e9dfaf25:0:0,435ddab74d1ce43607ae306954b3988e040a520237c7d35ed4bf195d89590fe9,True,600.5633448949084,19,16192.31201171875,16608.0,2,353.3479499164969,147.22193591296673,,
predictor,1,6,49cd6149f02ec01ee03a6eb8287ab2df:f982e9dfaf25:0:1,435ddab74d1ce43607ae306954b3988e040a520237c7d35ed4bf195d89590fe9,True,605.0015480723232,19,16192.31201171875,16608.0,2,354.7027390450239,147.85473502706736,,
predictor,1,7,49cd6149f02ec01ee03a6eb8287ab2df:f982e9dfaf25:0:2,73fb32b5e401b3eacb51e7e77bdf04e3b22a04455436b5dd1473893ee8251122,True,441.50572491344064,8,16192.31201171875,16608.0,2,353.77254395280033,147.2603960428387,,
predictor,1,8,49cd6149f02ec01ee03a6eb8287ab2df:f982e9dfaf25:0:3,95f301e4834466fadb9df4ae46e1b1c55f14a11d8b92502235741ad28dbdb107,True,544.7863370645791,15,16192.31201171875,16608.0,2,354.8775620292872,148.21668295189738,,
predictor,1,9,49cd6149f02ec01ee03a6eb8287ab2df:f982e9dfaf25:0:4,73fb32b5e401b3eacb51e7e77bdf04e3b22a04455436b5dd1473893ee8251122,True,442.7290390012786,8,16192.31201171875,16608.0,2,354.50973198749125,147.7180200163275,,
predictor,1,10,49cd6149f02ec01ee03a6eb8287ab2df:81739d7eb99c:0:0,435ddab74d1ce43607ae306954b3988e040a520237c7d35ed4bf195d89590fe9,True,602.813298930414,19,16192.31201171875,16608.0,2,354.7097989358008,147.3481939174235,,
predictor,1,11,49cd6149f02ec01ee03a6eb8287ab2df:81739d7eb99c:0:1,435ddab74d1ce43607ae306954b3988e040a520237c7d35ed4bf195d89590fe9,True,601.2536350172013,19,16192.31201171875,16608.0,2,353.9007150102407,147.10521802771837,,
predictor,1,12,49cd6149f02ec01ee03a6eb8287ab2df:81739d7eb99c:0:2,73fb32b5e401b3eacb51e7e77bdf04e3b22a04455436b5dd1473893ee8251122,True,443.20571597199887,8,16192.31201171875,16608.0,2,354.6952030155808,147.3803430562839,,
predictor,1,13,49cd6149f02ec01ee03a6eb8287ab2df:81739d7eb99c:0:3,95f301e4834466fadb9df4ae46e1b1c55f14a11d8b92502235741ad28dbdb107,True,544.2004190990701,15,16192.31201171875,16608.0,2,354.41421798896044,147.50148390885442,,
predictor,1,14,49cd6149f02ec01ee03a6eb8287ab2df:81739d7eb99c:0:4,73fb32b5e401b3eacb51e7e77bdf04e3b22a04455436b5dd1473893ee8251122,True,443.1887411046773,8,16192.31201171875,16608.0,2,354.93962303735316,147.67341897822917,,
predictor,1,15,c6050fe51d3408b1eaef27e08e7f1956:1458b54ae2f6:0:0,35990225eb4034f560541dca69e3de42af70ee7e6c5a42420c958e689cda2c02,True,472.66436694189906,10,16196.4697265625,16608.0,2,354.95496401563287,148.02715799305588,,
predictor,1,16,c6050fe51d3408b1eaef27e08e7f1956:1458b54ae2f6:0:1,aebb1cb50cd9dcc29e137a5616bb2478102285853aed08894b7f12bdcbb1c56f,True,501.12858100328594,12,16196.4697265625,16608.0,2,354.9208410549909,148.03775504697114,,
predictor,1,17,c6050fe51d3408b1eaef27e08e7f1956:1458b54ae2f6:0:2,111b8aacdbaf954aebfbd039849710807963f2bd7a68786f9ede013bd58cf416,True,398.93320796545595,5,16196.4697265625,16608.0,2,354.5906930230558,147.37011503893882,,
predictor,1,18,c6050fe51d3408b1eaef27e08e7f1956:1458b54ae2f6:0:3,423b972f52fcbc22cc94be5cb64caefa796a5124160f24ec5fab21772249ca14,True,500.28313405346125,12,16196.4697265625,16608.0,2,353.93808898516,147.40741800051183,,
predictor,1,19,c6050fe51d3408b1eaef27e08e7f1956:1458b54ae2f6:0:4,423b972f52fcbc22cc94be5cb64caefa796a5124160f24ec5fab21772249ca14,True,500.7426969241351,12,16196.4697265625,16608.0,2,354.4025799492374,147.6486149476841,,
predictor,1,20,c6050fe51d3408b1eaef27e08e7f1956:e4e99a4d6532:0:0,35990225eb4034f560541dca69e3de42af70ee7e6c5a42420c958e689cda2c02,True,471.1336549371481,10,16196.4697265625,16608.0,2,354.3971700128168,147.62884203810245,,
predictor,1,21,c6050fe51d3408b1eaef27e08e7f1956:e4e99a4d6532:0:1,aebb1cb50cd9dcc29e137a5616bb2478102285853aed08894b7f12bdcbb1c56f,True,505.87117997929454,12,16196.4697265625,16608.0,2,359.542076010257,147.2302769543603,,
predictor,1,22,c6050fe51d3408b1eaef27e08e7f1956:e4e99a4d6532:0:2,111b8aacdbaf954aebfbd039849710807963f2bd7a68786f9ede013bd58cf416,True,399.8864369932562,5,16196.4697265625,16608.0,2,354.8710399772972,148.12875294592232,,
predictor,1,23,c6050fe51d3408b1eaef27e08e7f1956:e4e99a4d6532:0:3,423b972f52fcbc22cc94be5cb64caefa796a5124160f24ec5fab21772249ca14,True,501.42103096004575,12,16196.4697265625,16608.0,2,354.839627048932,147.74007501546293,,
predictor,1,24,c6050fe51d3408b1eaef27e08e7f1956:e4e99a4d6532:0:4,423b972f52fcbc22cc94be5cb64caefa796a5124160f24ec5fab21772249ca14,True,501.01850694045424,12,16196.4697265625,16608.0,2,354.2344969464466,147.27487391792238,,
predictor,1,25,bb98dd0bceac09d24db1ecb2af549a92:377f7f0dd150:0:0,855c108ad67905d09ec7c1b0e8aece7c700b88af2a47447b339d06f51ca5f3c1,True,528.979217982851,14,16192.31201171875,16608.0,2,353.9424849441275,147.55579398479313,,
predictor,1,26,bb98dd0bceac09d24db1ecb2af549a92:377f7f0dd150:0:1,345f983c72b415369583c07355d41a5ce238a9e9fc7fe025add55b989f42753c,True,603.4909680020064,19,16192.31201171875,16608.0,2,354.72026106435806,147.53151300828904,,
predictor,1,27,bb98dd0bceac09d24db1ecb2af549a92:377f7f0dd150:0:2,d9dc9f66742ea39569f48bea2599a075674a27a99bededdf7d11d3fbc33c74c9,True,574.1752550238743,17,16192.31201171875,16608.0,2,354.9512419849634,147.51757797785103,,
predictor,1,28,bb98dd0bceac09d24db1ecb2af549a92:377f7f0dd150:0:3,c45891449e67fbebaa72c55f78b5e89e2ef69d3f86135e99eaae972f41ca37d3,True,602.600309997797,19,16192.31201171875,16608.0,2,354.2712109629065,147.40054693538696,,
predictor,1,29,bb98dd0bceac09d24db1ecb2af549a92:377f7f0dd150:0:4,a4b4d1f639310ce5a0af8666d80dea51c299717b38da5a87d48ce3bde0ecf3b5,True,501.3554210308939,12,16192.31201171875,16608.0,2,354.7631819965318,147.8893479797989,,
predictor,1,30,bb98dd0bceac09d24db1ecb2af549a92:2cf3a7a3a65c:0:0,855c108ad67905d09ec7c1b0e8aece7c700b88af2a47447b339d06f51ca5f3c1,True,528.210103046149,14,16192.31201171875,16608.0,2,353.41107100248337,146.80023095570505,,
predictor,1,31,bb98dd0bceac09d24db1ecb2af549a92:2cf3a7a3a65c:0:1,345f983c72b415369583c07355d41a5ce238a9e9fc7fe025add55b989f42753c,True,601.641723071225,19,16192.31201171875,16608.0,2,353.6974110174924,147.47373200953007,,
predictor,1,32,bb98dd0bceac09d24db1ecb2af549a92:2cf3a7a3a65c:0:2,d9dc9f66742ea39569f48bea2599a075674a27a99bededdf7d11d3fbc33c74c9,True,572.5642190081999,17,16192.31201171875,16608.0,2,353.6451009567827,147.06772298086435,,
predictor,1,33,bb98dd0bceac09d24db1ecb2af549a92:2cf3a7a3a65c:0:3,c45891449e67fbebaa72c55f78b5e89e2ef69d3f86135e99eaae972f41ca37d3,True,602.5887880241498,19,16192.31201171875,16608.0,2,354.09947694279253,147.7879979647696,,
predictor,1,34,bb98dd0bceac09d24db1ecb2af549a92:2cf3a7a3a65c:0:4,a4b4d1f639310ce5a0af8666d80dea51c299717b38da5a87d48ce3bde0ecf3b5,True,500.23873697500676,12,16192.31201171875,16608.0,2,354.25825708080083,147.56474003661424,,
predictor,1,35,b877dd782edba758ab429e3ee3de3329:97e16cc551e4:0:0,bcf1436e8a0397586b601d3afcfbd9357f7df58201510a79a21f33dea57905ee,True,705.4420149652287,26,16192.58642578125,16608.0,2,355.50161998253316,147.96629804186523,,
predictor,1,36,b877dd782edba758ab429e3ee3de3329:97e16cc551e4:0:1,f340e6b096d48731cb6973ce6c1f384848e8a709bc3d7fefbc1375269bb16f66,True,601.0744179366156,19,16192.58642578125,16608.0,2,354.00400089565665,147.41597895044833,,
predictor,1,37,b877dd782edba758ab429e3ee3de3329:97e16cc551e4:0:2,2b704dcf2e659e9441eb368463e822d98e8a4b4b0badfa1e02b97c395219bada,True,631.9178259000182,21,16192.58642578125,16608.0,2,354.80511898640543,147.69135997630656,,
predictor,1,38,b877dd782edba758ab429e3ee3de3329:97e16cc551e4:0:3,2b704dcf2e659e9441eb368463e822d98e8a4b4b0badfa1e02b97c395219bada,True,632.0641319034621,21,16192.58642578125,16608.0,2,354.4325300026685,147.79622107744217,,
predictor,1,39,b877dd782edba758ab429e3ee3de3329:97e16cc551e4:0:4,9833888f2bcf7baedb3e6d22f7a45d778a3ddb93dc3ee593faf345e015a5527d,True,602.4126230040565,19,16192.58642578125,16608.0,2,354.3233099626377,147.560863988474,,
predictor,1,40,b877dd782edba758ab429e3ee3de3329:dd7f6c9e007d:0:0,bcf1436e8a0397586b601d3afcfbd9357f7df58201510a79a21f33dea57905ee,True,703.8040180923417,26,16192.58642578125,16608.0,2,354.2175469920039,147.28722895961255,,
predictor,1,41,b877dd782edba758ab429e3ee3de3329:dd7f6c9e007d:0:1,f340e6b096d48731cb6973ce6c1f384848e8a709bc3d7fefbc1375269bb16f66,True,601.4895149273798,19,16192.58642578125,16608.0,2,353.23632892686874,146.93535096012056,,
predictor,1,42,b877dd782edba758ab429e3ee3de3329:dd7f6c9e007d:0:2,f340e6b096d48731cb6973ce6c1f384848e8a709bc3d7fefbc1375269bb16f66,False,602.1400440949947,19,16192.58642578125,16608.0,2,354.3680780567229,147.3109220387414,,
predictor,1,43,b877dd782edba758ab429e3ee3de3329:dd7f6c9e007d:0:3,2b704dcf2e659e9441eb368463e822d98e8a4b4b0badfa1e02b97c395219bada,True,630.199755076319,21,16192.58642578125,16608.0,2,353.77442103344947,147.46653696056455,,
predictor,1,44,b877dd782edba758ab429e3ee3de3329:dd7f6c9e007d:0:4,9833888f2bcf7baedb3e6d22f7a45d778a3ddb93dc3ee593faf345e015a5527d,True,602.7405259665102,19,16192.58642578125,16608.0,2,354.79086404666305,147.52023702021688,,
predictor,1,45,4f59fbf51a0a5bfb4dc5af02cf294693:993dac5396a0:0:0,02b2f284846856bbed690c4a4ff41de209848e5b20a5b8e52994ff6008da32c7,True,573.0795919662341,17,16193.2724609375,16608.0,2,353.5139539744705,147.39732595626265,,
predictor,1,46,4f59fbf51a0a5bfb4dc5af02cf294693:993dac5396a0:0:1,72ce63e97c300b32403763a2e20f5768dbedc981efcd36c58458b7f10991a314,True,515.2529849437997,13,16193.2724609375,16608.0,2,354.25337799824774,148.15339702181518,,
predictor,1,47,4f59fbf51a0a5bfb4dc5af02cf294693:993dac5396a0:0:2,692a62434ae2815dec74164a4d148a1ad395dbf6653d58fc4ae432a52e892e37,True,575.1998759806156,17,16193.2724609375,16608.0,2,354.8314670333639,148.45407905522734,,
predictor,1,48,4f59fbf51a0a5bfb4dc5af02cf294693:993dac5396a0:0:3,692a62434ae2815dec74164a4d148a1ad395dbf6653d58fc4ae432a52e892e37,True,574.8266129521653,17,16193.2724609375,16608.0,2,355.31506896950305,148.01619900390506,,
predictor,1,49,4f59fbf51a0a5bfb4dc5af02cf294693:993dac5396a0:0:4,e4f0271d7dced0f36c97839e546b1f140f69dfa129a37b04f653f47eb9c2798f,True,501.2289020232856,12,16193.2724609375,16608.0,2,355.15370301436633,147.57404301781207,,
sieve,0,0,1a938d25604410ccd63b60285919eaec:c627e50da685:0:0,e042894d371a8df6673730e94e09c16b0c54e157faa37094ac0edd0138322b43,True,501.81621906813234,12,16193.2724609375,16608.0,2,355.082047986798,148.68905395269394,0.006687125191092491,0
sieve,0,1,1a938d25604410ccd63b60285919eaec:c627e50da685:0:1,e042894d371a8df6673730e94e09c16b0c54e157faa37094ac0edd0138322b43,True,502.2280620178208,12,16193.2724609375,16608.0,2,355.682292021811,151.69941494241357,0.004903220571577549,0
sieve,0,2,1a938d25604410ccd63b60285919eaec:c627e50da685:0:2,f5f79da7870b43a425d911d4230cbde81339aaf8976b28d91223d1db1b9dcb91,True,502.51004099845886,12,16193.2724609375,16608.0,2,355.1172020379454,153.53424299973994,0.005713625345379114,0
sieve,0,3,1a938d25604410ccd63b60285919eaec:c627e50da685:0:3,82b4934cd2e12dd5597e5e37c746229f9ae763b2251ce7ebf18bfe7be9c79896,True,531.113552977331,14,16193.2724609375,16608.0,2,355.5206470191479,148.9987369859591,0.005114580970257521,0
sieve,0,4,1a938d25604410ccd63b60285919eaec:c627e50da685:0:4,82b4934cd2e12dd5597e5e37c746229f9ae763b2251ce7ebf18bfe7be9c79896,True,532.4959340505302,14,16193.2724609375,16608.0,2,356.2292300630361,148.7484060926363,0.005123580805957317,0
sieve,0,5,49cd6149f02ec01ee03a6eb8287ab2df:f982e9dfaf25:0:0,435ddab74d1ce43607ae306954b3988e040a520237c7d35ed4bf195d89590fe9,True,603.7029849831015,19,16192.31201171875,16608.0,2,355.1284479908645,148.67221494205296,0.01578235998749733,0
sieve,0,6,49cd6149f02ec01ee03a6eb8287ab2df:f982e9dfaf25:0:1,435ddab74d1ce43607ae306954b3988e040a520237c7d35ed4bf195d89590fe9,True,603.6318780388683,19,16192.31201171875,16608.0,2,355.31302308663726,148.7486109836027,0.015412854962050915,0
sieve,0,7,49cd6149f02ec01ee03a6eb8287ab2df:f982e9dfaf25:0:2,73fb32b5e401b3eacb51e7e77bdf04e3b22a04455436b5dd1473893ee8251122,True,443.76762898173183,8,16192.31201171875,16608.0,2,354.8199909273535,148.55984097812325,0.00505207059904933,0
sieve,0,8,49cd6149f02ec01ee03a6eb8287ab2df:f982e9dfaf25:0:3,435ddab74d1ce43607ae306954b3988e040a520237c7d35ed4bf195d89590fe9,False,602.9822890413925,19,16192.31201171875,16608.0,2,355.0043770810589,148.16571201663464,0.017577657476067543,0
sieve,0,9,49cd6149f02ec01ee03a6eb8287ab2df:f982e9dfaf25:0:4,73fb32b5e401b3eacb51e7e77bdf04e3b22a04455436b5dd1473893ee8251122,True,443.7132090097293,8,16192.31201171875,16608.0,2,355.05051794461906,148.1792179401964,0.004846750292927027,0
sieve,0,10,49cd6149f02ec01ee03a6eb8287ab2df:81739d7eb99c:0:0,435ddab74d1ce43607ae306954b3988e040a520237c7d35ed4bf195d89590fe9,True,603.9712079800665,19,16192.31201171875,16608.0,2,354.72097899764776,147.73445797618479,0.01578235998749733,0
sieve,0,11,49cd6149f02ec01ee03a6eb8287ab2df:81739d7eb99c:0:1,435ddab74d1ce43607ae306954b3988e040a520237c7d35ed4bf195d89590fe9,True,603.1163460575044,19,16192.31201171875,16608.0,2,354.5902681071311,148.0888311052695,0.015412854962050915,0
sieve,0,12,49cd6149f02ec01ee03a6eb8287ab2df:81739d7eb99c:0:2,73fb32b5e401b3eacb51e7e77bdf04e3b22a04455436b5dd1473893ee8251122,True,443.5701089678332,8,16192.31201171875,16608.0,2,354.8851899104193,148.60581001266837,0.00505207059904933,0
sieve,0,13,49cd6149f02ec01ee03a6eb8287ab2df:81739d7eb99c:0:3,435ddab74d1ce43607ae306954b3988e040a520237c7d35ed4bf195d89590fe9,True,602.8173699742183,19,16192.31201171875,16608.0,2,354.0509509621188,147.49961195047945,0.017577657476067543,0
sieve,0,14,49cd6149f02ec01ee03a6eb8287ab2df:81739d7eb99c:0:4,73fb32b5e401b3eacb51e7e77bdf04e3b22a04455436b5dd1473893ee8251122,True,443.5886199353263,8,16192.31201171875,16608.0,2,355.57058395352215,148.51718302816153,0.004846750292927027,0
sieve,0,15,c6050fe51d3408b1eaef27e08e7f1956:1458b54ae2f6:0:0,35990225eb4034f560541dca69e3de42af70ee7e6c5a42420c958e689cda2c02,True,473.02726202178746,10,16196.4697265625,16608.0,2,355.48559203743935,148.6787940375507,0.010603428818285465,0
sieve,0,16,c6050fe51d3408b1eaef27e08e7f1956:1458b54ae2f6:0:1,aebb1cb50cd9dcc29e137a5616bb2478102285853aed08894b7f12bdcbb1c56f,True,501.61600892897695,12,16196.4697265625,16608.0,2,355.2648789482191,148.67365697864443,0.011375278234481812,0
sieve,0,17,c6050fe51d3408b1eaef27e08e7f1956:1458b54ae2f6:0:2,111b8aacdbaf954aebfbd039849710807963f2bd7a68786f9ede013bd58cf416,True,400.71539499331266,5,16196.4697265625,16608.0,2,355.83398898597807,148.73013203032315,0.007789671421051025,0
sieve,0,18,c6050fe51d3408b1eaef27e08e7f1956:1458b54ae2f6:0:3,423b972f52fcbc22cc94be5cb64caefa796a5124160f24ec5fab21772249ca14,True,501.74952391535044,12,16196.4697265625,16608.0,2,355.1284009590745,148.69954995810986,0.004754574969410896,0
sieve,0,19,c6050fe51d3408b1eaef27e08e7f1956:1458b54ae2f6:0:4,423b972f52fcbc22cc94be5cb64caefa796a5124160f24ec5fab21772249ca14,True,501.4295099535957,12,16196.4697265625,16608.0,2,354.9236749531701,148.09044590219855,0.004341862630099058,0
sieve,0,20,c6050fe51d3408b1eaef27e08e7f1956:e4e99a4d6532:0:0,35990225eb4034f560541dca69e3de42af70ee7e6c5a42420c958e689cda2c02,True,472.36875304952264,10,16196.4697265625,16608.0,2,355.36993108689785,148.731823079288,0.010603428818285465,0
sieve,0,21,c6050fe51d3408b1eaef27e08e7f1956:e4e99a4d6532:0:1,aebb1cb50cd9dcc29e137a5616bb2478102285853aed08894b7f12bdcbb1c56f,True,503.41609807219356,12,16196.4697265625,16608.0,2,356.0367040336132,148.8672869745642,0.011375278234481812,0
sieve,0,22,c6050fe51d3408b1eaef27e08e7f1956:e4e99a4d6532:0:2,111b8aacdbaf954aebfbd039849710807963f2bd7a68786f9ede013bd58cf416,True,400.06058698054403,5,16196.4697265625,16608.0,2,355.3119070129469,148.63933599554002,0.007663738448172808,0
sieve,0,23,c6050fe51d3408b1eaef27e08e7f1956:e4e99a4d6532:0:3,423b972f52fcbc22cc94be5cb64caefa796a5124160f24ec5fab21772249ca14,True,502.0103600108996,12,16196.4697265625,16608.0,2,355.4257960058749,147.97151496168226,0.004754574969410896,0
sieve,0,24,c6050fe51d3408b1eaef27e08e7f1956:e4e99a4d6532:0:4,423b972f52fcbc22cc94be5cb64caefa796a5124160f24ec5fab21772249ca14,True,501.3257509563118,12,16196.4697265625,16608.0,2,354.7585690394044,148.0660840170458,0.004341862630099058,0
sieve,0,25,bb98dd0bceac09d24db1ecb2af549a92:377f7f0dd150:0:0,855c108ad67905d09ec7c1b0e8aece7c700b88af2a47447b339d06f51ca5f3c1,True,531.6494330763817,14,16192.31201171875,16608.0,2,355.9924290748313,148.74314505141228,0.0061914497055113316,0
sieve,0,26,bb98dd0bceac09d24db1ecb2af549a92:377f7f0dd150:0:1,345f983c72b415369583c07355d41a5ce238a9e9fc7fe025add55b989f42753c,True,604.1419620160013,19,16192.31201171875,16608.0,2,355.38877302315086,148.2458560494706,0.011768816038966179,0
sieve,0,27,bb98dd0bceac09d24db1ecb2af549a92:377f7f0dd150:0:2,d9dc9f66742ea39569f48bea2599a075674a27a99bededdf7d11d3fbc33c74c9,True,574.913618969731,17,16192.31201171875,16608.0,2,355.7109138928354,148.60928792040795,0.004568884614855051,0
sieve,0,28,bb98dd0bceac09d24db1ecb2af549a92:377f7f0dd150:0:3,c45891449e67fbebaa72c55f78b5e89e2ef69d3f86135e99eaae972f41ca37d3,True,603.1851039733738,19,16192.31201171875,16608.0,2,355.05082504823804,148.08081299997866,0.008304135873913765,0
sieve,0,29,bb98dd0bceac09d24db1ecb2af549a92:377f7f0dd150:0:4,a4b4d1f639310ce5a0af8666d80dea51c299717b38da5a87d48ce3bde0ecf3b5,True,502.69037298858166,12,16192.31201171875,16608.0,2,355.57312599848956,148.1389399850741,0.007733781356364489,0
sieve,0,30,bb98dd0bceac09d24db1ecb2af549a92:2cf3a7a3a65c:0:0,855c108ad67905d09ec7c1b0e8aece7c700b88af2a47447b339d06f51ca5f3c1,True,533.0850810278207,14,16192.31201171875,16608.0,2,357.2121079778299,149.79422593023628,0.0061914497055113316,0
sieve,0,31,bb98dd0bceac09d24db1ecb2af549a92:2cf3a7a3a65c:0:1,345f983c72b415369583c07355d41a5ce238a9e9fc7fe025add55b989f42753c,True,603.0705239390954,19,16192.31201171875,16608.0,2,355.39368097670376,148.44464301131666,0.011768816038966179,0
sieve,0,32,bb98dd0bceac09d24db1ecb2af549a92:2cf3a7a3a65c:0:2,d9dc9f66742ea39569f48bea2599a075674a27a99bededdf7d11d3fbc33c74c9,True,575.6924760062248,17,16192.31201171875,16608.0,2,355.7910290546715,148.2466299785301,0.004568884614855051,0
sieve,0,33,bb98dd0bceac09d24db1ecb2af549a92:2cf3a7a3a65c:0:3,c45891449e67fbebaa72c55f78b5e89e2ef69d3f86135e99eaae972f41ca37d3,True,605.3732839645818,19,16192.31201171875,16608.0,2,356.45515902433544,148.68470595683903,0.008304135873913765,0
sieve,0,34,bb98dd0bceac09d24db1ecb2af549a92:2cf3a7a3a65c:0:4,a4b4d1f639310ce5a0af8666d80dea51c299717b38da5a87d48ce3bde0ecf3b5,True,502.73336295504123,12,16192.31201171875,16608.0,2,356.20003298390657,148.43329403083771,0.007733781356364489,0
sieve,0,35,b877dd782edba758ab429e3ee3de3329:97e16cc551e4:0:0,bcf1436e8a0397586b601d3afcfbd9357f7df58201510a79a21f33dea57905ee,True,705.9993299189955,26,16192.58642578125,16608.0,2,355.3155049448833,148.43966101761907,0.014796977862715721,0
sieve,0,36,b877dd782edba758ab429e3ee3de3329:97e16cc551e4:0:1,f340e6b096d48731cb6973ce6c1f384848e8a709bc3d7fefbc1375269bb16f66,True,603.7483720574528,19,16192.58642578125,16608.0,2,355.78816302586347,148.09715992305428,0.014414281584322453,0
sieve,0,37,b877dd782edba758ab429e3ee3de3329:97e16cc551e4:0:2,f340e6b096d48731cb6973ce6c1f384848e8a709bc3d7fefbc1375269bb16f66,False,602.1115949843079,19,16192.58642578125,16608.0,2,354.9833369906992,147.83652895130217,0.024683352559804916,0
sieve,0,38,b877dd782edba758ab429e3ee3de3329:97e16cc551e4:0:3,2b704dcf2e659e9441eb368463e822d98e8a4b4b0badfa1e02b97c395219bada,True,632.3689420241863,21,16192.58642578125,16608.0,2,354.9074270995334,147.80421007890254,0.012798216193914413,0
sieve,0,39,b877dd782edba758ab429e3ee3de3329:97e16cc551e4:0:4,9833888f2bcf7baedb3e6d22f7a45d778a3ddb93dc3ee593faf345e015a5527d,True,603.6439440213144,19,16192.58642578125,16608.0,2,355.36062298342586,148.29950302373618,0.014551208354532719,0
sieve,0,40,b877dd782edba758ab429e3ee3de3329:dd7f6c9e007d:0:0,bcf1436e8a0397586b601d3afcfbd9357f7df58201510a79a21f33dea57905ee,True,706.1449530301616,26,16192.58642578125,16608.0,2,355.867980979383,148.8381759263575,0.014796977862715721,0
sieve,0,41,b877dd782edba758ab429e3ee3de3329:dd7f6c9e007d:0:1,f340e6b096d48731cb6973ce6c1f384848e8a709bc3d7fefbc1375269bb16f66,True,606.9609640398994,19,16192.58642578125,16608.0,2,356.1167180305347,148.8141199806705,0.014414281584322453,0
sieve,0,42,b877dd782edba758ab429e3ee3de3329:dd7f6c9e007d:0:2,2b704dcf2e659e9441eb368463e822d98e8a4b4b0badfa1e02b97c395219bada,True,633.6122551001608,21,16192.58642578125,16608.0,2,355.7392311049625,148.14140100497752,0.024683352559804916,0
sieve,0,43,b877dd782edba758ab429e3ee3de3329:dd7f6c9e007d:0:3,2b704dcf2e659e9441eb368463e822d98e8a4b4b0badfa1e02b97c395219bada,True,632.3199529433623,21,16192.58642578125,16608.0,2,355.7837640400976,148.6365150194615,0.012798216193914413,0
sieve,0,44,b877dd782edba758ab429e3ee3de3329:dd7f6c9e007d:0:4,9833888f2bcf7baedb3e6d22f7a45d778a3ddb93dc3ee593faf345e015a5527d,True,604.0956029901281,19,16192.58642578125,16608.0,2,354.65143399778754,148.1129879830405,0.014551208354532719,0
sieve,0,45,4f59fbf51a0a5bfb4dc5af02cf294693:993dac5396a0:0:0,02b2f284846856bbed690c4a4ff41de209848e5b20a5b8e52994ff6008da32c7,True,575.8363760542125,17,16193.2724609375,16608.0,2,355.4890590021387,148.76036392524838,0.005234780255705118,0
sieve,0,46,4f59fbf51a0a5bfb4dc5af02cf294693:993dac5396a0:0:1,72ce63e97c300b32403763a2e20f5768dbedc981efcd36c58458b7f10991a314,True,517.0950719621032,13,16193.2724609375,16608.0,2,355.23794894106686,148.68415892124176,0.006394107360392809,0
sieve,0,47,4f59fbf51a0a5bfb4dc5af02cf294693:993dac5396a0:0:2,692a62434ae2815dec74164a4d148a1ad395dbf6653d58fc4ae432a52e892e37,True,574.9334789579734,17,16193.2724609375,16608.0,2,355.9301019413397,148.68153096176684,0.00500106206163764,0
sieve,0,48,4f59fbf51a0a5bfb4dc5af02cf294693:993dac5396a0:0:3,692a62434ae2815dec74164a4d148a1ad395dbf6653d58fc4ae432a52e892e37,True,574.3793660076335,17,16193.2724609375,16608.0,2,354.93173100985587,148.2246050145477,0.00496099516749382,0
sieve,0,49,4f59fbf51a0a5bfb4dc5af02cf294693:993dac5396a0:0:4,e4f0271d7dced0f36c97839e546b1f140f69dfa129a37b04f653f47eb9c2798f,True,522.2856110194698,12,16193.2724609375,16608.0,2,376.3182300608605,147.9067379841581,0.0044060661457479,0
sieve,1,0,1a938d25604410ccd63b60285919eaec:c627e50da685:0:0,e042894d371a8df6673730e94e09c16b0c54e157faa37094ac0edd0138322b43,True,501.2582120252773,12,16193.2724609375,16608.0,2,354.55351998098195,147.87799795158207,0.0067859613336622715,0
sieve,1,1,1a938d25604410ccd63b60285919eaec:c627e50da685:0:1,e042894d371a8df6673730e94e09c16b0c54e157faa37094ac0edd0138322b43,True,502.3769700201228,12,16193.2724609375,16608.0,2,355.804149992764,148.4734920086339,0.004903220571577549,0
sieve,1,2,1a938d25604410ccd63b60285919eaec:c627e50da685:0:2,f5f79da7870b43a425d911d4230cbde81339aaf8976b28d91223d1db1b9dcb91,True,502.7741320664063,12,16193.2724609375,16608.0,2,355.6656780419871,148.79122097045183,0.005713625345379114,0
sieve,1,3,1a938d25604410ccd63b60285919eaec:c627e50da685:0:3,82b4934cd2e12dd5597e5e37c746229f9ae763b2251ce7ebf18bfe7be9c79896,True,531.7547949962318,14,16193.2724609375,16608.0,2,355.61795299872756,148.72596401255578,0.005114580970257521,0
sieve,1,4,1a938d25604410ccd63b60285919eaec:c627e50da685:0:4,82b4934cd2e12dd5597e5e37c746229f9ae763b2251ce7ebf18bfe7be9c79896,True,530.7782610179856,14,16193.2724609375,16608.0,2,355.25272600352764,147.99432596191764,0.005123580805957317,0
sieve,1,5,49cd6149f02ec01ee03a6eb8287ab2df:f982e9dfaf25:0:0,435ddab74d1ce43607ae306954b3988e040a520237c7d35ed4bf195d89590fe9,True,603.487555985339,19,16192.31201171875,16608.0,2,355.8375529246405,148.63732201047242,0.01578235998749733,0
sieve,1,6,49cd6149f02ec01ee03a6eb8287ab2df:f982e9dfaf25:0:1,435ddab74d1ce43607ae306954b3988e040a520237c7d35ed4bf195d89590fe9,True,603.7363100331277,19,16192.31201171875,16608.0,2,355.6277110474184,148.26469495892525,0.015412854962050915,0
sieve,1,7,49cd6149f02ec01ee03a6eb8287ab2df:f982e9dfaf25:0:2,73fb32b5e401b3eacb51e7e77bdf04e3b22a04455436b5dd1473893ee8251122,True,443.57460201717913,8,16192.31201171875,16608.0,2,355.3723010700196,148.2361990492791,0.00505207059904933,0
sieve,1,8,49cd6149f02ec01ee03a6eb8287ab2df:f982e9dfaf25:0:3,435ddab74d1ce43607ae306954b3988e040a520237c7d35ed4bf195d89590fe9,False,603.235266986303,19,16192.31201171875,16608.0,2,355.5147510487586,148.1983329867944,0.017577657476067543,0
sieve,1,9,49cd6149f02ec01ee03a6eb8287ab2df:f982e9dfaf25:0:4,73fb32b5e401b3eacb51e7e77bdf04e3b22a04455436b5dd1473893ee8251122,True,443.3936569839716,8,16192.31201171875,16608.0,2,354.69313303474337,148.09012203477323,0.004846750292927027,0
sieve,1,10,49cd6149f02ec01ee03a6eb8287ab2df:81739d7eb99c:0:0,435ddab74d1ce43607ae306954b3988e040a520237c7d35ed4bf195d89590fe9,True,603.4955109935254,19,16192.31201171875,16608.0,2,355.16504500992596,148.40186305809766,0.01578235998749733,0
sieve,1,11,49cd6149f02ec01ee03a6eb8287ab2df:81739d7eb99c:0:1,435ddab74d1ce43607ae306954b3988e040a520237c7d35ed4bf195d89590fe9,True,605.2925609983504,19,16192.31201171875,16608.0,2,355.7577918982133,148.42144900467247,0.015412854962050915,0
sieve,1,12,49cd6149f02ec01ee03a6eb8287ab2df:81739d7eb99c:0:2,73fb32b5e401b3eacb51e7e77bdf04e3b22a04455436b5dd1473893ee8251122,True,444.4311319384724,8,16192.31201171875,16608.0,2,356.5974530065432,148.792440071702,0.00505207059904933,0
sieve,1,13,49cd6149f02ec01ee03a6eb8287ab2df:81739d7eb99c:0:3,435ddab74d1ce43607ae306954b3988e040a520237c7d35ed4bf195d89590fe9,False,604.0312929544598,19,16192.31201171875,16608.0,2,354.71282596699893,147.7415809640661,0.017577657476067543,0
sieve,1,14,49cd6149f02ec01ee03a6eb8287ab2df:81739d7eb99c:0:4,73fb32b5e401b3eacb51e7e77bdf04e3b22a04455436b5dd1473893ee8251122,True,441.6851259302348,8,16192.31201171875,16608.0,2,353.097015991807,147.54536608234048,0.004846750292927027,0
sieve,1,15,c6050fe51d3408b1eaef27e08e7f1956:1458b54ae2f6:0:0,35990225eb4034f560541dca69e3de42af70ee7e6c5a42420c958e689cda2c02,True,469.45595904253423,10,16196.4697265625,16608.0,2,352.1812310209498,147.67314202617854,0.010603428818285465,0
sieve,1,16,c6050fe51d3408b1eaef27e08e7f1956:1458b54ae2f6:0:1,aebb1cb50cd9dcc29e137a5616bb2478102285853aed08894b7f12bdcbb1c56f,True,499.5733080431819,12,16196.4697265625,16608.0,2,352.201672969386,147.55164494272321,0.011375278234481812,0
sieve,1,17,c6050fe51d3408b1eaef27e08e7f1956:1458b54ae2f6:0:2,111b8aacdbaf954aebfbd039849710807963f2bd7a68786f9ede013bd58cf416,True,397.9153729742393,5,16196.4697265625,16608.0,2,353.1444729305804,147.53933402244002,0.007789671421051025,0
sieve,1,18,c6050fe51d3408b1eaef27e08e7f1956:1458b54ae2f6:0:3,423b972f52fcbc22cc94be5cb64caefa796a5124160f24ec5fab21772249ca14,True,499.3866819422692,12,16196.4697265625,16608.0,2,352.733168983832,147.79734902549535,0.004754574969410896,0
sieve,1,19,c6050fe51d3408b1eaef27e08e7f1956:1458b54ae2f6:0:4,423b972f52fcbc22cc94be5cb64caefa796a5124160f24ec5fab21772249ca14,True,501.149074989371,12,16196.4697265625,16608.0,2,354.47001503780484,148.00050004851073,0.004341862630099058,0
sieve,1,20,c6050fe51d3408b1eaef27e08e7f1956:e4e99a4d6532:0:0,35990225eb4034f560541dca69e3de42af70ee7e6c5a42420c958e689cda2c02,True,469.42753705661744,10,16196.4697265625,16608.0,2,352.1504260133952,147.53179403487593,0.010603428818285465,0
sieve,1,21,c6050fe51d3408b1eaef27e08e7f1956:e4e99a4d6532:0:1,aebb1cb50cd9dcc29e137a5616bb2478102285853aed08894b7f12bdcbb1c56f,True,500.21910096984357,12,16196.4697265625,16608.0,2,353.2359680393711,148.0079770553857,0.011375278234481812,0
sieve,1,22,c6050fe51d3408b1eaef27e08e7f1956:e4e99a4d6532:0:2,111b8aacdbaf954aebfbd039849710807963f2bd7a68786f9ede013bd58cf416,True,397.2539269598201,5,16196.4697265625,16608.0,2,352.53399901557714,147.7243760600686,0.007663738448172808,0
sieve,1,23,c6050fe51d3408b1eaef27e08e7f1956:e4e99a4d6532:0:3,423b972f52fcbc22cc94be5cb64caefa796a5124160f24ec5fab21772249ca14,True,499.97689900919795,12,16196.4697265625,16608.0,2,353.22328901384026,147.7341310819611,0.004754574969410896,0
sieve,1,24,c6050fe51d3408b1eaef27e08e7f1956:e4e99a4d6532:0:4,423b972f52fcbc22cc94be5cb64caefa796a5124160f24ec5fab21772249ca14,True,498.7186109647155,12,16196.4697265625,16608.0,2,352.4996289052069,147.87940494716167,0.004341862630099058,0
sieve,1,25,bb98dd0bceac09d24db1ecb2af549a92:377f7f0dd150:0:0,855c108ad67905d09ec7c1b0e8aece7c700b88af2a47447b339d06f51ca5f3c1,True,527.8699690243229,14,16192.31201171875,16608.0,2,352.3611449636519,147.7050429675728,0.0061914497055113316,0
sieve,1,26,bb98dd0bceac09d24db1ecb2af549a92:377f7f0dd150:0:1,345f983c72b415369583c07355d41a5ce238a9e9fc7fe025add55b989f42753c,True,599.8126280028373,19,16192.31201171875,16608.0,2,351.63782292511314,147.2753029083833,0.011768816038966179,0
sieve,1,27,bb98dd0bceac09d24db1ecb2af549a92:377f7f0dd150:0:2,d9dc9f66742ea39569f48bea2599a075674a27a99bededdf7d11d3fbc33c74c9,True,570.9756639553234,17,16192.31201171875,16608.0,2,351.97257599793375,147.38971495535225,0.004568884614855051,0
sieve,1,28,bb98dd0bceac09d24db1ecb2af549a92:377f7f0dd150:0:3,c45891449e67fbebaa72c55f78b5e89e2ef69d3f86135e99eaae972f41ca37d3,True,599.6412159875035,19,16192.31201171875,16608.0,2,352.07031201571226,147.35065307468176,0.009076219983398914,0
sieve,1,29,bb98dd0bceac09d24db1ecb2af549a92:377f7f0dd150:0:4,a4b4d1f639310ce5a0af8666d80dea51c299717b38da5a87d48ce3bde0ecf3b5,True,500.91318401973695,12,16192.31201171875,16608.0,2,353.78795000724494,147.7491739206016,0.007733781356364489,0
sieve,1,30,bb98dd0bceac09d24db1ecb2af549a92:2cf3a7a3a65c:0:0,855c108ad67905d09ec7c1b0e8aece7c700b88af2a47447b339d06f51ca5f3c1,True,529.4654559111223,14,16192.31201171875,16608.0,2,354.11549895070493,147.54787494894117,0.0061914497055113316,0
sieve,1,31,bb98dd0bceac09d24db1ecb2af549a92:2cf3a7a3a65c:0:1,345f983c72b415369583c07355d41a5ce238a9e9fc7fe025add55b989f42753c,True,600.7880200631917,19,16192.31201171875,16608.0,2,353.265434037894,147.57712197024375,0.011768816038966179,0
sieve,1,32,bb98dd0bceac09d24db1ecb2af549a92:2cf3a7a3a65c:0:2,d9dc9f66742ea39569f48bea2599a075674a27a99bededdf7d11d3fbc33c74c9,True,572.2875220235437,17,16192.31201171875,16608.0,2,352.69559803418815,147.38691807724535,0.004568884614855051,0
sieve,1,33,bb98dd0bceac09d24db1ecb2af549a92:2cf3a7a3a65c:0:3,c45891449e67fbebaa72c55f78b5e89e2ef69d3f86135e99eaae972f41ca37d3,True,599.8725960962474,19,16192.31201171875,16608.0,2,352.3750160820782,147.37289398908615,0.008304135873913765,0
sieve,1,34,bb98dd0bceac09d24db1ecb2af549a92:2cf3a7a3a65c:0:4,a4b4d1f639310ce5a0af8666d80dea51c299717b38da5a87d48ce3bde0ecf3b5,True,498.24300094041973,12,16192.31201171875,16608.0,2,351.8770709633827,147.5195080274716,0.007733781356364489,0
sieve,1,35,b877dd782edba758ab429e3ee3de3329:97e16cc551e4:0:0,bcf1436e8a0397586b601d3afcfbd9357f7df58201510a79a21f33dea57905ee,True,702.1795709151775,26,16192.58642578125,16608.0,2,351.811611908488,147.52859191503376,0.014796977862715721,0
sieve,1,36,b877dd782edba758ab429e3ee3de3329:97e16cc551e4:0:1,f340e6b096d48731cb6973ce6c1f384848e8a709bc3d7fefbc1375269bb16f66,True,602.1661019185558,19,16192.58642578125,16608.0,2,353.68076199665666,147.81177300028503,0.014414281584322453,0
sieve,1,37,b877dd782edba758ab429e3ee3de3329:97e16cc551e4:0:2,2b704dcf2e659e9441eb368463e822d98e8a4b4b0badfa1e02b97c395219bada,True,630.7092460338026,21,16192.58642578125,16608.0,2,354.4518060516566,147.58924604393542,0.024683352559804916,0
sieve,1,38,b877dd782edba758ab429e3ee3de3329:97e16cc551e4:0:3,2b704dcf2e659e9441eb368463e822d98e8a4b4b0badfa1e02b97c395219bada,True,629.1630290215835,21,16192.58642578125,16608.0,2,352.4842649931088,147.44553703349084,0.012798216193914413,0
sieve,1,39,b877dd782edba758ab429e3ee3de3329:97e16cc551e4:0:4,9833888f2bcf7baedb3e6d22f7a45d778a3ddb93dc3ee593faf345e015a5527d,True,600.7522570434958,19,16192.58642578125,16608.0,2,352.1679660771042,147.39760209340602,0.014551208354532719,0
sieve,1,40,b877dd782edba758ab429e3ee3de3329:dd7f6c9e007d:0:0,bcf1436e8a0397586b601d3afcfbd9357f7df58201510a79a21f33dea57905ee,True,701.1937740026042,26,16192.58642578125,16608.0,2,351.9904490094632,147.41762506309897,0.014796977862715721,0
sieve,1,41,b877dd782edba758ab429e3ee3de3329:dd7f6c9e007d:0:1,f340e6b096d48731cb6973ce6c1f384848e8a709bc3d7fefbc1375269bb16f66,True,600.5927639780566,19,16192.58642578125,16608.0,2,351.8666230374947,147.47790701221675,0.014414281584322453,0
sieve,1,42,b877dd782edba758ab429e3ee3de3329:dd7f6c9e007d:0:2,2b704dcf2e659e9441eb368463e822d98e8a4b4b0badfa1e02b97c395219bada,True,631.2706380849704,21,16192.58642578125,16608.0,2,352.5162540609017,147.66111806966364,0.024683352559804916,0
sieve,1,43,b877dd782edba758ab429e3ee3de3329:dd7f6c9e007d:0:3,2b704dcf2e659e9441eb368463e822d98e8a4b4b0badfa1e02b97c395219bada,True,628.2927109859884,21,16192.58642578125,16608.0,2,351.96861100848764,147.6730020949617,0.012798216193914413,0
sieve,1,44,b877dd782edba758ab429e3ee3de3329:dd7f6c9e007d:0:4,9833888f2bcf7baedb3e6d22f7a45d778a3ddb93dc3ee593faf345e015a5527d,True,603.1506930012256,19,16192.58642578125,16608.0,2,354.3723929906264,147.7885120548308,0.014551208354532719,0
sieve,1,45,4f59fbf51a0a5bfb4dc5af02cf294693:993dac5396a0:0:0,02b2f284846856bbed690c4a4ff41de209848e5b20a5b8e52994ff6008da32c7,True,572.4071029108018,17,16193.2724609375,16608.0,2,353.8851059274748,147.60317699983716,0.005234780255705118,0
sieve,1,46,4f59fbf51a0a5bfb4dc5af02cf294693:993dac5396a0:0:1,72ce63e97c300b32403763a2e20f5768dbedc981efcd36c58458b7f10991a314,True,513.4179600281641,13,16193.2724609375,16608.0,2,352.8689050581306,147.75260305032134,0.006394107360392809,0
sieve,1,47,4f59fbf51a0a5bfb4dc5af02cf294693:993dac5396a0:0:2,692a62434ae2815dec74164a4d148a1ad395dbf6653d58fc4ae432a52e892e37,True,573.0027719400823,17,16193.2724609375,16608.0,2,353.00668294075876,147.82083500176668,0.00500106206163764,0
sieve,1,48,4f59fbf51a0a5bfb4dc5af02cf294693:993dac5396a0:0:3,692a62434ae2815dec74164a4d148a1ad395dbf6653d58fc4ae432a52e892e37,True,572.9499619919807,17,16193.2724609375,16608.0,2,353.39603608008474,147.91801304090768,0.00496099516749382,0
sieve,1,49,4f59fbf51a0a5bfb4dc5af02cf294693:993dac5396a0:0:4,e4f0271d7dced0f36c97839e546b1f140f69dfa129a37b04f653f47eb9c2798f,True,499.85617003403604,12,16193.2724609375,16608.0,2,353.43232308514416,147.9833060875535,0.0044060661457479,0
