mode,repeat,sample_index,orig_id,answer_sha256,answer_matches_vanilla,latency_ms,tokens,peak_allocated_mb,peak_reserved_mb,steps_processed,detection_ready_ms,detection_after_prefill_ms,detector_probability,detector_prediction
vanilla,0,0,1a938d25604410ccd63b60285919eaec:c627e50da685:0:0,e042894d371a8df6673730e94e09c16b0c54e157faa37094ac0edd0138322b43,True,494.87572396174073,12,16192.0927734375,16608.0,,,,,
vanilla,0,1,1a938d25604410ccd63b60285919eaec:c627e50da685:0:1,e042894d371a8df6673730e94e09c16b0c54e157faa37094ac0edd0138322b43,True,495.21227995865047,12,16192.0927734375,16608.0,,,,,
vanilla,0,2,1a938d25604410ccd63b60285919eaec:c627e50da685:0:2,f5f79da7870b43a425d911d4230cbde81339aaf8976b28d91223d1db1b9dcb91,True,496.82662496343255,12,16192.0927734375,16608.0,,,,,
vanilla,0,3,1a938d25604410ccd63b60285919eaec:c627e50da685:0:3,82b4934cd2e12dd5597e5e37c746229f9ae763b2251ce7ebf18bfe7be9c79896,True,521.4649520348758,14,16192.0927734375,16608.0,,,,,
vanilla,0,4,1a938d25604410ccd63b60285919eaec:c627e50da685:0:4,82b4934cd2e12dd5597e5e37c746229f9ae763b2251ce7ebf18bfe7be9c79896,True,518.8901380170137,14,16192.0927734375,16608.0,,,,,
vanilla,0,5,49cd6149f02ec01ee03a6eb8287ab2df:f982e9dfaf25:0:0,435ddab74d1ce43607ae306954b3988e040a520237c7d35ed4bf195d89590fe9,True,597.1312150359154,19,16191.13232421875,16608.0,,,,,
vanilla,0,6,49cd6149f02ec01ee03a6eb8287ab2df:f982e9dfaf25:0:1,435ddab74d1ce43607ae306954b3988e040a520237c7d35ed4bf195d89590fe9,True,596.7736667953432,19,16191.13232421875,16608.0,,,,,
vanilla,0,7,49cd6149f02ec01ee03a6eb8287ab2df:f982e9dfaf25:0:2,73fb32b5e401b3eacb51e7e77bdf04e3b22a04455436b5dd1473893ee8251122,True,439.15500305593014,8,16191.13232421875,16608.0,,,,,
vanilla,0,8,49cd6149f02ec01ee03a6eb8287ab2df:f982e9dfaf25:0:3,95f301e4834466fadb9df4ae46e1b1c55f14a11d8b92502235741ad28dbdb107,True,540.6032528262585,15,16191.13232421875,16608.0,,,,,
vanilla,0,9,49cd6149f02ec01ee03a6eb8287ab2df:f982e9dfaf25:0:4,73fb32b5e401b3eacb51e7e77bdf04e3b22a04455436b5dd1473893ee8251122,True,439.15968597866595,8,16191.13232421875,16608.0,,,,,
vanilla,0,10,49cd6149f02ec01ee03a6eb8287ab2df:81739d7eb99c:0:0,435ddab74d1ce43607ae306954b3988e040a520237c7d35ed4bf195d89590fe9,True,597.5144898984581,19,16191.13232421875,16608.0,,,,,
vanilla,0,11,49cd6149f02ec01ee03a6eb8287ab2df:81739d7eb99c:0:1,435ddab74d1ce43607ae306954b3988e040a520237c7d35ed4bf195d89590fe9,True,596.4381191879511,19,16191.13232421875,16608.0,,,,,
vanilla,0,12,49cd6149f02ec01ee03a6eb8287ab2df:81739d7eb99c:0:2,73fb32b5e401b3eacb51e7e77bdf04e3b22a04455436b5dd1473893ee8251122,True,438.75562003813684,8,16191.13232421875,16608.0,,,,,
vanilla,0,13,49cd6149f02ec01ee03a6eb8287ab2df:81739d7eb99c:0:3,95f301e4834466fadb9df4ae46e1b1c55f14a11d8b92502235741ad28dbdb107,True,537.2507891152054,15,16191.13232421875,16608.0,,,,,
vanilla,0,14,49cd6149f02ec01ee03a6eb8287ab2df:81739d7eb99c:0:4,73fb32b5e401b3eacb51e7e77bdf04e3b22a04455436b5dd1473893ee8251122,True,439.04782994650304,8,16191.13232421875,16608.0,,,,,
vanilla,0,15,c6050fe51d3408b1eaef27e08e7f1956:1458b54ae2f6:0:0,35990225eb4034f560541dca69e3de42af70ee7e6c5a42420c958e689cda2c02,True,467.4398370552808,10,16195.2900390625,16608.0,,,,,
vanilla,0,16,c6050fe51d3408b1eaef27e08e7f1956:1458b54ae2f6:0:1,aebb1cb50cd9dcc29e137a5616bb2478102285853aed08894b7f12bdcbb1c56f,True,496.2795088067651,12,16195.2900390625,16608.0,,,,,
vanilla,0,17,c6050fe51d3408b1eaef27e08e7f1956:1458b54ae2f6:0:2,111b8aacdbaf954aebfbd039849710807963f2bd7a68786f9ede013bd58cf416,True,394.37086693942547,5,16195.2900390625,16608.0,,,,,
vanilla,0,18,c6050fe51d3408b1eaef27e08e7f1956:1458b54ae2f6:0:3,423b972f52fcbc22cc94be5cb64caefa796a5124160f24ec5fab21772249ca14,True,496.07399804517627,12,16195.2900390625,16608.0,,,,,
vanilla,0,19,c6050fe51d3408b1eaef27e08e7f1956:1458b54ae2f6:0:4,423b972f52fcbc22cc94be5cb64caefa796a5124160f24ec5fab21772249ca14,True,496.6603519860655,12,16195.2900390625,16608.0,,,,,
vanilla,0,20,c6050fe51d3408b1eaef27e08e7f1956:e4e99a4d6532:0:0,35990225eb4034f560541dca69e3de42af70ee7e6c5a42420c958e689cda2c02,True,467.5229489803314,10,16195.2900390625,16608.0,,,,,
vanilla,0,21,c6050fe51d3408b1eaef27e08e7f1956:e4e99a4d6532:0:1,aebb1cb50cd9dcc29e137a5616bb2478102285853aed08894b7f12bdcbb1c56f,True,490.55698490701616,12,16195.2900390625,16608.0,,,,,
vanilla,0,22,c6050fe51d3408b1eaef27e08e7f1956:e4e99a4d6532:0:2,111b8aacdbaf954aebfbd039849710807963f2bd7a68786f9ede013bd58cf416,True,389.12440300919116,5,16195.2900390625,16608.0,,,,,
vanilla,0,23,c6050fe51d3408b1eaef27e08e7f1956:e4e99a4d6532:0:3,423b972f52fcbc22cc94be5cb64caefa796a5124160f24ec5fab21772249ca14,True,495.97345292568207,12,16195.2900390625,16608.0,,,,,
vanilla,0,24,c6050fe51d3408b1eaef27e08e7f1956:e4e99a4d6532:0:4,423b972f52fcbc22cc94be5cb64caefa796a5124160f24ec5fab21772249ca14,True,496.03144894354045,12,16195.2900390625,16608.0,,,,,
vanilla,0,25,bb98dd0bceac09d24db1ecb2af549a92:377f7f0dd150:0:0,855c108ad67905d09ec7c1b0e8aece7c700b88af2a47447b339d06f51ca5f3c1,True,523.6984170041978,14,16191.13232421875,16608.0,,,,,
vanilla,0,26,bb98dd0bceac09d24db1ecb2af549a92:377f7f0dd150:0:1,345f983c72b415369583c07355d41a5ce238a9e9fc7fe025add55b989f42753c,True,596.8255249317735,19,16191.13232421875,16608.0,,,,,
vanilla,0,27,bb98dd0bceac09d24db1ecb2af549a92:377f7f0dd150:0:2,d9dc9f66742ea39569f48bea2599a075674a27a99bededdf7d11d3fbc33c74c9,True,568.1455580051988,17,16191.13232421875,16608.0,,,,,
vanilla,0,28,bb98dd0bceac09d24db1ecb2af549a92:377f7f0dd150:0:3,c45891449e67fbebaa72c55f78b5e89e2ef69d3f86135e99eaae972f41ca37d3,True,595.8724950905889,19,16191.13232421875,16608.0,,,,,
vanilla,0,29,bb98dd0bceac09d24db1ecb2af549a92:377f7f0dd150:0:4,a4b4d1f639310ce5a0af8666d80dea51c299717b38da5a87d48ce3bde0ecf3b5,True,495.37821393460035,12,16191.13232421875,16608.0,,,,,
vanilla,0,30,bb98dd0bceac09d24db1ecb2af549a92:2cf3a7a3a65c:0:0,855c108ad67905d09ec7c1b0e8aece7c700b88af2a47447b339d06f51ca5f3c1,True,524.7622951865196,14,16191.13232421875,16608.0,,,,,
vanilla,0,31,bb98dd0bceac09d24db1ecb2af549a92:2cf3a7a3a65c:0:1,345f983c72b415369583c07355d41a5ce238a9e9fc7fe025add55b989f42753c,True,597.7968878578395,19,16191.13232421875,16608.0,,,,,
vanilla,0,32,bb98dd0bceac09d24db1ecb2af549a92:2cf3a7a3a65c:0:2,d9dc9f66742ea39569f48bea2599a075674a27a99bededdf7d11d3fbc33c74c9,True,571.3380600791425,17,16191.13232421875,16608.0,,,,,
vanilla,0,33,bb98dd0bceac09d24db1ecb2af549a92:2cf3a7a3a65c:0:3,c45891449e67fbebaa72c55f78b5e89e2ef69d3f86135e99eaae972f41ca37d3,True,599.5247720275074,19,16191.13232421875,16608.0,,,,,
vanilla,0,34,bb98dd0bceac09d24db1ecb2af549a92:2cf3a7a3a65c:0:4,a4b4d1f639310ce5a0af8666d80dea51c299717b38da5a87d48ce3bde0ecf3b5,True,495.8488279953599,12,16191.13232421875,16608.0,,,,,
vanilla,0,35,b877dd782edba758ab429e3ee3de3329:97e16cc551e4:0:0,bcf1436e8a0397586b601d3afcfbd9357f7df58201510a79a21f33dea57905ee,True,699.2841889150441,26,16191.40673828125,16608.0,,,,,
vanilla,0,36,b877dd782edba758ab429e3ee3de3329:97e16cc551e4:0:1,f340e6b096d48731cb6973ce6c1f384848e8a709bc3d7fefbc1375269bb16f66,True,596.1548751220107,19,16191.40673828125,16608.0,,,,,
vanilla,0,37,b877dd782edba758ab429e3ee3de3329:97e16cc551e4:0:2,2b704dcf2e659e9441eb368463e822d98e8a4b4b0badfa1e02b97c395219bada,True,626.1897799558938,21,16191.40673828125,16608.0,,,,,
vanilla,0,38,b877dd782edba758ab429e3ee3de3329:97e16cc551e4:0:3,2b704dcf2e659e9441eb368463e822d98e8a4b4b0badfa1e02b97c395219bada,True,625.9035549592227,21,16191.40673828125,16608.0,,,,,
vanilla,0,39,b877dd782edba758ab429e3ee3de3329:97e16cc551e4:0:4,9833888f2bcf7baedb3e6d22f7a45d778a3ddb93dc3ee593faf345e015a5527d,True,599.0205379202962,19,16191.40673828125,16608.0,,,,,
vanilla,0,40,b877dd782edba758ab429e3ee3de3329:dd7f6c9e007d:0:0,bcf1436e8a0397586b601d3afcfbd9357f7df58201510a79a21f33dea57905ee,True,697.1793149132282,26,16191.40673828125,16608.0,,,,,
vanilla,0,41,b877dd782edba758ab429e3ee3de3329:dd7f6c9e007d:0:1,f340e6b096d48731cb6973ce6c1f384848e8a709bc3d7fefbc1375269bb16f66,True,599.3245129939169,19,16191.40673828125,16608.0,,,,,
vanilla,0,42,b877dd782edba758ab429e3ee3de3329:dd7f6c9e007d:0:2,2b704dcf2e659e9441eb368463e822d98e8a4b4b0badfa1e02b97c395219bada,True,627.5480850599706,21,16191.40673828125,16608.0,,,,,
vanilla,0,43,b877dd782edba758ab429e3ee3de3329:dd7f6c9e007d:0:3,2b704dcf2e659e9441eb368463e822d98e8a4b4b0badfa1e02b97c395219bada,True,625.7984901312739,21,16191.40673828125,16608.0,,,,,
vanilla,0,44,b877dd782edba758ab429e3ee3de3329:dd7f6c9e007d:0:4,9833888f2bcf7baedb3e6d22f7a45d778a3ddb93dc3ee593faf345e015a5527d,True,596.3176810182631,19,16191.40673828125,16608.0,,,,,
vanilla,0,45,4f59fbf51a0a5bfb4dc5af02cf294693:993dac5396a0:0:0,02b2f284846856bbed690c4a4ff41de209848e5b20a5b8e52994ff6008da32c7,True,568.4945301618427,17,16192.0927734375,16608.0,,,,,
vanilla,0,46,4f59fbf51a0a5bfb4dc5af02cf294693:993dac5396a0:0:1,72ce63e97c300b32403763a2e20f5768dbedc981efcd36c58458b7f10991a314,True,510.036360938102,13,16192.0927734375,16608.0,,,,,
vanilla,0,47,4f59fbf51a0a5bfb4dc5af02cf294693:993dac5396a0:0:2,692a62434ae2815dec74164a4d148a1ad395dbf6653d58fc4ae432a52e892e37,True,569.3195050116628,17,16192.0927734375,16608.0,,,,,
vanilla,0,48,4f59fbf51a0a5bfb4dc5af02cf294693:993dac5396a0:0:3,692a62434ae2815dec74164a4d148a1ad395dbf6653d58fc4ae432a52e892e37,True,570.3126660082489,17,16192.0927734375,16608.0,,,,,
vanilla,0,49,4f59fbf51a0a5bfb4dc5af02cf294693:993dac5396a0:0:4,e4f0271d7dced0f36c97839e546b1f140f69dfa129a37b04f653f47eb9c2798f,True,497.5129070226103,12,16192.0927734375,16608.0,,,,,
vanilla,1,0,1a938d25604410ccd63b60285919eaec:c627e50da685:0:0,e042894d371a8df6673730e94e09c16b0c54e157faa37094ac0edd0138322b43,True,497.6386488415301,12,16192.0927734375,16608.0,,,,,
vanilla,1,1,1a938d25604410ccd63b60285919eaec:c627e50da685:0:1,e042894d371a8df6673730e94e09c16b0c54e157faa37094ac0edd0138322b43,True,497.23030300810933,12,16192.0927734375,16608.0,,,,,
vanilla,1,2,1a938d25604410ccd63b60285919eaec:c627e50da685:0:2,f5f79da7870b43a425d911d4230cbde81339aaf8976b28d91223d1db1b9dcb91,True,497.04396701417863,12,16192.0927734375,16608.0,,,,,
vanilla,1,3,1a938d25604410ccd63b60285919eaec:c627e50da685:0:3,82b4934cd2e12dd5597e5e37c746229f9ae763b2251ce7ebf18bfe7be9c79896,True,525.4999971948564,14,16192.0927734375,16608.0,,,,,
vanilla,1,4,1a938d25604410ccd63b60285919eaec:c627e50da685:0:4,82b4934cd2e12dd5597e5e37c746229f9ae763b2251ce7ebf18bfe7be9c79896,True,525.7366530131549,14,16192.0927734375,16608.0,,,,,
vanilla,1,5,49cd6149f02ec01ee03a6eb8287ab2df:f982e9dfaf25:0:0,435ddab74d1ce43607ae306954b3988e040a520237c7d35ed4bf195d89590fe9,True,597.7193871513009,19,16191.13232421875,16608.0,,,,,
vanilla,1,6,49cd6149f02ec01ee03a6eb8287ab2df:f982e9dfaf25:0:1,435ddab74d1ce43607ae306954b3988e040a520237c7d35ed4bf195d89590fe9,True,596.8670828733593,19,16191.13232421875,16608.0,,,,,
vanilla,1,7,49cd6149f02ec01ee03a6eb8287ab2df:f982e9dfaf25:0:2,73fb32b5e401b3eacb51e7e77bdf04e3b22a04455436b5dd1473893ee8251122,True,439.36002091504633,8,16191.13232421875,16608.0,,,,,
vanilla,1,8,49cd6149f02ec01ee03a6eb8287ab2df:f982e9dfaf25:0:3,435ddab74d1ce43607ae306954b3988e040a520237c7d35ed4bf195d89590fe9,True,597.2512629814446,19,16191.13232421875,16608.0,,,,,
vanilla,1,9,49cd6149f02ec01ee03a6eb8287ab2df:f982e9dfaf25:0:4,73fb32b5e401b3eacb51e7e77bdf04e3b22a04455436b5dd1473893ee8251122,True,440.80486916936934,8,16191.13232421875,16608.0,,,,,
vanilla,1,10,49cd6149f02ec01ee03a6eb8287ab2df:81739d7eb99c:0:0,435ddab74d1ce43607ae306954b3988e040a520237c7d35ed4bf195d89590fe9,True,597.4817818496376,19,16191.13232421875,16608.0,,,,,
vanilla,1,11,49cd6149f02ec01ee03a6eb8287ab2df:81739d7eb99c:0:1,435ddab74d1ce43607ae306954b3988e040a520237c7d35ed4bf195d89590fe9,True,594.1743841394782,19,16191.13232421875,16608.0,,,,,
vanilla,1,12,49cd6149f02ec01ee03a6eb8287ab2df:81739d7eb99c:0:2,73fb32b5e401b3eacb51e7e77bdf04e3b22a04455436b5dd1473893ee8251122,True,431.9190888199955,8,16191.13232421875,16608.0,,,,,
vanilla,1,13,49cd6149f02ec01ee03a6eb8287ab2df:81739d7eb99c:0:3,435ddab74d1ce43607ae306954b3988e040a520237c7d35ed4bf195d89590fe9,True,595.286606810987,19,16191.13232421875,16608.0,,,,,
vanilla,1,14,49cd6149f02ec01ee03a6eb8287ab2df:81739d7eb99c:0:4,73fb32b5e401b3eacb51e7e77bdf04e3b22a04455436b5dd1473893ee8251122,True,437.5557948369533,8,16191.13232421875,16608.0,,,,,
vanilla,1,15,c6050fe51d3408b1eaef27e08e7f1956:1458b54ae2f6:0:0,35990225eb4034f560541dca69e3de42af70ee7e6c5a42420c958e689cda2c02,True,466.7397360317409,10,16195.2900390625,16608.0,,,,,
vanilla,1,16,c6050fe51d3408b1eaef27e08e7f1956:1458b54ae2f6:0:1,aebb1cb50cd9dcc29e137a5616bb2478102285853aed08894b7f12bdcbb1c56f,True,495.38620794191957,12,16195.2900390625,16608.0,,,,,
vanilla,1,17,c6050fe51d3408b1eaef27e08e7f1956:1458b54ae2f6:0:2,111b8aacdbaf954aebfbd039849710807963f2bd7a68786f9ede013bd58cf416,True,394.91726690903306,5,16195.2900390625,16608.0,,,,,
vanilla,1,18,c6050fe51d3408b1eaef27e08e7f1956:1458b54ae2f6:0:3,423b972f52fcbc22cc94be5cb64caefa796a5124160f24ec5fab21772249ca14,True,496.53883115388453,12,16195.2900390625,16608.0,,,,,
vanilla,1,19,c6050fe51d3408b1eaef27e08e7f1956:1458b54ae2f6:0:4,423b972f52fcbc22cc94be5cb64caefa796a5124160f24ec5fab21772249ca14,True,496.0627038963139,12,16195.2900390625,16608.0,,,,,
vanilla,1,20,c6050fe51d3408b1eaef27e08e7f1956:e4e99a4d6532:0:0,35990225eb4034f560541dca69e3de42af70ee7e6c5a42420c958e689cda2c02,True,467.9755049291998,10,16195.2900390625,16608.0,,,,,
vanilla,1,21,c6050fe51d3408b1eaef27e08e7f1956:e4e99a4d6532:0:1,aebb1cb50cd9dcc29e137a5616bb2478102285853aed08894b7f12bdcbb1c56f,True,496.577121084556,12,16195.2900390625,16608.0,,,,,
vanilla,1,22,c6050fe51d3408b1eaef27e08e7f1956:e4e99a4d6532:0:2,111b8aacdbaf954aebfbd039849710807963f2bd7a68786f9ede013bd58cf416,True,396.51549397967756,5,16195.2900390625,16608.0,,,,,
vanilla,1,23,c6050fe51d3408b1eaef27e08e7f1956:e4e99a4d6532:0:3,423b972f52fcbc22cc94be5cb64caefa796a5124160f24ec5fab21772249ca14,True,497.0705830492079,12,16195.2900390625,16608.0,,,,,
vanilla,1,24,c6050fe51d3408b1eaef27e08e7f1956:e4e99a4d6532:0:4,423b972f52fcbc22cc94be5cb64caefa796a5124160f24ec5fab21772249ca14,True,497.1556400414556,12,16195.2900390625,16608.0,,,,,
vanilla,1,25,bb98dd0bceac09d24db1ecb2af549a92:377f7f0dd150:0:0,855c108ad67905d09ec7c1b0e8aece7c700b88af2a47447b339d06f51ca5f3c1,True,525.03851801157,14,16191.13232421875,16608.0,,,,,
vanilla,1,26,bb98dd0bceac09d24db1ecb2af549a92:377f7f0dd150:0:1,345f983c72b415369583c07355d41a5ce238a9e9fc7fe025add55b989f42753c,True,595.8294509910047,19,16191.13232421875,16608.0,,,,,
vanilla,1,27,bb98dd0bceac09d24db1ecb2af549a92:377f7f0dd150:0:2,d9dc9f66742ea39569f48bea2599a075674a27a99bededdf7d11d3fbc33c74c9,True,568.2494640350342,17,16191.13232421875,16608.0,,,,,
vanilla,1,28,bb98dd0bceac09d24db1ecb2af549a92:377f7f0dd150:0:3,c45891449e67fbebaa72c55f78b5e89e2ef69d3f86135e99eaae972f41ca37d3,True,596.8385650776327,19,16191.13232421875,16608.0,,,,,
vanilla,1,29,bb98dd0bceac09d24db1ecb2af549a92:377f7f0dd150:0:4,a4b4d1f639310ce5a0af8666d80dea51c299717b38da5a87d48ce3bde0ecf3b5,True,497.4358379840851,12,16191.13232421875,16608.0,,,,,
vanilla,1,30,bb98dd0bceac09d24db1ecb2af549a92:2cf3a7a3a65c:0:0,855c108ad67905d09ec7c1b0e8aece7c700b88af2a47447b339d06f51ca5f3c1,True,526.4732141513377,14,16191.13232421875,16608.0,,,,,
vanilla,1,31,bb98dd0bceac09d24db1ecb2af549a92:2cf3a7a3a65c:0:1,345f983c72b415369583c07355d41a5ce238a9e9fc7fe025add55b989f42753c,True,598.9840719848871,19,16191.13232421875,16608.0,,,,,
vanilla,1,32,bb98dd0bceac09d24db1ecb2af549a92:2cf3a7a3a65c:0:2,d9dc9f66742ea39569f48bea2599a075674a27a99bededdf7d11d3fbc33c74c9,True,567.5814989954233,17,16191.13232421875,16608.0,,,,,
vanilla,1,33,bb98dd0bceac09d24db1ecb2af549a92:2cf3a7a3a65c:0:3,c45891449e67fbebaa72c55f78b5e89e2ef69d3f86135e99eaae972f41ca37d3,True,596.8899480067194,19,16191.13232421875,16608.0,,,,,
vanilla,1,34,bb98dd0bceac09d24db1ecb2af549a92:2cf3a7a3a65c:0:4,a4b4d1f639310ce5a0af8666d80dea51c299717b38da5a87d48ce3bde0ecf3b5,True,496.11989594995975,12,16191.13232421875,16608.0,,,,,
vanilla,1,35,b877dd782edba758ab429e3ee3de3329:97e16cc551e4:0:0,bcf1436e8a0397586b601d3afcfbd9357f7df58201510a79a21f33dea57905ee,True,698.9255491644144,26,16191.40673828125,16608.0,,,,,
vanilla,1,36,b877dd782edba758ab429e3ee3de3329:97e16cc551e4:0:1,f340e6b096d48731cb6973ce6c1f384848e8a709bc3d7fefbc1375269bb16f66,True,596.4025931898504,19,16191.40673828125,16608.0,,,,,
vanilla,1,37,b877dd782edba758ab429e3ee3de3329:97e16cc551e4:0:2,f340e6b096d48731cb6973ce6c1f384848e8a709bc3d7fefbc1375269bb16f66,True,597.7348838932812,19,16191.40673828125,16608.0,,,,,
vanilla,1,38,b877dd782edba758ab429e3ee3de3329:97e16cc551e4:0:3,2b704dcf2e659e9441eb368463e822d98e8a4b4b0badfa1e02b97c395219bada,True,625.4460441414267,21,16191.40673828125,16608.0,,,,,
vanilla,1,39,b877dd782edba758ab429e3ee3de3329:97e16cc551e4:0:4,9833888f2bcf7baedb3e6d22f7a45d778a3ddb93dc3ee593faf345e015a5527d,True,597.862436901778,19,16191.40673828125,16608.0,,,,,
vanilla,1,40,b877dd782edba758ab429e3ee3de3329:dd7f6c9e007d:0:0,bcf1436e8a0397586b601d3afcfbd9357f7df58201510a79a21f33dea57905ee,True,696.334637934342,26,16191.40673828125,16608.0,,,,,
vanilla,1,41,b877dd782edba758ab429e3ee3de3329:dd7f6c9e007d:0:1,f340e6b096d48731cb6973ce6c1f384848e8a709bc3d7fefbc1375269bb16f66,True,595.2305551618338,19,16191.40673828125,16608.0,,,,,
vanilla,1,42,b877dd782edba758ab429e3ee3de3329:dd7f6c9e007d:0:2,f340e6b096d48731cb6973ce6c1f384848e8a709bc3d7fefbc1375269bb16f66,True,592.2932499088347,19,16191.40673828125,16608.0,,,,,
vanilla,1,43,b877dd782edba758ab429e3ee3de3329:dd7f6c9e007d:0:3,2b704dcf2e659e9441eb368463e822d98e8a4b4b0badfa1e02b97c395219bada,True,626.5904558822513,21,16191.40673828125,16608.0,,,,,
vanilla,1,44,b877dd782edba758ab429e3ee3de3329:dd7f6c9e007d:0:4,9833888f2bcf7baedb3e6d22f7a45d778a3ddb93dc3ee593faf345e015a5527d,True,596.5172981377691,19,16191.40673828125,16608.0,,,,,
vanilla,1,45,4f59fbf51a0a5bfb4dc5af02cf294693:993dac5396a0:0:0,02b2f284846856bbed690c4a4ff41de209848e5b20a5b8e52994ff6008da32c7,True,567.8898971527815,17,16192.0927734375,16608.0,,,,,
vanilla,1,46,4f59fbf51a0a5bfb4dc5af02cf294693:993dac5396a0:0:1,72ce63e97c300b32403763a2e20f5768dbedc981efcd36c58458b7f10991a314,True,510.81033796072006,13,16192.0927734375,16608.0,,,,,
vanilla,1,47,4f59fbf51a0a5bfb4dc5af02cf294693:993dac5396a0:0:2,692a62434ae2815dec74164a4d148a1ad395dbf6653d58fc4ae432a52e892e37,True,569.6101430803537,17,16192.0927734375,16608.0,,,,,
vanilla,1,48,4f59fbf51a0a5bfb4dc5af02cf294693:993dac5396a0:0:3,692a62434ae2815dec74164a4d148a1ad395dbf6653d58fc4ae432a52e892e37,True,567.4150129780173,17,16192.0927734375,16608.0,,,,,
vanilla,1,49,4f59fbf51a0a5bfb4dc5af02cf294693:993dac5396a0:0:4,0cc9fb380cb2bb70003747e1d1b5eddb6239e470e3464f2a6cf9c2ca668b89c3,True,510.6346739921719,13,16192.0927734375,16608.0,,,,,
step_hook,0,0,1a938d25604410ccd63b60285919eaec:c627e50da685:0:0,e042894d371a8df6673730e94e09c16b0c54e157faa37094ac0edd0138322b43,True,494.5915858261287,12,16192.0927734375,16608.0,0,,,,
step_hook,0,1,1a938d25604410ccd63b60285919eaec:c627e50da685:0:1,e042894d371a8df6673730e94e09c16b0c54e157faa37094ac0edd0138322b43,True,494.6109619922936,12,16192.0927734375,16608.0,0,,,,
step_hook,0,2,1a938d25604410ccd63b60285919eaec:c627e50da685:0:2,f5f79da7870b43a425d911d4230cbde81339aaf8976b28d91223d1db1b9dcb91,True,495.18543179146945,12,16192.0927734375,16608.0,0,,,,
step_hook,0,3,1a938d25604410ccd63b60285919eaec:c627e50da685:0:3,82b4934cd2e12dd5597e5e37c746229f9ae763b2251ce7ebf18bfe7be9c79896,True,523.8873260095716,14,16192.0927734375,16608.0,0,,,,
step_hook,0,4,1a938d25604410ccd63b60285919eaec:c627e50da685:0:4,82b4934cd2e12dd5597e5e37c746229f9ae763b2251ce7ebf18bfe7be9c79896,True,525.6773340515792,14,16192.0927734375,16608.0,0,,,,
step_hook,0,5,49cd6149f02ec01ee03a6eb8287ab2df:f982e9dfaf25:0:0,435ddab74d1ce43607ae306954b3988e040a520237c7d35ed4bf195d89590fe9,True,595.3893230762333,19,16191.13232421875,16608.0,0,,,,
step_hook,0,6,49cd6149f02ec01ee03a6eb8287ab2df:f982e9dfaf25:0:1,435ddab74d1ce43607ae306954b3988e040a520237c7d35ed4bf195d89590fe9,True,595.4488581046462,19,16191.13232421875,16608.0,0,,,,
step_hook,0,7,49cd6149f02ec01ee03a6eb8287ab2df:f982e9dfaf25:0:2,73fb32b5e401b3eacb51e7e77bdf04e3b22a04455436b5dd1473893ee8251122,True,437.7937940880656,8,16191.13232421875,16608.0,0,,,,
step_hook,0,8,49cd6149f02ec01ee03a6eb8287ab2df:f982e9dfaf25:0:3,95f301e4834466fadb9df4ae46e1b1c55f14a11d8b92502235741ad28dbdb107,True,538.1620100233704,15,16191.13232421875,16608.0,0,,,,
step_hook,0,9,49cd6149f02ec01ee03a6eb8287ab2df:f982e9dfaf25:0:4,73fb32b5e401b3eacb51e7e77bdf04e3b22a04455436b5dd1473893ee8251122,True,439.8181999567896,8,16191.13232421875,16608.0,0,,,,
step_hook,0,10,49cd6149f02ec01ee03a6eb8287ab2df:81739d7eb99c:0:0,435ddab74d1ce43607ae306954b3988e040a520237c7d35ed4bf195d89590fe9,True,597.1060891170055,19,16191.13232421875,16608.0,0,,,,
step_hook,0,11,49cd6149f02ec01ee03a6eb8287ab2df:81739d7eb99c:0:1,435ddab74d1ce43607ae306954b3988e040a520237c7d35ed4bf195d89590fe9,True,596.1134200915694,19,16191.13232421875,16608.0,0,,,,
step_hook,0,12,49cd6149f02ec01ee03a6eb8287ab2df:81739d7eb99c:0:2,73fb32b5e401b3eacb51e7e77bdf04e3b22a04455436b5dd1473893ee8251122,True,440.60131488367915,8,16191.13232421875,16608.0,0,,,,
step_hook,0,13,49cd6149f02ec01ee03a6eb8287ab2df:81739d7eb99c:0:3,435ddab74d1ce43607ae306954b3988e040a520237c7d35ed4bf195d89590fe9,False,596.9981220550835,19,16191.13232421875,16608.0,0,,,,
step_hook,0,14,49cd6149f02ec01ee03a6eb8287ab2df:81739d7eb99c:0:4,73fb32b5e401b3eacb51e7e77bdf04e3b22a04455436b5dd1473893ee8251122,True,438.51049593649805,8,16191.13232421875,16608.0,0,,,,
step_hook,0,15,c6050fe51d3408b1eaef27e08e7f1956:1458b54ae2f6:0:0,35990225eb4034f560541dca69e3de42af70ee7e6c5a42420c958e689cda2c02,True,464.23016604967415,10,16195.2900390625,16608.0,0,,,,
step_hook,0,16,c6050fe51d3408b1eaef27e08e7f1956:1458b54ae2f6:0:1,aebb1cb50cd9dcc29e137a5616bb2478102285853aed08894b7f12bdcbb1c56f,True,489.9542930070311,12,16195.2900390625,16608.0,0,,,,
step_hook,0,17,c6050fe51d3408b1eaef27e08e7f1956:1458b54ae2f6:0:2,111b8aacdbaf954aebfbd039849710807963f2bd7a68786f9ede013bd58cf416,True,396.48420200683177,5,16195.2900390625,16608.0,0,,,,
step_hook,0,18,c6050fe51d3408b1eaef27e08e7f1956:1458b54ae2f6:0:3,423b972f52fcbc22cc94be5cb64caefa796a5124160f24ec5fab21772249ca14,True,497.15919815935194,12,16195.2900390625,16608.0,0,,,,
step_hook,0,19,c6050fe51d3408b1eaef27e08e7f1956:1458b54ae2f6:0:4,423b972f52fcbc22cc94be5cb64caefa796a5124160f24ec5fab21772249ca14,True,550.1281209290028,12,16195.2900390625,16608.0,0,,,,
step_hook,0,20,c6050fe51d3408b1eaef27e08e7f1956:e4e99a4d6532:0:0,35990225eb4034f560541dca69e3de42af70ee7e6c5a42420c958e689cda2c02,True,473.73643796890974,10,16195.2900390625,16608.0,0,,,,
step_hook,0,21,c6050fe51d3408b1eaef27e08e7f1956:e4e99a4d6532:0:1,aebb1cb50cd9dcc29e137a5616bb2478102285853aed08894b7f12bdcbb1c56f,True,496.67573906481266,12,16195.2900390625,16608.0,0,,,,
step_hook,0,22,c6050fe51d3408b1eaef27e08e7f1956:e4e99a4d6532:0:2,111b8aacdbaf954aebfbd039849710807963f2bd7a68786f9ede013bd58cf416,True,395.9270000923425,5,16195.2900390625,16608.0,0,,,,
step_hook,0,23,c6050fe51d3408b1eaef27e08e7f1956:e4e99a4d6532:0:3,423b972f52fcbc22cc94be5cb64caefa796a5124160f24ec5fab21772249ca14,True,494.5656119380146,12,16195.2900390625,16608.0,0,,,,
step_hook,0,24,c6050fe51d3408b1eaef27e08e7f1956:e4e99a4d6532:0:4,423b972f52fcbc22cc94be5cb64caefa796a5124160f24ec5fab21772249ca14,True,495.0655112043023,12,16195.2900390625,16608.0,0,,,,
step_hook,0,25,bb98dd0bceac09d24db1ecb2af549a92:377f7f0dd150:0:0,855c108ad67905d09ec7c1b0e8aece7c700b88af2a47447b339d06f51ca5f3c1,True,523.0312419589609,14,16191.13232421875,16608.0,0,,,,
step_hook,0,26,bb98dd0bceac09d24db1ecb2af549a92:377f7f0dd150:0:1,345f983c72b415369583c07355d41a5ce238a9e9fc7fe025add55b989f42753c,True,591.9749399181455,19,16191.13232421875,16608.0,0,,,,
step_hook,0,27,bb98dd0bceac09d24db1ecb2af549a92:377f7f0dd150:0:2,d9dc9f66742ea39569f48bea2599a075674a27a99bededdf7d11d3fbc33c74c9,True,567.2504180110991,17,16191.13232421875,16608.0,0,,,,
step_hook,0,28,bb98dd0bceac09d24db1ecb2af549a92:377f7f0dd150:0:3,c45891449e67fbebaa72c55f78b5e89e2ef69d3f86135e99eaae972f41ca37d3,True,597.152756061405,19,16191.13232421875,16608.0,0,,,,
step_hook,0,29,bb98dd0bceac09d24db1ecb2af549a92:377f7f0dd150:0:4,a4b4d1f639310ce5a0af8666d80dea51c299717b38da5a87d48ce3bde0ecf3b5,True,496.50938087143004,12,16191.13232421875,16608.0,0,,,,
step_hook,0,30,bb98dd0bceac09d24db1ecb2af549a92:2cf3a7a3a65c:0:0,855c108ad67905d09ec7c1b0e8aece7c700b88af2a47447b339d06f51ca5f3c1,True,525.3046380821615,14,16191.13232421875,16608.0,0,,,,
step_hook,0,31,bb98dd0bceac09d24db1ecb2af549a92:2cf3a7a3a65c:0:1,345f983c72b415369583c07355d41a5ce238a9e9fc7fe025add55b989f42753c,True,595.4344421625137,19,16191.13232421875,16608.0,0,,,,
step_hook,0,32,bb98dd0bceac09d24db1ecb2af549a92:2cf3a7a3a65c:0:2,d9dc9f66742ea39569f48bea2599a075674a27a99bededdf7d11d3fbc33c74c9,True,568.0690850131214,17,16191.13232421875,16608.0,0,,,,
step_hook,0,33,bb98dd0bceac09d24db1ecb2af549a92:2cf3a7a3a65c:0:3,c45891449e67fbebaa72c55f78b5e89e2ef69d3f86135e99eaae972f41ca37d3,True,597.1020942088217,19,16191.13232421875,16608.0,0,,,,
step_hook,0,34,bb98dd0bceac09d24db1ecb2af549a92:2cf3a7a3a65c:0:4,a4b4d1f639310ce5a0af8666d80dea51c299717b38da5a87d48ce3bde0ecf3b5,True,508.3416060078889,12,16191.13232421875,16608.0,0,,,,
step_hook,0,35,b877dd782edba758ab429e3ee3de3329:97e16cc551e4:0:0,bcf1436e8a0397586b601d3afcfbd9357f7df58201510a79a21f33dea57905ee,True,704.8987508751452,26,16191.40673828125,16608.0,0,,,,
step_hook,0,36,b877dd782edba758ab429e3ee3de3329:97e16cc551e4:0:1,f340e6b096d48731cb6973ce6c1f384848e8a709bc3d7fefbc1375269bb16f66,True,596.1873349733651,19,16191.40673828125,16608.0,0,,,,
step_hook,0,37,b877dd782edba758ab429e3ee3de3329:97e16cc551e4:0:2,f340e6b096d48731cb6973ce6c1f384848e8a709bc3d7fefbc1375269bb16f66,False,604.0179410483688,19,16191.40673828125,16608.0,0,,,,
step_hook,0,38,b877dd782edba758ab429e3ee3de3329:97e16cc551e4:0:3,2b704dcf2e659e9441eb368463e822d98e8a4b4b0badfa1e02b97c395219bada,True,629.3091238476336,21,16191.40673828125,16608.0,0,,,,
step_hook,0,39,b877dd782edba758ab429e3ee3de3329:97e16cc551e4:0:4,9833888f2bcf7baedb3e6d22f7a45d778a3ddb93dc3ee593faf345e015a5527d,True,596.639605006203,19,16191.40673828125,16608.0,0,,,,
step_hook,0,40,b877dd782edba758ab429e3ee3de3329:dd7f6c9e007d:0:0,bcf1436e8a0397586b601d3afcfbd9357f7df58201510a79a21f33dea57905ee,True,695.8772949874401,26,16191.40673828125,16608.0,0,,,,
step_hook,0,41,b877dd782edba758ab429e3ee3de3329:dd7f6c9e007d:0:1,f340e6b096d48731cb6973ce6c1f384848e8a709bc3d7fefbc1375269bb16f66,True,598.1100150384009,19,16191.40673828125,16608.0,0,,,,
step_hook,0,42,b877dd782edba758ab429e3ee3de3329:dd7f6c9e007d:0:2,2b704dcf2e659e9441eb368463e822d98e8a4b4b0badfa1e02b97c395219bada,True,625.9232368320227,21,16191.40673828125,16608.0,0,,,,
step_hook,0,43,b877dd782edba758ab429e3ee3de3329:dd7f6c9e007d:0:3,2b704dcf2e659e9441eb368463e822d98e8a4b4b0badfa1e02b97c395219bada,True,625.9315540082753,21,16191.40673828125,16608.0,0,,,,
step_hook,0,44,b877dd782edba758ab429e3ee3de3329:dd7f6c9e007d:0:4,9833888f2bcf7baedb3e6d22f7a45d778a3ddb93dc3ee593faf345e015a5527d,True,597.1028599888086,19,16191.40673828125,16608.0,0,,,,
step_hook,0,45,4f59fbf51a0a5bfb4dc5af02cf294693:993dac5396a0:0:0,02b2f284846856bbed690c4a4ff41de209848e5b20a5b8e52994ff6008da32c7,True,569.0411480609328,17,16192.0927734375,16608.0,0,,,,
step_hook,0,46,4f59fbf51a0a5bfb4dc5af02cf294693:993dac5396a0:0:1,72ce63e97c300b32403763a2e20f5768dbedc981efcd36c58458b7f10991a314,True,509.1595291160047,13,16192.0927734375,16608.0,0,,,,
step_hook,0,47,4f59fbf51a0a5bfb4dc5af02cf294693:993dac5396a0:0:2,692a62434ae2815dec74164a4d148a1ad395dbf6653d58fc4ae432a52e892e37,True,569.0208689775318,17,16192.0927734375,16608.0,0,,,,
step_hook,0,48,4f59fbf51a0a5bfb4dc5af02cf294693:993dac5396a0:0:3,692a62434ae2815dec74164a4d148a1ad395dbf6653d58fc4ae432a52e892e37,True,572.1898470073938,17,16192.0927734375,16608.0,0,,,,
step_hook,0,49,4f59fbf51a0a5bfb4dc5af02cf294693:993dac5396a0:0:4,e4f0271d7dced0f36c97839e546b1f140f69dfa129a37b04f653f47eb9c2798f,True,495.65630103461444,12,16192.0927734375,16608.0,0,,,,
step_hook,1,0,1a938d25604410ccd63b60285919eaec:c627e50da685:0:0,e042894d371a8df6673730e94e09c16b0c54e157faa37094ac0edd0138322b43,True,497.2339849919081,12,16192.0927734375,16608.0,0,,,,
step_hook,1,1,1a938d25604410ccd63b60285919eaec:c627e50da685:0:1,e042894d371a8df6673730e94e09c16b0c54e157faa37094ac0edd0138322b43,True,496.3600009214133,12,16192.0927734375,16608.0,0,,,,
step_hook,1,2,1a938d25604410ccd63b60285919eaec:c627e50da685:0:2,f5f79da7870b43a425d911d4230cbde81339aaf8976b28d91223d1db1b9dcb91,True,497.73653387092054,12,16192.0927734375,16608.0,0,,,,
step_hook,1,3,1a938d25604410ccd63b60285919eaec:c627e50da685:0:3,82b4934cd2e12dd5597e5e37c746229f9ae763b2251ce7ebf18bfe7be9c79896,True,526.5038281213492,14,16192.0927734375,16608.0,0,,,,
step_hook,1,4,1a938d25604410ccd63b60285919eaec:c627e50da685:0:4,82b4934cd2e12dd5597e5e37c746229f9ae763b2251ce7ebf18bfe7be9c79896,True,524.4721681810915,14,16192.0927734375,16608.0,0,,,,
step_hook,1,5,49cd6149f02ec01ee03a6eb8287ab2df:f982e9dfaf25:0:0,435ddab74d1ce43607ae306954b3988e040a520237c7d35ed4bf195d89590fe9,True,597.8797739371657,19,16191.13232421875,16608.0,0,,,,
step_hook,1,6,49cd6149f02ec01ee03a6eb8287ab2df:f982e9dfaf25:0:1,435ddab74d1ce43607ae306954b3988e040a520237c7d35ed4bf195d89590fe9,True,595.8540600258857,19,16191.13232421875,16608.0,0,,,,
step_hook,1,7,49cd6149f02ec01ee03a6eb8287ab2df:f982e9dfaf25:0:2,73fb32b5e401b3eacb51e7e77bdf04e3b22a04455436b5dd1473893ee8251122,True,436.1739051528275,8,16191.13232421875,16608.0,0,,,,
step_hook,1,8,49cd6149f02ec01ee03a6eb8287ab2df:f982e9dfaf25:0:3,435ddab74d1ce43607ae306954b3988e040a520237c7d35ed4bf195d89590fe9,True,590.151634067297,19,16191.13232421875,16608.0,0,,,,
step_hook,1,9,49cd6149f02ec01ee03a6eb8287ab2df:f982e9dfaf25:0:4,73fb32b5e401b3eacb51e7e77bdf04e3b22a04455436b5dd1473893ee8251122,True,438.1809670012444,8,16191.13232421875,16608.0,0,,,,
step_hook,1,10,49cd6149f02ec01ee03a6eb8287ab2df:81739d7eb99c:0:0,435ddab74d1ce43607ae306954b3988e040a520237c7d35ed4bf195d89590fe9,True,596.4788470882922,19,16191.13232421875,16608.0,0,,,,
step_hook,1,11,49cd6149f02ec01ee03a6eb8287ab2df:81739d7eb99c:0:1,435ddab74d1ce43607ae306954b3988e040a520237c7d35ed4bf195d89590fe9,True,597.9595168028027,19,16191.13232421875,16608.0,0,,,,
step_hook,1,12,49cd6149f02ec01ee03a6eb8287ab2df:81739d7eb99c:0:2,73fb32b5e401b3eacb51e7e77bdf04e3b22a04455436b5dd1473893ee8251122,True,436.35387206450105,8,16191.13232421875,16608.0,0,,,,
step_hook,1,13,49cd6149f02ec01ee03a6eb8287ab2df:81739d7eb99c:0:3,95f301e4834466fadb9df4ae46e1b1c55f14a11d8b92502235741ad28dbdb107,False,535.6539040803909,15,16191.13232421875,16608.0,0,,,,
step_hook,1,14,49cd6149f02ec01ee03a6eb8287ab2df:81739d7eb99c:0:4,73fb32b5e401b3eacb51e7e77bdf04e3b22a04455436b5dd1473893ee8251122,True,438.71882697567344,8,16191.13232421875,16608.0,0,,,,
step_hook,1,15,c6050fe51d3408b1eaef27e08e7f1956:1458b54ae2f6:0:0,35990225eb4034f560541dca69e3de42af70ee7e6c5a42420c958e689cda2c02,True,467.42311608977616,10,16195.2900390625,16608.0,0,,,,
step_hook,1,16,c6050fe51d3408b1eaef27e08e7f1956:1458b54ae2f6:0:1,aebb1cb50cd9dcc29e137a5616bb2478102285853aed08894b7f12bdcbb1c56f,True,495.52315496839583,12,16195.2900390625,16608.0,0,,,,
step_hook,1,17,c6050fe51d3408b1eaef27e08e7f1956:1458b54ae2f6:0:2,111b8aacdbaf954aebfbd039849710807963f2bd7a68786f9ede013bd58cf416,True,395.20273404195905,5,16195.2900390625,16608.0,0,,,,
step_hook,1,18,c6050fe51d3408b1eaef27e08e7f1956:1458b54ae2f6:0:3,423b972f52fcbc22cc94be5cb64caefa796a5124160f24ec5fab21772249ca14,True,497.06525984220207,12,16195.2900390625,16608.0,0,,,,
step_hook,1,19,c6050fe51d3408b1eaef27e08e7f1956:1458b54ae2f6:0:4,423b972f52fcbc22cc94be5cb64caefa796a5124160f24ec5fab21772249ca14,True,498.7861178815365,12,16195.2900390625,16608.0,0,,,,
step_hook,1,20,c6050fe51d3408b1eaef27e08e7f1956:e4e99a4d6532:0:0,35990225eb4034f560541dca69e3de42af70ee7e6c5a42420c958e689cda2c02,True,467.0669019687921,10,16195.2900390625,16608.0,0,,,,
step_hook,1,21,c6050fe51d3408b1eaef27e08e7f1956:e4e99a4d6532:0:1,aebb1cb50cd9dcc29e137a5616bb2478102285853aed08894b7f12bdcbb1c56f,True,495.7556859590113,12,16195.2900390625,16608.0,0,,,,
step_hook,1,22,c6050fe51d3408b1eaef27e08e7f1956:e4e99a4d6532:0:2,111b8aacdbaf954aebfbd039849710807963f2bd7a68786f9ede013bd58cf416,True,393.8785509672016,5,16195.2900390625,16608.0,0,,,,
step_hook,1,23,c6050fe51d3408b1eaef27e08e7f1956:e4e99a4d6532:0:3,423b972f52fcbc22cc94be5cb64caefa796a5124160f24ec5fab21772249ca14,True,494.8054489213973,12,16195.2900390625,16608.0,0,,,,
step_hook,1,24,c6050fe51d3408b1eaef27e08e7f1956:e4e99a4d6532:0:4,423b972f52fcbc22cc94be5cb64caefa796a5124160f24ec5fab21772249ca14,True,490.96324294805527,12,16195.2900390625,16608.0,0,,,,
step_hook,1,25,bb98dd0bceac09d24db1ecb2af549a92:377f7f0dd150:0:0,855c108ad67905d09ec7c1b0e8aece7c700b88af2a47447b339d06f51ca5f3c1,True,521.2996979244053,14,16191.13232421875,16608.0,0,,,,
step_hook,1,26,bb98dd0bceac09d24db1ecb2af549a92:377f7f0dd150:0:1,345f983c72b415369583c07355d41a5ce238a9e9fc7fe025add55b989f42753c,True,596.1228779051453,19,16191.13232421875,16608.0,0,,,,
step_hook,1,27,bb98dd0bceac09d24db1ecb2af549a92:377f7f0dd150:0:2,d9dc9f66742ea39569f48bea2599a075674a27a99bededdf7d11d3fbc33c74c9,True,570.6922220997512,17,16191.13232421875,16608.0,0,,,,
step_hook,1,28,bb98dd0bceac09d24db1ecb2af549a92:377f7f0dd150:0:3,c45891449e67fbebaa72c55f78b5e89e2ef69d3f86135e99eaae972f41ca37d3,True,596.2218409404159,19,16191.13232421875,16608.0,0,,,,
step_hook,1,29,bb98dd0bceac09d24db1ecb2af549a92:377f7f0dd150:0:4,a4b4d1f639310ce5a0af8666d80dea51c299717b38da5a87d48ce3bde0ecf3b5,True,497.44817800819874,12,16191.13232421875,16608.0,0,,,,
step_hook,1,30,bb98dd0bceac09d24db1ecb2af549a92:2cf3a7a3a65c:0:0,855c108ad67905d09ec7c1b0e8aece7c700b88af2a47447b339d06f51ca5f3c1,True,525.4330330062658,14,16191.13232421875,16608.0,0,,,,
step_hook,1,31,bb98dd0bceac09d24db1ecb2af549a92:2cf3a7a3a65c:0:1,345f983c72b415369583c07355d41a5ce238a9e9fc7fe025add55b989f42753c,True,597.3308149259537,19,16191.13232421875,16608.0,0,,,,
step_hook,1,32,bb98dd0bceac09d24db1ecb2af549a92:2cf3a7a3a65c:0:2,d9dc9f66742ea39569f48bea2599a075674a27a99bededdf7d11d3fbc33c74c9,True,568.6218221671879,17,16191.13232421875,16608.0,0,,,,
step_hook,1,33,bb98dd0bceac09d24db1ecb2af549a92:2cf3a7a3a65c:0:3,c45891449e67fbebaa72c55f78b5e89e2ef69d3f86135e99eaae972f41ca37d3,True,597.6716580335051,19,16191.13232421875,16608.0,0,,,,
step_hook,1,34,bb98dd0bceac09d24db1ecb2af549a92:2cf3a7a3a65c:0:4,a4b4d1f639310ce5a0af8666d80dea51c299717b38da5a87d48ce3bde0ecf3b5,True,496.3777610100806,12,16191.13232421875,16608.0,0,,,,
step_hook,1,35,b877dd782edba758ab429e3ee3de3329:97e16cc551e4:0:0,bcf1436e8a0397586b601d3afcfbd9357f7df58201510a79a21f33dea57905ee,True,696.6946588363498,26,16191.40673828125,16608.0,0,,,,
step_hook,1,36,b877dd782edba758ab429e3ee3de3329:97e16cc551e4:0:1,f340e6b096d48731cb6973ce6c1f384848e8a709bc3d7fefbc1375269bb16f66,True,593.8790100626647,19,16191.40673828125,16608.0,0,,,,
step_hook,1,37,b877dd782edba758ab429e3ee3de3329:97e16cc551e4:0:2,f340e6b096d48731cb6973ce6c1f384848e8a709bc3d7fefbc1375269bb16f66,True,595.0747588649392,19,16191.40673828125,16608.0,0,,,,
step_hook,1,38,b877dd782edba758ab429e3ee3de3329:97e16cc551e4:0:3,2b704dcf2e659e9441eb368463e822d98e8a4b4b0badfa1e02b97c395219bada,True,622.3122358787805,21,16191.40673828125,16608.0,0,,,,
step_hook,1,39,b877dd782edba758ab429e3ee3de3329:97e16cc551e4:0:4,9833888f2bcf7baedb3e6d22f7a45d778a3ddb93dc3ee593faf345e015a5527d,True,595.4550560563803,19,16191.40673828125,16608.0,0,,,,
step_hook,1,40,b877dd782edba758ab429e3ee3de3329:dd7f6c9e007d:0:0,bcf1436e8a0397586b601d3afcfbd9357f7df58201510a79a21f33dea57905ee,True,699.9767739325762,26,16191.40673828125,16608.0,0,,,,
step_hook,1,41,b877dd782edba758ab429e3ee3de3329:dd7f6c9e007d:0:1,f340e6b096d48731cb6973ce6c1f384848e8a709bc3d7fefbc1375269bb16f66,True,597.761461045593,19,16191.40673828125,16608.0,0,,,,
step_hook,1,42,b877dd782edba758ab429e3ee3de3329:dd7f6c9e007d:0:2,2b704dcf2e659e9441eb368463e822d98e8a4b4b0badfa1e02b97c395219bada,False,624.8858920298517,21,16191.40673828125,16608.0,0,,,,
step_hook,1,43,b877dd782edba758ab429e3ee3de3329:dd7f6c9e007d:0:3,2b704dcf2e659e9441eb368463e822d98e8a4b4b0badfa1e02b97c395219bada,True,625.2299852203578,21,16191.40673828125,16608.0,0,,,,
step_hook,1,44,b877dd782edba758ab429e3ee3de3329:dd7f6c9e007d:0:4,9833888f2bcf7baedb3e6d22f7a45d778a3ddb93dc3ee593faf345e015a5527d,True,595.3170720022172,19,16191.40673828125,16608.0,0,,,,
step_hook,1,45,4f59fbf51a0a5bfb4dc5af02cf294693:993dac5396a0:0:0,02b2f284846856bbed690c4a4ff41de209848e5b20a5b8e52994ff6008da32c7,True,566.8767441529781,17,16192.0927734375,16608.0,0,,,,
step_hook,1,46,4f59fbf51a0a5bfb4dc5af02cf294693:993dac5396a0:0:1,72ce63e97c300b32403763a2e20f5768dbedc981efcd36c58458b7f10991a314,True,504.43938886746764,13,16192.0927734375,16608.0,0,,,,
step_hook,1,47,4f59fbf51a0a5bfb4dc5af02cf294693:993dac5396a0:0:2,692a62434ae2815dec74164a4d148a1ad395dbf6653d58fc4ae432a52e892e37,True,568.6856978572905,17,16192.0927734375,16608.0,0,,,,
step_hook,1,48,4f59fbf51a0a5bfb4dc5af02cf294693:993dac5396a0:0:3,692a62434ae2815dec74164a4d148a1ad395dbf6653d58fc4ae432a52e892e37,True,568.7954681925476,17,16192.0927734375,16608.0,0,,,,
step_hook,1,49,4f59fbf51a0a5bfb4dc5af02cf294693:993dac5396a0:0:4,0cc9fb380cb2bb70003747e1d1b5eddb6239e470e3464f2a6cf9c2ca668b89c3,True,509.5297850202769,13,16192.0927734375,16608.0,0,,,,
monitor,0,0,1a938d25604410ccd63b60285919eaec:c627e50da685:0:0,e042894d371a8df6673730e94e09c16b0c54e157faa37094ac0edd0138322b43,True,497.808868996799,12,16192.96875,16608.0,2,346.9481719657779,146.70996298082173,,
monitor,0,1,1a938d25604410ccd63b60285919eaec:c627e50da685:0:1,e042894d371a8df6673730e94e09c16b0c54e157faa37094ac0edd0138322b43,True,499.51071897521615,12,16192.96875,16608.0,2,354.0376629680395,146.29237004555762,,
monitor,0,2,1a938d25604410ccd63b60285919eaec:c627e50da685:0:2,f5f79da7870b43a425d911d4230cbde81339aaf8976b28d91223d1db1b9dcb91,True,494.7065741289407,12,16192.96875,16608.0,2,348.63831801339984,146.35780197568238,,
monitor,0,3,1a938d25604410ccd63b60285919eaec:c627e50da685:0:3,82b4934cd2e12dd5597e5e37c746229f9ae763b2251ce7ebf18bfe7be9c79896,True,527.1223259624094,14,16192.96875,16608.0,2,352.4089469574392,146.09348913654685,,
monitor,0,4,1a938d25604410ccd63b60285919eaec:c627e50da685:0:4,82b4934cd2e12dd5597e5e37c746229f9ae763b2251ce7ebf18bfe7be9c79896,True,529.0230009704828,14,16192.96875,16608.0,2,350.33762198872864,146.25062211416662,,
monitor,0,5,49cd6149f02ec01ee03a6eb8287ab2df:f982e9dfaf25:0:0,435ddab74d1ce43607ae306954b3988e040a520237c7d35ed4bf195d89590fe9,True,598.2007549609989,19,16192.00830078125,16608.0,2,352.2263718768954,146.25710691325366,,
monitor,0,6,49cd6149f02ec01ee03a6eb8287ab2df:f982e9dfaf25:0:1,435ddab74d1ce43607ae306954b3988e040a520237c7d35ed4bf195d89590fe9,True,598.796583013609,19,16192.00830078125,16608.0,2,348.8232858944684,145.925102988258,,
monitor,0,7,49cd6149f02ec01ee03a6eb8287ab2df:f982e9dfaf25:0:2,73fb32b5e401b3eacb51e7e77bdf04e3b22a04455436b5dd1473893ee8251122,True,438.41373710893095,8,16192.00830078125,16608.0,2,350.78716510906816,146.360405953601,,
monitor,0,8,49cd6149f02ec01ee03a6eb8287ab2df:f982e9dfaf25:0:3,435ddab74d1ce43607ae306954b3988e040a520237c7d35ed4bf195d89590fe9,False,600.53770407103,19,16192.00830078125,16608.0,2,350.13021412305534,145.85163304582238,,
monitor,0,9,49cd6149f02ec01ee03a6eb8287ab2df:f982e9dfaf25:0:4,73fb32b5e401b3eacb51e7e77bdf04e3b22a04455436b5dd1473893ee8251122,True,438.876522006467,8,16192.00830078125,16608.0,2,351.79881984367967,145.7879808731377,,
monitor,0,10,49cd6149f02ec01ee03a6eb8287ab2df:81739d7eb99c:0:0,435ddab74d1ce43607ae306954b3988e040a520237c7d35ed4bf195d89590fe9,True,597.4702930543572,19,16192.00830078125,16608.0,2,351.44153190776706,145.8692338783294,,
monitor,0,11,49cd6149f02ec01ee03a6eb8287ab2df:81739d7eb99c:0:1,435ddab74d1ce43607ae306954b3988e040a520237c7d35ed4bf195d89590fe9,True,590.2541109826416,19,16192.00830078125,16608.0,2,344.15934910066426,142.59209693409503,,
monitor,0,12,49cd6149f02ec01ee03a6eb8287ab2df:81739d7eb99c:0:2,73fb32b5e401b3eacb51e7e77bdf04e3b22a04455436b5dd1473893ee8251122,True,440.401062136516,8,16192.00830078125,16608.0,2,348.06694416329265,146.2802600581199,,
monitor,0,13,49cd6149f02ec01ee03a6eb8287ab2df:81739d7eb99c:0:3,435ddab74d1ce43607ae306954b3988e040a520237c7d35ed4bf195d89590fe9,False,601.5817089937627,19,16192.00830078125,16608.0,2,351.10222292132676,145.86612698622048,,
monitor,0,14,49cd6149f02ec01ee03a6eb8287ab2df:81739d7eb99c:0:4,73fb32b5e401b3eacb51e7e77bdf04e3b22a04455436b5dd1473893ee8251122,True,440.3059179894626,8,16192.00830078125,16608.0,2,352.5294600985944,150.6329970434308,,
monitor,0,15,c6050fe51d3408b1eaef27e08e7f1956:1458b54ae2f6:0:0,35990225eb4034f560541dca69e3de42af70ee7e6c5a42420c958e689cda2c02,True,469.81495595537126,10,16196.166015625,16608.0,2,353.50264399312437,146.36346697807312,,
monitor,0,16,c6050fe51d3408b1eaef27e08e7f1956:1458b54ae2f6:0:1,aebb1cb50cd9dcc29e137a5616bb2478102285853aed08894b7f12bdcbb1c56f,True,497.71586107090116,12,16196.166015625,16608.0,2,348.86234207078815,146.20481594465673,,
monitor,0,17,c6050fe51d3408b1eaef27e08e7f1956:1458b54ae2f6:0:2,111b8aacdbaf954aebfbd039849710807963f2bd7a68786f9ede013bd58cf416,True,390.22508496418595,5,16196.166015625,16608.0,2,341.92256280221045,146.73371892422438,,
monitor,0,18,c6050fe51d3408b1eaef27e08e7f1956:1458b54ae2f6:0:3,423b972f52fcbc22cc94be5cb64caefa796a5124160f24ec5fab21772249ca14,True,491.8624069541693,12,16196.166015625,16608.0,2,346.790730021894,146.51522017084062,,
monitor,0,19,c6050fe51d3408b1eaef27e08e7f1956:1458b54ae2f6:0:4,423b972f52fcbc22cc94be5cb64caefa796a5124160f24ec5fab21772249ca14,True,495.6815498881042,12,16196.166015625,16608.0,2,350.69502401165664,146.18418901227415,,
monitor,0,20,c6050fe51d3408b1eaef27e08e7f1956:e4e99a4d6532:0:0,35990225eb4034f560541dca69e3de42af70ee7e6c5a42420c958e689cda2c02,True,469.4268321618438,10,16196.166015625,16608.0,2,348.01413118839264,146.3408130221069,,
monitor,0,21,c6050fe51d3408b1eaef27e08e7f1956:e4e99a4d6532:0:1,aebb1cb50cd9dcc29e137a5616bb2478102285853aed08894b7f12bdcbb1c56f,True,499.8564380221069,12,16196.166015625,16608.0,2,350.28352797962725,146.26746391877532,,
monitor,0,22,c6050fe51d3408b1eaef27e08e7f1956:e4e99a4d6532:0:2,111b8aacdbaf954aebfbd039849710807963f2bd7a68786f9ede013bd58cf416,True,394.50990105979145,5,16196.166015625,16608.0,2,350.3319181036204,146.43182000145316,,
monitor,0,23,c6050fe51d3408b1eaef27e08e7f1956:e4e99a4d6532:0:3,423b972f52fcbc22cc94be5cb64caefa796a5124160f24ec5fab21772249ca14,True,496.6191379353404,12,16196.166015625,16608.0,2,350.5791889037937,151.21660381555557,,
monitor,0,24,c6050fe51d3408b1eaef27e08e7f1956:e4e99a4d6532:0:4,423b972f52fcbc22cc94be5cb64caefa796a5124160f24ec5fab21772249ca14,True,497.0900460612029,12,16196.166015625,16608.0,2,351.76887502893806,146.09676995314658,,
monitor,0,25,bb98dd0bceac09d24db1ecb2af549a92:377f7f0dd150:0:0,855c108ad67905d09ec7c1b0e8aece7c700b88af2a47447b339d06f51ca5f3c1,True,527.2280669305474,14,16192.00830078125,16608.0,2,352.80326497741044,146.29380498081446,,
monitor,0,26,bb98dd0bceac09d24db1ecb2af549a92:377f7f0dd150:0:1,345f983c72b415369583c07355d41a5ce238a9e9fc7fe025add55b989f42753c,True,600.2111830748618,19,16192.00830078125,16608.0,2,348.3646020758897,146.63217798806727,,
monitor,0,27,bb98dd0bceac09d24db1ecb2af549a92:377f7f0dd150:0:2,d9dc9f66742ea39569f48bea2599a075674a27a99bededdf7d11d3fbc33c74c9,True,569.5950940717012,17,16192.00830078125,16608.0,2,349.24170607700944,146.07194694690406,,
monitor,0,28,bb98dd0bceac09d24db1ecb2af549a92:377f7f0dd150:0:3,c45891449e67fbebaa72c55f78b5e89e2ef69d3f86135e99eaae972f41ca37d3,True,598.6901381984353,19,16192.00830078125,16608.0,2,348.6114831175655,145.8185960073024,,
monitor,0,29,bb98dd0bceac09d24db1ecb2af549a92:377f7f0dd150:0:4,a4b4d1f639310ce5a0af8666d80dea51c299717b38da5a87d48ce3bde0ecf3b5,True,497.047889046371,12,16192.00830078125,16608.0,2,348.75165298581123,145.70707804523408,,
monitor,0,30,bb98dd0bceac09d24db1ecb2af549a92:2cf3a7a3a65c:0:0,855c108ad67905d09ec7c1b0e8aece7c700b88af2a47447b339d06f51ca5f3c1,True,527.3514438886195,14,16192.00830078125,16608.0,2,348.7364109605551,146.06022695079446,,
monitor,0,31,bb98dd0bceac09d24db1ecb2af549a92:2cf3a7a3a65c:0:1,345f983c72b415369583c07355d41a5ce238a9e9fc7fe025add55b989f42753c,True,596.5396340470761,19,16192.00830078125,16608.0,2,350.93489615246654,146.034121979028,,
monitor,0,32,bb98dd0bceac09d24db1ecb2af549a92:2cf3a7a3a65c:0:2,d9dc9f66742ea39569f48bea2599a075674a27a99bededdf7d11d3fbc33c74c9,True,569.6728988550603,17,16192.00830078125,16608.0,2,352.2129619959742,145.7394240424037,,
monitor,0,33,bb98dd0bceac09d24db1ecb2af549a92:2cf3a7a3a65c:0:3,c45891449e67fbebaa72c55f78b5e89e2ef69d3f86135e99eaae972f41ca37d3,True,596.833704970777,19,16192.00830078125,16608.0,2,347.04496897757053,146.25960704870522,,
monitor,0,34,bb98dd0bceac09d24db1ecb2af549a92:2cf3a7a3a65c:0:4,a4b4d1f639310ce5a0af8666d80dea51c299717b38da5a87d48ce3bde0ecf3b5,True,496.0315169300884,12,16192.00830078125,16608.0,2,346.5592300053686,146.1328179575503,,
monitor,0,35,b877dd782edba758ab429e3ee3de3329:97e16cc551e4:0:0,bcf1436e8a0397586b601d3afcfbd9357f7df58201510a79a21f33dea57905ee,True,699.0049639716744,26,16192.28271484375,16608.0,2,346.73313493840396,146.30421693436801,,
monitor,0,36,b877dd782edba758ab429e3ee3de3329:97e16cc551e4:0:1,f340e6b096d48731cb6973ce6c1f384848e8a709bc3d7fefbc1375269bb16f66,True,598.94332382828,19,16192.28271484375,16608.0,2,352.81514283269644,146.05772588402033,,
monitor,0,37,b877dd782edba758ab429e3ee3de3329:97e16cc551e4:0:2,2b704dcf2e659e9441eb368463e822d98e8a4b4b0badfa1e02b97c395219bada,True,626.3223318383098,21,16192.28271484375,16608.0,2,352.2173799574375,145.8225140813738,,
monitor,0,38,b877dd782edba758ab429e3ee3de3329:97e16cc551e4:0:3,2b704dcf2e659e9441eb368463e822d98e8a4b4b0badfa1e02b97c395219bada,True,620.9561170544475,21,16192.28271484375,16608.0,2,346.5152089484036,145.7549468614161,,
monitor,0,39,b877dd782edba758ab429e3ee3de3329:97e16cc551e4:0:4,9833888f2bcf7baedb3e6d22f7a45d778a3ddb93dc3ee593faf345e015a5527d,True,599.6656189672649,19,16192.28271484375,16608.0,2,347.4987749941647,145.99375799298286,,
monitor,0,40,b877dd782edba758ab429e3ee3de3329:dd7f6c9e007d:0:0,bcf1436e8a0397586b601d3afcfbd9357f7df58201510a79a21f33dea57905ee,True,699.3983190041035,26,16192.28271484375,16608.0,2,351.56102012842894,146.19899704121053,,
monitor,0,41,b877dd782edba758ab429e3ee3de3329:dd7f6c9e007d:0:1,f340e6b096d48731cb6973ce6c1f384848e8a709bc3d7fefbc1375269bb16f66,True,600.7519329432398,19,16192.28271484375,16608.0,2,353.4217160195112,146.13932115025818,,
monitor,0,42,b877dd782edba758ab429e3ee3de3329:dd7f6c9e007d:0:2,2b704dcf2e659e9441eb368463e822d98e8a4b4b0badfa1e02b97c395219bada,True,635.3231109678745,21,16192.28271484375,16608.0,2,347.2770289517939,146.29272208549082,,
monitor,0,43,b877dd782edba758ab429e3ee3de3329:dd7f6c9e007d:0:3,2b704dcf2e659e9441eb368463e822d98e8a4b4b0badfa1e02b97c395219bada,True,626.2341139372438,21,16192.28271484375,16608.0,2,352.368496125564,145.91360301710665,,
monitor,0,44,b877dd782edba758ab429e3ee3de3329:dd7f6c9e007d:0:4,9833888f2bcf7baedb3e6d22f7a45d778a3ddb93dc3ee593faf345e015a5527d,True,596.6587970033288,19,16192.28271484375,16608.0,2,350.3133801277727,146.08555706217885,,
monitor,0,45,4f59fbf51a0a5bfb4dc5af02cf294693:993dac5396a0:0:0,02b2f284846856bbed690c4a4ff41de209848e5b20a5b8e52994ff6008da32c7,True,573.5400000121444,17,16192.96875,16608.0,2,355.3051289636642,146.4358300436288,,
monitor,0,46,4f59fbf51a0a5bfb4dc5af02cf294693:993dac5396a0:0:1,72ce63e97c300b32403763a2e20f5768dbedc981efcd36c58458b7f10991a314,True,514.4554788712412,13,16192.96875,16608.0,2,354.08788989298046,146.3346069213003,,
monitor,0,47,4f59fbf51a0a5bfb4dc5af02cf294693:993dac5396a0:0:2,692a62434ae2815dec74164a4d148a1ad395dbf6653d58fc4ae432a52e892e37,True,570.9634888917208,17,16192.96875,16608.0,2,353.0377869028598,146.42069907858968,,
monitor,0,48,4f59fbf51a0a5bfb4dc5af02cf294693:993dac5396a0:0:3,692a62434ae2815dec74164a4d148a1ad395dbf6653d58fc4ae432a52e892e37,True,569.4498580414802,17,16192.96875,16608.0,2,346.73799807205796,146.89175598323345,,
monitor,0,49,4f59fbf51a0a5bfb4dc5af02cf294693:993dac5396a0:0:4,e4f0271d7dced0f36c97839e546b1f140f69dfa129a37b04f653f47eb9c2798f,True,499.4540801271796,12,16192.96875,16608.0,2,353.5567980725318,146.67014894075692,,
monitor,1,0,1a938d25604410ccd63b60285919eaec:c627e50da685:0:0,e042894d371a8df6673730e94e09c16b0c54e157faa37094ac0edd0138322b43,True,498.1068589258939,12,16192.96875,16608.0,2,352.38320706412196,147.24081195890903,,
monitor,1,1,1a938d25604410ccd63b60285919eaec:c627e50da685:0:1,e042894d371a8df6673730e94e09c16b0c54e157faa37094ac0edd0138322b43,True,499.8856671154499,12,16192.96875,16608.0,2,349.15113216266036,147.01316901482642,,
monitor,1,2,1a938d25604410ccd63b60285919eaec:c627e50da685:0:2,f5f79da7870b43a425d911d4230cbde81339aaf8976b28d91223d1db1b9dcb91,True,496.31922389380634,12,16192.96875,16608.0,2,351.2586939614266,146.55225607566535,,
monitor,1,3,1a938d25604410ccd63b60285919eaec:c627e50da685:0:3,82b4934cd2e12dd5597e5e37c746229f9ae763b2251ce7ebf18bfe7be9c79896,True,529.1607191320509,14,16192.96875,16608.0,2,350.04390007816255,146.3456100318581,,
monitor,1,4,1a938d25604410ccd63b60285919eaec:c627e50da685:0:4,82b4934cd2e12dd5597e5e37c746229f9ae763b2251ce7ebf18bfe7be9c79896,True,527.4843999650329,14,16192.96875,16608.0,2,353.74128608964384,145.9991279989481,,
monitor,1,5,49cd6149f02ec01ee03a6eb8287ab2df:f982e9dfaf25:0:0,435ddab74d1ce43607ae306954b3988e040a520237c7d35ed4bf195d89590fe9,True,597.4254908505827,19,16192.00830078125,16608.0,2,351.3685539364815,145.7355550955981,,
monitor,1,6,49cd6149f02ec01ee03a6eb8287ab2df:f982e9dfaf25:0:1,435ddab74d1ce43607ae306954b3988e040a520237c7d35ed4bf195d89590fe9,True,598.1129419524223,19,16192.00830078125,16608.0,2,351.79318697191775,145.83525410853326,,
monitor,1,7,49cd6149f02ec01ee03a6eb8287ab2df:f982e9dfaf25:0:2,73fb32b5e401b3eacb51e7e77bdf04e3b22a04455436b5dd1473893ee8251122,True,437.7147960476577,8,16192.00830078125,16608.0,2,350.3169559407979,145.9851509425789,,
monitor,1,8,49cd6149f02ec01ee03a6eb8287ab2df:f982e9dfaf25:0:3,435ddab74d1ce43607ae306954b3988e040a520237c7d35ed4bf195d89590fe9,True,599.3007880169898,19,16192.00830078125,16608.0,2,348.4966929536313,146.31868805736303,,
monitor,1,9,49cd6149f02ec01ee03a6eb8287ab2df:f982e9dfaf25:0:4,73fb32b5e401b3eacb51e7e77bdf04e3b22a04455436b5dd1473893ee8251122,True,439.89493208937347,8,16192.00830078125,16608.0,2,352.2710769902915,145.89954796247184,,
monitor,1,10,49cd6149f02ec01ee03a6eb8287ab2df:81739d7eb99c:0:0,435ddab74d1ce43607ae306954b3988e040a520237c7d35ed4bf195d89590fe9,True,600.4400979727507,19,16192.00830078125,16608.0,2,348.5096371732652,146.2791741359979,,
monitor,1,11,49cd6149f02ec01ee03a6eb8287ab2df:81739d7eb99c:0:1,435ddab74d1ce43607ae306954b3988e040a520237c7d35ed4bf195d89590fe9,True,599.1339799948037,19,16192.00830078125,16608.0,2,349.46849290281534,146.0918770171702,,
monitor,1,12,49cd6149f02ec01ee03a6eb8287ab2df:81739d7eb99c:0:2,73fb32b5e401b3eacb51e7e77bdf04e3b22a04455436b5dd1473893ee8251122,True,436.75409303978086,8,16192.00830078125,16608.0,2,345.6818151753396,145.9116681944579,,
monitor,1,13,49cd6149f02ec01ee03a6eb8287ab2df:81739d7eb99c:0:3,435ddab74d1ce43607ae306954b3988e040a520237c7d35ed4bf195d89590fe9,True,596.1662142071873,19,16192.00830078125,16608.0,2,346.07047820463777,146.0095471702516,,
monitor,1,14,49cd6149f02ec01ee03a6eb8287ab2df:81739d7eb99c:0:4,73fb32b5e401b3eacb51e7e77bdf04e3b22a04455436b5dd1473893ee8251122,True,432.4073879979551,8,16192.00830078125,16608.0,2,341.9662939850241,145.06294508464634,,
monitor,1,15,c6050fe51d3408b1eaef27e08e7f1956:1458b54ae2f6:0:0,35990225eb4034f560541dca69e3de42af70ee7e6c5a42420c958e689cda2c02,True,467.5499820150435,10,16196.166015625,16608.0,2,346.31582093425095,145.21848014555871,,
monitor,1,16,c6050fe51d3408b1eaef27e08e7f1956:1458b54ae2f6:0:1,aebb1cb50cd9dcc29e137a5616bb2478102285853aed08894b7f12bdcbb1c56f,True,495.7074529957026,12,16196.166015625,16608.0,2,350.5995301529765,145.40292602032423,,
monitor,1,17,c6050fe51d3408b1eaef27e08e7f1956:1458b54ae2f6:0:2,111b8aacdbaf954aebfbd039849710807963f2bd7a68786f9ede013bd58cf416,True,392.38112000748515,5,16196.166015625,16608.0,2,348.24153198860586,145.6329880747944,,
monitor,1,18,c6050fe51d3408b1eaef27e08e7f1956:1458b54ae2f6:0:3,423b972f52fcbc22cc94be5cb64caefa796a5124160f24ec5fab21772249ca14,True,495.75185496360064,12,16196.166015625,16608.0,2,350.8426770567894,145.15291806310415,,
monitor,1,19,c6050fe51d3408b1eaef27e08e7f1956:1458b54ae2f6:0:4,423b972f52fcbc22cc94be5cb64caefa796a5124160f24ec5fab21772249ca14,True,494.3773620761931,12,16196.166015625,16608.0,2,345.9419140126556,145.03808692097664,,
monitor,1,20,c6050fe51d3408b1eaef27e08e7f1956:e4e99a4d6532:0:0,35990225eb4034f560541dca69e3de42af70ee7e6c5a42420c958e689cda2c02,True,466.8537210673094,10,16196.166015625,16608.0,2,350.79127503558993,145.12593299150467,,
monitor,1,21,c6050fe51d3408b1eaef27e08e7f1956:e4e99a4d6532:0:1,aebb1cb50cd9dcc29e137a5616bb2478102285853aed08894b7f12bdcbb1c56f,True,494.5726119913161,12,16196.166015625,16608.0,2,349.61624490097165,145.63349192030728,,
monitor,1,22,c6050fe51d3408b1eaef27e08e7f1956:e4e99a4d6532:0:2,111b8aacdbaf954aebfbd039849710807963f2bd7a68786f9ede013bd58cf416,True,394.88508296199143,5,16196.166015625,16608.0,2,350.8376139216125,145.431773038581,,
monitor,1,23,c6050fe51d3408b1eaef27e08e7f1956:e4e99a4d6532:0:3,423b972f52fcbc22cc94be5cb64caefa796a5124160f24ec5fab21772249ca14,True,494.310355046764,12,16196.166015625,16608.0,2,349.22034689225256,145.22569486871362,,
monitor,1,24,c6050fe51d3408b1eaef27e08e7f1956:e4e99a4d6532:0:4,423b972f52fcbc22cc94be5cb64caefa796a5124160f24ec5fab21772249ca14,True,495.9488110616803,12,16196.166015625,16608.0,2,348.11382717452943,145.4787862021476,,
monitor,1,25,bb98dd0bceac09d24db1ecb2af549a92:377f7f0dd150:0:0,855c108ad67905d09ec7c1b0e8aece7c700b88af2a47447b339d06f51ca5f3c1,True,521.3714770507067,14,16192.00830078125,16608.0,2,343.47432292997837,145.4186129849404,,
monitor,1,26,bb98dd0bceac09d24db1ecb2af549a92:377f7f0dd150:0:1,345f983c72b415369583c07355d41a5ce238a9e9fc7fe025add55b989f42753c,True,597.2491570282727,19,16192.00830078125,16608.0,2,347.4172151181847,145.16231697052717,,
monitor,1,27,bb98dd0bceac09d24db1ecb2af549a92:377f7f0dd150:0:2,d9dc9f66742ea39569f48bea2599a075674a27a99bededdf7d11d3fbc33c74c9,True,568.5388001147658,17,16192.00830078125,16608.0,2,350.3785969223827,145.2885738108307,,
monitor,1,28,bb98dd0bceac09d24db1ecb2af549a92:377f7f0dd150:0:3,c45891449e67fbebaa72c55f78b5e89e2ef69d3f86135e99eaae972f41ca37d3,True,595.5802139360458,19,16192.00830078125,16608.0,2,349.1231449879706,145.31084802001715,,
monitor,1,29,bb98dd0bceac09d24db1ecb2af549a92:377f7f0dd150:0:4,a4b4d1f639310ce5a0af8666d80dea51c299717b38da5a87d48ce3bde0ecf3b5,True,496.0529771633446,12,16192.00830078125,16608.0,2,350.28148209676147,144.96943703852594,,
monitor,1,30,bb98dd0bceac09d24db1ecb2af549a92:2cf3a7a3a65c:0:0,855c108ad67905d09ec7c1b0e8aece7c700b88af2a47447b339d06f51ca5f3c1,True,522.7658459916711,14,16192.00830078125,16608.0,2,348.5334899742156,145.19172394648194,,
monitor,1,31,bb98dd0bceac09d24db1ecb2af549a92:2cf3a7a3a65c:0:1,345f983c72b415369583c07355d41a5ce238a9e9fc7fe025add55b989f42753c,True,595.1784199569374,19,16192.00830078125,16608.0,2,349.0564259700477,145.13160497881472,,
monitor,1,32,bb98dd0bceac09d24db1ecb2af549a92:2cf3a7a3a65c:0:2,d9dc9f66742ea39569f48bea2599a075674a27a99bededdf7d11d3fbc33c74c9,True,568.0299489758909,17,16192.00830078125,16608.0,2,350.5730258766562,145.08485095575452,,
monitor,1,33,bb98dd0bceac09d24db1ecb2af549a92:2cf3a7a3a65c:0:3,c45891449e67fbebaa72c55f78b5e89e2ef69d3f86135e99eaae972f41ca37d3,True,595.4305839259177,19,16192.00830078125,16608.0,2,348.822986939922,145.1547450851649,,
monitor,1,34,bb98dd0bceac09d24db1ecb2af549a92:2cf3a7a3a65c:0:4,a4b4d1f639310ce5a0af8666d80dea51c299717b38da5a87d48ce3bde0ecf3b5,True,497.02427396550775,12,16192.00830078125,16608.0,2,348.11103297397494,145.45419812202454,,
monitor,1,35,b877dd782edba758ab429e3ee3de3329:97e16cc551e4:0:0,bcf1436e8a0397586b601d3afcfbd9357f7df58201510a79a21f33dea57905ee,True,694.8628011159599,26,16192.28271484375,16608.0,2,346.9983800314367,145.504557993263,,
monitor,1,36,b877dd782edba758ab429e3ee3de3329:97e16cc551e4:0:1,f340e6b096d48731cb6973ce6c1f384848e8a709bc3d7fefbc1375269bb16f66,True,595.1254740357399,19,16192.28271484375,16608.0,2,345.0483630876988,144.85368807800114,,
monitor,1,37,b877dd782edba758ab429e3ee3de3329:97e16cc551e4:0:2,2b704dcf2e659e9441eb368463e822d98e8a4b4b0badfa1e02b97c395219bada,False,623.9753100089729,21,16192.28271484375,16608.0,2,348.4524851664901,144.98736220411956,,
monitor,1,38,b877dd782edba758ab429e3ee3de3329:97e16cc551e4:0:3,2b704dcf2e659e9441eb368463e822d98e8a4b4b0badfa1e02b97c395219bada,True,624.3395099882036,21,16192.28271484375,16608.0,2,348.6693389713764,145.2861400321126,,
monitor,1,39,b877dd782edba758ab429e3ee3de3329:97e16cc551e4:0:4,9833888f2bcf7baedb3e6d22f7a45d778a3ddb93dc3ee593faf345e015a5527d,True,599.6038860175759,19,16192.28271484375,16608.0,2,348.530612885952,145.40669694542885,,
monitor,1,40,b877dd782edba758ab429e3ee3de3329:dd7f6c9e007d:0:0,bcf1436e8a0397586b601d3afcfbd9357f7df58201510a79a21f33dea57905ee,True,698.1890199240297,26,16192.28271484375,16608.0,2,349.4250059593469,145.16337402164936,,
monitor,1,41,b877dd782edba758ab429e3ee3de3329:dd7f6c9e007d:0:1,f340e6b096d48731cb6973ce6c1f384848e8a709bc3d7fefbc1375269bb16f66,True,595.3060311730951,19,16192.28271484375,16608.0,2,345.2485050074756,145.31984995119274,,
monitor,1,42,b877dd782edba758ab429e3ee3de3329:dd7f6c9e007d:0:2,2b704dcf2e659e9441eb368463e822d98e8a4b4b0badfa1e02b97c395219bada,False,619.911674875766,21,16192.28271484375,16608.0,2,343.79034279845655,145.5351240001619,,
monitor,1,43,b877dd782edba758ab429e3ee3de3329:dd7f6c9e007d:0:3,2b704dcf2e659e9441eb368463e822d98e8a4b4b0badfa1e02b97c395219bada,True,626.514578005299,21,16192.28271484375,16608.0,2,348.1512700673193,145.35478712059557,,
monitor,1,44,b877dd782edba758ab429e3ee3de3329:dd7f6c9e007d:0:4,9833888f2bcf7baedb3e6d22f7a45d778a3ddb93dc3ee593faf345e015a5527d,True,595.3357699327171,19,16192.28271484375,16608.0,2,345.3871998935938,144.97238886542618,,
monitor,1,45,4f59fbf51a0a5bfb4dc5af02cf294693:993dac5396a0:0:0,02b2f284846856bbed690c4a4ff41de209848e5b20a5b8e52994ff6008da32c7,True,566.7271381244063,17,16192.96875,16608.0,2,346.2571531999856,145.80859802663326,,
monitor,1,46,4f59fbf51a0a5bfb4dc5af02cf294693:993dac5396a0:0:1,72ce63e97c300b32403763a2e20f5768dbedc981efcd36c58458b7f10991a314,True,509.907929925248,13,16192.96875,16608.0,2,345.67302581854165,146.09510195441544,,
monitor,1,47,4f59fbf51a0a5bfb4dc5af02cf294693:993dac5396a0:0:2,692a62434ae2815dec74164a4d148a1ad395dbf6653d58fc4ae432a52e892e37,True,566.3564209826291,17,16192.96875,16608.0,2,349.0285440348089,145.53506998345256,,
monitor,1,48,4f59fbf51a0a5bfb4dc5af02cf294693:993dac5396a0:0:3,692a62434ae2815dec74164a4d148a1ad395dbf6653d58fc4ae432a52e892e37,True,567.3913538921624,17,16192.96875,16608.0,2,349.3182419333607,145.5069340299815,,
monitor,1,49,4f59fbf51a0a5bfb4dc5af02cf294693:993dac5396a0:0:4,0cc9fb380cb2bb70003747e1d1b5eddb6239e470e3464f2a6cf9c2ca668b89c3,True,509.05862892977893,13,16192.96875,16608.0,2,349.18753313831985,145.53632820025086,,
predictor,0,0,1a938d25604410ccd63b60285919eaec:c627e50da685:0:0,e042894d371a8df6673730e94e09c16b0c54e157faa37094ac0edd0138322b43,True,494.8698189109564,12,16193.2724609375,16608.0,2,349.1290928795934,147.06160593777895,,
predictor,0,1,1a938d25604410ccd63b60285919eaec:c627e50da685:0:1,e042894d371a8df6673730e94e09c16b0c54e157faa37094ac0edd0138322b43,True,493.82691900245845,12,16193.2724609375,16608.0,2,348.17058010958135,147.38409803248942,,
predictor,0,2,1a938d25604410ccd63b60285919eaec:c627e50da685:0:2,f5f79da7870b43a425d911d4230cbde81339aaf8976b28d91223d1db1b9dcb91,True,495.6464529968798,12,16193.2724609375,16608.0,2,350.3478451166302,146.55581512488425,,
predictor,0,3,1a938d25604410ccd63b60285919eaec:c627e50da685:0:3,82b4934cd2e12dd5597e5e37c746229f9ae763b2251ce7ebf18bfe7be9c79896,True,519.7746048215777,14,16193.2724609375,16608.0,2,341.5373919997364,146.69478102587163,,
predictor,0,4,1a938d25604410ccd63b60285919eaec:c627e50da685:0:4,82b4934cd2e12dd5597e5e37c746229f9ae763b2251ce7ebf18bfe7be9c79896,True,526.4910508412868,14,16193.2724609375,16608.0,2,349.2004000581801,146.89184608869255,,
predictor,0,5,49cd6149f02ec01ee03a6eb8287ab2df:f982e9dfaf25:0:0,435ddab74d1ce43607ae306954b3988e040a520237c7d35ed4bf195d89590fe9,True,594.4871630053967,19,16192.31201171875,16608.0,2,348.7536581233144,146.9653530512005,,
predictor,0,6,49cd6149f02ec01ee03a6eb8287ab2df:f982e9dfaf25:0:1,435ddab74d1ce43607ae306954b3988e040a520237c7d35ed4bf195d89590fe9,True,592.3282490111887,19,16192.31201171875,16608.0,2,345.81790305674076,146.80979307740927,,
predictor,0,7,49cd6149f02ec01ee03a6eb8287ab2df:f982e9dfaf25:0:2,73fb32b5e401b3eacb51e7e77bdf04e3b22a04455436b5dd1473893ee8251122,True,432.291051838547,8,16192.31201171875,16608.0,2,341.14393894560635,147.12570514529943,,
predictor,0,8,49cd6149f02ec01ee03a6eb8287ab2df:f982e9dfaf25:0:3,95f301e4834466fadb9df4ae46e1b1c55f14a11d8b92502235741ad28dbdb107,True,540.8888340461999,15,16192.31201171875,16608.0,2,348.4789279755205,146.54559781774879,,
predictor,0,9,49cd6149f02ec01ee03a6eb8287ab2df:f982e9dfaf25:0:4,73fb32b5e401b3eacb51e7e77bdf04e3b22a04455436b5dd1473893ee8251122,True,439.61539515294135,8,16192.31201171875,16608.0,2,348.6452540382743,146.36619691736996,,
predictor,0,10,49cd6149f02ec01ee03a6eb8287ab2df:81739d7eb99c:0:0,435ddab74d1ce43607ae306954b3988e040a520237c7d35ed4bf195d89590fe9,True,597.3328750114888,19,16192.31201171875,16608.0,2,347.27684198878706,146.96999988518655,,
predictor,0,11,49cd6149f02ec01ee03a6eb8287ab2df:81739d7eb99c:0:1,435ddab74d1ce43607ae306954b3988e040a520237c7d35ed4bf195d89590fe9,True,598.3291519805789,19,16192.31201171875,16608.0,2,349.04419304803014,147.03266299329698,,
predictor,0,12,49cd6149f02ec01ee03a6eb8287ab2df:81739d7eb99c:0:2,73fb32b5e401b3eacb51e7e77bdf04e3b22a04455436b5dd1473893ee8251122,True,565.2841860428452,8,16192.31201171875,16608.0,2,477.27778600528836,146.76249003969133,,
predictor,0,13,49cd6149f02ec01ee03a6eb8287ab2df:81739d7eb99c:0:3,95f301e4834466fadb9df4ae46e1b1c55f14a11d8b92502235741ad28dbdb107,True,533.4075300488621,15,16192.31201171875,16608.0,2,343.9857540652156,146.67851314879954,,
predictor,0,14,49cd6149f02ec01ee03a6eb8287ab2df:81739d7eb99c:0:4,73fb32b5e401b3eacb51e7e77bdf04e3b22a04455436b5dd1473893ee8251122,True,432.75836296379566,8,16192.31201171875,16608.0,2,344.74694612435997,146.84784412384033,,
predictor,0,15,c6050fe51d3408b1eaef27e08e7f1956:1458b54ae2f6:0:0,35990225eb4034f560541dca69e3de42af70ee7e6c5a42420c958e689cda2c02,True,468.1780799292028,10,16196.4697265625,16608.0,2,348.4661669936031,147.26881799288094,,
predictor,0,16,c6050fe51d3408b1eaef27e08e7f1956:1458b54ae2f6:0:1,aebb1cb50cd9dcc29e137a5616bb2478102285853aed08894b7f12bdcbb1c56f,True,497.5896440446377,12,16196.4697265625,16608.0,2,349.41670414991677,146.99759799987078,,
predictor,0,17,c6050fe51d3408b1eaef27e08e7f1956:1458b54ae2f6:0:2,111b8aacdbaf954aebfbd039849710807963f2bd7a68786f9ede013bd58cf416,True,392.78979203663766,5,16196.4697265625,16608.0,2,348.5130281187594,147.97746809199452,,
predictor,0,18,c6050fe51d3408b1eaef27e08e7f1956:1458b54ae2f6:0:3,423b972f52fcbc22cc94be5cb64caefa796a5124160f24ec5fab21772249ca14,True,490.8800721168518,12,16196.4697265625,16608.0,2,345.00176506116986,147.38996396772563,,
predictor,0,19,c6050fe51d3408b1eaef27e08e7f1956:1458b54ae2f6:0:4,423b972f52fcbc22cc94be5cb64caefa796a5124160f24ec5fab21772249ca14,True,499.034859938547,12,16196.4697265625,16608.0,2,353.38149685412645,146.97027299553156,,
predictor,0,20,c6050fe51d3408b1eaef27e08e7f1956:e4e99a4d6532:0:0,35990225eb4034f560541dca69e3de42af70ee7e6c5a42420c958e689cda2c02,True,467.35285804606974,10,16196.4697265625,16608.0,2,350.1256559975445,147.47468708083034,,
predictor,0,21,c6050fe51d3408b1eaef27e08e7f1956:e4e99a4d6532:0:1,aebb1cb50cd9dcc29e137a5616bb2478102285853aed08894b7f12bdcbb1c56f,True,499.77889005094767,12,16196.4697265625,16608.0,2,350.52293189801276,147.2114068455994,,
predictor,0,22,c6050fe51d3408b1eaef27e08e7f1956:e4e99a4d6532:0:2,111b8aacdbaf954aebfbd039849710807963f2bd7a68786f9ede013bd58cf416,True,395.33820119686425,5,16196.4697265625,16608.0,2,350.77574709430337,146.899389103055,,
predictor,0,23,c6050fe51d3408b1eaef27e08e7f1956:e4e99a4d6532:0:3,423b972f52fcbc22cc94be5cb64caefa796a5124160f24ec5fab21772249ca14,True,500.56869396939874,12,16196.4697265625,16608.0,2,350.14938306994736,147.77118619531393,,
predictor,0,24,c6050fe51d3408b1eaef27e08e7f1956:e4e99a4d6532:0:4,423b972f52fcbc22cc94be5cb64caefa796a5124160f24ec5fab21772249ca14,True,497.27841280400753,12,16196.4697265625,16608.0,2,348.1456299778074,146.91644604317844,,
predictor,0,25,bb98dd0bceac09d24db1ecb2af549a92:377f7f0dd150:0:0,855c108ad67905d09ec7c1b0e8aece7c700b88af2a47447b339d06f51ca5f3c1,True,526.5946721192449,14,16192.31201171875,16608.0,2,350.7581639569253,147.0485059544444,,
predictor,0,26,bb98dd0bceac09d24db1ecb2af549a92:377f7f0dd150:0:1,345f983c72b415369583c07355d41a5ce238a9e9fc7fe025add55b989f42753c,True,602.3090220987797,19,16192.31201171875,16608.0,2,349.95759394951165,147.04822795465589,,
predictor,0,27,bb98dd0bceac09d24db1ecb2af549a92:377f7f0dd150:0:2,d9dc9f66742ea39569f48bea2599a075674a27a99bededdf7d11d3fbc33c74c9,True,569.881651783362,17,16192.31201171875,16608.0,2,349.9843718018383,146.74592181108892,,
predictor,0,28,bb98dd0bceac09d24db1ecb2af549a92:377f7f0dd150:0:3,c45891449e67fbebaa72c55f78b5e89e2ef69d3f86135e99eaae972f41ca37d3,True,594.4676590152085,19,16192.31201171875,16608.0,2,343.3870039880276,146.87995915301144,,
predictor,0,29,bb98dd0bceac09d24db1ecb2af549a92:377f7f0dd150:0:4,a4b4d1f639310ce5a0af8666d80dea51c299717b38da5a87d48ce3bde0ecf3b5,True,496.8134069349617,12,16192.31201171875,16608.0,2,350.6192828062922,146.85761299915612,,
predictor,0,30,bb98dd0bceac09d24db1ecb2af549a92:2cf3a7a3a65c:0:0,855c108ad67905d09ec7c1b0e8aece7c700b88af2a47447b339d06f51ca5f3c1,True,527.4115761276335,14,16192.31201171875,16608.0,2,349.4255959521979,147.03274401836097,,
predictor,0,31,bb98dd0bceac09d24db1ecb2af549a92:2cf3a7a3a65c:0:1,345f983c72b415369583c07355d41a5ce238a9e9fc7fe025add55b989f42753c,True,594.6555288974196,19,16192.31201171875,16608.0,2,343.27357285656035,146.93275792524219,,
predictor,0,32,bb98dd0bceac09d24db1ecb2af549a92:2cf3a7a3a65c:0:2,d9dc9f66742ea39569f48bea2599a075674a27a99bededdf7d11d3fbc33c74c9,True,571.4585760142654,17,16192.31201171875,16608.0,2,349.14061706513166,146.60437614656985,,
predictor,0,33,bb98dd0bceac09d24db1ecb2af549a92:2cf3a7a3a65c:0:3,c45891449e67fbebaa72c55f78b5e89e2ef69d3f86135e99eaae972f41ca37d3,True,600.1531209331006,19,16192.31201171875,16608.0,2,349.34188099578023,146.7384819407016,,
predictor,0,34,bb98dd0bceac09d24db1ecb2af549a92:2cf3a7a3a65c:0:4,a4b4d1f639310ce5a0af8666d80dea51c299717b38da5a87d48ce3bde0ecf3b5,True,498.00435081124306,12,16192.31201171875,16608.0,2,352.2324529476464,146.80081512778997,,
predictor,0,35,b877dd782edba758ab429e3ee3de3329:97e16cc551e4:0:0,bcf1436e8a0397586b601d3afcfbd9357f7df58201510a79a21f33dea57905ee,True,701.8030621111393,26,16192.58642578125,16608.0,2,350.6634521763772,146.8748301267624,,
predictor,0,36,b877dd782edba758ab429e3ee3de3329:97e16cc551e4:0:1,f340e6b096d48731cb6973ce6c1f384848e8a709bc3d7fefbc1375269bb16f66,True,601.3289329130203,19,16192.58642578125,16608.0,2,349.79760902933776,146.91507001407444,,
predictor,0,37,b877dd782edba758ab429e3ee3de3329:97e16cc551e4:0:2,f340e6b096d48731cb6973ce6c1f384848e8a709bc3d7fefbc1375269bb16f66,False,602.3356430232525,19,16192.58642578125,16608.0,2,350.1290159765631,147.6041020359844,,
predictor,0,38,b877dd782edba758ab429e3ee3de3329:97e16cc551e4:0:3,2b704dcf2e659e9441eb368463e822d98e8a4b4b0badfa1e02b97c395219bada,True,630.3087058477104,21,16192.58642578125,16608.0,2,351.50438686832786,146.94964000955224,,
predictor,0,39,b877dd782edba758ab429e3ee3de3329:97e16cc551e4:0:4,9833888f2bcf7baedb3e6d22f7a45d778a3ddb93dc3ee593faf345e015a5527d,True,602.3924320470542,19,16192.58642578125,16608.0,2,350.30252393335104,147.20659889280796,,
predictor,0,40,b877dd782edba758ab429e3ee3de3329:dd7f6c9e007d:0:0,bcf1436e8a0397586b601d3afcfbd9357f7df58201510a79a21f33dea57905ee,True,700.5743379704654,26,16192.58642578125,16608.0,2,348.8590649794787,147.0473960507661,,
predictor,0,41,b877dd782edba758ab429e3ee3de3329:dd7f6c9e007d:0:1,f340e6b096d48731cb6973ce6c1f384848e8a709bc3d7fefbc1375269bb16f66,True,602.2568680346012,19,16192.58642578125,16608.0,2,349.97486998327076,147.4013898987323,,
predictor,0,42,b877dd782edba758ab429e3ee3de3329:dd7f6c9e007d:0:2,2b704dcf2e659e9441eb368463e822d98e8a4b4b0badfa1e02b97c395219bada,True,627.8411699458957,21,16192.58642578125,16608.0,2,346.70922881923616,146.8651609029621,,
predictor,0,43,b877dd782edba758ab429e3ee3de3329:dd7f6c9e007d:0:3,2b704dcf2e659e9441eb368463e822d98e8a4b4b0badfa1e02b97c395219bada,True,629.1616531088948,21,16192.58642578125,16608.0,2,350.04920116625726,147.05210598185658,,
predictor,0,44,b877dd782edba758ab429e3ee3de3329:dd7f6c9e007d:0:4,9833888f2bcf7baedb3e6d22f7a45d778a3ddb93dc3ee593faf345e015a5527d,True,597.5045189261436,19,16192.58642578125,16608.0,2,344.788677059114,146.75203594379127,,
predictor,0,45,4f59fbf51a0a5bfb4dc5af02cf294693:993dac5396a0:0:0,02b2f284846856bbed690c4a4ff41de209848e5b20a5b8e52994ff6008da32c7,True,569.9914931319654,17,16193.2724609375,16608.0,2,350.7382511161268,147.0562641043216,,
predictor,0,46,4f59fbf51a0a5bfb4dc5af02cf294693:993dac5396a0:0:1,72ce63e97c300b32403763a2e20f5768dbedc981efcd36c58458b7f10991a314,True,513.5375040117651,13,16193.2724609375,16608.0,2,352.68308385275304,147.26548898033798,,
predictor,0,47,4f59fbf51a0a5bfb4dc5af02cf294693:993dac5396a0:0:2,692a62434ae2815dec74164a4d148a1ad395dbf6653d58fc4ae432a52e892e37,True,578.9107708260417,17,16193.2724609375,16608.0,2,350.5744298454374,147.2109858877957,,
predictor,0,48,4f59fbf51a0a5bfb4dc5af02cf294693:993dac5396a0:0:3,692a62434ae2815dec74164a4d148a1ad395dbf6653d58fc4ae432a52e892e37,True,571.4930000249296,17,16193.2724609375,16608.0,2,351.3803619425744,147.39037002436817,,
predictor,0,49,4f59fbf51a0a5bfb4dc5af02cf294693:993dac5396a0:0:4,0cc9fb380cb2bb70003747e1d1b5eddb6239e470e3464f2a6cf9c2ca668b89c3,False,511.6998660378158,13,16193.2724609375,16608.0,2,350.8865060284734,147.21785415895283,,
predictor,1,0,1a938d25604410ccd63b60285919eaec:c627e50da685:0:0,e042894d371a8df6673730e94e09c16b0c54e157faa37094ac0edd0138322b43,True,498.4872229397297,12,16193.2724609375,16608.0,2,351.5737319830805,147.49253098852932,,
predictor,1,1,1a938d25604410ccd63b60285919eaec:c627e50da685:0:1,e042894d371a8df6673730e94e09c16b0c54e157faa37094ac0edd0138322b43,True,498.7095689866692,12,16193.2724609375,16608.0,2,352.01631183736026,147.18712284229696,,
predictor,1,2,1a938d25604410ccd63b60285919eaec:c627e50da685:0:2,f5f79da7870b43a425d911d4230cbde81339aaf8976b28d91223d1db1b9dcb91,True,497.3970151040703,12,16193.2724609375,16608.0,2,347.7293290197849,147.27956801652908,,
predictor,1,3,1a938d25604410ccd63b60285919eaec:c627e50da685:0:3,82b4934cd2e12dd5597e5e37c746229f9ae763b2251ce7ebf18bfe7be9c79896,True,527.6837500277907,14,16193.2724609375,16608.0,2,351.6811770386994,147.30718708597124,,
predictor,1,4,1a938d25604410ccd63b60285919eaec:c627e50da685:0:4,82b4934cd2e12dd5597e5e37c746229f9ae763b2251ce7ebf18bfe7be9c79896,True,526.8001989461482,14,16193.2724609375,16608.0,2,351.26401693560183,147.46833499521017,,
predictor,1,5,49cd6149f02ec01ee03a6eb8287ab2df:f982e9dfaf25:0:0,435ddab74d1ce43607ae306954b3988e040a520237c7d35ed4bf195d89590fe9,True,597.9703180491924,19,16192.31201171875,16608.0,2,350.32729199156165,146.8309338670224,,
predictor,1,6,49cd6149f02ec01ee03a6eb8287ab2df:f982e9dfaf25:0:1,435ddab74d1ce43607ae306954b3988e040a520237c7d35ed4bf195d89590fe9,True,601.4902628958225,19,16192.31201171875,16608.0,2,353.069419041276,146.9520991668105,,
predictor,1,7,49cd6149f02ec01ee03a6eb8287ab2df:f982e9dfaf25:0:2,73fb32b5e401b3eacb51e7e77bdf04e3b22a04455436b5dd1473893ee8251122,True,441.59222207963467,8,16192.31201171875,16608.0,2,353.5518511198461,147.24097913131118,,
predictor,1,8,49cd6149f02ec01ee03a6eb8287ab2df:f982e9dfaf25:0:3,435ddab74d1ce43607ae306954b3988e040a520237c7d35ed4bf195d89590fe9,True,601.6210310626775,19,16192.31201171875,16608.0,2,352.1367679350078,147.17600285075605,,
predictor,1,9,49cd6149f02ec01ee03a6eb8287ab2df:f982e9dfaf25:0:4,73fb32b5e401b3eacb51e7e77bdf04e3b22a04455436b5dd1473893ee8251122,True,440.7891610171646,8,16192.31201171875,16608.0,2,352.50624106265604,147.01440394856036,,
predictor,1,10,49cd6149f02ec01ee03a6eb8287ab2df:81739d7eb99c:0:0,435ddab74d1ce43607ae306954b3988e040a520237c7d35ed4bf195d89590fe9,True,602.1632421761751,19,16192.31201171875,16608.0,2,353.28341322019696,146.93807321600616,,
predictor,1,11,49cd6149f02ec01ee03a6eb8287ab2df:81739d7eb99c:0:1,435ddab74d1ce43607ae306954b3988e040a520237c7d35ed4bf195d89590fe9,True,601.2462999206036,19,16192.31201171875,16608.0,2,349.66156585142016,146.88594499602914,,
predictor,1,12,49cd6149f02ec01ee03a6eb8287ab2df:81739d7eb99c:0:2,73fb32b5e401b3eacb51e7e77bdf04e3b22a04455436b5dd1473893ee8251122,True,440.2988280635327,8,16192.31201171875,16608.0,2,348.94504793919623,146.70966798439622,,
predictor,1,13,49cd6149f02ec01ee03a6eb8287ab2df:81739d7eb99c:0:3,95f301e4834466fadb9df4ae46e1b1c55f14a11d8b92502235741ad28dbdb107,False,542.5884160213172,15,16192.31201171875,16608.0,2,349.3399720173329,146.84310113079846,,
predictor,1,14,49cd6149f02ec01ee03a6eb8287ab2df:81739d7eb99c:0:4,73fb32b5e401b3eacb51e7e77bdf04e3b22a04455436b5dd1473893ee8251122,True,439.136030850932,8,16192.31201171875,16608.0,2,348.26316591352224,146.83179603889585,,
predictor,1,15,c6050fe51d3408b1eaef27e08e7f1956:1458b54ae2f6:0:0,35990225eb4034f560541dca69e3de42af70ee7e6c5a42420c958e689cda2c02,True,470.35982296802104,10,16196.4697265625,16608.0,2,352.9979351442307,147.17973908409476,,
predictor,1,16,c6050fe51d3408b1eaef27e08e7f1956:1458b54ae2f6:0:1,aebb1cb50cd9dcc29e137a5616bb2478102285853aed08894b7f12bdcbb1c56f,True,499.0248440299183,12,16196.4697265625,16608.0,2,352.3419189732522,147.10042905062437,,
predictor,1,17,c6050fe51d3408b1eaef27e08e7f1956:1458b54ae2f6:0:2,111b8aacdbaf954aebfbd039849710807963f2bd7a68786f9ede013bd58cf416,True,398.2783341780305,5,16196.4697265625,16608.0,2,353.79153303802013,147.3374329507351,,
predictor,1,18,c6050fe51d3408b1eaef27e08e7f1956:1458b54ae2f6:0:3,423b972f52fcbc22cc94be5cb64caefa796a5124160f24ec5fab21772249ca14,True,498.314589029178,12,16196.4697265625,16608.0,2,352.0520138554275,147.0601640176028,,
predictor,1,19,c6050fe51d3408b1eaef27e08e7f1956:1458b54ae2f6:0:4,423b972f52fcbc22cc94be5cb64caefa796a5124160f24ec5fab21772249ca14,True,493.71076095849276,12,16196.4697265625,16608.0,2,347.225246950984,147.2405397798866,,
predictor,1,20,c6050fe51d3408b1eaef27e08e7f1956:e4e99a4d6532:0:0,35990225eb4034f560541dca69e3de42af70ee7e6c5a42420c958e689cda2c02,True,461.96103980764747,10,16196.4697265625,16608.0,2,344.6117739658803,147.4265840370208,,
predictor,1,21,c6050fe51d3408b1eaef27e08e7f1956:e4e99a4d6532:0:1,aebb1cb50cd9dcc29e137a5616bb2478102285853aed08894b7f12bdcbb1c56f,True,500.68117398768663,12,16196.4697265625,16608.0,2,354.09495583735406,147.66564592719078,,
predictor,1,22,c6050fe51d3408b1eaef27e08e7f1956:e4e99a4d6532:0:2,111b8aacdbaf954aebfbd039849710807963f2bd7a68786f9ede013bd58cf416,True,396.0993809159845,5,16196.4697265625,16608.0,2,351.6530229244381,147.06555288285017,,
predictor,1,23,c6050fe51d3408b1eaef27e08e7f1956:e4e99a4d6532:0:3,423b972f52fcbc22cc94be5cb64caefa796a5124160f24ec5fab21772249ca14,True,498.53684892877936,12,16196.4697265625,16608.0,2,349.6935029979795,147.0353330951184,,
predictor,1,24,c6050fe51d3408b1eaef27e08e7f1956:e4e99a4d6532:0:4,423b972f52fcbc22cc94be5cb64caefa796a5124160f24ec5fab21772249ca14,True,496.8228980433196,12,16196.4697265625,16608.0,2,347.8959419298917,146.95987687446177,,
predictor,1,25,bb98dd0bceac09d24db1ecb2af549a92:377f7f0dd150:0:0,855c108ad67905d09ec7c1b0e8aece7c700b88af2a47447b339d06f51ca5f3c1,True,528.4545379690826,14,16192.31201171875,16608.0,2,353.15252584405243,150.23120888508856,,
predictor,1,26,bb98dd0bceac09d24db1ecb2af549a92:377f7f0dd150:0:1,345f983c72b415369583c07355d41a5ce238a9e9fc7fe025add55b989f42753c,True,602.69127599895,19,16192.31201171875,16608.0,2,350.27592722326517,147.22961303777993,,
predictor,1,27,bb98dd0bceac09d24db1ecb2af549a92:377f7f0dd150:0:2,d9dc9f66742ea39569f48bea2599a075674a27a99bededdf7d11d3fbc33c74c9,True,571.3055219966918,17,16192.31201171875,16608.0,2,351.7665930557996,147.1743129659444,,
predictor,1,28,bb98dd0bceac09d24db1ecb2af549a92:377f7f0dd150:0:3,c45891449e67fbebaa72c55f78b5e89e2ef69d3f86135e99eaae972f41ca37d3,True,601.8715528771281,19,16192.31201171875,16608.0,2,349.86868198029697,147.19928102567792,,
predictor,1,29,bb98dd0bceac09d24db1ecb2af549a92:377f7f0dd150:0:4,a4b4d1f639310ce5a0af8666d80dea51c299717b38da5a87d48ce3bde0ecf3b5,True,500.04580593667924,12,16192.31201171875,16608.0,2,350.17150011844933,146.7261470388621,,
predictor,1,30,bb98dd0bceac09d24db1ecb2af549a92:2cf3a7a3a65c:0:0,855c108ad67905d09ec7c1b0e8aece7c700b88af2a47447b339d06f51ca5f3c1,True,528.3496619667858,14,16192.31201171875,16608.0,2,349.19201699085534,146.94521692581475,,
predictor,1,31,bb98dd0bceac09d24db1ecb2af549a92:2cf3a7a3a65c:0:1,345f983c72b415369583c07355d41a5ce238a9e9fc7fe025add55b989f42753c,True,599.1746170911938,19,16192.31201171875,16608.0,2,350.652365013957,147.0338909421116,,
predictor,1,32,bb98dd0bceac09d24db1ecb2af549a92:2cf3a7a3a65c:0:2,d9dc9f66742ea39569f48bea2599a075674a27a99bededdf7d11d3fbc33c74c9,True,571.3496790267527,17,16192.31201171875,16608.0,2,349.0201949607581,146.6983580030501,,
predictor,1,33,bb98dd0bceac09d24db1ecb2af549a92:2cf3a7a3a65c:0:3,c45891449e67fbebaa72c55f78b5e89e2ef69d3f86135e99eaae972f41ca37d3,True,598.5717861913145,19,16192.31201171875,16608.0,2,350.52611702121794,146.6203578747809,,
predictor,1,34,bb98dd0bceac09d24db1ecb2af549a92:2cf3a7a3a65c:0:4,a4b4d1f639310ce5a0af8666d80dea51c299717b38da5a87d48ce3bde0ecf3b5,True,493.9236380159855,12,16192.31201171875,16608.0,2,347.78969711624086,147.03877200372517,,
predictor,1,35,b877dd782edba758ab429e3ee3de3329:97e16cc551e4:0:0,bcf1436e8a0397586b601d3afcfbd9357f7df58201510a79a21f33dea57905ee,True,698.2774378266186,26,16192.58642578125,16608.0,2,347.23720978945494,146.81401592679322,,
predictor,1,36,b877dd782edba758ab429e3ee3de3329:97e16cc551e4:0:1,f340e6b096d48731cb6973ce6c1f384848e8a709bc3d7fefbc1375269bb16f66,True,597.0714460127056,19,16192.58642578125,16608.0,2,347.4547390360385,146.4965648483485,,
predictor,1,37,b877dd782edba758ab429e3ee3de3329:97e16cc551e4:0:2,2b704dcf2e659e9441eb368463e822d98e8a4b4b0badfa1e02b97c395219bada,False,621.8775250017643,21,16192.58642578125,16608.0,2,342.9683910217136,146.889828145504,,
predictor,1,38,b877dd782edba758ab429e3ee3de3329:97e16cc551e4:0:3,2b704dcf2e659e9441eb368463e822d98e8a4b4b0badfa1e02b97c395219bada,True,627.7845059521496,21,16192.58642578125,16608.0,2,348.8216740079224,146.5682431589812,,
predictor,1,39,b877dd782edba758ab429e3ee3de3329:97e16cc551e4:0:4,9833888f2bcf7baedb3e6d22f7a45d778a3ddb93dc3ee593faf345e015a5527d,True,594.0140578895807,19,16192.58642578125,16608.0,2,344.5504668634385,146.64486097171903,,
predictor,1,40,b877dd782edba758ab429e3ee3de3329:dd7f6c9e007d:0:0,bcf1436e8a0397586b601d3afcfbd9357f7df58201510a79a21f33dea57905ee,True,693.9721491653472,26,16192.58642578125,16608.0,2,341.490293154493,147.40515011362731,,
predictor,1,41,b877dd782edba758ab429e3ee3de3329:dd7f6c9e007d:0:1,f340e6b096d48731cb6973ce6c1f384848e8a709bc3d7fefbc1375269bb16f66,True,601.687528192997,19,16192.58642578125,16608.0,2,349.78962503373623,146.93531091324985,,
predictor,1,42,b877dd782edba758ab429e3ee3de3329:dd7f6c9e007d:0:2,f340e6b096d48731cb6973ce6c1f384848e8a709bc3d7fefbc1375269bb16f66,True,598.895532079041,19,16192.58642578125,16608.0,2,348.6955710686743,146.66710887104273,,
predictor,1,43,b877dd782edba758ab429e3ee3de3329:dd7f6c9e007d:0:3,2b704dcf2e659e9441eb368463e822d98e8a4b4b0badfa1e02b97c395219bada,True,629.57997713238,21,16192.58642578125,16608.0,2,349.88672100007534,146.95769804529846,,
predictor,1,44,b877dd782edba758ab429e3ee3de3329:dd7f6c9e007d:0:4,9833888f2bcf7baedb3e6d22f7a45d778a3ddb93dc3ee593faf345e015a5527d,True,594.0563401672989,19,16192.58642578125,16608.0,2,344.8540181852877,146.7945221811533,,
predictor,1,45,4f59fbf51a0a5bfb4dc5af02cf294693:993dac5396a0:0:0,02b2f284846856bbed690c4a4ff41de209848e5b20a5b8e52994ff6008da32c7,True,570.2674009371549,17,16193.2724609375,16608.0,2,348.8876889459789,147.09388511255383,,
predictor,1,46,4f59fbf51a0a5bfb4dc5af02cf294693:993dac5396a0:0:1,72ce63e97c300b32403763a2e20f5768dbedc981efcd36c58458b7f10991a314,True,512.9445379134268,13,16193.2724609375,16608.0,2,352.24162694066763,147.2148299217224,,
predictor,1,47,4f59fbf51a0a5bfb4dc5af02cf294693:993dac5396a0:0:2,692a62434ae2815dec74164a4d148a1ad395dbf6653d58fc4ae432a52e892e37,True,571.9435289502144,17,16193.2724609375,16608.0,2,351.42306704074144,147.37548003904521,,
predictor,1,48,4f59fbf51a0a5bfb4dc5af02cf294693:993dac5396a0:0:3,692a62434ae2815dec74164a4d148a1ad395dbf6653d58fc4ae432a52e892e37,True,573.2181989587843,17,16193.2724609375,16608.0,2,353.43519202433527,147.59770408272743,,
predictor,1,49,4f59fbf51a0a5bfb4dc5af02cf294693:993dac5396a0:0:4,0cc9fb380cb2bb70003747e1d1b5eddb6239e470e3464f2a6cf9c2ca668b89c3,True,514.2152160406113,13,16193.2724609375,16608.0,2,353.5151758696884,147.23907480947673,,
sieve,0,0,1a938d25604410ccd63b60285919eaec:c627e50da685:0:0,e042894d371a8df6673730e94e09c16b0c54e157faa37094ac0edd0138322b43,True,503.642596071586,12,16193.2724609375,16608.0,2,357.2936609853059,150.20988089963794,0.0038758108858019114,0
sieve,0,1,1a938d25604410ccd63b60285919eaec:c627e50da685:0:1,e042894d371a8df6673730e94e09c16b0c54e157faa37094ac0edd0138322b43,True,498.50450991652906,12,16193.2724609375,16608.0,2,351.7291999887675,150.361570995301,0.0031789778731763363,0
sieve,0,2,1a938d25604410ccd63b60285919eaec:c627e50da685:0:2,f5f79da7870b43a425d911d4230cbde81339aaf8976b28d91223d1db1b9dcb91,True,497.4686859641224,12,16193.2724609375,16608.0,2,351.0114010423422,147.72404707036912,0.006613017991185188,0
sieve,0,3,1a938d25604410ccd63b60285919eaec:c627e50da685:0:3,82b4934cd2e12dd5597e5e37c746229f9ae763b2251ce7ebf18bfe7be9c79896,True,532.3972869664431,14,16193.2724609375,16608.0,2,356.7820880562067,150.63219820149243,0.015860000625252724,0
sieve,0,4,1a938d25604410ccd63b60285919eaec:c627e50da685:0:4,82b4934cd2e12dd5597e5e37c746229f9ae763b2251ce7ebf18bfe7be9c79896,True,527.3946491070092,14,16193.2724609375,16608.0,2,351.2725471518934,147.67701015807688,0.0062742712907493114,0
sieve,0,5,49cd6149f02ec01ee03a6eb8287ab2df:f982e9dfaf25:0:0,435ddab74d1ce43607ae306954b3988e040a520237c7d35ed4bf195d89590fe9,True,599.7164899017662,19,16192.31201171875,16608.0,2,350.9069599676877,150.90702404268086,0.022983241826295853,0
sieve,0,6,49cd6149f02ec01ee03a6eb8287ab2df:f982e9dfaf25:0:1,435ddab74d1ce43607ae306954b3988e040a520237c7d35ed4bf195d89590fe9,True,611.122345784679,19,16192.31201171875,16608.0,2,362.2181168757379,150.94281896017492,0.011690442450344563,0
sieve,0,7,49cd6149f02ec01ee03a6eb8287ab2df:f982e9dfaf25:0:2,73fb32b5e401b3eacb51e7e77bdf04e3b22a04455436b5dd1473893ee8251122,True,442.25822295993567,8,16192.31201171875,16608.0,2,353.7783119827509,150.67809098400176,0.008059932850301266,0
sieve,0,8,49cd6149f02ec01ee03a6eb8287ab2df:f982e9dfaf25:0:3,435ddab74d1ce43607ae306954b3988e040a520237c7d35ed4bf195d89590fe9,False,601.198464864865,19,16192.31201171875,16608.0,2,351.97583702392876,150.6390341091901,0.010730044916272163,0
sieve,0,9,49cd6149f02ec01ee03a6eb8287ab2df:f982e9dfaf25:0:4,73fb32b5e401b3eacb51e7e77bdf04e3b22a04455436b5dd1473893ee8251122,True,440.79657713882625,8,16192.31201171875,16608.0,2,352.119310060516,150.3999929409474,0.005121942609548569,0
sieve,0,10,49cd6149f02ec01ee03a6eb8287ab2df:81739d7eb99c:0:0,435ddab74d1ce43607ae306954b3988e040a520237c7d35ed4bf195d89590fe9,True,600.4202449694276,19,16192.31201171875,16608.0,2,351.6357799526304,147.66843686811626,0.022983241826295853,0
sieve,0,11,49cd6149f02ec01ee03a6eb8287ab2df:81739d7eb99c:0:1,435ddab74d1ce43607ae306954b3988e040a520237c7d35ed4bf195d89590fe9,True,599.7345540672541,19,16192.31201171875,16608.0,2,351.0174611583352,147.66260609030724,0.011690442450344563,0
sieve,0,12,49cd6149f02ec01ee03a6eb8287ab2df:81739d7eb99c:0:2,73fb32b5e401b3eacb51e7e77bdf04e3b22a04455436b5dd1473893ee8251122,True,438.599721994251,8,16192.31201171875,16608.0,2,350.1199421007186,151.03098703548312,0.008059932850301266,0
sieve,0,13,49cd6149f02ec01ee03a6eb8287ab2df:81739d7eb99c:0:3,435ddab74d1ce43607ae306954b3988e040a520237c7d35ed4bf195d89590fe9,False,599.7001929208636,19,16192.31201171875,16608.0,2,351.45506099797785,147.63512602075934,0.010730044916272163,0
sieve,0,14,49cd6149f02ec01ee03a6eb8287ab2df:81739d7eb99c:0:4,73fb32b5e401b3eacb51e7e77bdf04e3b22a04455436b5dd1473893ee8251122,True,449.16108390316367,8,16192.31201171875,16608.0,2,361.04689189232886,150.72845201939344,0.005121942609548569,0
sieve,0,15,c6050fe51d3408b1eaef27e08e7f1956:1458b54ae2f6:0:0,35990225eb4034f560541dca69e3de42af70ee7e6c5a42420c958e689cda2c02,True,469.9065999593586,10,16196.4697265625,16608.0,2,352.2609858773649,150.33894986845553,0.017978843301534653,0
sieve,0,16,c6050fe51d3408b1eaef27e08e7f1956:1458b54ae2f6:0:1,aebb1cb50cd9dcc29e137a5616bb2478102285853aed08894b7f12bdcbb1c56f,True,511.735409963876,12,16196.4697265625,16608.0,2,365.68058701232076,150.75723710469902,0.018420718610286713,0
sieve,0,17,c6050fe51d3408b1eaef27e08e7f1956:1458b54ae2f6:0:2,111b8aacdbaf954aebfbd039849710807963f2bd7a68786f9ede013bd58cf416,True,396.940064849332,5,16196.4697265625,16608.0,2,352.0858599804342,147.86019804887474,0.015276859514415264,0
sieve,0,18,c6050fe51d3408b1eaef27e08e7f1956:1458b54ae2f6:0:3,423b972f52fcbc22cc94be5cb64caefa796a5124160f24ec5fab21772249ca14,True,498.5266749281436,12,16196.4697265625,16608.0,2,351.9163199234754,147.65612105838954,0.019577886909246445,0
sieve,0,19,c6050fe51d3408b1eaef27e08e7f1956:1458b54ae2f6:0:4,423b972f52fcbc22cc94be5cb64caefa796a5124160f24ec5fab21772249ca14,True,505.6774988770485,12,16196.4697265625,16608.0,2,359.4481060281396,150.46200016513467,0.011728213168680668,0
sieve,0,20,c6050fe51d3408b1eaef27e08e7f1956:e4e99a4d6532:0:0,35990225eb4034f560541dca69e3de42af70ee7e6c5a42420c958e689cda2c02,True,470.60715314000845,10,16196.4697265625,16608.0,2,353.45719405449927,150.70629213005304,0.017978843301534653,0
sieve,0,21,c6050fe51d3408b1eaef27e08e7f1956:e4e99a4d6532:0:1,aebb1cb50cd9dcc29e137a5616bb2478102285853aed08894b7f12bdcbb1c56f,True,499.03069203719497,12,16196.4697265625,16608.0,2,352.1282400470227,150.66693001426756,0.018420718610286713,0
sieve,0,22,c6050fe51d3408b1eaef27e08e7f1956:e4e99a4d6532:0:2,111b8aacdbaf954aebfbd039849710807963f2bd7a68786f9ede013bd58cf416,True,396.7542499303818,5,16196.4697265625,16608.0,2,352.04929392784834,150.4031780641526,0.015276859514415264,0
sieve,0,23,c6050fe51d3408b1eaef27e08e7f1956:e4e99a4d6532:0:3,423b972f52fcbc22cc94be5cb64caefa796a5124160f24ec5fab21772249ca14,True,495.3547290060669,12,16196.4697265625,16608.0,2,348.65514002740383,151.88189805485308,0.019577886909246445,0
sieve,0,24,c6050fe51d3408b1eaef27e08e7f1956:e4e99a4d6532:0:4,423b972f52fcbc22cc94be5cb64caefa796a5124160f24ec5fab21772249ca14,True,499.9462589621544,12,16196.4697265625,16608.0,2,352.9689949937165,147.80227513983846,0.011728213168680668,0
sieve,0,25,bb98dd0bceac09d24db1ecb2af549a92:377f7f0dd150:0:0,855c108ad67905d09ec7c1b0e8aece7c700b88af2a47447b339d06f51ca5f3c1,True,531.0266339220107,14,16192.31201171875,16608.0,2,355.09949806146324,150.49198106862605,0.008631324395537376,0
sieve,0,26,bb98dd0bceac09d24db1ecb2af549a92:377f7f0dd150:0:1,345f983c72b415369583c07355d41a5ce238a9e9fc7fe025add55b989f42753c,True,601.9204868935049,19,16192.31201171875,16608.0,2,352.0709490403533,147.87249802611768,0.016790196299552917,0
sieve,0,27,bb98dd0bceac09d24db1ecb2af549a92:377f7f0dd150:0:2,d9dc9f66742ea39569f48bea2599a075674a27a99bededdf7d11d3fbc33c74c9,True,578.043624991551,17,16192.31201171875,16608.0,2,358.8922619819641,150.84754396229982,0.006844763178378344,0
sieve,0,28,bb98dd0bceac09d24db1ecb2af549a92:377f7f0dd150:0:3,c45891449e67fbebaa72c55f78b5e89e2ef69d3f86135e99eaae972f41ca37d3,True,601.6210499219596,19,16192.31201171875,16608.0,2,353.1299028545618,150.81816888414323,0.025648318231105804,0
sieve,0,29,bb98dd0bceac09d24db1ecb2af549a92:377f7f0dd150:0:4,a4b4d1f639310ce5a0af8666d80dea51c299717b38da5a87d48ce3bde0ecf3b5,True,536.0452041495591,12,16192.31201171875,16608.0,2,387.5984421465546,150.71961097419262,0.011110087856650352,0
sieve,0,30,bb98dd0bceac09d24db1ecb2af549a92:2cf3a7a3a65c:0:0,855c108ad67905d09ec7c1b0e8aece7c700b88af2a47447b339d06f51ca5f3c1,True,529.298639157787,14,16192.31201171875,16608.0,2,352.9275751207024,151.18564292788506,0.008631324395537376,0
sieve,0,31,bb98dd0bceac09d24db1ecb2af549a92:2cf3a7a3a65c:0:1,345f983c72b415369583c07355d41a5ce238a9e9fc7fe025add55b989f42753c,True,607.480086851865,19,16192.31201171875,16608.0,2,355.1125938538462,152.2011668421328,0.016790196299552917,0
sieve,0,32,bb98dd0bceac09d24db1ecb2af549a92:2cf3a7a3a65c:0:2,d9dc9f66742ea39569f48bea2599a075674a27a99bededdf7d11d3fbc33c74c9,True,577.6187079027295,17,16192.31201171875,16608.0,2,357.1749348193407,150.35712788812816,0.006844763178378344,0
sieve,0,33,bb98dd0bceac09d24db1ecb2af549a92:2cf3a7a3a65c:0:3,c45891449e67fbebaa72c55f78b5e89e2ef69d3f86135e99eaae972f41ca37d3,True,618.3393599931151,19,16192.31201171875,16608.0,2,368.3682249393314,148.06653489358723,0.022607505321502686,0
sieve,0,34,bb98dd0bceac09d24db1ecb2af549a92:2cf3a7a3a65c:0:4,a4b4d1f639310ce5a0af8666d80dea51c299717b38da5a87d48ce3bde0ecf3b5,True,496.6841482091695,12,16192.31201171875,16608.0,2,348.9302850794047,147.68882491625845,0.011110087856650352,0
sieve,0,35,b877dd782edba758ab429e3ee3de3329:97e16cc551e4:0:0,bcf1436e8a0397586b601d3afcfbd9357f7df58201510a79a21f33dea57905ee,True,707.9867101274431,26,16192.58642578125,16608.0,2,354.15811417624354,151.08808618970215,0.0157643873244524,0
sieve,0,36,b877dd782edba758ab429e3ee3de3329:97e16cc551e4:0:1,f340e6b096d48731cb6973ce6c1f384848e8a709bc3d7fefbc1375269bb16f66,True,604.429098078981,19,16192.58642578125,16608.0,2,353.2937681302428,151.08236018568277,0.011616683565080166,0
sieve,0,37,b877dd782edba758ab429e3ee3de3329:97e16cc551e4:0:2,2b704dcf2e659e9441eb368463e822d98e8a4b4b0badfa1e02b97c395219bada,True,659.3059001024812,21,16192.58642578125,16608.0,2,377.7734430041164,151.54089592397213,0.028383024036884308,0
sieve,0,38,b877dd782edba758ab429e3ee3de3329:97e16cc551e4:0:3,2b704dcf2e659e9441eb368463e822d98e8a4b4b0badfa1e02b97c395219bada,True,637.2707888949662,21,16192.58642578125,16608.0,2,357.5507898349315,150.56469477713108,0.012947880662977695,0
sieve,0,39,b877dd782edba758ab429e3ee3de3329:97e16cc551e4:0:4,9833888f2bcf7baedb3e6d22f7a45d778a3ddb93dc3ee593faf345e015a5527d,True,608.0921289976686,19,16192.58642578125,16608.0,2,359.11067482084036,148.46829185262322,0.027986161410808563,0
sieve,0,40,b877dd782edba758ab429e3ee3de3329:dd7f6c9e007d:0:0,bcf1436e8a0397586b601d3afcfbd9357f7df58201510a79a21f33dea57905ee,True,701.7998830415308,26,16192.58642578125,16608.0,2,352.4025708902627,151.49169880896807,0.0157643873244524,0
sieve,0,41,b877dd782edba758ab429e3ee3de3329:dd7f6c9e007d:0:1,f340e6b096d48731cb6973ce6c1f384848e8a709bc3d7fefbc1375269bb16f66,True,602.5316289160401,19,16192.58642578125,16608.0,2,353.9305829908699,147.2614840604365,0.011616683565080166,0
sieve,0,42,b877dd782edba758ab429e3ee3de3329:dd7f6c9e007d:0:2,2b704dcf2e659e9441eb368463e822d98e8a4b4b0badfa1e02b97c395219bada,True,633.169854991138,21,16192.58642578125,16608.0,2,356.7151930183172,150.53896186873317,0.028383024036884308,0
sieve,0,43,b877dd782edba758ab429e3ee3de3329:dd7f6c9e007d:0:3,2b704dcf2e659e9441eb368463e822d98e8a4b4b0badfa1e02b97c395219bada,True,639.6500039845705,21,16192.58642578125,16608.0,2,362.8303969744593,151.5759660396725,0.012947880662977695,0
sieve,0,44,b877dd782edba758ab429e3ee3de3329:dd7f6c9e007d:0:4,9833888f2bcf7baedb3e6d22f7a45d778a3ddb93dc3ee593faf345e015a5527d,True,610.8304080553353,19,16192.58642578125,16608.0,2,362.4355150386691,147.44009706191719,0.027986161410808563,0
sieve,0,45,4f59fbf51a0a5bfb4dc5af02cf294693:993dac5396a0:0:0,02b2f284846856bbed690c4a4ff41de209848e5b20a5b8e52994ff6008da32c7,True,570.8701291587204,17,16193.2724609375,16608.0,2,351.757318014279,147.76414795778692,0.004469900857657194,0
sieve,0,46,4f59fbf51a0a5bfb4dc5af02cf294693:993dac5396a0:0:1,72ce63e97c300b32403763a2e20f5768dbedc981efcd36c58458b7f10991a314,True,515.3961200267076,13,16193.2724609375,16608.0,2,354.48306892067194,151.046855840832,0.017895366996526718,0
sieve,0,47,4f59fbf51a0a5bfb4dc5af02cf294693:993dac5396a0:0:2,692a62434ae2815dec74164a4d148a1ad395dbf6653d58fc4ae432a52e892e37,True,572.7085729595274,17,16193.2724609375,16608.0,2,353.0347740743309,147.81703893095255,0.035333096981048584,0
sieve,0,48,4f59fbf51a0a5bfb4dc5af02cf294693:993dac5396a0:0:3,692a62434ae2815dec74164a4d148a1ad395dbf6653d58fc4ae432a52e892e37,True,570.0686022173613,17,16193.2724609375,16608.0,2,351.518388139084,147.7627579588443,0.021379804238677025,0
sieve,0,49,4f59fbf51a0a5bfb4dc5af02cf294693:993dac5396a0:0:4,0cc9fb380cb2bb70003747e1d1b5eddb6239e470e3464f2a6cf9c2ca668b89c3,False,514.2778069712222,13,16193.2724609375,16608.0,2,353.3961339853704,148.04564090445638,0.018702173605561256,0
sieve,1,0,1a938d25604410ccd63b60285919eaec:c627e50da685:0:0,e042894d371a8df6673730e94e09c16b0c54e157faa37094ac0edd0138322b43,True,507.00404308736324,12,16193.2724609375,16608.0,2,359.768474008888,148.07385695166886,0.006791131570935249,0
sieve,1,1,1a938d25604410ccd63b60285919eaec:c627e50da685:0:1,e042894d371a8df6673730e94e09c16b0c54e157faa37094ac0edd0138322b43,True,499.150370946154,12,16193.2724609375,16608.0,2,352.4768450297415,147.8998300153762,0.0031789778731763363,0
sieve,1,2,1a938d25604410ccd63b60285919eaec:c627e50da685:0:2,f5f79da7870b43a425d911d4230cbde81339aaf8976b28d91223d1db1b9dcb91,True,515.4508140403777,12,16193.2724609375,16608.0,2,368.79950505681336,163.25282491743565,0.006613017991185188,0
sieve,1,3,1a938d25604410ccd63b60285919eaec:c627e50da685:0:3,82b4934cd2e12dd5597e5e37c746229f9ae763b2251ce7ebf18bfe7be9c79896,True,538.4953098837286,14,16193.2724609375,16608.0,2,362.98308498226106,148.11481209471822,0.015860000625252724,0
sieve,1,4,1a938d25604410ccd63b60285919eaec:c627e50da685:0:4,82b4934cd2e12dd5597e5e37c746229f9ae763b2251ce7ebf18bfe7be9c79896,True,531.852263957262,14,16193.2724609375,16608.0,2,356.67820181697607,150.61613987199962,0.0062742712907493114,0
sieve,1,5,49cd6149f02ec01ee03a6eb8287ab2df:f982e9dfaf25:0:0,435ddab74d1ce43607ae306954b3988e040a520237c7d35ed4bf195d89590fe9,True,601.1005691252649,19,16192.31201171875,16608.0,2,353.0550519935787,151.51269687339664,0.022983241826295853,0
sieve,1,6,49cd6149f02ec01ee03a6eb8287ab2df:f982e9dfaf25:0:1,435ddab74d1ce43607ae306954b3988e040a520237c7d35ed4bf195d89590fe9,True,600.6923939567059,19,16192.31201171875,16608.0,2,351.36826313100755,150.38223913870752,0.011690442450344563,0
sieve,1,7,49cd6149f02ec01ee03a6eb8287ab2df:f982e9dfaf25:0:2,73fb32b5e401b3eacb51e7e77bdf04e3b22a04455436b5dd1473893ee8251122,True,440.1161300484091,8,16192.31201171875,16608.0,2,351.9761129282415,150.72557283565402,0.008059932850301266,0
sieve,1,8,49cd6149f02ec01ee03a6eb8287ab2df:f982e9dfaf25:0:3,95f301e4834466fadb9df4ae46e1b1c55f14a11d8b92502235741ad28dbdb107,False,541.8071509338915,15,16192.31201171875,16608.0,2,352.44427691213787,151.2546429876238,0.010730044916272163,0
sieve,1,9,49cd6149f02ec01ee03a6eb8287ab2df:f982e9dfaf25:0:4,73fb32b5e401b3eacb51e7e77bdf04e3b22a04455436b5dd1473893ee8251122,True,441.3684420287609,8,16192.31201171875,16608.0,2,353.2150781247765,151.0310780722648,0.005121942609548569,0
sieve,1,10,49cd6149f02ec01ee03a6eb8287ab2df:81739d7eb99c:0:0,435ddab74d1ce43607ae306954b3988e040a520237c7d35ed4bf195d89590fe9,True,608.234466984868,19,16192.31201171875,16608.0,2,361.16713704541326,150.8416081778705,0.022983241826295853,0
sieve,1,11,49cd6149f02ec01ee03a6eb8287ab2df:81739d7eb99c:0:1,435ddab74d1ce43607ae306954b3988e040a520237c7d35ed4bf195d89590fe9,True,614.1919209621847,19,16192.31201171875,16608.0,2,367.07037407904863,152.12823217734694,0.011690442450344563,0
sieve,1,12,49cd6149f02ec01ee03a6eb8287ab2df:81739d7eb99c:0:2,73fb32b5e401b3eacb51e7e77bdf04e3b22a04455436b5dd1473893ee8251122,True,445.4554698895663,8,16192.31201171875,16608.0,2,357.0214998908341,147.17850601300597,0.008059932850301266,0
sieve,1,13,49cd6149f02ec01ee03a6eb8287ab2df:81739d7eb99c:0:3,435ddab74d1ce43607ae306954b3988e040a520237c7d35ed4bf195d89590fe9,True,600.0262678135186,19,16192.31201171875,16608.0,2,352.25054481998086,150.80216596834362,0.010730044916272163,0
sieve,1,14,49cd6149f02ec01ee03a6eb8287ab2df:81739d7eb99c:0:4,73fb32b5e401b3eacb51e7e77bdf04e3b22a04455436b5dd1473893ee8251122,True,444.6668419986963,8,16192.31201171875,16608.0,2,356.4858171157539,151.08440699987113,0.005121942609548569,0
sieve,1,15,c6050fe51d3408b1eaef27e08e7f1956:1458b54ae2f6:0:0,35990225eb4034f560541dca69e3de42af70ee7e6c5a42420c958e689cda2c02,True,470.2954611275345,10,16196.4697265625,16608.0,2,352.9255851171911,151.1417410802096,0.017978843301534653,0
sieve,1,16,c6050fe51d3408b1eaef27e08e7f1956:1458b54ae2f6:0:1,aebb1cb50cd9dcc29e137a5616bb2478102285853aed08894b7f12bdcbb1c56f,True,500.11261203326285,12,16196.4697265625,16608.0,2,353.4059750381857,151.252276962623,0.018420718610286713,0
sieve,1,17,c6050fe51d3408b1eaef27e08e7f1956:1458b54ae2f6:0:2,111b8aacdbaf954aebfbd039849710807963f2bd7a68786f9ede013bd58cf416,True,397.0107410568744,5,16196.4697265625,16608.0,2,352.41460311226547,147.93561701662838,0.015276859514415264,0
sieve,1,18,c6050fe51d3408b1eaef27e08e7f1956:1458b54ae2f6:0:3,423b972f52fcbc22cc94be5cb64caefa796a5124160f24ec5fab21772249ca14,True,493.2072898373008,12,16196.4697265625,16608.0,2,346.61451098509133,153.0202510766685,0.019577886909246445,0
sieve,1,19,c6050fe51d3408b1eaef27e08e7f1956:1458b54ae2f6:0:4,423b972f52fcbc22cc94be5cb64caefa796a5124160f24ec5fab21772249ca14,True,499.4773438666016,12,16196.4697265625,16608.0,2,353.37997088208795,151.2523868586868,0.011728213168680668,0
sieve,1,20,c6050fe51d3408b1eaef27e08e7f1956:e4e99a4d6532:0:0,35990225eb4034f560541dca69e3de42af70ee7e6c5a42420c958e689cda2c02,True,474.91367696784437,10,16196.4697265625,16608.0,2,357.10772895254195,151.26058994792402,0.017978843301534653,0
sieve,1,21,c6050fe51d3408b1eaef27e08e7f1956:e4e99a4d6532:0:1,aebb1cb50cd9dcc29e137a5616bb2478102285853aed08894b7f12bdcbb1c56f,True,498.3013409655541,12,16196.4697265625,16608.0,2,352.34524589031935,150.7942748721689,0.018420718610286713,0
sieve,1,22,c6050fe51d3408b1eaef27e08e7f1956:e4e99a4d6532:0:2,111b8aacdbaf954aebfbd039849710807963f2bd7a68786f9ede013bd58cf416,True,396.7327650170773,5,16196.4697265625,16608.0,2,352.11522597819567,147.56790711544454,0.015419106930494308,0
sieve,1,23,c6050fe51d3408b1eaef27e08e7f1956:e4e99a4d6532:0:3,423b972f52fcbc22cc94be5cb64caefa796a5124160f24ec5fab21772249ca14,True,500.5401880480349,12,16196.4697265625,16608.0,2,353.79430814646184,151.99097013100982,0.019577886909246445,0
sieve,1,24,c6050fe51d3408b1eaef27e08e7f1956:e4e99a4d6532:0:4,423b972f52fcbc22cc94be5cb64caefa796a5124160f24ec5fab21772249ca14,True,499.13567095063627,12,16196.4697265625,16608.0,2,352.6140737812966,150.90067288838327,0.011728213168680668,0
sieve,1,25,bb98dd0bceac09d24db1ecb2af549a92:377f7f0dd150:0:0,855c108ad67905d09ec7c1b0e8aece7c700b88af2a47447b339d06f51ca5f3c1,True,529.1390079073608,14,16192.31201171875,16608.0,2,354.143267031759,147.90508314035833,0.008631324395537376,0
sieve,1,26,bb98dd0bceac09d24db1ecb2af549a92:377f7f0dd150:0:1,345f983c72b415369583c07355d41a5ce238a9e9fc7fe025add55b989f42753c,True,595.5175939016044,19,16192.31201171875,16608.0,2,346.22770198620856,152.25824294611812,0.016790196299552917,0
sieve,1,27,bb98dd0bceac09d24db1ecb2af549a92:377f7f0dd150:0:2,d9dc9f66742ea39569f48bea2599a075674a27a99bededdf7d11d3fbc33c74c9,True,582.9268980305642,17,16192.31201171875,16608.0,2,363.53590805083513,151.4090800192207,0.006844763178378344,0
sieve,1,28,bb98dd0bceac09d24db1ecb2af549a92:377f7f0dd150:0:3,c45891449e67fbebaa72c55f78b5e89e2ef69d3f86135e99eaae972f41ca37d3,True,601.2462580110878,19,16192.31201171875,16608.0,2,352.8734359424561,151.02694695815444,0.022607505321502686,0
sieve,1,29,bb98dd0bceac09d24db1ecb2af549a92:377f7f0dd150:0:4,a4b4d1f639310ce5a0af8666d80dea51c299717b38da5a87d48ce3bde0ecf3b5,True,505.4809299763292,12,16192.31201171875,16608.0,2,358.8436748832464,151.52916102670133,0.011110087856650352,0
sieve,1,30,bb98dd0bceac09d24db1ecb2af549a92:2cf3a7a3a65c:0:0,855c108ad67905d09ec7c1b0e8aece7c700b88af2a47447b339d06f51ca5f3c1,True,533.7701488751918,14,16192.31201171875,16608.0,2,357.84076899290085,151.04659320786595,0.008631324395537376,0
sieve,1,31,bb98dd0bceac09d24db1ecb2af549a92:2cf3a7a3a65c:0:1,345f983c72b415369583c07355d41a5ce238a9e9fc7fe025add55b989f42753c,True,602.7319370768964,19,16192.31201171875,16608.0,2,354.5112949796021,151.88076603226364,0.016790196299552917,0
sieve,1,32,bb98dd0bceac09d24db1ecb2af549a92:2cf3a7a3a65c:0:2,d9dc9f66742ea39569f48bea2599a075674a27a99bededdf7d11d3fbc33c74c9,True,582.5819261372089,17,16192.31201171875,16608.0,2,362.9393861629069,151.0897590778768,0.006844763178378344,0
sieve,1,33,bb98dd0bceac09d24db1ecb2af549a92:2cf3a7a3a65c:0:3,c45891449e67fbebaa72c55f78b5e89e2ef69d3f86135e99eaae972f41ca37d3,True,601.1791899800301,19,16192.31201171875,16608.0,2,352.39453706890345,147.59668405167758,0.022607505321502686,0
sieve,1,34,bb98dd0bceac09d24db1ecb2af549a92:2cf3a7a3a65c:0:4,a4b4d1f639310ce5a0af8666d80dea51c299717b38da5a87d48ce3bde0ecf3b5,True,496.72351498156786,12,16192.31201171875,16608.0,2,350.2521188929677,152.48896786943078,0.011110087856650352,0
sieve,1,35,b877dd782edba758ab429e3ee3de3329:97e16cc551e4:0:0,bcf1436e8a0397586b601d3afcfbd9357f7df58201510a79a21f33dea57905ee,True,704.7516210004687,26,16192.58642578125,16608.0,2,354.1537281125784,151.4316820539534,0.0157643873244524,0
sieve,1,36,b877dd782edba758ab429e3ee3de3329:97e16cc551e4:0:1,f340e6b096d48731cb6973ce6c1f384848e8a709bc3d7fefbc1375269bb16f66,True,620.1438601128757,19,16192.58642578125,16608.0,2,372.21859907731414,151.4046450611204,0.011616683565080166,0
sieve,1,37,b877dd782edba758ab429e3ee3de3329:97e16cc551e4:0:2,2b704dcf2e659e9441eb368463e822d98e8a4b4b0badfa1e02b97c395219bada,False,643.7236680649221,21,16192.58642578125,16608.0,2,366.14781292155385,151.55215398408473,0.028383024036884308,0
sieve,1,38,b877dd782edba758ab429e3ee3de3329:97e16cc551e4:0:3,2b704dcf2e659e9441eb368463e822d98e8a4b4b0badfa1e02b97c395219bada,True,636.9174579158425,21,16192.58642578125,16608.0,2,358.6462368257344,147.8968218434602,0.012947880662977695,0
sieve,1,39,b877dd782edba758ab429e3ee3de3329:97e16cc551e4:0:4,9833888f2bcf7baedb3e6d22f7a45d778a3ddb93dc3ee593faf345e015a5527d,True,606.5453519113362,19,16192.58642578125,16608.0,2,358.0744529608637,147.84408709965646,0.027986161410808563,0
sieve,1,40,b877dd782edba758ab429e3ee3de3329:dd7f6c9e007d:0:0,bcf1436e8a0397586b601d3afcfbd9357f7df58201510a79a21f33dea57905ee,True,709.2603158671409,26,16192.58642578125,16608.0,2,358.87284483760595,152.41801692172885,0.0157643873244524,0
sieve,1,41,b877dd782edba758ab429e3ee3de3329:dd7f6c9e007d:0:1,f340e6b096d48731cb6973ce6c1f384848e8a709bc3d7fefbc1375269bb16f66,True,618.8185520004481,19,16192.58642578125,16608.0,2,370.05495303310454,150.8900688495487,0.011616683565080166,0
sieve,1,42,b877dd782edba758ab429e3ee3de3329:dd7f6c9e007d:0:2,f340e6b096d48731cb6973ce6c1f384848e8a709bc3d7fefbc1375269bb16f66,True,602.5466490536928,19,16192.58642578125,16608.0,2,353.63847203552723,151.53547492809594,0.028383024036884308,0
sieve,1,43,b877dd782edba758ab429e3ee3de3329:dd7f6c9e007d:0:3,2b704dcf2e659e9441eb368463e822d98e8a4b4b0badfa1e02b97c395219bada,True,641.7725521605462,21,16192.58642578125,16608.0,2,364.9135329760611,151.71865979209542,0.012947880662977695,0
sieve,1,44,b877dd782edba758ab429e3ee3de3329:dd7f6c9e007d:0:4,9833888f2bcf7baedb3e6d22f7a45d778a3ddb93dc3ee593faf345e015a5527d,True,605.7835919782519,19,16192.58642578125,16608.0,2,357.00097400695086,148.2031389605254,0.027986161410808563,0
sieve,1,45,4f59fbf51a0a5bfb4dc5af02cf294693:993dac5396a0:0:0,02b2f284846856bbed690c4a4ff41de209848e5b20a5b8e52994ff6008da32c7,True,578.6880617961287,17,16193.2724609375,16608.0,2,359.0591580141336,154.28471518680453,0.00428044144064188,0
sieve,1,46,4f59fbf51a0a5bfb4dc5af02cf294693:993dac5396a0:0:1,72ce63e97c300b32403763a2e20f5768dbedc981efcd36c58458b7f10991a314,True,521.0468380246311,13,16193.2724609375,16608.0,2,359.77947898209095,151.32539300248027,0.017895366996526718,0
sieve,1,47,4f59fbf51a0a5bfb4dc5af02cf294693:993dac5396a0:0:2,692a62434ae2815dec74164a4d148a1ad395dbf6653d58fc4ae432a52e892e37,True,575.5383789073676,17,16193.2724609375,16608.0,2,355.5499869398773,152.89170388132334,0.035333096981048584,0
sieve,1,48,4f59fbf51a0a5bfb4dc5af02cf294693:993dac5396a0:0:3,692a62434ae2815dec74164a4d148a1ad395dbf6653d58fc4ae432a52e892e37,True,575.006510829553,17,16193.2724609375,16608.0,2,354.77164201438427,151.65376919321716,0.021379804238677025,0
sieve,1,49,4f59fbf51a0a5bfb4dc5af02cf294693:993dac5396a0:0:4,e4f0271d7dced0f36c97839e546b1f140f69dfa129a37b04f653f47eb9c2798f,False,505.9020728804171,12,16193.2724609375,16608.0,2,359.6223529893905,152.89663011208177,0.016297079622745514,0
